file,status,reason
C:\Users\techa\Documents\Tech4Aditya\SIH\cyclone-sih\backend\data\raw\insat\3DIMG_L1C_ASIA_MER\2019\02MAY\3DIMG_02MAY2019_1000_L1C_ASIA_MER_V01R00.h5,VALID,OK
C:\Users\techa\Documents\Tech4Aditya\SIH\cyclone-sih\backend\data\raw\insat\3DIMG_L1C_ASIA_MER\2019\02MAY\3DIMG_02MAY2019_1030_L1C_ASIA_MER_V01R00.h5,VALID,OK
C:\Users\techa\Documents\Tech4Aditya\SIH\cyclone-sih\backend\data\raw\insat\3DIMG_L1C_ASIA_MER\2019\02MAY\3DIMG_02MAY2019_1100_L1C_ASIA_MER_V01R00.h5,VALID,OK
C:\Users\techa\Documents\Tech4Aditya\SIH\cyclone-sih\backend\data\raw\insat\3DIMG_L1C_ASIA_MER\2019\02MAY\3DIMG_02MAY2019_1130_L1C_ASIA_MER_V01R00.h5,VALID,OK
C:\Users\techa\Documents\Tech4Aditya\SIH\cyclone-sih\backend\data\raw\insat\3DIMG_L1C_ASIA_MER\2019\02MAY\3DIMG_02MAY2019_1200_L1C_ASIA_MER_V01R00.h5,VALID,OK
C:\Users\techa\Documents\Tech4Aditya\SIH\cyclone-sih\backend\data\raw\insat\3DIMG_L1C_ASIA_MER\2019\02MAY\3DIMG_02MAY2019_1230_L1C_ASIA_MER_V01R00.h5,VALID,OK
C:\Users\techa\Documents\Tech4Aditya\SIH\cyclone-sih\backend\data\raw\insat\3DIMG_L1C_ASIA_MER\2019\02MAY\3DIMG_02MAY2019_1300_L1C_ASIA_MER_V01R00.h5,VALID,OK
C:\Users\techa\Documents\Tech4Aditya\SIH\cyclone-sih\backend\data\raw\insat\3DIMG_L1C_ASIA_MER\2019\02MAY\3DIMG_02MAY2019_1330_L1C_ASIA_MER_V01R00.h5,VALID,OK
C:\Users\techa\Documents\Tech4Aditya\SIH\cyclone-sih\backend\data\raw\insat\3DIMG_L1C_ASIA_MER\2019\02MAY\3DIMG_02MAY2019_1400_L1C_ASIA_MER_V01R00.h5,VALID,OK
C:\Users\techa\Documents\Tech4Aditya\SIH\cyclone-sih\backend\data\raw\insat\3DIMG_L1C_ASIA_MER\2019\02MAY\3DIMG_02MAY2019_1430_L1C_ASIA_MER_V01R00.h5,VALID,OK
C:\Users\techa\Documents\Tech4Aditya\SIH\cyclone-sih\backend\data\raw\insat\3DIMG_L1C_ASIA_MER\2019\02MAY\3DIMG_02MAY2019_1500_L1C_ASIA_MER_V01R00.h5,VALID,OK
C:\Users\techa\Documents\Tech4Aditya\SIH\cyclone-sih\backend\data\raw\insat\3DIMG_L1C_ASIA_MER\2019\02MAY\3DIMG_02MAY2019_1530_L1C_ASIA_MER_V01R00.h5,VALID,OK
C:\Users\techa\Documents\Tech4Aditya\SIH\cyclone-sih\backend\data\raw\insat\3DIMG_L1C_ASIA_MER\2019\02MAY\3DIMG_02MAY2019_1600_L1C_ASIA_MER_V01R00.h5,VALID,OK
C:\Users\techa\Documents\Tech4Aditya\SIH\cyclone-sih\backend\data\raw\insat\3DIMG_L1C_ASIA_MER\2019\02MAY\3DIMG_02MAY2019_1630_L1C_ASIA_MER_V01R00.h5,VALID,OK
C:\Users\techa\Documents\Tech4Aditya\SIH\cyclone-sih\backend\data\raw\insat\3DIMG_L1C_ASIA_MER\2019\02MAY\3DIMG_02MAY2019_1700_L1C_ASIA_MER_V01R00.h5,VALID,OK
C:\Users\techa\Documents\Tech4Aditya\SIH\cyclone-sih\backend\data\raw\insat\3DIMG_L1C_ASIA_MER\2019\02MAY\3DIMG_02MAY2019_2130_L1C_ASIA_MER_V01R00.h5,VALID,OK
C:\Users\techa\Documents\Tech4Aditya\SIH\cyclone-sih\backend\data\raw\insat\3DIMG_L1C_ASIA_MER\2019\02MAY\3DIMG_02MAY2019_2200_L1C_ASIA_MER_V01R00.h5,VALID,OK
C:\Users\techa\Documents\Tech4Aditya\SIH\cyclone-sih\backend\data\raw\insat\3DIMG_L1C_ASIA_MER\2019\02MAY\3DIMG_02MAY2019_2230_L1C_ASIA_MER_V01R00.h5,VALID,OK
C:\Users\techa\Documents\Tech4Aditya\SIH\cyclone-sih\backend\data\raw\insat\3DIMG_L1C_ASIA_MER\2019\02MAY\3DIMG_02MAY2019_2300_L1C_ASIA_MER_V01R00.h5,VALID,OK
C:\Users\techa\Documents\Tech4Aditya\SIH\cyclone-sih\backend\data\raw\insat\3DIMG_L1C_ASIA_MER\2019\02MAY\3DIMG_02MAY2019_2330_L1C_ASIA_MER_V01R00.h5,VALID,OK
C:\Users\techa\Documents\Tech4Aditya\SIH\cyclone-sih\backend\data\raw\insat\3DIMG_L1C_ASIA_MER\2019\03MAY\3DIMG_03MAY2019_1000_L1C_ASIA_MER_V01R00.h5,VALID,OK
C:\Users\techa\Documents\Tech4Aditya\SIH\cyclone-sih\backend\data\raw\insat\3DIMG_L1C_ASIA_MER\2019\03MAY\3DIMG_03MAY2019_1030_L1C_ASIA_MER_V01R00.h5,VALID,OK
C:\Users\techa\Documents\Tech4Aditya\SIH\cyclone-sih\backend\data\raw\insat\3DIMG_L1C_ASIA_MER\2019\03MAY\3DIMG_03MAY2019_1100_L1C_ASIA_MER_V01R00.h5,VALID,OK
C:\Users\techa\Documents\Tech4Aditya\SIH\cyclone-sih\backend\data\raw\insat\3DIMG_L1C_ASIA_MER\2019\03MAY\3DIMG_03MAY2019_1130_L1C_ASIA_MER_V01R00.h5,VALID,OK
C:\Users\techa\Documents\Tech4Aditya\SIH\cyclone-sih\backend\data\raw\insat\3DIMG_L1C_ASIA_MER\2019\03MAY\3DIMG_03MAY2019_1200_L1C_ASIA_MER_V01R00.h5,VALID,OK
C:\Users\techa\Documents\Tech4Aditya\SIH\cyclone-sih\backend\data\raw\insat\3DIMG_L1C_ASIA_MER\2019\03MAY\3DIMG_03MAY2019_1230_L1C_ASIA_MER_V01R00.h5,VALID,OK
C:\Users\techa\Documents\Tech4Aditya\SIH\cyclone-sih\backend\data\raw\insat\3DIMG_L1C_ASIA_MER\2019\03MAY\3DIMG_03MAY2019_1530_L1C_ASIA_MER_V01R00.h5,VALID,OK
C:\Users\techa\Documents\Tech4Aditya\SIH\cyclone-sih\backend\data\raw\insat\3DIMG_L1C_ASIA_MER\2019\03MAY\3DIMG_03MAY2019_1600_L1C_ASIA_MER_V01R00.h5,VALID,OK
C:\Users\techa\Documents\Tech4Aditya\SIH\cyclone-sih\backend\data\raw\insat\3DIMG_L1C_ASIA_MER\2019\03MAY\3DIMG_03MAY2019_1630_L1C_ASIA_MER_V01R00.h5,VALID,OK
C:\Users\techa\Documents\Tech4Aditya\SIH\cyclone-sih\backend\data\raw\insat\3DIMG_L1C_ASIA_MER\2019\03MAY\3DIMG_03MAY2019_2130_L1C_ASIA_MER_V01R00.h5,VALID,OK
C:\Users\techa\Documents\Tech4Aditya\SIH\cyclone-sih\backend\data\raw\insat\3DIMG_L1C_ASIA_MER\2019\03MAY\3DIMG_03MAY2019_2330_L1C_ASIA_MER_V01R00.h5,VALID,OK
C:\Users\techa\Documents\Tech4Aditya\SIH\cyclone-sih\backend\data\raw\insat\3DIMG_L1C_ASIA_MER\2019\04MAY\3DIMG_04MAY2019_1030_L1C_ASIA_MER_V01R00.h5,VALID,OK
C:\Users\techa\Documents\Tech4Aditya\SIH\cyclone-sih\backend\data\raw\insat\3DIMG_L1C_ASIA_MER\2019\04MAY\3DIMG_04MAY2019_1200_L1C_ASIA_MER_V01R00.h5,VALID,OK
C:\Users\techa\Documents\Tech4Aditya\SIH\cyclone-sih\backend\data\raw\insat\3DIMG_L1C_ASIA_MER\2019\04MAY\3DIMG_04MAY2019_1300_L1C_ASIA_MER_V01R00.h5,VALID,OK
C:\Users\techa\Documents\Tech4Aditya\SIH\cyclone-sih\backend\data\raw\insat\3DIMG_L1C_ASIA_MER\2019\04MAY\3DIMG_04MAY2019_1330_L1C_ASIA_MER_V01R00.h5,VALID,OK
C:\Users\techa\Documents\Tech4Aditya\SIH\cyclone-sih\backend\data\raw\insat\3DIMG_L1C_ASIA_MER\2019\04MAY\3DIMG_04MAY2019_1400_L1C_ASIA_MER_V01R00.h5,VALID,OK
C:\Users\techa\Documents\Tech4Aditya\SIH\cyclone-sih\backend\data\raw\insat\3DIMG_L1C_ASIA_MER\2019\04MAY\3DIMG_04MAY2019_1430_L1C_ASIA_MER_V01R00.h5,VALID,OK
C:\Users\techa\Documents\Tech4Aditya\SIH\cyclone-sih\backend\data\raw\insat\3DIMG_L1C_ASIA_MER\2019\04MAY\3DIMG_04MAY2019_1500_L1C_ASIA_MER_V01R00.h5,VALID,OK
C:\Users\techa\Documents\Tech4Aditya\SIH\cyclone-sih\backend\data\raw\insat\3DIMG_L1C_ASIA_MER\2019\04MAY\3DIMG_04MAY2019_1530_L1C_ASIA_MER_V01R00.h5,VALID,OK
C:\Users\techa\Documents\Tech4Aditya\SIH\cyclone-sih\backend\data\raw\insat\3DIMG_L1C_ASIA_MER\2019\04MAY\3DIMG_04MAY2019_1600_L1C_ASIA_MER_V01R00.h5,VALID,OK
C:\Users\techa\Documents\Tech4Aditya\SIH\cyclone-sih\backend\data\raw\insat\3DIMG_L1C_ASIA_MER\2019\04MAY\3DIMG_04MAY2019_1630_L1C_ASIA_MER_V01R00.h5,VALID,OK
C:\Users\techa\Documents\Tech4Aditya\SIH\cyclone-sih\backend\data\raw\insat\3DIMG_L1C_ASIA_MER\2019\04MAY\3DIMG_04MAY2019_1700_L1C_ASIA_MER_V01R00.h5,VALID,OK
C:\Users\techa\Documents\Tech4Aditya\SIH\cyclone-sih\backend\data\raw\insat\3DIMG_L1C_ASIA_MER\2019\04MAY\3DIMG_04MAY2019_2130_L1C_ASIA_MER_V01R00.h5,VALID,OK
C:\Users\techa\Documents\Tech4Aditya\SIH\cyclone-sih\backend\data\raw\insat\3DIMG_L1C_ASIA_MER\2019\04MAY\3DIMG_04MAY2019_2200_L1C_ASIA_MER_V01R00.h5,VALID,OK
C:\Users\techa\Documents\Tech4Aditya\SIH\cyclone-sih\backend\data\raw\insat\3DIMG_L1C_ASIA_MER\2019\04MAY\3DIMG_04MAY2019_2230_L1C_ASIA_MER_V01R00.h5,VALID,OK
C:\Users\techa\Documents\Tech4Aditya\SIH\cyclone-sih\backend\data\raw\insat\3DIMG_L1C_ASIA_MER\2019\04MAY\3DIMG_04MAY2019_2300_L1C_ASIA_MER_V01R00.h5,VALID,OK
C:\Users\techa\Documents\Tech4Aditya\SIH\cyclone-sih\backend\data\raw\insat\3DIMG_L1C_ASIA_MER\2019\04MAY\3DIMG_04MAY2019_2330_L1C_ASIA_MER_V01R00.h5,VALID,OK
C:\Users\techa\Documents\Tech4Aditya\SIH\cyclone-sih\backend\data\raw\insat\3DIMG_L1C_ASIA_MER\2019\06MAY\3DIMG_06MAY2019_1000_L1C_ASIA_MER_V01R00.h5,VALID,OK
C:\Users\techa\Documents\Tech4Aditya\SIH\cyclone-sih\backend\data\raw\insat\3DIMG_L1C_ASIA_MER\2019\06MAY\3DIMG_06MAY2019_1030_L1C_ASIA_MER_V01R00.h5,VALID,OK
C:\Users\techa\Documents\Tech4Aditya\SIH\cyclone-sih\backend\data\raw\insat\3DIMG_L1C_ASIA_MER\2019\06MAY\3DIMG_06MAY2019_1100_L1C_ASIA_MER_V01R00.h5,VALID,OK
C:\Users\techa\Documents\Tech4Aditya\SIH\cyclone-sih\backend\data\raw\insat\3DIMG_L1C_ASIA_MER\2019\06MAY\3DIMG_06MAY2019_1130_L1C_ASIA_MER_V01R00.h5,VALID,OK
C:\Users\techa\Documents\Tech4Aditya\SIH\cyclone-sih\backend\data\raw\insat\3DIMG_L1C_ASIA_MER\2019\06MAY\3DIMG_06MAY2019_1200_L1C_ASIA_MER_V01R00.h5,VALID,OK
C:\Users\techa\Documents\Tech4Aditya\SIH\cyclone-sih\backend\data\raw\insat\3DIMG_L1C_ASIA_MER\2019\06MAY\3DIMG_06MAY2019_1230_L1C_ASIA_MER_V01R00.h5,VALID,OK
C:\Users\techa\Documents\Tech4Aditya\SIH\cyclone-sih\backend\data\raw\insat\3DIMG_L1C_ASIA_MER\2019\06MAY\3DIMG_06MAY2019_1300_L1C_ASIA_MER_V01R00.h5,VALID,OK
C:\Users\techa\Documents\Tech4Aditya\SIH\cyclone-sih\backend\data\raw\insat\3DIMG_L1C_ASIA_MER\2019\06MAY\3DIMG_06MAY2019_1330_L1C_ASIA_MER_V01R00.h5,VALID,OK
C:\Users\techa\Documents\Tech4Aditya\SIH\cyclone-sih\backend\data\raw\insat\3DIMG_L1C_ASIA_MER\2019\06MAY\3DIMG_06MAY2019_1400_L1C_ASIA_MER_V01R00.h5,VALID,OK
C:\Users\techa\Documents\Tech4Aditya\SIH\cyclone-sih\backend\data\raw\insat\3DIMG_L1C_ASIA_MER\2019\06MAY\3DIMG_06MAY2019_1430_L1C_ASIA_MER_V01R00.h5,VALID,OK
C:\Users\techa\Documents\Tech4Aditya\SIH\cyclone-sih\backend\data\raw\insat\3DIMG_L1C_ASIA_MER\2019\06MAY\3DIMG_06MAY2019_1500_L1C_ASIA_MER_V01R00.h5,VALID,OK
C:\Users\techa\Documents\Tech4Aditya\SIH\cyclone-sih\backend\data\raw\insat\3DIMG_L1C_ASIA_MER\2019\06MAY\3DIMG_06MAY2019_1530_L1C_ASIA_MER_V01R00.h5,VALID,OK
C:\Users\techa\Documents\Tech4Aditya\SIH\cyclone-sih\backend\data\raw\insat\3DIMG_L1C_ASIA_MER\2019\06MAY\3DIMG_06MAY2019_1600_L1C_ASIA_MER_V01R00.h5,VALID,OK
C:\Users\techa\Documents\Tech4Aditya\SIH\cyclone-sih\backend\data\raw\insat\3DIMG_L1C_ASIA_MER\2019\06MAY\3DIMG_06MAY2019_1630_L1C_ASIA_MER_V01R00.h5,VALID,OK
C:\Users\techa\Documents\Tech4Aditya\SIH\cyclone-sih\backend\data\raw\insat\3DIMG_L1C_ASIA_MER\2019\06MAY\3DIMG_06MAY2019_1700_L1C_ASIA_MER_V01R00.h5,VALID,OK
C:\Users\techa\Documents\Tech4Aditya\SIH\cyclone-sih\backend\data\raw\insat\3DIMG_L1C_ASIA_MER\2019\06MAY\3DIMG_06MAY2019_2130_L1C_ASIA_MER_V01R00.h5,VALID,OK
C:\Users\techa\Documents\Tech4Aditya\SIH\cyclone-sih\backend\data\raw\insat\3DIMG_L1C_ASIA_MER\2019\06MAY\3DIMG_06MAY2019_2200_L1C_ASIA_MER_V01R00.h5,VALID,OK
C:\Users\techa\Documents\Tech4Aditya\SIH\cyclone-sih\backend\data\raw\insat\3DIMG_L1C_ASIA_MER\2019\06MAY\3DIMG_06MAY2019_2230_L1C_ASIA_MER_V01R00.h5,VALID,OK
C:\Users\techa\Documents\Tech4Aditya\SIH\cyclone-sih\backend\data\raw\insat\3DIMG_L1C_ASIA_MER\2019\06MAY\3DIMG_06MAY2019_2300_L1C_ASIA_MER_V01R00.h5,VALID,OK
C:\Users\techa\Documents\Tech4Aditya\SIH\cyclone-sih\backend\data\raw\insat\3DIMG_L1C_ASIA_MER\2019\06MAY\3DIMG_06MAY2019_2330_L1C_ASIA_MER_V01R00.h5,VALID,OK
C:\Users\techa\Documents\Tech4Aditya\SIH\cyclone-sih\backend\data\raw\insat\3DIMG_L1C_ASIA_MER\2019\06NOV\3DIMG_06NOV2019_1100_L1C_ASIA_MER_V01R00.h5,VALID,OK
C:\Users\techa\Documents\Tech4Aditya\SIH\cyclone-sih\backend\data\raw\insat\3DIMG_L1C_ASIA_MER\2019\06NOV\3DIMG_06NOV2019_1130_L1C_ASIA_MER_V01R00.h5,VALID,OK
C:\Users\techa\Documents\Tech4Aditya\SIH\cyclone-sih\backend\data\raw\insat\3DIMG_L1C_ASIA_MER\2019\06NOV\3DIMG_06NOV2019_1200_L1C_ASIA_MER_V01R00.h5,VALID,OK
C:\Users\techa\Documents\Tech4Aditya\SIH\cyclone-sih\backend\data\raw\insat\3DIMG_L1C_ASIA_MER\2019\06NOV\3DIMG_06NOV2019_1230_L1C_ASIA_MER_V01R00.h5,VALID,OK
C:\Users\techa\Documents\Tech4Aditya\SIH\cyclone-sih\backend\data\raw\insat\3DIMG_L1C_ASIA_MER\2019\06NOV\3DIMG_06NOV2019_1300_L1C_ASIA_MER_V01R00.h5,VALID,OK
C:\Users\techa\Documents\Tech4Aditya\SIH\cyclone-sih\backend\data\raw\insat\3DIMG_L1C_ASIA_MER\2019\06NOV\3DIMG_06NOV2019_1330_L1C_ASIA_MER_V01R00.h5,VALID,OK
C:\Users\techa\Documents\Tech4Aditya\SIH\cyclone-sih\backend\data\raw\insat\3DIMG_L1C_ASIA_MER\2019\06NOV\3DIMG_06NOV2019_1400_L1C_ASIA_MER_V01R00.h5,VALID,OK
C:\Users\techa\Documents\Tech4Aditya\SIH\cyclone-sih\backend\data\raw\insat\3DIMG_L1C_ASIA_MER\2019\06NOV\3DIMG_06NOV2019_1430_L1C_ASIA_MER_V01R00.h5,VALID,OK
C:\Users\techa\Documents\Tech4Aditya\SIH\cyclone-sih\backend\data\raw\insat\3DIMG_L1C_ASIA_MER\2019\06NOV\3DIMG_06NOV2019_1500_L1C_ASIA_MER_V01R00.h5,VALID,OK
C:\Users\techa\Documents\Tech4Aditya\SIH\cyclone-sih\backend\data\raw\insat\3DIMG_L1C_ASIA_MER\2019\06NOV\3DIMG_06NOV2019_1530_L1C_ASIA_MER_V01R00.h5,VALID,OK
C:\Users\techa\Documents\Tech4Aditya\SIH\cyclone-sih\backend\data\raw\insat\3DIMG_L1C_ASIA_MER\2019\06NOV\3DIMG_06NOV2019_1600_L1C_ASIA_MER_V01R00.h5,VALID,OK
C:\Users\techa\Documents\Tech4Aditya\SIH\cyclone-sih\backend\data\raw\insat\3DIMG_L1C_ASIA_MER\2019\06NOV\3DIMG_06NOV2019_1630_L1C_ASIA_MER_V01R00.h5,VALID,OK
C:\Users\techa\Documents\Tech4Aditya\SIH\cyclone-sih\backend\data\raw\insat\3DIMG_L1C_ASIA_MER\2019\06NOV\3DIMG_06NOV2019_2000_L1C_ASIA_MER_V01R00.h5,VALID,OK
C:\Users\techa\Documents\Tech4Aditya\SIH\cyclone-sih\backend\data\raw\insat\3DIMG_L1C_ASIA_MER\2019\06NOV\3DIMG_06NOV2019_2030_L1C_ASIA_MER_V01R00.h5,VALID,OK
C:\Users\techa\Documents\Tech4Aditya\SIH\cyclone-sih\backend\data\raw\insat\3DIMG_L1C_ASIA_MER\2019\06NOV\3DIMG_06NOV2019_2100_L1C_ASIA_MER_V01R00.h5,VALID,OK
C:\Users\techa\Documents\Tech4Aditya\SIH\cyclone-sih\backend\data\raw\insat\3DIMG_L1C_ASIA_MER\2019\06NOV\3DIMG_06NOV2019_2130_L1C_ASIA_MER_V01R00.h5,VALID,OK
C:\Users\techa\Documents\Tech4Aditya\SIH\cyclone-sih\backend\data\raw\insat\3DIMG_L1C_ASIA_MER\2019\06NOV\3DIMG_06NOV2019_2200_L1C_ASIA_MER_V01R00.h5,VALID,OK
C:\Users\techa\Documents\Tech4Aditya\SIH\cyclone-sih\backend\data\raw\insat\3DIMG_L1C_ASIA_MER\2019\06NOV\3DIMG_06NOV2019_2230_L1C_ASIA_MER_V01R00.h5,VALID,OK
C:\Users\techa\Documents\Tech4Aditya\SIH\cyclone-sih\backend\data\raw\insat\3DIMG_L1C_ASIA_MER\2019\06NOV\3DIMG_06NOV2019_2300_L1C_ASIA_MER_V01R00.h5,VALID,OK
C:\Users\techa\Documents\Tech4Aditya\SIH\cyclone-sih\backend\data\raw\insat\3DIMG_L1C_ASIA_MER\2019\06NOV\3DIMG_06NOV2019_2330_L1C_ASIA_MER_V01R00.h5,VALID,OK
C:\Users\techa\Documents\Tech4Aditya\SIH\cyclone-sih\backend\data\raw\insat\3DIMG_L1C_ASIA_MER\2019\07NOV\3DIMG_07NOV2019_1100_L1C_ASIA_MER_V01R00.h5,VALID,OK
C:\Users\techa\Documents\Tech4Aditya\SIH\cyclone-sih\backend\data\raw\insat\3DIMG_L1C_ASIA_MER\2019\07NOV\3DIMG_07NOV2019_1130_L1C_ASIA_MER_V01R00.h5,VALID,OK
C:\Users\techa\Documents\Tech4Aditya\SIH\cyclone-sih\backend\data\raw\insat\3DIMG_L1C_ASIA_MER\2019\07NOV\3DIMG_07NOV2019_1200_L1C_ASIA_MER_V01R00.h5,VALID,OK
C:\Users\techa\Documents\Tech4Aditya\SIH\cyclone-sih\backend\data\raw\insat\3DIMG_L1C_ASIA_MER\2019\07NOV\3DIMG_07NOV2019_1230_L1C_ASIA_MER_V01R00.h5,VALID,OK
C:\Users\techa\Documents\Tech4Aditya\SIH\cyclone-sih\backend\data\raw\insat\3DIMG_L1C_ASIA_MER\2019\07NOV\3DIMG_07NOV2019_1300_L1C_ASIA_MER_V01R00.h5,VALID,OK
C:\Users\techa\Documents\Tech4Aditya\SIH\cyclone-sih\backend\data\raw\insat\3DIMG_L1C_ASIA_MER\2019\07NOV\3DIMG_07NOV2019_1330_L1C_ASIA_MER_V01R00.h5,VALID,OK
C:\Users\techa\Documents\Tech4Aditya\SIH\cyclone-sih\backend\data\raw\insat\3DIMG_L1C_ASIA_MER\2019\07NOV\3DIMG_07NOV2019_1400_L1C_ASIA_MER_V01R00.h5,VALID,OK
C:\Users\techa\Documents\Tech4Aditya\SIH\cyclone-sih\backend\data\raw\insat\3DIMG_L1C_ASIA_MER\2019\07NOV\3DIMG_07NOV2019_1430_L1C_ASIA_MER_V01R00.h5,VALID,OK
C:\Users\techa\Documents\Tech4Aditya\SIH\cyclone-sih\backend\data\raw\insat\3DIMG_L1C_ASIA_MER\2019\07NOV\3DIMG_07NOV2019_1500_L1C_ASIA_MER_V01R00.h5,VALID,OK
C:\Users\techa\Documents\Tech4Aditya\SIH\cyclone-sih\backend\data\raw\insat\3DIMG_L1C_ASIA_MER\2019\07NOV\3DIMG_07NOV2019_1530_L1C_ASIA_MER_V01R00.h5,VALID,OK
C:\Users\techa\Documents\Tech4Aditya\SIH\cyclone-sih\backend\data\raw\insat\3DIMG_L1C_ASIA_MER\2019\07NOV\3DIMG_07NOV2019_1600_L1C_ASIA_MER_V01R00.h5,VALID,OK
C:\Users\techa\Documents\Tech4Aditya\SIH\cyclone-sih\backend\data\raw\insat\3DIMG_L1C_ASIA_MER\2019\07NOV\3DIMG_07NOV2019_1630_L1C_ASIA_MER_V01R00.h5,VALID,OK
C:\Users\techa\Documents\Tech4Aditya\SIH\cyclone-sih\backend\data\raw\insat\3DIMG_L1C_ASIA_MER\2019\07NOV\3DIMG_07NOV2019_2000_L1C_ASIA_MER_V01R00.h5,VALID,OK
C:\Users\techa\Documents\Tech4Aditya\SIH\cyclone-sih\backend\data\raw\insat\3DIMG_L1C_ASIA_MER\2019\07NOV\3DIMG_07NOV2019_2030_L1C_ASIA_MER_V01R00.h5,VALID,OK
C:\Users\techa\Documents\Tech4Aditya\SIH\cyclone-sih\backend\data\raw\insat\3DIMG_L1C_ASIA_MER\2019\07NOV\3DIMG_07NOV2019_2100_L1C_ASIA_MER_V01R00.h5,VALID,OK
C:\Users\techa\Documents\Tech4Aditya\SIH\cyclone-sih\backend\data\raw\insat\3DIMG_L1C_ASIA_MER\2019\07NOV\3DIMG_07NOV2019_2130_L1C_ASIA_MER_V01R00.h5,VALID,OK
C:\Users\techa\Documents\Tech4Aditya\SIH\cyclone-sih\backend\data\raw\insat\3DIMG_L1C_ASIA_MER\2019\07NOV\3DIMG_07NOV2019_2200_L1C_ASIA_MER_V01R00.h5,VALID,OK
C:\Users\techa\Documents\Tech4Aditya\SIH\cyclone-sih\backend\data\raw\insat\3DIMG_L1C_ASIA_MER\2019\07NOV\3DIMG_07NOV2019_2230_L1C_ASIA_MER_V01R00.h5,VALID,OK
C:\Users\techa\Documents\Tech4Aditya\SIH\cyclone-sih\backend\data\raw\insat\3DIMG_L1C_ASIA_MER\2019\07NOV\3DIMG_07NOV2019_2300_L1C_ASIA_MER_V01R00.h5,VALID,OK
C:\Users\techa\Documents\Tech4Aditya\SIH\cyclone-sih\backend\data\raw\insat\3DIMG_L1C_ASIA_MER\2019\07NOV\3DIMG_07NOV2019_2330_L1C_ASIA_MER_V01R00.h5,VALID,OK
C:\Users\techa\Documents\Tech4Aditya\SIH\cyclone-sih\backend\data\raw\insat\3DIMG_L1C_ASIA_MER\2019\08NOV\3DIMG_08NOV2019_1100_L1C_ASIA_MER_V01R00.h5,VALID,OK
C:\Users\techa\Documents\Tech4Aditya\SIH\cyclone-sih\backend\data\raw\insat\3DIMG_L1C_ASIA_MER\2019\08NOV\3DIMG_08NOV2019_1130_L1C_ASIA_MER_V01R00.h5,VALID,OK
C:\Users\techa\Documents\Tech4Aditya\SIH\cyclone-sih\backend\data\raw\insat\3DIMG_L1C_ASIA_MER\2019\08NOV\3DIMG_08NOV2019_1200_L1C_ASIA_MER_V01R00.h5,VALID,OK
C:\Users\techa\Documents\Tech4Aditya\SIH\cyclone-sih\backend\data\raw\insat\3DIMG_L1C_ASIA_MER\2019\08NOV\3DIMG_08NOV2019_1230_L1C_ASIA_MER_V01R00.h5,VALID,OK
C:\Users\techa\Documents\Tech4Aditya\SIH\cyclone-sih\backend\data\raw\insat\3DIMG_L1C_ASIA_MER\2019\08NOV\3DIMG_08NOV2019_1300_L1C_ASIA_MER_V01R00.h5,VALID,OK
C:\Users\techa\Documents\Tech4Aditya\SIH\cyclone-sih\backend\data\raw\insat\3DIMG_L1C_ASIA_MER\2019\08NOV\3DIMG_08NOV2019_1330_L1C_ASIA_MER_V01R00.h5,VALID,OK
C:\Users\techa\Documents\Tech4Aditya\SIH\cyclone-sih\backend\data\raw\insat\3DIMG_L1C_ASIA_MER\2019\08NOV\3DIMG_08NOV2019_1400_L1C_ASIA_MER_V01R00.h5,VALID,OK
C:\Users\techa\Documents\Tech4Aditya\SIH\cyclone-sih\backend\data\raw\insat\3DIMG_L1C_ASIA_MER\2019\08NOV\3DIMG_08NOV2019_1500_L1C_ASIA_MER_V01R00.h5,VALID,OK
C:\Users\techa\Documents\Tech4Aditya\SIH\cyclone-sih\backend\data\raw\insat\3DIMG_L1C_ASIA_MER\2019\08NOV\3DIMG_08NOV2019_1530_L1C_ASIA_MER_V01R00.h5,VALID,OK
C:\Users\techa\Documents\Tech4Aditya\SIH\cyclone-sih\backend\data\raw\insat\3DIMG_L1C_ASIA_MER\2019\08NOV\3DIMG_08NOV2019_1600_L1C_ASIA_MER_V01R00.h5,VALID,OK
C:\Users\techa\Documents\Tech4Aditya\SIH\cyclone-sih\backend\data\raw\insat\3DIMG_L1C_ASIA_MER\2019\08NOV\3DIMG_08NOV2019_1630_L1C_ASIA_MER_V01R00.h5,VALID,OK
C:\Users\techa\Documents\Tech4Aditya\SIH\cyclone-sih\backend\data\raw\insat\3DIMG_L1C_ASIA_MER\2019\08NOV\3DIMG_08NOV2019_2000_L1C_ASIA_MER_V01R00.h5,VALID,OK
C:\Users\techa\Documents\Tech4Aditya\SIH\cyclone-sih\backend\data\raw\insat\3DIMG_L1C_ASIA_MER\2019\08NOV\3DIMG_08NOV2019_2030_L1C_ASIA_MER_V01R00.h5,VALID,OK
C:\Users\techa\Documents\Tech4Aditya\SIH\cyclone-sih\backend\data\raw\insat\3DIMG_L1C_ASIA_MER\2019\08NOV\3DIMG_08NOV2019_2100_L1C_ASIA_MER_V01R00.h5,VALID,OK
C:\Users\techa\Documents\Tech4Aditya\SIH\cyclone-sih\backend\data\raw\insat\3DIMG_L1C_ASIA_MER\2019\08NOV\3DIMG_08NOV2019_2130_L1C_ASIA_MER_V01R00.h5,VALID,OK
C:\Users\techa\Documents\Tech4Aditya\SIH\cyclone-sih\backend\data\raw\insat\3DIMG_L1C_ASIA_MER\2019\08NOV\3DIMG_08NOV2019_2200_L1C_ASIA_MER_V01R00.h5,VALID,OK
C:\Users\techa\Documents\Tech4Aditya\SIH\cyclone-sih\backend\data\raw\insat\3DIMG_L1C_ASIA_MER\2019\08NOV\3DIMG_08NOV2019_2230_L1C_ASIA_MER_V01R00.h5,VALID,OK
C:\Users\techa\Documents\Tech4Aditya\SIH\cyclone-sih\backend\data\raw\insat\3DIMG_L1C_ASIA_MER\2019\08NOV\3DIMG_08NOV2019_2300_L1C_ASIA_MER_V01R00.h5,VALID,OK
C:\Users\techa\Documents\Tech4Aditya\SIH\cyclone-sih\backend\data\raw\insat\3DIMG_L1C_ASIA_MER\2019\08NOV\3DIMG_08NOV2019_2330_L1C_ASIA_MER_V01R00.h5,VALID,OK
C:\Users\techa\Documents\Tech4Aditya\SIH\cyclone-sih\backend\data\raw\insat\3DIMG_L1C_ASIA_MER\2019\09NOV\3DIMG_09NOV2019_1100_L1C_ASIA_MER_V01R00.h5,VALID,OK
C:\Users\techa\Documents\Tech4Aditya\SIH\cyclone-sih\backend\data\raw\insat\3DIMG_L1C_ASIA_MER\2019\09NOV\3DIMG_09NOV2019_1130_L1C_ASIA_MER_V01R00.h5,VALID,OK
C:\Users\techa\Documents\Tech4Aditya\SIH\cyclone-sih\backend\data\raw\insat\3DIMG_L1C_ASIA_MER\2019\09NOV\3DIMG_09NOV2019_1200_L1C_ASIA_MER_V01R00.h5,VALID,OK
C:\Users\techa\Documents\Tech4Aditya\SIH\cyclone-sih\backend\data\raw\insat\3DIMG_L1C_ASIA_MER\2019\09NOV\3DIMG_09NOV2019_1230_L1C_ASIA_MER_V01R00.h5,VALID,OK
C:\Users\techa\Documents\Tech4Aditya\SIH\cyclone-sih\backend\data\raw\insat\3DIMG_L1C_ASIA_MER\2019\09NOV\3DIMG_09NOV2019_1300_L1C_ASIA_MER_V01R00.h5,VALID,OK
C:\Users\techa\Documents\Tech4Aditya\SIH\cyclone-sih\backend\data\raw\insat\3DIMG_L1C_ASIA_MER\2019\09NOV\3DIMG_09NOV2019_1330_L1C_ASIA_MER_V01R00.h5,VALID,OK
C:\Users\techa\Documents\Tech4Aditya\SIH\cyclone-sih\backend\data\raw\insat\3DIMG_L1C_ASIA_MER\2019\09NOV\3DIMG_09NOV2019_1400_L1C_ASIA_MER_V01R00.h5,VALID,OK
C:\Users\techa\Documents\Tech4Aditya\SIH\cyclone-sih\backend\data\raw\insat\3DIMG_L1C_ASIA_MER\2019\09NOV\3DIMG_09NOV2019_1430_L1C_ASIA_MER_V01R00.h5,VALID,OK
C:\Users\techa\Documents\Tech4Aditya\SIH\cyclone-sih\backend\data\raw\insat\3DIMG_L1C_ASIA_MER\2019\09NOV\3DIMG_09NOV2019_1500_L1C_ASIA_MER_V01R00.h5,VALID,OK
C:\Users\techa\Documents\Tech4Aditya\SIH\cyclone-sih\backend\data\raw\insat\3DIMG_L1C_ASIA_MER\2019\09NOV\3DIMG_09NOV2019_1530_L1C_ASIA_MER_V01R00.h5,VALID,OK
C:\Users\techa\Documents\Tech4Aditya\SIH\cyclone-sih\backend\data\raw\insat\3DIMG_L1C_ASIA_MER\2019\09NOV\3DIMG_09NOV2019_1600_L1C_ASIA_MER_V01R00.h5,VALID,OK
C:\Users\techa\Documents\Tech4Aditya\SIH\cyclone-sih\backend\data\raw\insat\3DIMG_L1C_ASIA_MER\2019\09NOV\3DIMG_09NOV2019_1630_L1C_ASIA_MER_V01R00.h5,VALID,OK
C:\Users\techa\Documents\Tech4Aditya\SIH\cyclone-sih\backend\data\raw\insat\3DIMG_L1C_ASIA_MER\2019\09NOV\3DIMG_09NOV2019_2000_L1C_ASIA_MER_V01R00.h5,VALID,OK
C:\Users\techa\Documents\Tech4Aditya\SIH\cyclone-sih\backend\data\raw\insat\3DIMG_L1C_ASIA_MER\2019\09NOV\3DIMG_09NOV2019_2030_L1C_ASIA_MER_V01R00.h5,VALID,OK
C:\Users\techa\Documents\Tech4Aditya\SIH\cyclone-sih\backend\data\raw\insat\3DIMG_L1C_ASIA_MER\2019\09NOV\3DIMG_09NOV2019_2100_L1C_ASIA_MER_V01R00.h5,VALID,OK
C:\Users\techa\Documents\Tech4Aditya\SIH\cyclone-sih\backend\data\raw\insat\3DIMG_L1C_ASIA_MER\2019\09NOV\3DIMG_09NOV2019_2130_L1C_ASIA_MER_V01R00.h5,VALID,OK
C:\Users\techa\Documents\Tech4Aditya\SIH\cyclone-sih\backend\data\raw\insat\3DIMG_L1C_ASIA_MER\2019\09NOV\3DIMG_09NOV2019_2200_L1C_ASIA_MER_V01R00.h5,VALID,OK
C:\Users\techa\Documents\Tech4Aditya\SIH\cyclone-sih\backend\data\raw\insat\3DIMG_L1C_ASIA_MER\2019\09NOV\3DIMG_09NOV2019_2230_L1C_ASIA_MER_V01R00.h5,VALID,OK
C:\Users\techa\Documents\Tech4Aditya\SIH\cyclone-sih\backend\data\raw\insat\3DIMG_L1C_ASIA_MER\2019\09NOV\3DIMG_09NOV2019_2300_L1C_ASIA_MER_V01R00.h5,VALID,OK
C:\Users\techa\Documents\Tech4Aditya\SIH\cyclone-sih\backend\data\raw\insat\3DIMG_L1C_ASIA_MER\2019\09NOV\3DIMG_09NOV2019_2330_L1C_ASIA_MER_V01R00.h5,VALID,OK
C:\Users\techa\Documents\Tech4Aditya\SIH\cyclone-sih\backend\data\raw\insat\3DIMG_L1C_ASIA_MER\2019\10NOV\3DIMG_10NOV2019_1100_L1C_ASIA_MER_V01R00.h5,VALID,OK
C:\Users\techa\Documents\Tech4Aditya\SIH\cyclone-sih\backend\data\raw\insat\3DIMG_L1C_ASIA_MER\2019\10NOV\3DIMG_10NOV2019_1130_L1C_ASIA_MER_V01R00.h5,VALID,OK
C:\Users\techa\Documents\Tech4Aditya\SIH\cyclone-sih\backend\data\raw\insat\3DIMG_L1C_ASIA_MER\2019\10NOV\3DIMG_10NOV2019_1200_L1C_ASIA_MER_V01R00.h5,VALID,OK
C:\Users\techa\Documents\Tech4Aditya\SIH\cyclone-sih\backend\data\raw\insat\3DIMG_L1C_ASIA_MER\2019\10NOV\3DIMG_10NOV2019_1230_L1C_ASIA_MER_V01R00.h5,VALID,OK
C:\Users\techa\Documents\Tech4Aditya\SIH\cyclone-sih\backend\data\raw\insat\3DIMG_L1C_ASIA_MER\2019\10NOV\3DIMG_10NOV2019_1300_L1C_ASIA_MER_V01R00.h5,VALID,OK
C:\Users\techa\Documents\Tech4Aditya\SIH\cyclone-sih\backend\data\raw\insat\3DIMG_L1C_ASIA_MER\2019\10NOV\3DIMG_10NOV2019_1330_L1C_ASIA_MER_V01R00.h5,VALID,OK
C:\Users\techa\Documents\Tech4Aditya\SIH\cyclone-sih\backend\data\raw\insat\3DIMG_L1C_ASIA_MER\2019\10NOV\3DIMG_10NOV2019_1400_L1C_ASIA_MER_V01R00.h5,VALID,OK
C:\Users\techa\Documents\Tech4Aditya\SIH\cyclone-sih\backend\data\raw\insat\3DIMG_L1C_ASIA_MER\2019\10NOV\3DIMG_10NOV2019_1430_L1C_ASIA_MER_V01R00.h5,VALID,OK
C:\Users\techa\Documents\Tech4Aditya\SIH\cyclone-sih\backend\data\raw\insat\3DIMG_L1C_ASIA_MER\2019\10NOV\3DIMG_10NOV2019_1500_L1C_ASIA_MER_V01R00.h5,VALID,OK
C:\Users\techa\Documents\Tech4Aditya\SIH\cyclone-sih\backend\data\raw\insat\3DIMG_L1C_ASIA_MER\2019\10NOV\3DIMG_10NOV2019_1530_L1C_ASIA_MER_V01R00.h5,VALID,OK
C:\Users\techa\Documents\Tech4Aditya\SIH\cyclone-sih\backend\data\raw\insat\3DIMG_L1C_ASIA_MER\2019\10NOV\3DIMG_10NOV2019_1600_L1C_ASIA_MER_V01R00.h5,VALID,OK
C:\Users\techa\Documents\Tech4Aditya\SIH\cyclone-sih\backend\data\raw\insat\3DIMG_L1C_ASIA_MER\2019\10NOV\3DIMG_10NOV2019_1630_L1C_ASIA_MER_V01R00.h5,VALID,OK
C:\Users\techa\Documents\Tech4Aditya\SIH\cyclone-sih\backend\data\raw\insat\3DIMG_L1C_ASIA_MER\2019\10NOV\3DIMG_10NOV2019_2000_L1C_ASIA_MER_V01R00.h5,VALID,OK
C:\Users\techa\Documents\Tech4Aditya\SIH\cyclone-sih\backend\data\raw\insat\3DIMG_L1C_ASIA_MER\2019\10NOV\3DIMG_10NOV2019_2030_L1C_ASIA_MER_V01R00.h5,VALID,OK
C:\Users\techa\Documents\Tech4Aditya\SIH\cyclone-sih\backend\data\raw\insat\3DIMG_L1C_ASIA_MER\2019\10NOV\3DIMG_10NOV2019_2100_L1C_ASIA_MER_V01R00.h5,VALID,OK
C:\Users\techa\Documents\Tech4Aditya\SIH\cyclone-sih\backend\data\raw\insat\3DIMG_L1C_ASIA_MER\2019\10NOV\3DIMG_10NOV2019_2130_L1C_ASIA_MER_V01R00.h5,VALID,OK
C:\Users\techa\Documents\Tech4Aditya\SIH\cyclone-sih\backend\data\raw\insat\3DIMG_L1C_ASIA_MER\2019\10NOV\3DIMG_10NOV2019_2200_L1C_ASIA_MER_V01R00.h5,VALID,OK
C:\Users\techa\Documents\Tech4Aditya\SIH\cyclone-sih\backend\data\raw\insat\3DIMG_L1C_ASIA_MER\2019\10NOV\3DIMG_10NOV2019_2230_L1C_ASIA_MER_V01R00.h5,VALID,OK
C:\Users\techa\Documents\Tech4Aditya\SIH\cyclone-sih\backend\data\raw\insat\3DIMG_L1C_ASIA_MER\2019\10NOV\3DIMG_10NOV2019_2300_L1C_ASIA_MER_V01R00.h5,VALID,OK
C:\Users\techa\Documents\Tech4Aditya\SIH\cyclone-sih\backend\data\raw\insat\3DIMG_L1C_ASIA_MER\2019\10NOV\3DIMG_10NOV2019_2330_L1C_ASIA_MER_V01R00.h5,VALID,OK
C:\Users\techa\Documents\Tech4Aditya\SIH\cyclone-sih\backend\data\raw\insat\3DIMG_L1C_ASIA_MER\2020\02JUN\3DIMG_02JUN2020_1230_L1C_ASIA_MER_V01R00.h5,VALID,OK
C:\Users\techa\Documents\Tech4Aditya\SIH\cyclone-sih\backend\data\raw\insat\3DIMG_L1C_ASIA_MER\2020\02JUN\3DIMG_02JUN2020_1300_L1C_ASIA_MER_V01R00.h5,VALID,OK
C:\Users\techa\Documents\Tech4Aditya\SIH\cyclone-sih\backend\data\raw\insat\3DIMG_L1C_ASIA_MER\2020\02JUN\3DIMG_02JUN2020_1330_L1C_ASIA_MER_V01R00.h5,VALID,OK
C:\Users\techa\Documents\Tech4Aditya\SIH\cyclone-sih\backend\data\raw\insat\3DIMG_L1C_ASIA_MER\2020\02JUN\3DIMG_02JUN2020_1400_L1C_ASIA_MER_V01R00.h5,VALID,OK
C:\Users\techa\Documents\Tech4Aditya\SIH\cyclone-sih\backend\data\raw\insat\3DIMG_L1C_ASIA_MER\2020\02JUN\3DIMG_02JUN2020_1430_L1C_ASIA_MER_V01R00.h5,VALID,OK
C:\Users\techa\Documents\Tech4Aditya\SIH\cyclone-sih\backend\data\raw\insat\3DIMG_L1C_ASIA_MER\2020\02JUN\3DIMG_02JUN2020_1500_L1C_ASIA_MER_V01R00.h5,VALID,OK
C:\Users\techa\Documents\Tech4Aditya\SIH\cyclone-sih\backend\data\raw\insat\3DIMG_L1C_ASIA_MER\2020\02JUN\3DIMG_02JUN2020_1530_L1C_ASIA_MER_V01R00.h5,VALID,OK
C:\Users\techa\Documents\Tech4Aditya\SIH\cyclone-sih\backend\data\raw\insat\3DIMG_L1C_ASIA_MER\2020\02JUN\3DIMG_02JUN2020_1600_L1C_ASIA_MER_V01R00.h5,VALID,OK
C:\Users\techa\Documents\Tech4Aditya\SIH\cyclone-sih\backend\data\raw\insat\3DIMG_L1C_ASIA_MER\2020\02JUN\3DIMG_02JUN2020_1630_L1C_ASIA_MER_V01R00.h5,VALID,OK
C:\Users\techa\Documents\Tech4Aditya\SIH\cyclone-sih\backend\data\raw\insat\3DIMG_L1C_ASIA_MER\2020\02JUN\3DIMG_02JUN2020_1700_L1C_ASIA_MER_V01R00.h5,VALID,OK
C:\Users\techa\Documents\Tech4Aditya\SIH\cyclone-sih\backend\data\raw\insat\3DIMG_L1C_ASIA_MER\2020\02JUN\3DIMG_02JUN2020_1730_L1C_ASIA_MER_V01R00.h5,VALID,OK
C:\Users\techa\Documents\Tech4Aditya\SIH\cyclone-sih\backend\data\raw\insat\3DIMG_L1C_ASIA_MER\2020\02JUN\3DIMG_02JUN2020_1800_L1C_ASIA_MER_V01R00.h5,VALID,OK
C:\Users\techa\Documents\Tech4Aditya\SIH\cyclone-sih\backend\data\raw\insat\3DIMG_L1C_ASIA_MER\2020\02JUN\3DIMG_02JUN2020_1830_L1C_ASIA_MER_V01R00.h5,VALID,OK
C:\Users\techa\Documents\Tech4Aditya\SIH\cyclone-sih\backend\data\raw\insat\3DIMG_L1C_ASIA_MER\2020\02JUN\3DIMG_02JUN2020_1900_L1C_ASIA_MER_V01R00.h5,VALID,OK
C:\Users\techa\Documents\Tech4Aditya\SIH\cyclone-sih\backend\data\raw\insat\3DIMG_L1C_ASIA_MER\2020\02JUN\3DIMG_02JUN2020_1930_L1C_ASIA_MER_V01R00.h5,VALID,OK
C:\Users\techa\Documents\Tech4Aditya\SIH\cyclone-sih\backend\data\raw\insat\3DIMG_L1C_ASIA_MER\2020\02JUN\3DIMG_02JUN2020_2000_L1C_ASIA_MER_V01R00.h5,VALID,OK
C:\Users\techa\Documents\Tech4Aditya\SIH\cyclone-sih\backend\data\raw\insat\3DIMG_L1C_ASIA_MER\2020\02JUN\3DIMG_02JUN2020_2030_L1C_ASIA_MER_V01R00.h5,VALID,OK
C:\Users\techa\Documents\Tech4Aditya\SIH\cyclone-sih\backend\data\raw\insat\3DIMG_L1C_ASIA_MER\2020\02JUN\3DIMG_02JUN2020_2100_L1C_ASIA_MER_V01R00.h5,VALID,OK
C:\Users\techa\Documents\Tech4Aditya\SIH\cyclone-sih\backend\data\raw\insat\3DIMG_L1C_ASIA_MER\2020\02JUN\3DIMG_02JUN2020_2230_L1C_ASIA_MER_V01R00.h5,VALID,OK
C:\Users\techa\Documents\Tech4Aditya\SIH\cyclone-sih\backend\data\raw\insat\3DIMG_L1C_ASIA_MER\2020\02JUN\3DIMG_02JUN2020_2330_L1C_ASIA_MER_V01R00.h5,VALID,OK
C:\Users\techa\Documents\Tech4Aditya\SIH\cyclone-sih\backend\data\raw\insat\3DIMG_L1C_ASIA_MER\2020\03JUN\3DIMG_03JUN2020_1300_L1C_ASIA_MER_V01R00.h5,VALID,OK
C:\Users\techa\Documents\Tech4Aditya\SIH\cyclone-sih\backend\data\raw\insat\3DIMG_L1C_ASIA_MER\2020\03JUN\3DIMG_03JUN2020_1330_L1C_ASIA_MER_V01R00.h5,VALID,OK
C:\Users\techa\Documents\Tech4Aditya\SIH\cyclone-sih\backend\data\raw\insat\3DIMG_L1C_ASIA_MER\2020\03JUN\3DIMG_03JUN2020_1430_L1C_ASIA_MER_V01R00.h5,VALID,OK
C:\Users\techa\Documents\Tech4Aditya\SIH\cyclone-sih\backend\data\raw\insat\3DIMG_L1C_ASIA_MER\2020\03JUN\3DIMG_03JUN2020_1500_L1C_ASIA_MER_V01R00.h5,VALID,OK
C:\Users\techa\Documents\Tech4Aditya\SIH\cyclone-sih\backend\data\raw\insat\3DIMG_L1C_ASIA_MER\2020\03JUN\3DIMG_03JUN2020_1530_L1C_ASIA_MER_V01R00.h5,VALID,OK
C:\Users\techa\Documents\Tech4Aditya\SIH\cyclone-sih\backend\data\raw\insat\3DIMG_L1C_ASIA_MER\2020\03JUN\3DIMG_03JUN2020_1600_L1C_ASIA_MER_V01R00.h5,VALID,OK
C:\Users\techa\Documents\Tech4Aditya\SIH\cyclone-sih\backend\data\raw\insat\3DIMG_L1C_ASIA_MER\2020\03JUN\3DIMG_03JUN2020_1630_L1C_ASIA_MER_V01R00.h5,VALID,OK
C:\Users\techa\Documents\Tech4Aditya\SIH\cyclone-sih\backend\data\raw\insat\3DIMG_L1C_ASIA_MER\2020\03JUN\3DIMG_03JUN2020_1700_L1C_ASIA_MER_V01R00.h5,VALID,OK
C:\Users\techa\Documents\Tech4Aditya\SIH\cyclone-sih\backend\data\raw\insat\3DIMG_L1C_ASIA_MER\2020\03JUN\3DIMG_03JUN2020_1730_L1C_ASIA_MER_V01R00.h5,VALID,OK
C:\Users\techa\Documents\Tech4Aditya\SIH\cyclone-sih\backend\data\raw\insat\3DIMG_L1C_ASIA_MER\2020\03JUN\3DIMG_03JUN2020_1830_L1C_ASIA_MER_V01R00.h5,VALID,OK
C:\Users\techa\Documents\Tech4Aditya\SIH\cyclone-sih\backend\data\raw\insat\3DIMG_L1C_ASIA_MER\2020\03JUN\3DIMG_03JUN2020_1900_L1C_ASIA_MER_V01R00.h5,VALID,OK
C:\Users\techa\Documents\Tech4Aditya\SIH\cyclone-sih\backend\data\raw\insat\3DIMG_L1C_ASIA_MER\2020\03JUN\3DIMG_03JUN2020_1930_L1C_ASIA_MER_V01R00.h5,VALID,OK
C:\Users\techa\Documents\Tech4Aditya\SIH\cyclone-sih\backend\data\raw\insat\3DIMG_L1C_ASIA_MER\2020\03JUN\3DIMG_03JUN2020_2000_L1C_ASIA_MER_V01R00.h5,VALID,OK
C:\Users\techa\Documents\Tech4Aditya\SIH\cyclone-sih\backend\data\raw\insat\3DIMG_L1C_ASIA_MER\2020\03JUN\3DIMG_03JUN2020_2030_L1C_ASIA_MER_V01R00.h5,VALID,OK
C:\Users\techa\Documents\Tech4Aditya\SIH\cyclone-sih\backend\data\raw\insat\3DIMG_L1C_ASIA_MER\2020\03JUN\3DIMG_03JUN2020_2100_L1C_ASIA_MER_V01R00.h5,VALID,OK
C:\Users\techa\Documents\Tech4Aditya\SIH\cyclone-sih\backend\data\raw\insat\3DIMG_L1C_ASIA_MER\2020\03JUN\3DIMG_03JUN2020_2130_L1C_ASIA_MER_V01R00.h5,VALID,OK
C:\Users\techa\Documents\Tech4Aditya\SIH\cyclone-sih\backend\data\raw\insat\3DIMG_L1C_ASIA_MER\2020\03JUN\3DIMG_03JUN2020_2200_L1C_ASIA_MER_V01R00.h5,VALID,OK
C:\Users\techa\Documents\Tech4Aditya\SIH\cyclone-sih\backend\data\raw\insat\3DIMG_L1C_ASIA_MER\2020\03JUN\3DIMG_03JUN2020_2230_L1C_ASIA_MER_V01R00.h5,VALID,OK
C:\Users\techa\Documents\Tech4Aditya\SIH\cyclone-sih\backend\data\raw\insat\3DIMG_L1C_ASIA_MER\2020\03JUN\3DIMG_03JUN2020_2300_L1C_ASIA_MER_V01R00.h5,VALID,OK
C:\Users\techa\Documents\Tech4Aditya\SIH\cyclone-sih\backend\data\raw\insat\3DIMG_L1C_ASIA_MER\2020\03JUN\3DIMG_03JUN2020_2330_L1C_ASIA_MER_V01R00.h5,VALID,OK
C:\Users\techa\Documents\Tech4Aditya\SIH\cyclone-sih\backend\data\raw\insat\3DIMG_L1C_ASIA_MER\2020\04JUN\3DIMG_04JUN2020_1300_L1C_ASIA_MER_V01R00.h5,VALID,OK
C:\Users\techa\Documents\Tech4Aditya\SIH\cyclone-sih\backend\data\raw\insat\3DIMG_L1C_ASIA_MER\2020\04JUN\3DIMG_04JUN2020_1330_L1C_ASIA_MER_V01R00.h5,VALID,OK
C:\Users\techa\Documents\Tech4Aditya\SIH\cyclone-sih\backend\data\raw\insat\3DIMG_L1C_ASIA_MER\2020\04JUN\3DIMG_04JUN2020_1400_L1C_ASIA_MER_V01R00.h5,VALID,OK
C:\Users\techa\Documents\Tech4Aditya\SIH\cyclone-sih\backend\data\raw\insat\3DIMG_L1C_ASIA_MER\2020\04JUN\3DIMG_04JUN2020_1430_L1C_ASIA_MER_V01R00.h5,VALID,OK
C:\Users\techa\Documents\Tech4Aditya\SIH\cyclone-sih\backend\data\raw\insat\3DIMG_L1C_ASIA_MER\2020\04JUN\3DIMG_04JUN2020_1500_L1C_ASIA_MER_V01R00.h5,VALID,OK
C:\Users\techa\Documents\Tech4Aditya\SIH\cyclone-sih\backend\data\raw\insat\3DIMG_L1C_ASIA_MER\2020\04JUN\3DIMG_04JUN2020_1530_L1C_ASIA_MER_V01R00.h5,VALID,OK
C:\Users\techa\Documents\Tech4Aditya\SIH\cyclone-sih\backend\data\raw\insat\3DIMG_L1C_ASIA_MER\2020\04JUN\3DIMG_04JUN2020_1600_L1C_ASIA_MER_V01R00.h5,VALID,OK
C:\Users\techa\Documents\Tech4Aditya\SIH\cyclone-sih\backend\data\raw\insat\3DIMG_L1C_ASIA_MER\2020\04JUN\3DIMG_04JUN2020_1630_L1C_ASIA_MER_V01R00.h5,VALID,OK
C:\Users\techa\Documents\Tech4Aditya\SIH\cyclone-sih\backend\data\raw\insat\3DIMG_L1C_ASIA_MER\2020\04JUN\3DIMG_04JUN2020_1730_L1C_ASIA_MER_V01R00.h5,VALID,OK
C:\Users\techa\Documents\Tech4Aditya\SIH\cyclone-sih\backend\data\raw\insat\3DIMG_L1C_ASIA_MER\2020\04JUN\3DIMG_04JUN2020_1800_L1C_ASIA_MER_V01R00.h5,VALID,OK
C:\Users\techa\Documents\Tech4Aditya\SIH\cyclone-sih\backend\data\raw\insat\3DIMG_L1C_ASIA_MER\2020\04JUN\3DIMG_04JUN2020_1900_L1C_ASIA_MER_V01R00.h5,VALID,OK
C:\Users\techa\Documents\Tech4Aditya\SIH\cyclone-sih\backend\data\raw\insat\3DIMG_L1C_ASIA_MER\2020\04JUN\3DIMG_04JUN2020_1930_L1C_ASIA_MER_V01R00.h5,VALID,OK
C:\Users\techa\Documents\Tech4Aditya\SIH\cyclone-sih\backend\data\raw\insat\3DIMG_L1C_ASIA_MER\2020\04JUN\3DIMG_04JUN2020_2000_L1C_ASIA_MER_V01R00.h5,VALID,OK
C:\Users\techa\Documents\Tech4Aditya\SIH\cyclone-sih\backend\data\raw\insat\3DIMG_L1C_ASIA_MER\2020\04JUN\3DIMG_04JUN2020_2030_L1C_ASIA_MER_V01R00.h5,VALID,OK
C:\Users\techa\Documents\Tech4Aditya\SIH\cyclone-sih\backend\data\raw\insat\3DIMG_L1C_ASIA_MER\2020\04JUN\3DIMG_04JUN2020_2100_L1C_ASIA_MER_V01R00.h5,VALID,OK
C:\Users\techa\Documents\Tech4Aditya\SIH\cyclone-sih\backend\data\raw\insat\3DIMG_L1C_ASIA_MER\2020\04JUN\3DIMG_04JUN2020_2130_L1C_ASIA_MER_V01R00.h5,VALID,OK
C:\Users\techa\Documents\Tech4Aditya\SIH\cyclone-sih\backend\data\raw\insat\3DIMG_L1C_ASIA_MER\2020\04JUN\3DIMG_04JUN2020_2200_L1C_ASIA_MER_V01R00.h5,VALID,OK
C:\Users\techa\Documents\Tech4Aditya\SIH\cyclone-sih\backend\data\raw\insat\3DIMG_L1C_ASIA_MER\2020\04JUN\3DIMG_04JUN2020_2230_L1C_ASIA_MER_V01R00.h5,VALID,OK
C:\Users\techa\Documents\Tech4Aditya\SIH\cyclone-sih\backend\data\raw\insat\3DIMG_L1C_ASIA_MER\2020\04JUN\3DIMG_04JUN2020_2300_L1C_ASIA_MER_V01R00.h5,VALID,OK
C:\Users\techa\Documents\Tech4Aditya\SIH\cyclone-sih\backend\data\raw\insat\3DIMG_L1C_ASIA_MER\2020\04JUN\3DIMG_04JUN2020_2330_L1C_ASIA_MER_V01R00.h5,VALID,OK
C:\Users\techa\Documents\Tech4Aditya\SIH\cyclone-sih\backend\data\raw\insat\3DIMG_L1C_ASIA_MER\2020\05JUN\3DIMG_05JUN2020_1400_L1C_ASIA_MER_V01R00.h5,VALID,OK
C:\Users\techa\Documents\Tech4Aditya\SIH\cyclone-sih\backend\data\raw\insat\3DIMG_L1C_ASIA_MER\2020\05JUN\3DIMG_05JUN2020_1430_L1C_ASIA_MER_V01R00.h5,VALID,OK
C:\Users\techa\Documents\Tech4Aditya\SIH\cyclone-sih\backend\data\raw\insat\3DIMG_L1C_ASIA_MER\2020\05JUN\3DIMG_05JUN2020_1500_L1C_ASIA_MER_V01R00.h5,VALID,OK
C:\Users\techa\Documents\Tech4Aditya\SIH\cyclone-sih\backend\data\raw\insat\3DIMG_L1C_ASIA_MER\2020\05JUN\3DIMG_05JUN2020_1530_L1C_ASIA_MER_V01R00.h5,VALID,OK
C:\Users\techa\Documents\Tech4Aditya\SIH\cyclone-sih\backend\data\raw\insat\3DIMG_L1C_ASIA_MER\2020\05JUN\3DIMG_05JUN2020_1600_L1C_ASIA_MER_V01R00.h5,VALID,OK
C:\Users\techa\Documents\Tech4Aditya\SIH\cyclone-sih\backend\data\raw\insat\3DIMG_L1C_ASIA_MER\2020\05JUN\3DIMG_05JUN2020_1630_L1C_ASIA_MER_V01R00.h5,VALID,OK
C:\Users\techa\Documents\Tech4Aditya\SIH\cyclone-sih\backend\data\raw\insat\3DIMG_L1C_ASIA_MER\2020\05JUN\3DIMG_05JUN2020_1700_L1C_ASIA_MER_V01R00.h5,VALID,OK
C:\Users\techa\Documents\Tech4Aditya\SIH\cyclone-sih\backend\data\raw\insat\3DIMG_L1C_ASIA_MER\2020\05JUN\3DIMG_05JUN2020_1730_L1C_ASIA_MER_V01R00.h5,VALID,OK
C:\Users\techa\Documents\Tech4Aditya\SIH\cyclone-sih\backend\data\raw\insat\3DIMG_L1C_ASIA_MER\2020\05JUN\3DIMG_05JUN2020_1800_L1C_ASIA_MER_V01R00.h5,VALID,OK
C:\Users\techa\Documents\Tech4Aditya\SIH\cyclone-sih\backend\data\raw\insat\3DIMG_L1C_ASIA_MER\2020\05JUN\3DIMG_05JUN2020_1830_L1C_ASIA_MER_V01R00.h5,VALID,OK
C:\Users\techa\Documents\Tech4Aditya\SIH\cyclone-sih\backend\data\raw\insat\3DIMG_L1C_ASIA_MER\2020\05JUN\3DIMG_05JUN2020_1900_L1C_ASIA_MER_V01R00.h5,VALID,OK
C:\Users\techa\Documents\Tech4Aditya\SIH\cyclone-sih\backend\data\raw\insat\3DIMG_L1C_ASIA_MER\2020\05JUN\3DIMG_05JUN2020_1930_L1C_ASIA_MER_V01R00.h5,VALID,OK
C:\Users\techa\Documents\Tech4Aditya\SIH\cyclone-sih\backend\data\raw\insat\3DIMG_L1C_ASIA_MER\2020\05JUN\3DIMG_05JUN2020_2000_L1C_ASIA_MER_V01R00.h5,VALID,OK
C:\Users\techa\Documents\Tech4Aditya\SIH\cyclone-sih\backend\data\raw\insat\3DIMG_L1C_ASIA_MER\2020\05JUN\3DIMG_05JUN2020_2030_L1C_ASIA_MER_V01R00.h5,VALID,OK
C:\Users\techa\Documents\Tech4Aditya\SIH\cyclone-sih\backend\data\raw\insat\3DIMG_L1C_ASIA_MER\2020\05JUN\3DIMG_05JUN2020_2100_L1C_ASIA_MER_V01R00.h5,VALID,OK
C:\Users\techa\Documents\Tech4Aditya\SIH\cyclone-sih\backend\data\raw\insat\3DIMG_L1C_ASIA_MER\2020\05JUN\3DIMG_05JUN2020_2130_L1C_ASIA_MER_V01R00.h5,VALID,OK
C:\Users\techa\Documents\Tech4Aditya\SIH\cyclone-sih\backend\data\raw\insat\3DIMG_L1C_ASIA_MER\2020\05JUN\3DIMG_05JUN2020_2200_L1C_ASIA_MER_V01R00.h5,VALID,OK
C:\Users\techa\Documents\Tech4Aditya\SIH\cyclone-sih\backend\data\raw\insat\3DIMG_L1C_ASIA_MER\2020\05JUN\3DIMG_05JUN2020_2230_L1C_ASIA_MER_V01R00.h5,VALID,OK
C:\Users\techa\Documents\Tech4Aditya\SIH\cyclone-sih\backend\data\raw\insat\3DIMG_L1C_ASIA_MER\2020\05JUN\3DIMG_05JUN2020_2300_L1C_ASIA_MER_V01R00.h5,VALID,OK
C:\Users\techa\Documents\Tech4Aditya\SIH\cyclone-sih\backend\data\raw\insat\3DIMG_L1C_ASIA_MER\2020\05JUN\3DIMG_05JUN2020_2330_L1C_ASIA_MER_V01R00.h5,VALID,OK
C:\Users\techa\Documents\Tech4Aditya\SIH\cyclone-sih\backend\data\raw\insat\3DIMG_L1C_ASIA_MER\2020\17MAY\3DIMG_17MAY2020_1400_L1C_ASIA_MER_V01R00.h5,VALID,OK
C:\Users\techa\Documents\Tech4Aditya\SIH\cyclone-sih\backend\data\raw\insat\3DIMG_L1C_ASIA_MER\2020\17MAY\3DIMG_17MAY2020_1430_L1C_ASIA_MER_V01R00.h5,VALID,OK
C:\Users\techa\Documents\Tech4Aditya\SIH\cyclone-sih\backend\data\raw\insat\3DIMG_L1C_ASIA_MER\2020\17MAY\3DIMG_17MAY2020_1500_L1C_ASIA_MER_V01R00.h5,VALID,OK
C:\Users\techa\Documents\Tech4Aditya\SIH\cyclone-sih\backend\data\raw\insat\3DIMG_L1C_ASIA_MER\2020\17MAY\3DIMG_17MAY2020_1530_L1C_ASIA_MER_V01R00.h5,VALID,OK
C:\Users\techa\Documents\Tech4Aditya\SIH\cyclone-sih\backend\data\raw\insat\3DIMG_L1C_ASIA_MER\2020\17MAY\3DIMG_17MAY2020_1600_L1C_ASIA_MER_V01R00.h5,VALID,OK
C:\Users\techa\Documents\Tech4Aditya\SIH\cyclone-sih\backend\data\raw\insat\3DIMG_L1C_ASIA_MER\2020\17MAY\3DIMG_17MAY2020_1630_L1C_ASIA_MER_V01R00.h5,VALID,OK
C:\Users\techa\Documents\Tech4Aditya\SIH\cyclone-sih\backend\data\raw\insat\3DIMG_L1C_ASIA_MER\2020\17MAY\3DIMG_17MAY2020_1700_L1C_ASIA_MER_V01R00.h5,VALID,OK
C:\Users\techa\Documents\Tech4Aditya\SIH\cyclone-sih\backend\data\raw\insat\3DIMG_L1C_ASIA_MER\2020\17MAY\3DIMG_17MAY2020_1730_L1C_ASIA_MER_V01R00.h5,VALID,OK
C:\Users\techa\Documents\Tech4Aditya\SIH\cyclone-sih\backend\data\raw\insat\3DIMG_L1C_ASIA_MER\2020\17MAY\3DIMG_17MAY2020_1800_L1C_ASIA_MER_V01R00.h5,VALID,OK
C:\Users\techa\Documents\Tech4Aditya\SIH\cyclone-sih\backend\data\raw\insat\3DIMG_L1C_ASIA_MER\2020\17MAY\3DIMG_17MAY2020_1830_L1C_ASIA_MER_V01R00.h5,VALID,OK
C:\Users\techa\Documents\Tech4Aditya\SIH\cyclone-sih\backend\data\raw\insat\3DIMG_L1C_ASIA_MER\2020\17MAY\3DIMG_17MAY2020_1900_L1C_ASIA_MER_V01R00.h5,VALID,OK
C:\Users\techa\Documents\Tech4Aditya\SIH\cyclone-sih\backend\data\raw\insat\3DIMG_L1C_ASIA_MER\2020\17MAY\3DIMG_17MAY2020_1930_L1C_ASIA_MER_V01R00.h5,VALID,OK
C:\Users\techa\Documents\Tech4Aditya\SIH\cyclone-sih\backend\data\raw\insat\3DIMG_L1C_ASIA_MER\2020\17MAY\3DIMG_17MAY2020_2000_L1C_ASIA_MER_V01R00.h5,VALID,OK
C:\Users\techa\Documents\Tech4Aditya\SIH\cyclone-sih\backend\data\raw\insat\3DIMG_L1C_ASIA_MER\2020\17MAY\3DIMG_17MAY2020_2030_L1C_ASIA_MER_V01R00.h5,VALID,OK
C:\Users\techa\Documents\Tech4Aditya\SIH\cyclone-sih\backend\data\raw\insat\3DIMG_L1C_ASIA_MER\2020\17MAY\3DIMG_17MAY2020_2100_L1C_ASIA_MER_V01R00.h5,VALID,OK
C:\Users\techa\Documents\Tech4Aditya\SIH\cyclone-sih\backend\data\raw\insat\3DIMG_L1C_ASIA_MER\2020\17MAY\3DIMG_17MAY2020_2130_L1C_ASIA_MER_V01R00.h5,VALID,OK
C:\Users\techa\Documents\Tech4Aditya\SIH\cyclone-sih\backend\data\raw\insat\3DIMG_L1C_ASIA_MER\2020\17MAY\3DIMG_17MAY2020_2200_L1C_ASIA_MER_V01R00.h5,VALID,OK
C:\Users\techa\Documents\Tech4Aditya\SIH\cyclone-sih\backend\data\raw\insat\3DIMG_L1C_ASIA_MER\2020\17MAY\3DIMG_17MAY2020_2230_L1C_ASIA_MER_V01R00.h5,VALID,OK
C:\Users\techa\Documents\Tech4Aditya\SIH\cyclone-sih\backend\data\raw\insat\3DIMG_L1C_ASIA_MER\2020\17MAY\3DIMG_17MAY2020_2300_L1C_ASIA_MER_V01R00.h5,VALID,OK
C:\Users\techa\Documents\Tech4Aditya\SIH\cyclone-sih\backend\data\raw\insat\3DIMG_L1C_ASIA_MER\2020\17MAY\3DIMG_17MAY2020_2330_L1C_ASIA_MER_V01R00.h5,VALID,OK
C:\Users\techa\Documents\Tech4Aditya\SIH\cyclone-sih\backend\data\raw\insat\3DIMG_L1C_ASIA_MER\2020\18MAY\3DIMG_18MAY2020_1400_L1C_ASIA_MER_V01R00.h5,VALID,OK
C:\Users\techa\Documents\Tech4Aditya\SIH\cyclone-sih\backend\data\raw\insat\3DIMG_L1C_ASIA_MER\2020\18MAY\3DIMG_18MAY2020_1430_L1C_ASIA_MER_V01R00.h5,VALID,OK
C:\Users\techa\Documents\Tech4Aditya\SIH\cyclone-sih\backend\data\raw\insat\3DIMG_L1C_ASIA_MER\2020\18MAY\3DIMG_18MAY2020_1500_L1C_ASIA_MER_V01R00.h5,VALID,OK
C:\Users\techa\Documents\Tech4Aditya\SIH\cyclone-sih\backend\data\raw\insat\3DIMG_L1C_ASIA_MER\2020\18MAY\3DIMG_18MAY2020_1530_L1C_ASIA_MER_V01R00.h5,VALID,OK
C:\Users\techa\Documents\Tech4Aditya\SIH\cyclone-sih\backend\data\raw\insat\3DIMG_L1C_ASIA_MER\2020\18MAY\3DIMG_18MAY2020_1600_L1C_ASIA_MER_V01R00.h5,VALID,OK
C:\Users\techa\Documents\Tech4Aditya\SIH\cyclone-sih\backend\data\raw\insat\3DIMG_L1C_ASIA_MER\2020\18MAY\3DIMG_18MAY2020_1630_L1C_ASIA_MER_V01R00.h5,VALID,OK
C:\Users\techa\Documents\Tech4Aditya\SIH\cyclone-sih\backend\data\raw\insat\3DIMG_L1C_ASIA_MER\2020\18MAY\3DIMG_18MAY2020_1700_L1C_ASIA_MER_V01R00.h5,VALID,OK
C:\Users\techa\Documents\Tech4Aditya\SIH\cyclone-sih\backend\data\raw\insat\3DIMG_L1C_ASIA_MER\2020\18MAY\3DIMG_18MAY2020_1730_L1C_ASIA_MER_V01R00.h5,VALID,OK
C:\Users\techa\Documents\Tech4Aditya\SIH\cyclone-sih\backend\data\raw\insat\3DIMG_L1C_ASIA_MER\2020\18MAY\3DIMG_18MAY2020_1800_L1C_ASIA_MER_V01R00.h5,VALID,OK
C:\Users\techa\Documents\Tech4Aditya\SIH\cyclone-sih\backend\data\raw\insat\3DIMG_L1C_ASIA_MER\2020\18MAY\3DIMG_18MAY2020_1900_L1C_ASIA_MER_V01R00.h5,VALID,OK
C:\Users\techa\Documents\Tech4Aditya\SIH\cyclone-sih\backend\data\raw\insat\3DIMG_L1C_ASIA_MER\2020\18MAY\3DIMG_18MAY2020_1930_L1C_ASIA_MER_V01R00.h5,VALID,OK
C:\Users\techa\Documents\Tech4Aditya\SIH\cyclone-sih\backend\data\raw\insat\3DIMG_L1C_ASIA_MER\2020\18MAY\3DIMG_18MAY2020_2000_L1C_ASIA_MER_V01R00.h5,VALID,OK
C:\Users\techa\Documents\Tech4Aditya\SIH\cyclone-sih\backend\data\raw\insat\3DIMG_L1C_ASIA_MER\2020\18MAY\3DIMG_18MAY2020_2030_L1C_ASIA_MER_V01R00.h5,VALID,OK
C:\Users\techa\Documents\Tech4Aditya\SIH\cyclone-sih\backend\data\raw\insat\3DIMG_L1C_ASIA_MER\2020\18MAY\3DIMG_18MAY2020_2100_L1C_ASIA_MER_V01R00.h5,VALID,OK
C:\Users\techa\Documents\Tech4Aditya\SIH\cyclone-sih\backend\data\raw\insat\3DIMG_L1C_ASIA_MER\2020\18MAY\3DIMG_18MAY2020_2130_L1C_ASIA_MER_V01R00.h5,VALID,OK
C:\Users\techa\Documents\Tech4Aditya\SIH\cyclone-sih\backend\data\raw\insat\3DIMG_L1C_ASIA_MER\2020\18MAY\3DIMG_18MAY2020_2200_L1C_ASIA_MER_V01R00.h5,VALID,OK
C:\Users\techa\Documents\Tech4Aditya\SIH\cyclone-sih\backend\data\raw\insat\3DIMG_L1C_ASIA_MER\2020\18MAY\3DIMG_18MAY2020_2230_L1C_ASIA_MER_V01R00.h5,VALID,OK
C:\Users\techa\Documents\Tech4Aditya\SIH\cyclone-sih\backend\data\raw\insat\3DIMG_L1C_ASIA_MER\2020\18MAY\3DIMG_18MAY2020_2300_L1C_ASIA_MER_V01R00.h5,VALID,OK
C:\Users\techa\Documents\Tech4Aditya\SIH\cyclone-sih\backend\data\raw\insat\3DIMG_L1C_ASIA_MER\2020\18MAY\3DIMG_18MAY2020_2330_L1C_ASIA_MER_V01R00.h5,VALID,OK
C:\Users\techa\Documents\Tech4Aditya\SIH\cyclone-sih\backend\data\raw\insat\3DIMG_L1C_ASIA_MER\2020\19MAY\3DIMG_19MAY2020_1330_L1C_ASIA_MER_V01R00.h5,VALID,OK
C:\Users\techa\Documents\Tech4Aditya\SIH\cyclone-sih\backend\data\raw\insat\3DIMG_L1C_ASIA_MER\2020\19MAY\3DIMG_19MAY2020_1400_L1C_ASIA_MER_V01R00.h5,VALID,OK
C:\Users\techa\Documents\Tech4Aditya\SIH\cyclone-sih\backend\data\raw\insat\3DIMG_L1C_ASIA_MER\2020\19MAY\3DIMG_19MAY2020_1430_L1C_ASIA_MER_V01R00.h5,VALID,OK
C:\Users\techa\Documents\Tech4Aditya\SIH\cyclone-sih\backend\data\raw\insat\3DIMG_L1C_ASIA_MER\2020\19MAY\3DIMG_19MAY2020_1500_L1C_ASIA_MER_V01R00.h5,VALID,OK
C:\Users\techa\Documents\Tech4Aditya\SIH\cyclone-sih\backend\data\raw\insat\3DIMG_L1C_ASIA_MER\2020\19MAY\3DIMG_19MAY2020_1530_L1C_ASIA_MER_V01R00.h5,VALID,OK
C:\Users\techa\Documents\Tech4Aditya\SIH\cyclone-sih\backend\data\raw\insat\3DIMG_L1C_ASIA_MER\2020\19MAY\3DIMG_19MAY2020_1600_L1C_ASIA_MER_V01R00.h5,VALID,OK
C:\Users\techa\Documents\Tech4Aditya\SIH\cyclone-sih\backend\data\raw\insat\3DIMG_L1C_ASIA_MER\2020\19MAY\3DIMG_19MAY2020_1630_L1C_ASIA_MER_V01R00.h5,VALID,OK
C:\Users\techa\Documents\Tech4Aditya\SIH\cyclone-sih\backend\data\raw\insat\3DIMG_L1C_ASIA_MER\2020\19MAY\3DIMG_19MAY2020_1700_L1C_ASIA_MER_V01R00.h5,VALID,OK
C:\Users\techa\Documents\Tech4Aditya\SIH\cyclone-sih\backend\data\raw\insat\3DIMG_L1C_ASIA_MER\2020\19MAY\3DIMG_19MAY2020_1730_L1C_ASIA_MER_V01R00.h5,VALID,OK
C:\Users\techa\Documents\Tech4Aditya\SIH\cyclone-sih\backend\data\raw\insat\3DIMG_L1C_ASIA_MER\2020\19MAY\3DIMG_19MAY2020_1800_L1C_ASIA_MER_V01R00.h5,VALID,OK
C:\Users\techa\Documents\Tech4Aditya\SIH\cyclone-sih\backend\data\raw\insat\3DIMG_L1C_ASIA_MER\2020\19MAY\3DIMG_19MAY2020_1900_L1C_ASIA_MER_V01R00.h5,VALID,OK
C:\Users\techa\Documents\Tech4Aditya\SIH\cyclone-sih\backend\data\raw\insat\3DIMG_L1C_ASIA_MER\2020\19MAY\3DIMG_19MAY2020_1930_L1C_ASIA_MER_V01R00.h5,VALID,OK
C:\Users\techa\Documents\Tech4Aditya\SIH\cyclone-sih\backend\data\raw\insat\3DIMG_L1C_ASIA_MER\2020\19MAY\3DIMG_19MAY2020_2000_L1C_ASIA_MER_V01R00.h5,VALID,OK
C:\Users\techa\Documents\Tech4Aditya\SIH\cyclone-sih\backend\data\raw\insat\3DIMG_L1C_ASIA_MER\2020\19MAY\3DIMG_19MAY2020_2030_L1C_ASIA_MER_V01R00.h5,VALID,OK
C:\Users\techa\Documents\Tech4Aditya\SIH\cyclone-sih\backend\data\raw\insat\3DIMG_L1C_ASIA_MER\2020\19MAY\3DIMG_19MAY2020_2100_L1C_ASIA_MER_V01R00.h5,VALID,OK
C:\Users\techa\Documents\Tech4Aditya\SIH\cyclone-sih\backend\data\raw\insat\3DIMG_L1C_ASIA_MER\2020\19MAY\3DIMG_19MAY2020_2130_L1C_ASIA_MER_V01R00.h5,VALID,OK
C:\Users\techa\Documents\Tech4Aditya\SIH\cyclone-sih\backend\data\raw\insat\3DIMG_L1C_ASIA_MER\2020\19MAY\3DIMG_19MAY2020_2200_L1C_ASIA_MER_V01R00.h5,VALID,OK
C:\Users\techa\Documents\Tech4Aditya\SIH\cyclone-sih\backend\data\raw\insat\3DIMG_L1C_ASIA_MER\2020\19MAY\3DIMG_19MAY2020_2230_L1C_ASIA_MER_V01R00.h5,VALID,OK
C:\Users\techa\Documents\Tech4Aditya\SIH\cyclone-sih\backend\data\raw\insat\3DIMG_L1C_ASIA_MER\2020\19MAY\3DIMG_19MAY2020_2300_L1C_ASIA_MER_V01R00.h5,VALID,OK
C:\Users\techa\Documents\Tech4Aditya\SIH\cyclone-sih\backend\data\raw\insat\3DIMG_L1C_ASIA_MER\2020\19MAY\3DIMG_19MAY2020_2330_L1C_ASIA_MER_V01R00.h5,VALID,OK
C:\Users\techa\Documents\Tech4Aditya\SIH\cyclone-sih\backend\data\raw\insat\3DIMG_L1C_ASIA_MER\2020\20MAY\3DIMG_20MAY2020_1300_L1C_ASIA_MER_V01R00.h5,VALID,OK
C:\Users\techa\Documents\Tech4Aditya\SIH\cyclone-sih\backend\data\raw\insat\3DIMG_L1C_ASIA_MER\2020\20MAY\3DIMG_20MAY2020_1330_L1C_ASIA_MER_V01R00.h5,VALID,OK
C:\Users\techa\Documents\Tech4Aditya\SIH\cyclone-sih\backend\data\raw\insat\3DIMG_L1C_ASIA_MER\2020\20MAY\3DIMG_20MAY2020_1400_L1C_ASIA_MER_V01R00.h5,VALID,OK
C:\Users\techa\Documents\Tech4Aditya\SIH\cyclone-sih\backend\data\raw\insat\3DIMG_L1C_ASIA_MER\2020\20MAY\3DIMG_20MAY2020_1430_L1C_ASIA_MER_V01R00.h5,VALID,OK
C:\Users\techa\Documents\Tech4Aditya\SIH\cyclone-sih\backend\data\raw\insat\3DIMG_L1C_ASIA_MER\2020\20MAY\3DIMG_20MAY2020_1500_L1C_ASIA_MER_V01R00.h5,VALID,OK
C:\Users\techa\Documents\Tech4Aditya\SIH\cyclone-sih\backend\data\raw\insat\3DIMG_L1C_ASIA_MER\2020\20MAY\3DIMG_20MAY2020_1530_L1C_ASIA_MER_V01R00.h5,VALID,OK
C:\Users\techa\Documents\Tech4Aditya\SIH\cyclone-sih\backend\data\raw\insat\3DIMG_L1C_ASIA_MER\2020\20MAY\3DIMG_20MAY2020_1630_L1C_ASIA_MER_V01R00.h5,VALID,OK
C:\Users\techa\Documents\Tech4Aditya\SIH\cyclone-sih\backend\data\raw\insat\3DIMG_L1C_ASIA_MER\2020\20MAY\3DIMG_20MAY2020_1700_L1C_ASIA_MER_V01R00.h5,VALID,OK
C:\Users\techa\Documents\Tech4Aditya\SIH\cyclone-sih\backend\data\raw\insat\3DIMG_L1C_ASIA_MER\2020\20MAY\3DIMG_20MAY2020_1730_L1C_ASIA_MER_V01R00.h5,VALID,OK
C:\Users\techa\Documents\Tech4Aditya\SIH\cyclone-sih\backend\data\raw\insat\3DIMG_L1C_ASIA_MER\2020\20MAY\3DIMG_20MAY2020_1800_L1C_ASIA_MER_V01R00.h5,VALID,OK
C:\Users\techa\Documents\Tech4Aditya\SIH\cyclone-sih\backend\data\raw\insat\3DIMG_L1C_ASIA_MER\2020\20MAY\3DIMG_20MAY2020_1830_L1C_ASIA_MER_V01R00.h5,VALID,OK
C:\Users\techa\Documents\Tech4Aditya\SIH\cyclone-sih\backend\data\raw\insat\3DIMG_L1C_ASIA_MER\2020\20MAY\3DIMG_20MAY2020_1930_L1C_ASIA_MER_V01R00.h5,VALID,OK
C:\Users\techa\Documents\Tech4Aditya\SIH\cyclone-sih\backend\data\raw\insat\3DIMG_L1C_ASIA_MER\2020\20MAY\3DIMG_20MAY2020_2000_L1C_ASIA_MER_V01R00.h5,VALID,OK
C:\Users\techa\Documents\Tech4Aditya\SIH\cyclone-sih\backend\data\raw\insat\3DIMG_L1C_ASIA_MER\2020\20MAY\3DIMG_20MAY2020_2030_L1C_ASIA_MER_V01R00.h5,VALID,OK
C:\Users\techa\Documents\Tech4Aditya\SIH\cyclone-sih\backend\data\raw\insat\3DIMG_L1C_ASIA_MER\2020\20MAY\3DIMG_20MAY2020_2100_L1C_ASIA_MER_V01R00.h5,VALID,OK
C:\Users\techa\Documents\Tech4Aditya\SIH\cyclone-sih\backend\data\raw\insat\3DIMG_L1C_ASIA_MER\2020\20MAY\3DIMG_20MAY2020_2130_L1C_ASIA_MER_V01R00.h5,VALID,OK
C:\Users\techa\Documents\Tech4Aditya\SIH\cyclone-sih\backend\data\raw\insat\3DIMG_L1C_ASIA_MER\2020\20MAY\3DIMG_20MAY2020_2200_L1C_ASIA_MER_V01R00.h5,VALID,OK
C:\Users\techa\Documents\Tech4Aditya\SIH\cyclone-sih\backend\data\raw\insat\3DIMG_L1C_ASIA_MER\2020\20MAY\3DIMG_20MAY2020_2230_L1C_ASIA_MER_V01R00.h5,VALID,OK
C:\Users\techa\Documents\Tech4Aditya\SIH\cyclone-sih\backend\data\raw\insat\3DIMG_L1C_ASIA_MER\2020\20MAY\3DIMG_20MAY2020_2300_L1C_ASIA_MER_V01R00.h5,VALID,OK
C:\Users\techa\Documents\Tech4Aditya\SIH\cyclone-sih\backend\data\raw\insat\3DIMG_L1C_ASIA_MER\2020\20MAY\3DIMG_20MAY2020_2330_L1C_ASIA_MER_V01R00.h5,VALID,OK
C:\Users\techa\Documents\Tech4Aditya\SIH\cyclone-sih\backend\data\raw\insat\3DIMG_L1C_ASIA_MER\2020\21MAY\3DIMG_21MAY2020_1400_L1C_ASIA_MER_V01R00.h5,VALID,OK
C:\Users\techa\Documents\Tech4Aditya\SIH\cyclone-sih\backend\data\raw\insat\3DIMG_L1C_ASIA_MER\2020\21MAY\3DIMG_21MAY2020_1430_L1C_ASIA_MER_V01R00.h5,VALID,OK
C:\Users\techa\Documents\Tech4Aditya\SIH\cyclone-sih\backend\data\raw\insat\3DIMG_L1C_ASIA_MER\2020\21MAY\3DIMG_21MAY2020_1500_L1C_ASIA_MER_V01R00.h5,VALID,OK
C:\Users\techa\Documents\Tech4Aditya\SIH\cyclone-sih\backend\data\raw\insat\3DIMG_L1C_ASIA_MER\2020\21MAY\3DIMG_21MAY2020_1530_L1C_ASIA_MER_V01R00.h5,VALID,OK
C:\Users\techa\Documents\Tech4Aditya\SIH\cyclone-sih\backend\data\raw\insat\3DIMG_L1C_ASIA_MER\2020\21MAY\3DIMG_21MAY2020_1600_L1C_ASIA_MER_V01R00.h5,VALID,OK
C:\Users\techa\Documents\Tech4Aditya\SIH\cyclone-sih\backend\data\raw\insat\3DIMG_L1C_ASIA_MER\2020\21MAY\3DIMG_21MAY2020_1630_L1C_ASIA_MER_V01R00.h5,VALID,OK
C:\Users\techa\Documents\Tech4Aditya\SIH\cyclone-sih\backend\data\raw\insat\3DIMG_L1C_ASIA_MER\2020\21MAY\3DIMG_21MAY2020_1700_L1C_ASIA_MER_V01R00.h5,VALID,OK
C:\Users\techa\Documents\Tech4Aditya\SIH\cyclone-sih\backend\data\raw\insat\3DIMG_L1C_ASIA_MER\2020\21MAY\3DIMG_21MAY2020_1730_L1C_ASIA_MER_V01R00.h5,VALID,OK
C:\Users\techa\Documents\Tech4Aditya\SIH\cyclone-sih\backend\data\raw\insat\3DIMG_L1C_ASIA_MER\2020\21MAY\3DIMG_21MAY2020_1800_L1C_ASIA_MER_V01R00.h5,VALID,OK
C:\Users\techa\Documents\Tech4Aditya\SIH\cyclone-sih\backend\data\raw\insat\3DIMG_L1C_ASIA_MER\2020\21MAY\3DIMG_21MAY2020_1830_L1C_ASIA_MER_V01R00.h5,VALID,OK
C:\Users\techa\Documents\Tech4Aditya\SIH\cyclone-sih\backend\data\raw\insat\3DIMG_L1C_ASIA_MER\2020\21MAY\3DIMG_21MAY2020_1900_L1C_ASIA_MER_V01R00.h5,VALID,OK
C:\Users\techa\Documents\Tech4Aditya\SIH\cyclone-sih\backend\data\raw\insat\3DIMG_L1C_ASIA_MER\2020\21MAY\3DIMG_21MAY2020_1930_L1C_ASIA_MER_V01R00.h5,VALID,OK
C:\Users\techa\Documents\Tech4Aditya\SIH\cyclone-sih\backend\data\raw\insat\3DIMG_L1C_ASIA_MER\2020\21MAY\3DIMG_21MAY2020_2000_L1C_ASIA_MER_V01R00.h5,VALID,OK
C:\Users\techa\Documents\Tech4Aditya\SIH\cyclone-sih\backend\data\raw\insat\3DIMG_L1C_ASIA_MER\2020\21MAY\3DIMG_21MAY2020_2030_L1C_ASIA_MER_V01R00.h5,VALID,OK
C:\Users\techa\Documents\Tech4Aditya\SIH\cyclone-sih\backend\data\raw\insat\3DIMG_L1C_ASIA_MER\2020\21MAY\3DIMG_21MAY2020_2100_L1C_ASIA_MER_V01R00.h5,VALID,OK
C:\Users\techa\Documents\Tech4Aditya\SIH\cyclone-sih\backend\data\raw\insat\3DIMG_L1C_ASIA_MER\2020\21MAY\3DIMG_21MAY2020_2130_L1C_ASIA_MER_V01R00.h5,VALID,OK
C:\Users\techa\Documents\Tech4Aditya\SIH\cyclone-sih\backend\data\raw\insat\3DIMG_L1C_ASIA_MER\2020\21MAY\3DIMG_21MAY2020_2200_L1C_ASIA_MER_V01R00.h5,VALID,OK
C:\Users\techa\Documents\Tech4Aditya\SIH\cyclone-sih\backend\data\raw\insat\3DIMG_L1C_ASIA_MER\2020\21MAY\3DIMG_21MAY2020_2230_L1C_ASIA_MER_V01R00.h5,VALID,OK
C:\Users\techa\Documents\Tech4Aditya\SIH\cyclone-sih\backend\data\raw\insat\3DIMG_L1C_ASIA_MER\2020\21MAY\3DIMG_21MAY2020_2300_L1C_ASIA_MER_V01R00.h5,VALID,OK
C:\Users\techa\Documents\Tech4Aditya\SIH\cyclone-sih\backend\data\raw\insat\3DIMG_L1C_ASIA_MER\2020\21MAY\3DIMG_21MAY2020_2330_L1C_ASIA_MER_V01R00.h5,VALID,OK
C:\Users\techa\Documents\Tech4Aditya\SIH\cyclone-sih\backend\data\raw\insat\3DIMG_L1C_ASIA_MER\2020\22MAY\3DIMG_22MAY2020_1330_L1C_ASIA_MER_V01R00.h5,VALID,OK
C:\Users\techa\Documents\Tech4Aditya\SIH\cyclone-sih\backend\data\raw\insat\3DIMG_L1C_ASIA_MER\2020\22MAY\3DIMG_22MAY2020_1400_L1C_ASIA_MER_V01R00.h5,VALID,OK
C:\Users\techa\Documents\Tech4Aditya\SIH\cyclone-sih\backend\data\raw\insat\3DIMG_L1C_ASIA_MER\2020\22MAY\3DIMG_22MAY2020_1430_L1C_ASIA_MER_V01R00.h5,VALID,OK
C:\Users\techa\Documents\Tech4Aditya\SIH\cyclone-sih\backend\data\raw\insat\3DIMG_L1C_ASIA_MER\2020\22MAY\3DIMG_22MAY2020_1500_L1C_ASIA_MER_V01R00.h5,VALID,OK
C:\Users\techa\Documents\Tech4Aditya\SIH\cyclone-sih\backend\data\raw\insat\3DIMG_L1C_ASIA_MER\2020\22MAY\3DIMG_22MAY2020_1530_L1C_ASIA_MER_V01R00.h5,VALID,OK
C:\Users\techa\Documents\Tech4Aditya\SIH\cyclone-sih\backend\data\raw\insat\3DIMG_L1C_ASIA_MER\2020\22MAY\3DIMG_22MAY2020_1600_L1C_ASIA_MER_V01R00.h5,VALID,OK
C:\Users\techa\Documents\Tech4Aditya\SIH\cyclone-sih\backend\data\raw\insat\3DIMG_L1C_ASIA_MER\2020\22MAY\3DIMG_22MAY2020_1630_L1C_ASIA_MER_V01R00.h5,VALID,OK
C:\Users\techa\Documents\Tech4Aditya\SIH\cyclone-sih\backend\data\raw\insat\3DIMG_L1C_ASIA_MER\2020\22MAY\3DIMG_22MAY2020_1700_L1C_ASIA_MER_V01R00.h5,VALID,OK
C:\Users\techa\Documents\Tech4Aditya\SIH\cyclone-sih\backend\data\raw\insat\3DIMG_L1C_ASIA_MER\2020\22MAY\3DIMG_22MAY2020_1730_L1C_ASIA_MER_V01R00.h5,VALID,OK
C:\Users\techa\Documents\Tech4Aditya\SIH\cyclone-sih\backend\data\raw\insat\3DIMG_L1C_ASIA_MER\2020\22MAY\3DIMG_22MAY2020_1800_L1C_ASIA_MER_V01R00.h5,VALID,OK
C:\Users\techa\Documents\Tech4Aditya\SIH\cyclone-sih\backend\data\raw\insat\3DIMG_L1C_ASIA_MER\2020\22MAY\3DIMG_22MAY2020_1900_L1C_ASIA_MER_V01R00.h5,VALID,OK
C:\Users\techa\Documents\Tech4Aditya\SIH\cyclone-sih\backend\data\raw\insat\3DIMG_L1C_ASIA_MER\2020\22MAY\3DIMG_22MAY2020_1930_L1C_ASIA_MER_V01R00.h5,VALID,OK
C:\Users\techa\Documents\Tech4Aditya\SIH\cyclone-sih\backend\data\raw\insat\3DIMG_L1C_ASIA_MER\2020\22MAY\3DIMG_22MAY2020_2000_L1C_ASIA_MER_V01R00.h5,VALID,OK
C:\Users\techa\Documents\Tech4Aditya\SIH\cyclone-sih\backend\data\raw\insat\3DIMG_L1C_ASIA_MER\2020\22MAY\3DIMG_22MAY2020_2030_L1C_ASIA_MER_V01R00.h5,VALID,OK
C:\Users\techa\Documents\Tech4Aditya\SIH\cyclone-sih\backend\data\raw\insat\3DIMG_L1C_ASIA_MER\2020\22MAY\3DIMG_22MAY2020_2100_L1C_ASIA_MER_V01R00.h5,VALID,OK
C:\Users\techa\Documents\Tech4Aditya\SIH\cyclone-sih\backend\data\raw\insat\3DIMG_L1C_ASIA_MER\2020\22MAY\3DIMG_22MAY2020_2130_L1C_ASIA_MER_V01R00.h5,VALID,OK
C:\Users\techa\Documents\Tech4Aditya\SIH\cyclone-sih\backend\data\raw\insat\3DIMG_L1C_ASIA_MER\2020\22MAY\3DIMG_22MAY2020_2200_L1C_ASIA_MER_V01R00.h5,VALID,OK
C:\Users\techa\Documents\Tech4Aditya\SIH\cyclone-sih\backend\data\raw\insat\3DIMG_L1C_ASIA_MER\2020\22MAY\3DIMG_22MAY2020_2230_L1C_ASIA_MER_V01R00.h5,VALID,OK
C:\Users\techa\Documents\Tech4Aditya\SIH\cyclone-sih\backend\data\raw\insat\3DIMG_L1C_ASIA_MER\2020\22MAY\3DIMG_22MAY2020_2300_L1C_ASIA_MER_V01R00.h5,VALID,OK
C:\Users\techa\Documents\Tech4Aditya\SIH\cyclone-sih\backend\data\raw\insat\3DIMG_L1C_ASIA_MER\2020\22MAY\3DIMG_22MAY2020_2330_L1C_ASIA_MER_V01R00.h5,VALID,OK
C:\Users\techa\Documents\Tech4Aditya\SIH\cyclone-sih\backend\data\raw\insat\3DIMG_L1C_ASIA_MER\2021\24MAY\3DIMG_24MAY2021_1429_L1C_ASIA_MER_V01R00.h5,VALID,OK
C:\Users\techa\Documents\Tech4Aditya\SIH\cyclone-sih\backend\data\raw\insat\3DIMG_L1C_ASIA_MER\2021\24MAY\3DIMG_24MAY2021_1459_L1C_ASIA_MER_V01R00.h5,VALID,OK
C:\Users\techa\Documents\Tech4Aditya\SIH\cyclone-sih\backend\data\raw\insat\3DIMG_L1C_ASIA_MER\2021\24MAY\3DIMG_24MAY2021_1529_L1C_ASIA_MER_V01R00.h5,VALID,OK
C:\Users\techa\Documents\Tech4Aditya\SIH\cyclone-sih\backend\data\raw\insat\3DIMG_L1C_ASIA_MER\2021\24MAY\3DIMG_24MAY2021_1559_L1C_ASIA_MER_V01R00.h5,VALID,OK
C:\Users\techa\Documents\Tech4Aditya\SIH\cyclone-sih\backend\data\raw\insat\3DIMG_L1C_ASIA_MER\2021\24MAY\3DIMG_24MAY2021_1629_L1C_ASIA_MER_V01R00.h5,VALID,OK
C:\Users\techa\Documents\Tech4Aditya\SIH\cyclone-sih\backend\data\raw\insat\3DIMG_L1C_ASIA_MER\2021\24MAY\3DIMG_24MAY2021_1659_L1C_ASIA_MER_V01R00.h5,VALID,OK
C:\Users\techa\Documents\Tech4Aditya\SIH\cyclone-sih\backend\data\raw\insat\3DIMG_L1C_ASIA_MER\2021\24MAY\3DIMG_24MAY2021_1729_L1C_ASIA_MER_V01R00.h5,VALID,OK
C:\Users\techa\Documents\Tech4Aditya\SIH\cyclone-sih\backend\data\raw\insat\3DIMG_L1C_ASIA_MER\2021\24MAY\3DIMG_24MAY2021_1759_L1C_ASIA_MER_V01R00.h5,VALID,OK
C:\Users\techa\Documents\Tech4Aditya\SIH\cyclone-sih\backend\data\raw\insat\3DIMG_L1C_ASIA_MER\2021\24MAY\3DIMG_24MAY2021_1829_L1C_ASIA_MER_V01R00.h5,VALID,OK
C:\Users\techa\Documents\Tech4Aditya\SIH\cyclone-sih\backend\data\raw\insat\3DIMG_L1C_ASIA_MER\2021\24MAY\3DIMG_24MAY2021_1859_L1C_ASIA_MER_V01R00.h5,VALID,OK
C:\Users\techa\Documents\Tech4Aditya\SIH\cyclone-sih\backend\data\raw\insat\3DIMG_L1C_ASIA_MER\2021\24MAY\3DIMG_24MAY2021_1929_L1C_ASIA_MER_V01R00.h5,VALID,OK
C:\Users\techa\Documents\Tech4Aditya\SIH\cyclone-sih\backend\data\raw\insat\3DIMG_L1C_ASIA_MER\2021\24MAY\3DIMG_24MAY2021_1959_L1C_ASIA_MER_V01R00.h5,VALID,OK
C:\Users\techa\Documents\Tech4Aditya\SIH\cyclone-sih\backend\data\raw\insat\3DIMG_L1C_ASIA_MER\2021\24MAY\3DIMG_24MAY2021_2029_L1C_ASIA_MER_V01R00.h5,VALID,OK
C:\Users\techa\Documents\Tech4Aditya\SIH\cyclone-sih\backend\data\raw\insat\3DIMG_L1C_ASIA_MER\2021\24MAY\3DIMG_24MAY2021_2059_L1C_ASIA_MER_V01R00.h5,VALID,OK
C:\Users\techa\Documents\Tech4Aditya\SIH\cyclone-sih\backend\data\raw\insat\3DIMG_L1C_ASIA_MER\2021\24MAY\3DIMG_24MAY2021_2129_L1C_ASIA_MER_V01R00.h5,VALID,OK
C:\Users\techa\Documents\Tech4Aditya\SIH\cyclone-sih\backend\data\raw\insat\3DIMG_L1C_ASIA_MER\2021\24MAY\3DIMG_24MAY2021_2159_L1C_ASIA_MER_V01R00.h5,VALID,OK
C:\Users\techa\Documents\Tech4Aditya\SIH\cyclone-sih\backend\data\raw\insat\3DIMG_L1C_ASIA_MER\2021\24MAY\3DIMG_24MAY2021_2229_L1C_ASIA_MER_V01R00.h5,VALID,OK
C:\Users\techa\Documents\Tech4Aditya\SIH\cyclone-sih\backend\data\raw\insat\3DIMG_L1C_ASIA_MER\2021\24MAY\3DIMG_24MAY2021_2259_L1C_ASIA_MER_V01R00.h5,VALID,OK
C:\Users\techa\Documents\Tech4Aditya\SIH\cyclone-sih\backend\data\raw\insat\3DIMG_L1C_ASIA_MER\2021\24MAY\3DIMG_24MAY2021_2329_L1C_ASIA_MER_V01R00.h5,VALID,OK
C:\Users\techa\Documents\Tech4Aditya\SIH\cyclone-sih\backend\data\raw\insat\3DIMG_L1C_ASIA_MER\2021\24MAY\3DIMG_24MAY2021_2359_L1C_ASIA_MER_V01R00.h5,VALID,OK
C:\Users\techa\Documents\Tech4Aditya\SIH\cyclone-sih\backend\data\raw\insat\3DIMG_L1C_ASIA_MER\2021\25MAY\3DIMG_25MAY2021_1400_L1C_ASIA_MER_V01R00.h5,VALID,OK
C:\Users\techa\Documents\Tech4Aditya\SIH\cyclone-sih\backend\data\raw\insat\3DIMG_L1C_ASIA_MER\2021\25MAY\3DIMG_25MAY2021_1430_L1C_ASIA_MER_V01R00.h5,VALID,OK
C:\Users\techa\Documents\Tech4Aditya\SIH\cyclone-sih\backend\data\raw\insat\3DIMG_L1C_ASIA_MER\2021\25MAY\3DIMG_25MAY2021_1500_L1C_ASIA_MER_V01R00.h5,VALID,OK
C:\Users\techa\Documents\Tech4Aditya\SIH\cyclone-sih\backend\data\raw\insat\3DIMG_L1C_ASIA_MER\2021\25MAY\3DIMG_25MAY2021_1530_L1C_ASIA_MER_V01R00.h5,VALID,OK
C:\Users\techa\Documents\Tech4Aditya\SIH\cyclone-sih\backend\data\raw\insat\3DIMG_L1C_ASIA_MER\2021\25MAY\3DIMG_25MAY2021_1600_L1C_ASIA_MER_V01R00.h5,VALID,OK
C:\Users\techa\Documents\Tech4Aditya\SIH\cyclone-sih\backend\data\raw\insat\3DIMG_L1C_ASIA_MER\2021\25MAY\3DIMG_25MAY2021_1630_L1C_ASIA_MER_V01R00.h5,VALID,OK
C:\Users\techa\Documents\Tech4Aditya\SIH\cyclone-sih\backend\data\raw\insat\3DIMG_L1C_ASIA_MER\2021\25MAY\3DIMG_25MAY2021_1700_L1C_ASIA_MER_V01R00.h5,VALID,OK
C:\Users\techa\Documents\Tech4Aditya\SIH\cyclone-sih\backend\data\raw\insat\3DIMG_L1C_ASIA_MER\2021\25MAY\3DIMG_25MAY2021_1730_L1C_ASIA_MER_V01R00.h5,VALID,OK
C:\Users\techa\Documents\Tech4Aditya\SIH\cyclone-sih\backend\data\raw\insat\3DIMG_L1C_ASIA_MER\2021\25MAY\3DIMG_25MAY2021_1800_L1C_ASIA_MER_V01R00.h5,VALID,OK
C:\Users\techa\Documents\Tech4Aditya\SIH\cyclone-sih\backend\data\raw\insat\3DIMG_L1C_ASIA_MER\2021\25MAY\3DIMG_25MAY2021_1830_L1C_ASIA_MER_V01R00.h5,VALID,OK
C:\Users\techa\Documents\Tech4Aditya\SIH\cyclone-sih\backend\data\raw\insat\3DIMG_L1C_ASIA_MER\2021\25MAY\3DIMG_25MAY2021_1900_L1C_ASIA_MER_V01R00.h5,VALID,OK
C:\Users\techa\Documents\Tech4Aditya\SIH\cyclone-sih\backend\data\raw\insat\3DIMG_L1C_ASIA_MER\2021\25MAY\3DIMG_25MAY2021_1930_L1C_ASIA_MER_V01R00.h5,VALID,OK
C:\Users\techa\Documents\Tech4Aditya\SIH\cyclone-sih\backend\data\raw\insat\3DIMG_L1C_ASIA_MER\2021\25MAY\3DIMG_25MAY2021_2000_L1C_ASIA_MER_V01R00.h5,VALID,OK
C:\Users\techa\Documents\Tech4Aditya\SIH\cyclone-sih\backend\data\raw\insat\3DIMG_L1C_ASIA_MER\2021\25MAY\3DIMG_25MAY2021_2030_L1C_ASIA_MER_V01R00.h5,VALID,OK
C:\Users\techa\Documents\Tech4Aditya\SIH\cyclone-sih\backend\data\raw\insat\3DIMG_L1C_ASIA_MER\2021\25MAY\3DIMG_25MAY2021_2100_L1C_ASIA_MER_V01R00.h5,VALID,OK
C:\Users\techa\Documents\Tech4Aditya\SIH\cyclone-sih\backend\data\raw\insat\3DIMG_L1C_ASIA_MER\2021\25MAY\3DIMG_25MAY2021_2130_L1C_ASIA_MER_V01R00.h5,VALID,OK
C:\Users\techa\Documents\Tech4Aditya\SIH\cyclone-sih\backend\data\raw\insat\3DIMG_L1C_ASIA_MER\2021\25MAY\3DIMG_25MAY2021_2200_L1C_ASIA_MER_V01R00.h5,VALID,OK
C:\Users\techa\Documents\Tech4Aditya\SIH\cyclone-sih\backend\data\raw\insat\3DIMG_L1C_ASIA_MER\2021\25MAY\3DIMG_25MAY2021_2230_L1C_ASIA_MER_V01R00.h5,VALID,OK
C:\Users\techa\Documents\Tech4Aditya\SIH\cyclone-sih\backend\data\raw\insat\3DIMG_L1C_ASIA_MER\2021\25MAY\3DIMG_25MAY2021_2300_L1C_ASIA_MER_V01R00.h5,VALID,OK
C:\Users\techa\Documents\Tech4Aditya\SIH\cyclone-sih\backend\data\raw\insat\3DIMG_L1C_ASIA_MER\2021\25MAY\3DIMG_25MAY2021_2330_L1C_ASIA_MER_V01R00.h5,VALID,OK
C:\Users\techa\Documents\Tech4Aditya\SIH\cyclone-sih\backend\data\raw\insat\3DIMG_L1C_ASIA_MER\2021\25SEP\3DIMG_25SEP2021_1100_L1C_ASIA_MER_V01R00.h5,VALID,OK
C:\Users\techa\Documents\Tech4Aditya\SIH\cyclone-sih\backend\data\raw\insat\3DIMG_L1C_ASIA_MER\2021\25SEP\3DIMG_25SEP2021_1130_L1C_ASIA_MER_V01R00.h5,VALID,OK
C:\Users\techa\Documents\Tech4Aditya\SIH\cyclone-sih\backend\data\raw\insat\3DIMG_L1C_ASIA_MER\2021\25SEP\3DIMG_25SEP2021_1200_L1C_ASIA_MER_V01R00.h5,VALID,OK
C:\Users\techa\Documents\Tech4Aditya\SIH\cyclone-sih\backend\data\raw\insat\3DIMG_L1C_ASIA_MER\2021\25SEP\3DIMG_25SEP2021_1230_L1C_ASIA_MER_V01R00.h5,VALID,OK
C:\Users\techa\Documents\Tech4Aditya\SIH\cyclone-sih\backend\data\raw\insat\3DIMG_L1C_ASIA_MER\2021\25SEP\3DIMG_25SEP2021_1300_L1C_ASIA_MER_V01R00.h5,VALID,OK
C:\Users\techa\Documents\Tech4Aditya\SIH\cyclone-sih\backend\data\raw\insat\3DIMG_L1C_ASIA_MER\2021\25SEP\3DIMG_25SEP2021_1330_L1C_ASIA_MER_V01R00.h5,VALID,OK
C:\Users\techa\Documents\Tech4Aditya\SIH\cyclone-sih\backend\data\raw\insat\3DIMG_L1C_ASIA_MER\2021\25SEP\3DIMG_25SEP2021_1400_L1C_ASIA_MER_V01R00.h5,VALID,OK
C:\Users\techa\Documents\Tech4Aditya\SIH\cyclone-sih\backend\data\raw\insat\3DIMG_L1C_ASIA_MER\2021\25SEP\3DIMG_25SEP2021_1430_L1C_ASIA_MER_V01R00.h5,VALID,OK
C:\Users\techa\Documents\Tech4Aditya\SIH\cyclone-sih\backend\data\raw\insat\3DIMG_L1C_ASIA_MER\2021\25SEP\3DIMG_25SEP2021_1500_L1C_ASIA_MER_V01R00.h5,VALID,OK
C:\Users\techa\Documents\Tech4Aditya\SIH\cyclone-sih\backend\data\raw\insat\3DIMG_L1C_ASIA_MER\2021\25SEP\3DIMG_25SEP2021_1530_L1C_ASIA_MER_V01R00.h5,VALID,OK
C:\Users\techa\Documents\Tech4Aditya\SIH\cyclone-sih\backend\data\raw\insat\3DIMG_L1C_ASIA_MER\2021\25SEP\3DIMG_25SEP2021_1600_L1C_ASIA_MER_V01R00.h5,VALID,OK
C:\Users\techa\Documents\Tech4Aditya\SIH\cyclone-sih\backend\data\raw\insat\3DIMG_L1C_ASIA_MER\2021\25SEP\3DIMG_25SEP2021_1630_L1C_ASIA_MER_V01R00.h5,VALID,OK
C:\Users\techa\Documents\Tech4Aditya\SIH\cyclone-sih\backend\data\raw\insat\3DIMG_L1C_ASIA_MER\2021\25SEP\3DIMG_25SEP2021_2000_L1C_ASIA_MER_V01R00.h5,VALID,OK
C:\Users\techa\Documents\Tech4Aditya\SIH\cyclone-sih\backend\data\raw\insat\3DIMG_L1C_ASIA_MER\2021\25SEP\3DIMG_25SEP2021_2030_L1C_ASIA_MER_V01R00.h5,VALID,OK
C:\Users\techa\Documents\Tech4Aditya\SIH\cyclone-sih\backend\data\raw\insat\3DIMG_L1C_ASIA_MER\2021\25SEP\3DIMG_25SEP2021_2100_L1C_ASIA_MER_V01R00.h5,VALID,OK
C:\Users\techa\Documents\Tech4Aditya\SIH\cyclone-sih\backend\data\raw\insat\3DIMG_L1C_ASIA_MER\2021\25SEP\3DIMG_25SEP2021_2130_L1C_ASIA_MER_V01R00.h5,VALID,OK
C:\Users\techa\Documents\Tech4Aditya\SIH\cyclone-sih\backend\data\raw\insat\3DIMG_L1C_ASIA_MER\2021\25SEP\3DIMG_25SEP2021_2200_L1C_ASIA_MER_V01R00.h5,VALID,OK
C:\Users\techa\Documents\Tech4Aditya\SIH\cyclone-sih\backend\data\raw\insat\3DIMG_L1C_ASIA_MER\2021\25SEP\3DIMG_25SEP2021_2230_L1C_ASIA_MER_V01R00.h5,VALID,OK
C:\Users\techa\Documents\Tech4Aditya\SIH\cyclone-sih\backend\data\raw\insat\3DIMG_L1C_ASIA_MER\2021\25SEP\3DIMG_25SEP2021_2300_L1C_ASIA_MER_V01R00.h5,VALID,OK
C:\Users\techa\Documents\Tech4Aditya\SIH\cyclone-sih\backend\data\raw\insat\3DIMG_L1C_ASIA_MER\2021\25SEP\3DIMG_25SEP2021_2330_L1C_ASIA_MER_V01R00.h5,VALID,OK
C:\Users\techa\Documents\Tech4Aditya\SIH\cyclone-sih\backend\data\raw\insat\3DIMG_L1C_ASIA_MER\2021\26MAY\3DIMG_26MAY2021_1400_L1C_ASIA_MER_V01R00.h5,VALID,OK
C:\Users\techa\Documents\Tech4Aditya\SIH\cyclone-sih\backend\data\raw\insat\3DIMG_L1C_ASIA_MER\2021\26MAY\3DIMG_26MAY2021_1430_L1C_ASIA_MER_V01R00.h5,VALID,OK
C:\Users\techa\Documents\Tech4Aditya\SIH\cyclone-sih\backend\data\raw\insat\3DIMG_L1C_ASIA_MER\2021\26MAY\3DIMG_26MAY2021_1500_L1C_ASIA_MER_V01R00.h5,VALID,OK
C:\Users\techa\Documents\Tech4Aditya\SIH\cyclone-sih\backend\data\raw\insat\3DIMG_L1C_ASIA_MER\2021\26MAY\3DIMG_26MAY2021_1530_L1C_ASIA_MER_V01R00.h5,VALID,OK
C:\Users\techa\Documents\Tech4Aditya\SIH\cyclone-sih\backend\data\raw\insat\3DIMG_L1C_ASIA_MER\2021\26MAY\3DIMG_26MAY2021_1600_L1C_ASIA_MER_V01R00.h5,VALID,OK
C:\Users\techa\Documents\Tech4Aditya\SIH\cyclone-sih\backend\data\raw\insat\3DIMG_L1C_ASIA_MER\2021\26MAY\3DIMG_26MAY2021_1630_L1C_ASIA_MER_V01R00.h5,VALID,OK
C:\Users\techa\Documents\Tech4Aditya\SIH\cyclone-sih\backend\data\raw\insat\3DIMG_L1C_ASIA_MER\2021\26MAY\3DIMG_26MAY2021_1700_L1C_ASIA_MER_V01R00.h5,VALID,OK
C:\Users\techa\Documents\Tech4Aditya\SIH\cyclone-sih\backend\data\raw\insat\3DIMG_L1C_ASIA_MER\2021\26MAY\3DIMG_26MAY2021_1730_L1C_ASIA_MER_V01R00.h5,VALID,OK
C:\Users\techa\Documents\Tech4Aditya\SIH\cyclone-sih\backend\data\raw\insat\3DIMG_L1C_ASIA_MER\2021\26MAY\3DIMG_26MAY2021_1800_L1C_ASIA_MER_V01R00.h5,VALID,OK
C:\Users\techa\Documents\Tech4Aditya\SIH\cyclone-sih\backend\data\raw\insat\3DIMG_L1C_ASIA_MER\2021\26MAY\3DIMG_26MAY2021_1830_L1C_ASIA_MER_V01R00.h5,VALID,OK
C:\Users\techa\Documents\Tech4Aditya\SIH\cyclone-sih\backend\data\raw\insat\3DIMG_L1C_ASIA_MER\2021\26MAY\3DIMG_26MAY2021_1900_L1C_ASIA_MER_V01R00.h5,VALID,OK
C:\Users\techa\Documents\Tech4Aditya\SIH\cyclone-sih\backend\data\raw\insat\3DIMG_L1C_ASIA_MER\2021\26MAY\3DIMG_26MAY2021_1930_L1C_ASIA_MER_V01R00.h5,VALID,OK
C:\Users\techa\Documents\Tech4Aditya\SIH\cyclone-sih\backend\data\raw\insat\3DIMG_L1C_ASIA_MER\2021\26MAY\3DIMG_26MAY2021_2000_L1C_ASIA_MER_V01R00.h5,VALID,OK
C:\Users\techa\Documents\Tech4Aditya\SIH\cyclone-sih\backend\data\raw\insat\3DIMG_L1C_ASIA_MER\2021\26MAY\3DIMG_26MAY2021_2030_L1C_ASIA_MER_V01R00.h5,VALID,OK
C:\Users\techa\Documents\Tech4Aditya\SIH\cyclone-sih\backend\data\raw\insat\3DIMG_L1C_ASIA_MER\2021\26MAY\3DIMG_26MAY2021_2100_L1C_ASIA_MER_V01R00.h5,VALID,OK
C:\Users\techa\Documents\Tech4Aditya\SIH\cyclone-sih\backend\data\raw\insat\3DIMG_L1C_ASIA_MER\2021\26MAY\3DIMG_26MAY2021_2130_L1C_ASIA_MER_V01R00.h5,VALID,OK
C:\Users\techa\Documents\Tech4Aditya\SIH\cyclone-sih\backend\data\raw\insat\3DIMG_L1C_ASIA_MER\2021\26MAY\3DIMG_26MAY2021_2200_L1C_ASIA_MER_V01R00.h5,VALID,OK
C:\Users\techa\Documents\Tech4Aditya\SIH\cyclone-sih\backend\data\raw\insat\3DIMG_L1C_ASIA_MER\2021\26MAY\3DIMG_26MAY2021_2230_L1C_ASIA_MER_V01R00.h5,VALID,OK
C:\Users\techa\Documents\Tech4Aditya\SIH\cyclone-sih\backend\data\raw\insat\3DIMG_L1C_ASIA_MER\2021\26MAY\3DIMG_26MAY2021_2300_L1C_ASIA_MER_V01R00.h5,VALID,OK
C:\Users\techa\Documents\Tech4Aditya\SIH\cyclone-sih\backend\data\raw\insat\3DIMG_L1C_ASIA_MER\2021\26MAY\3DIMG_26MAY2021_2330_L1C_ASIA_MER_V01R00.h5,VALID,OK
C:\Users\techa\Documents\Tech4Aditya\SIH\cyclone-sih\backend\data\raw\insat\3DIMG_L1C_ASIA_MER\2021\26SEP\3DIMG_26SEP2021_1100_L1C_ASIA_MER_V01R00.h5,VALID,OK
C:\Users\techa\Documents\Tech4Aditya\SIH\cyclone-sih\backend\data\raw\insat\3DIMG_L1C_ASIA_MER\2021\26SEP\3DIMG_26SEP2021_1130_L1C_ASIA_MER_V01R00.h5,VALID,OK
C:\Users\techa\Documents\Tech4Aditya\SIH\cyclone-sih\backend\data\raw\insat\3DIMG_L1C_ASIA_MER\2021\26SEP\3DIMG_26SEP2021_1200_L1C_ASIA_MER_V01R00.h5,VALID,OK
C:\Users\techa\Documents\Tech4Aditya\SIH\cyclone-sih\backend\data\raw\insat\3DIMG_L1C_ASIA_MER\2021\26SEP\3DIMG_26SEP2021_1230_L1C_ASIA_MER_V01R00.h5,VALID,OK
C:\Users\techa\Documents\Tech4Aditya\SIH\cyclone-sih\backend\data\raw\insat\3DIMG_L1C_ASIA_MER\2021\26SEP\3DIMG_26SEP2021_1300_L1C_ASIA_MER_V01R00.h5,VALID,OK
C:\Users\techa\Documents\Tech4Aditya\SIH\cyclone-sih\backend\data\raw\insat\3DIMG_L1C_ASIA_MER\2021\26SEP\3DIMG_26SEP2021_1330_L1C_ASIA_MER_V01R00.h5,VALID,OK
C:\Users\techa\Documents\Tech4Aditya\SIH\cyclone-sih\backend\data\raw\insat\3DIMG_L1C_ASIA_MER\2021\26SEP\3DIMG_26SEP2021_1400_L1C_ASIA_MER_V01R00.h5,VALID,OK
C:\Users\techa\Documents\Tech4Aditya\SIH\cyclone-sih\backend\data\raw\insat\3DIMG_L1C_ASIA_MER\2021\26SEP\3DIMG_26SEP2021_1430_L1C_ASIA_MER_V01R00.h5,VALID,OK
C:\Users\techa\Documents\Tech4Aditya\SIH\cyclone-sih\backend\data\raw\insat\3DIMG_L1C_ASIA_MER\2021\26SEP\3DIMG_26SEP2021_1500_L1C_ASIA_MER_V01R00.h5,VALID,OK
C:\Users\techa\Documents\Tech4Aditya\SIH\cyclone-sih\backend\data\raw\insat\3DIMG_L1C_ASIA_MER\2021\26SEP\3DIMG_26SEP2021_1530_L1C_ASIA_MER_V01R00.h5,VALID,OK
C:\Users\techa\Documents\Tech4Aditya\SIH\cyclone-sih\backend\data\raw\insat\3DIMG_L1C_ASIA_MER\2021\26SEP\3DIMG_26SEP2021_1600_L1C_ASIA_MER_V01R00.h5,VALID,OK
C:\Users\techa\Documents\Tech4Aditya\SIH\cyclone-sih\backend\data\raw\insat\3DIMG_L1C_ASIA_MER\2021\26SEP\3DIMG_26SEP2021_1630_L1C_ASIA_MER_V01R00.h5,VALID,OK
C:\Users\techa\Documents\Tech4Aditya\SIH\cyclone-sih\backend\data\raw\insat\3DIMG_L1C_ASIA_MER\2021\26SEP\3DIMG_26SEP2021_2000_L1C_ASIA_MER_V01R00.h5,VALID,OK
C:\Users\techa\Documents\Tech4Aditya\SIH\cyclone-sih\backend\data\raw\insat\3DIMG_L1C_ASIA_MER\2021\26SEP\3DIMG_26SEP2021_2030_L1C_ASIA_MER_V01R00.h5,VALID,OK
C:\Users\techa\Documents\Tech4Aditya\SIH\cyclone-sih\backend\data\raw\insat\3DIMG_L1C_ASIA_MER\2021\26SEP\3DIMG_26SEP2021_2100_L1C_ASIA_MER_V01R00.h5,VALID,OK
C:\Users\techa\Documents\Tech4Aditya\SIH\cyclone-sih\backend\data\raw\insat\3DIMG_L1C_ASIA_MER\2021\26SEP\3DIMG_26SEP2021_2130_L1C_ASIA_MER_V01R00.h5,VALID,OK
C:\Users\techa\Documents\Tech4Aditya\SIH\cyclone-sih\backend\data\raw\insat\3DIMG_L1C_ASIA_MER\2021\26SEP\3DIMG_26SEP2021_2200_L1C_ASIA_MER_V01R00.h5,VALID,OK
C:\Users\techa\Documents\Tech4Aditya\SIH\cyclone-sih\backend\data\raw\insat\3DIMG_L1C_ASIA_MER\2021\26SEP\3DIMG_26SEP2021_2230_L1C_ASIA_MER_V01R00.h5,VALID,OK
C:\Users\techa\Documents\Tech4Aditya\SIH\cyclone-sih\backend\data\raw\insat\3DIMG_L1C_ASIA_MER\2021\26SEP\3DIMG_26SEP2021_2300_L1C_ASIA_MER_V01R00.h5,VALID,OK
C:\Users\techa\Documents\Tech4Aditya\SIH\cyclone-sih\backend\data\raw\insat\3DIMG_L1C_ASIA_MER\2021\26SEP\3DIMG_26SEP2021_2330_L1C_ASIA_MER_V01R00.h5,VALID,OK
C:\Users\techa\Documents\Tech4Aditya\SIH\cyclone-sih\backend\data\raw\insat\3DIMG_L1C_ASIA_MER\2021\27MAY\3DIMG_27MAY2021_1300_L1C_ASIA_MER_V01R00.h5,VALID,OK
C:\Users\techa\Documents\Tech4Aditya\SIH\cyclone-sih\backend\data\raw\insat\3DIMG_L1C_ASIA_MER\2021\27MAY\3DIMG_27MAY2021_1330_L1C_ASIA_MER_V01R00.h5,VALID,OK
C:\Users\techa\Documents\Tech4Aditya\SIH\cyclone-sih\backend\data\raw\insat\3DIMG_L1C_ASIA_MER\2021\27MAY\3DIMG_27MAY2021_1400_L1C_ASIA_MER_V01R00.h5,VALID,OK
C:\Users\techa\Documents\Tech4Aditya\SIH\cyclone-sih\backend\data\raw\insat\3DIMG_L1C_ASIA_MER\2021\27MAY\3DIMG_27MAY2021_1430_L1C_ASIA_MER_V01R00.h5,VALID,OK
C:\Users\techa\Documents\Tech4Aditya\SIH\cyclone-sih\backend\data\raw\insat\3DIMG_L1C_ASIA_MER\2021\27MAY\3DIMG_27MAY2021_1530_L1C_ASIA_MER_V01R00.h5,VALID,OK
C:\Users\techa\Documents\Tech4Aditya\SIH\cyclone-sih\backend\data\raw\insat\3DIMG_L1C_ASIA_MER\2021\27MAY\3DIMG_27MAY2021_1600_L1C_ASIA_MER_V01R00.h5,VALID,OK
C:\Users\techa\Documents\Tech4Aditya\SIH\cyclone-sih\backend\data\raw\insat\3DIMG_L1C_ASIA_MER\2021\27MAY\3DIMG_27MAY2021_1630_L1C_ASIA_MER_V01R00.h5,VALID,OK
C:\Users\techa\Documents\Tech4Aditya\SIH\cyclone-sih\backend\data\raw\insat\3DIMG_L1C_ASIA_MER\2021\27MAY\3DIMG_27MAY2021_1700_L1C_ASIA_MER_V01R00.h5,VALID,OK
C:\Users\techa\Documents\Tech4Aditya\SIH\cyclone-sih\backend\data\raw\insat\3DIMG_L1C_ASIA_MER\2021\27MAY\3DIMG_27MAY2021_1730_L1C_ASIA_MER_V01R00.h5,VALID,OK
C:\Users\techa\Documents\Tech4Aditya\SIH\cyclone-sih\backend\data\raw\insat\3DIMG_L1C_ASIA_MER\2021\27MAY\3DIMG_27MAY2021_1800_L1C_ASIA_MER_V01R00.h5,VALID,OK
C:\Users\techa\Documents\Tech4Aditya\SIH\cyclone-sih\backend\data\raw\insat\3DIMG_L1C_ASIA_MER\2021\27MAY\3DIMG_27MAY2021_1900_L1C_ASIA_MER_V01R00.h5,VALID,OK
C:\Users\techa\Documents\Tech4Aditya\SIH\cyclone-sih\backend\data\raw\insat\3DIMG_L1C_ASIA_MER\2021\27MAY\3DIMG_27MAY2021_1930_L1C_ASIA_MER_V01R00.h5,VALID,OK
C:\Users\techa\Documents\Tech4Aditya\SIH\cyclone-sih\backend\data\raw\insat\3DIMG_L1C_ASIA_MER\2021\27MAY\3DIMG_27MAY2021_2000_L1C_ASIA_MER_V01R00.h5,VALID,OK
C:\Users\techa\Documents\Tech4Aditya\SIH\cyclone-sih\backend\data\raw\insat\3DIMG_L1C_ASIA_MER\2021\27MAY\3DIMG_27MAY2021_2030_L1C_ASIA_MER_V01R00.h5,VALID,OK
C:\Users\techa\Documents\Tech4Aditya\SIH\cyclone-sih\backend\data\raw\insat\3DIMG_L1C_ASIA_MER\2021\27MAY\3DIMG_27MAY2021_2100_L1C_ASIA_MER_V01R00.h5,VALID,OK
C:\Users\techa\Documents\Tech4Aditya\SIH\cyclone-sih\backend\data\raw\insat\3DIMG_L1C_ASIA_MER\2021\27MAY\3DIMG_27MAY2021_2130_L1C_ASIA_MER_V01R00.h5,VALID,OK
C:\Users\techa\Documents\Tech4Aditya\SIH\cyclone-sih\backend\data\raw\insat\3DIMG_L1C_ASIA_MER\2021\27MAY\3DIMG_27MAY2021_2200_L1C_ASIA_MER_V01R00.h5,VALID,OK
C:\Users\techa\Documents\Tech4Aditya\SIH\cyclone-sih\backend\data\raw\insat\3DIMG_L1C_ASIA_MER\2021\27MAY\3DIMG_27MAY2021_2230_L1C_ASIA_MER_V01R00.h5,VALID,OK
C:\Users\techa\Documents\Tech4Aditya\SIH\cyclone-sih\backend\data\raw\insat\3DIMG_L1C_ASIA_MER\2021\27MAY\3DIMG_27MAY2021_2300_L1C_ASIA_MER_V01R00.h5,VALID,OK
C:\Users\techa\Documents\Tech4Aditya\SIH\cyclone-sih\backend\data\raw\insat\3DIMG_L1C_ASIA_MER\2021\27MAY\3DIMG_27MAY2021_2330_L1C_ASIA_MER_V01R00.h5,VALID,OK
C:\Users\techa\Documents\Tech4Aditya\SIH\cyclone-sih\backend\data\raw\insat\3DIMG_L1C_ASIA_MER\2021\27SEP\3DIMG_27SEP2021_1100_L1C_ASIA_MER_V01R00.h5,VALID,OK
C:\Users\techa\Documents\Tech4Aditya\SIH\cyclone-sih\backend\data\raw\insat\3DIMG_L1C_ASIA_MER\2021\27SEP\3DIMG_27SEP2021_1130_L1C_ASIA_MER_V01R00.h5,VALID,OK
C:\Users\techa\Documents\Tech4Aditya\SIH\cyclone-sih\backend\data\raw\insat\3DIMG_L1C_ASIA_MER\2021\27SEP\3DIMG_27SEP2021_1200_L1C_ASIA_MER_V01R00.h5,VALID,OK
C:\Users\techa\Documents\Tech4Aditya\SIH\cyclone-sih\backend\data\raw\insat\3DIMG_L1C_ASIA_MER\2021\27SEP\3DIMG_27SEP2021_1230_L1C_ASIA_MER_V01R00.h5,VALID,OK
C:\Users\techa\Documents\Tech4Aditya\SIH\cyclone-sih\backend\data\raw\insat\3DIMG_L1C_ASIA_MER\2021\27SEP\3DIMG_27SEP2021_1300_L1C_ASIA_MER_V01R00.h5,VALID,OK
C:\Users\techa\Documents\Tech4Aditya\SIH\cyclone-sih\backend\data\raw\insat\3DIMG_L1C_ASIA_MER\2021\27SEP\3DIMG_27SEP2021_1330_L1C_ASIA_MER_V01R00.h5,VALID,OK
C:\Users\techa\Documents\Tech4Aditya\SIH\cyclone-sih\backend\data\raw\insat\3DIMG_L1C_ASIA_MER\2021\27SEP\3DIMG_27SEP2021_1400_L1C_ASIA_MER_V01R00.h5,VALID,OK
C:\Users\techa\Documents\Tech4Aditya\SIH\cyclone-sih\backend\data\raw\insat\3DIMG_L1C_ASIA_MER\2021\27SEP\3DIMG_27SEP2021_1430_L1C_ASIA_MER_V01R00.h5,VALID,OK
C:\Users\techa\Documents\Tech4Aditya\SIH\cyclone-sih\backend\data\raw\insat\3DIMG_L1C_ASIA_MER\2021\27SEP\3DIMG_27SEP2021_1500_L1C_ASIA_MER_V01R00.h5,VALID,OK
C:\Users\techa\Documents\Tech4Aditya\SIH\cyclone-sih\backend\data\raw\insat\3DIMG_L1C_ASIA_MER\2021\27SEP\3DIMG_27SEP2021_1530_L1C_ASIA_MER_V01R00.h5,VALID,OK
C:\Users\techa\Documents\Tech4Aditya\SIH\cyclone-sih\backend\data\raw\insat\3DIMG_L1C_ASIA_MER\2021\27SEP\3DIMG_27SEP2021_1600_L1C_ASIA_MER_V01R00.h5,VALID,OK
C:\Users\techa\Documents\Tech4Aditya\SIH\cyclone-sih\backend\data\raw\insat\3DIMG_L1C_ASIA_MER\2021\27SEP\3DIMG_27SEP2021_1630_L1C_ASIA_MER_V01R00.h5,VALID,OK
C:\Users\techa\Documents\Tech4Aditya\SIH\cyclone-sih\backend\data\raw\insat\3DIMG_L1C_ASIA_MER\2021\27SEP\3DIMG_27SEP2021_2000_L1C_ASIA_MER_V01R00.h5,VALID,OK
C:\Users\techa\Documents\Tech4Aditya\SIH\cyclone-sih\backend\data\raw\insat\3DIMG_L1C_ASIA_MER\2021\27SEP\3DIMG_27SEP2021_2030_L1C_ASIA_MER_V01R00.h5,VALID,OK
C:\Users\techa\Documents\Tech4Aditya\SIH\cyclone-sih\backend\data\raw\insat\3DIMG_L1C_ASIA_MER\2021\27SEP\3DIMG_27SEP2021_2100_L1C_ASIA_MER_V01R00.h5,VALID,OK
C:\Users\techa\Documents\Tech4Aditya\SIH\cyclone-sih\backend\data\raw\insat\3DIMG_L1C_ASIA_MER\2021\27SEP\3DIMG_27SEP2021_2130_L1C_ASIA_MER_V01R00.h5,VALID,OK
C:\Users\techa\Documents\Tech4Aditya\SIH\cyclone-sih\backend\data\raw\insat\3DIMG_L1C_ASIA_MER\2021\27SEP\3DIMG_27SEP2021_2200_L1C_ASIA_MER_V01R00.h5,VALID,OK
C:\Users\techa\Documents\Tech4Aditya\SIH\cyclone-sih\backend\data\raw\insat\3DIMG_L1C_ASIA_MER\2021\27SEP\3DIMG_27SEP2021_2230_L1C_ASIA_MER_V01R00.h5,VALID,OK
C:\Users\techa\Documents\Tech4Aditya\SIH\cyclone-sih\backend\data\raw\insat\3DIMG_L1C_ASIA_MER\2021\27SEP\3DIMG_27SEP2021_2300_L1C_ASIA_MER_V01R00.h5,VALID,OK
C:\Users\techa\Documents\Tech4Aditya\SIH\cyclone-sih\backend\data\raw\insat\3DIMG_L1C_ASIA_MER\2021\27SEP\3DIMG_27SEP2021_2330_L1C_ASIA_MER_V01R00.h5,VALID,OK
C:\Users\techa\Documents\Tech4Aditya\SIH\cyclone-sih\backend\data\raw\insat\3DIMG_L1C_ASIA_MER\2021\28MAY\3DIMG_28MAY2021_1400_L1C_ASIA_MER_V01R00.h5,VALID,OK
C:\Users\techa\Documents\Tech4Aditya\SIH\cyclone-sih\backend\data\raw\insat\3DIMG_L1C_ASIA_MER\2021\28MAY\3DIMG_28MAY2021_1430_L1C_ASIA_MER_V01R00.h5,VALID,OK
C:\Users\techa\Documents\Tech4Aditya\SIH\cyclone-sih\backend\data\raw\insat\3DIMG_L1C_ASIA_MER\2021\28MAY\3DIMG_28MAY2021_1500_L1C_ASIA_MER_V01R00.h5,VALID,OK
C:\Users\techa\Documents\Tech4Aditya\SIH\cyclone-sih\backend\data\raw\insat\3DIMG_L1C_ASIA_MER\2021\28MAY\3DIMG_28MAY2021_1530_L1C_ASIA_MER_V01R00.h5,VALID,OK
C:\Users\techa\Documents\Tech4Aditya\SIH\cyclone-sih\backend\data\raw\insat\3DIMG_L1C_ASIA_MER\2021\28MAY\3DIMG_28MAY2021_1600_L1C_ASIA_MER_V01R00.h5,VALID,OK
C:\Users\techa\Documents\Tech4Aditya\SIH\cyclone-sih\backend\data\raw\insat\3DIMG_L1C_ASIA_MER\2021\28MAY\3DIMG_28MAY2021_1630_L1C_ASIA_MER_V01R00.h5,VALID,OK
C:\Users\techa\Documents\Tech4Aditya\SIH\cyclone-sih\backend\data\raw\insat\3DIMG_L1C_ASIA_MER\2021\28MAY\3DIMG_28MAY2021_1700_L1C_ASIA_MER_V01R00.h5,VALID,OK
C:\Users\techa\Documents\Tech4Aditya\SIH\cyclone-sih\backend\data\raw\insat\3DIMG_L1C_ASIA_MER\2021\28MAY\3DIMG_28MAY2021_1730_L1C_ASIA_MER_V01R00.h5,VALID,OK
C:\Users\techa\Documents\Tech4Aditya\SIH\cyclone-sih\backend\data\raw\insat\3DIMG_L1C_ASIA_MER\2021\28MAY\3DIMG_28MAY2021_1800_L1C_ASIA_MER_V01R00.h5,VALID,OK
C:\Users\techa\Documents\Tech4Aditya\SIH\cyclone-sih\backend\data\raw\insat\3DIMG_L1C_ASIA_MER\2021\28MAY\3DIMG_28MAY2021_1830_L1C_ASIA_MER_V01R00.h5,VALID,OK
C:\Users\techa\Documents\Tech4Aditya\SIH\cyclone-sih\backend\data\raw\insat\3DIMG_L1C_ASIA_MER\2021\28MAY\3DIMG_28MAY2021_1900_L1C_ASIA_MER_V01R00.h5,VALID,OK
C:\Users\techa\Documents\Tech4Aditya\SIH\cyclone-sih\backend\data\raw\insat\3DIMG_L1C_ASIA_MER\2021\28MAY\3DIMG_28MAY2021_1930_L1C_ASIA_MER_V01R00.h5,VALID,OK
C:\Users\techa\Documents\Tech4Aditya\SIH\cyclone-sih\backend\data\raw\insat\3DIMG_L1C_ASIA_MER\2021\28MAY\3DIMG_28MAY2021_2000_L1C_ASIA_MER_V01R00.h5,VALID,OK
C:\Users\techa\Documents\Tech4Aditya\SIH\cyclone-sih\backend\data\raw\insat\3DIMG_L1C_ASIA_MER\2021\28MAY\3DIMG_28MAY2021_2030_L1C_ASIA_MER_V01R00.h5,VALID,OK
C:\Users\techa\Documents\Tech4Aditya\SIH\cyclone-sih\backend\data\raw\insat\3DIMG_L1C_ASIA_MER\2021\28MAY\3DIMG_28MAY2021_2100_L1C_ASIA_MER_V01R00.h5,VALID,OK
C:\Users\techa\Documents\Tech4Aditya\SIH\cyclone-sih\backend\data\raw\insat\3DIMG_L1C_ASIA_MER\2021\28MAY\3DIMG_28MAY2021_2130_L1C_ASIA_MER_V01R00.h5,VALID,OK
C:\Users\techa\Documents\Tech4Aditya\SIH\cyclone-sih\backend\data\raw\insat\3DIMG_L1C_ASIA_MER\2021\28MAY\3DIMG_28MAY2021_2200_L1C_ASIA_MER_V01R00.h5,VALID,OK
C:\Users\techa\Documents\Tech4Aditya\SIH\cyclone-sih\backend\data\raw\insat\3DIMG_L1C_ASIA_MER\2021\28MAY\3DIMG_28MAY2021_2230_L1C_ASIA_MER_V01R00.h5,VALID,OK
C:\Users\techa\Documents\Tech4Aditya\SIH\cyclone-sih\backend\data\raw\insat\3DIMG_L1C_ASIA_MER\2021\28MAY\3DIMG_28MAY2021_2300_L1C_ASIA_MER_V01R00.h5,VALID,OK
C:\Users\techa\Documents\Tech4Aditya\SIH\cyclone-sih\backend\data\raw\insat\3DIMG_L1C_ASIA_MER\2021\28MAY\3DIMG_28MAY2021_2330_L1C_ASIA_MER_V01R00.h5,VALID,OK
C:\Users\techa\Documents\Tech4Aditya\SIH\cyclone-sih\backend\data\raw\insat\3DIMG_L1C_ASIA_MER\2021\28SEP\3DIMG_28SEP2021_1100_L1C_ASIA_MER_V01R00.h5,VALID,OK
C:\Users\techa\Documents\Tech4Aditya\SIH\cyclone-sih\backend\data\raw\insat\3DIMG_L1C_ASIA_MER\2021\28SEP\3DIMG_28SEP2021_1130_L1C_ASIA_MER_V01R00.h5,VALID,OK
C:\Users\techa\Documents\Tech4Aditya\SIH\cyclone-sih\backend\data\raw\insat\3DIMG_L1C_ASIA_MER\2021\28SEP\3DIMG_28SEP2021_1200_L1C_ASIA_MER_V01R00.h5,VALID,OK
C:\Users\techa\Documents\Tech4Aditya\SIH\cyclone-sih\backend\data\raw\insat\3DIMG_L1C_ASIA_MER\2021\28SEP\3DIMG_28SEP2021_1230_L1C_ASIA_MER_V01R00.h5,VALID,OK
C:\Users\techa\Documents\Tech4Aditya\SIH\cyclone-sih\backend\data\raw\insat\3DIMG_L1C_ASIA_MER\2021\28SEP\3DIMG_28SEP2021_1300_L1C_ASIA_MER_V01R00.h5,VALID,OK
C:\Users\techa\Documents\Tech4Aditya\SIH\cyclone-sih\backend\data\raw\insat\3DIMG_L1C_ASIA_MER\2021\28SEP\3DIMG_28SEP2021_1330_L1C_ASIA_MER_V01R00.h5,VALID,OK
C:\Users\techa\Documents\Tech4Aditya\SIH\cyclone-sih\backend\data\raw\insat\3DIMG_L1C_ASIA_MER\2021\28SEP\3DIMG_28SEP2021_1400_L1C_ASIA_MER_V01R00.h5,VALID,OK
C:\Users\techa\Documents\Tech4Aditya\SIH\cyclone-sih\backend\data\raw\insat\3DIMG_L1C_ASIA_MER\2021\28SEP\3DIMG_28SEP2021_1430_L1C_ASIA_MER_V01R00.h5,VALID,OK
C:\Users\techa\Documents\Tech4Aditya\SIH\cyclone-sih\backend\data\raw\insat\3DIMG_L1C_ASIA_MER\2021\28SEP\3DIMG_28SEP2021_1500_L1C_ASIA_MER_V01R00.h5,VALID,OK
C:\Users\techa\Documents\Tech4Aditya\SIH\cyclone-sih\backend\data\raw\insat\3DIMG_L1C_ASIA_MER\2021\28SEP\3DIMG_28SEP2021_1530_L1C_ASIA_MER_V01R00.h5,VALID,OK
C:\Users\techa\Documents\Tech4Aditya\SIH\cyclone-sih\backend\data\raw\insat\3DIMG_L1C_ASIA_MER\2021\28SEP\3DIMG_28SEP2021_1600_L1C_ASIA_MER_V01R00.h5,VALID,OK
C:\Users\techa\Documents\Tech4Aditya\SIH\cyclone-sih\backend\data\raw\insat\3DIMG_L1C_ASIA_MER\2021\28SEP\3DIMG_28SEP2021_1630_L1C_ASIA_MER_V01R00.h5,VALID,OK
C:\Users\techa\Documents\Tech4Aditya\SIH\cyclone-sih\backend\data\raw\insat\3DIMG_L1C_ASIA_MER\2021\28SEP\3DIMG_28SEP2021_2000_L1C_ASIA_MER_V01R00.h5,VALID,OK
C:\Users\techa\Documents\Tech4Aditya\SIH\cyclone-sih\backend\data\raw\insat\3DIMG_L1C_ASIA_MER\2021\28SEP\3DIMG_28SEP2021_2030_L1C_ASIA_MER_V01R00.h5,VALID,OK
C:\Users\techa\Documents\Tech4Aditya\SIH\cyclone-sih\backend\data\raw\insat\3DIMG_L1C_ASIA_MER\2021\28SEP\3DIMG_28SEP2021_2100_L1C_ASIA_MER_V01R00.h5,VALID,OK
C:\Users\techa\Documents\Tech4Aditya\SIH\cyclone-sih\backend\data\raw\insat\3DIMG_L1C_ASIA_MER\2021\28SEP\3DIMG_28SEP2021_2130_L1C_ASIA_MER_V01R00.h5,VALID,OK
C:\Users\techa\Documents\Tech4Aditya\SIH\cyclone-sih\backend\data\raw\insat\3DIMG_L1C_ASIA_MER\2021\28SEP\3DIMG_28SEP2021_2200_L1C_ASIA_MER_V01R00.h5,VALID,OK
C:\Users\techa\Documents\Tech4Aditya\SIH\cyclone-sih\backend\data\raw\insat\3DIMG_L1C_ASIA_MER\2021\28SEP\3DIMG_28SEP2021_2230_L1C_ASIA_MER_V01R00.h5,VALID,OK
C:\Users\techa\Documents\Tech4Aditya\SIH\cyclone-sih\backend\data\raw\insat\3DIMG_L1C_ASIA_MER\2021\28SEP\3DIMG_28SEP2021_2300_L1C_ASIA_MER_V01R00.h5,VALID,OK
C:\Users\techa\Documents\Tech4Aditya\SIH\cyclone-sih\backend\data\raw\insat\3DIMG_L1C_ASIA_MER\2021\28SEP\3DIMG_28SEP2021_2330_L1C_ASIA_MER_V01R00.h5,VALID,OK
C:\Users\techa\Documents\Tech4Aditya\SIH\cyclone-sih\backend\data\raw\insat\3DIMG_L1C_ASIA_MER\2021\29SEP\3DIMG_29SEP2021_1130_L1C_ASIA_MER_V01R00.h5,VALID,OK
C:\Users\techa\Documents\Tech4Aditya\SIH\cyclone-sih\backend\data\raw\insat\3DIMG_L1C_ASIA_MER\2021\29SEP\3DIMG_29SEP2021_1200_L1C_ASIA_MER_V01R00.h5,VALID,OK
C:\Users\techa\Documents\Tech4Aditya\SIH\cyclone-sih\backend\data\raw\insat\3DIMG_L1C_ASIA_MER\2021\29SEP\3DIMG_29SEP2021_1230_L1C_ASIA_MER_V01R00.h5,VALID,OK
C:\Users\techa\Documents\Tech4Aditya\SIH\cyclone-sih\backend\data\raw\insat\3DIMG_L1C_ASIA_MER\2021\29SEP\3DIMG_29SEP2021_1330_L1C_ASIA_MER_V01R00.h5,VALID,OK
C:\Users\techa\Documents\Tech4Aditya\SIH\cyclone-sih\backend\data\raw\insat\3DIMG_L1C_ASIA_MER\2021\29SEP\3DIMG_29SEP2021_1400_L1C_ASIA_MER_V01R00.h5,VALID,OK
C:\Users\techa\Documents\Tech4Aditya\SIH\cyclone-sih\backend\data\raw\insat\3DIMG_L1C_ASIA_MER\2021\29SEP\3DIMG_29SEP2021_1430_L1C_ASIA_MER_V01R00.h5,VALID,OK
C:\Users\techa\Documents\Tech4Aditya\SIH\cyclone-sih\backend\data\raw\insat\3DIMG_L1C_ASIA_MER\2021\29SEP\3DIMG_29SEP2021_1500_L1C_ASIA_MER_V01R00.h5,VALID,OK
C:\Users\techa\Documents\Tech4Aditya\SIH\cyclone-sih\backend\data\raw\insat\3DIMG_L1C_ASIA_MER\2021\29SEP\3DIMG_29SEP2021_1530_L1C_ASIA_MER_V01R00.h5,VALID,OK
C:\Users\techa\Documents\Tech4Aditya\SIH\cyclone-sih\backend\data\raw\insat\3DIMG_L1C_ASIA_MER\2021\29SEP\3DIMG_29SEP2021_1600_L1C_ASIA_MER_V01R00.h5,VALID,OK
C:\Users\techa\Documents\Tech4Aditya\SIH\cyclone-sih\backend\data\raw\insat\3DIMG_L1C_ASIA_MER\2021\29SEP\3DIMG_29SEP2021_1630_L1C_ASIA_MER_V01R00.h5,VALID,OK
C:\Users\techa\Documents\Tech4Aditya\SIH\cyclone-sih\backend\data\raw\insat\3DIMG_L1C_ASIA_MER\2021\29SEP\3DIMG_29SEP2021_2000_L1C_ASIA_MER_V01R00.h5,VALID,OK
C:\Users\techa\Documents\Tech4Aditya\SIH\cyclone-sih\backend\data\raw\insat\3DIMG_L1C_ASIA_MER\2021\29SEP\3DIMG_29SEP2021_2030_L1C_ASIA_MER_V01R00.h5,VALID,OK
C:\Users\techa\Documents\Tech4Aditya\SIH\cyclone-sih\backend\data\raw\insat\3DIMG_L1C_ASIA_MER\2021\29SEP\3DIMG_29SEP2021_2100_L1C_ASIA_MER_V01R00.h5,VALID,OK
C:\Users\techa\Documents\Tech4Aditya\SIH\cyclone-sih\backend\data\raw\insat\3DIMG_L1C_ASIA_MER\2021\29SEP\3DIMG_29SEP2021_2130_L1C_ASIA_MER_V01R00.h5,VALID,OK
C:\Users\techa\Documents\Tech4Aditya\SIH\cyclone-sih\backend\data\raw\insat\3DIMG_L1C_ASIA_MER\2021\29SEP\3DIMG_29SEP2021_2200_L1C_ASIA_MER_V01R00.h5,VALID,OK
C:\Users\techa\Documents\Tech4Aditya\SIH\cyclone-sih\backend\data\raw\insat\3DIMG_L1C_ASIA_MER\2021\29SEP\3DIMG_29SEP2021_2230_L1C_ASIA_MER_V01R00.h5,VALID,OK
C:\Users\techa\Documents\Tech4Aditya\SIH\cyclone-sih\backend\data\raw\insat\3DIMG_L1C_ASIA_MER\2021\29SEP\3DIMG_29SEP2021_2300_L1C_ASIA_MER_V01R00.h5,VALID,OK
C:\Users\techa\Documents\Tech4Aditya\SIH\cyclone-sih\backend\data\raw\insat\3DIMG_L1C_ASIA_MER\2021\29SEP\3DIMG_29SEP2021_2330_L1C_ASIA_MER_V01R00.h5,VALID,OK
C:\Users\techa\Documents\Tech4Aditya\SIH\cyclone-sih\backend\data\raw\insat\3DIMG_L1C_ASIA_MER\2022\08MAY\3DIMG_08MAY2022_1200_L1C_ASIA_MER_V01R00.h5,VALID,OK
C:\Users\techa\Documents\Tech4Aditya\SIH\cyclone-sih\backend\data\raw\insat\3DIMG_L1C_ASIA_MER\2022\08MAY\3DIMG_08MAY2022_1230_L1C_ASIA_MER_V01R00.h5,VALID,OK
C:\Users\techa\Documents\Tech4Aditya\SIH\cyclone-sih\backend\data\raw\insat\3DIMG_L1C_ASIA_MER\2022\08MAY\3DIMG_08MAY2022_1300_L1C_ASIA_MER_V01R00.h5,VALID,OK
C:\Users\techa\Documents\Tech4Aditya\SIH\cyclone-sih\backend\data\raw\insat\3DIMG_L1C_ASIA_MER\2022\08MAY\3DIMG_08MAY2022_1330_L1C_ASIA_MER_V01R00.h5,VALID,OK
C:\Users\techa\Documents\Tech4Aditya\SIH\cyclone-sih\backend\data\raw\insat\3DIMG_L1C_ASIA_MER\2022\08MAY\3DIMG_08MAY2022_1400_L1C_ASIA_MER_V01R00.h5,VALID,OK
C:\Users\techa\Documents\Tech4Aditya\SIH\cyclone-sih\backend\data\raw\insat\3DIMG_L1C_ASIA_MER\2022\08MAY\3DIMG_08MAY2022_1430_L1C_ASIA_MER_V01R00.h5,VALID,OK
C:\Users\techa\Documents\Tech4Aditya\SIH\cyclone-sih\backend\data\raw\insat\3DIMG_L1C_ASIA_MER\2022\08MAY\3DIMG_08MAY2022_1500_L1C_ASIA_MER_V01R00.h5,VALID,OK
C:\Users\techa\Documents\Tech4Aditya\SIH\cyclone-sih\backend\data\raw\insat\3DIMG_L1C_ASIA_MER\2022\08MAY\3DIMG_08MAY2022_1530_L1C_ASIA_MER_V01R00.h5,VALID,OK
C:\Users\techa\Documents\Tech4Aditya\SIH\cyclone-sih\backend\data\raw\insat\3DIMG_L1C_ASIA_MER\2022\08MAY\3DIMG_08MAY2022_1600_L1C_ASIA_MER_V01R00.h5,VALID,OK
C:\Users\techa\Documents\Tech4Aditya\SIH\cyclone-sih\backend\data\raw\insat\3DIMG_L1C_ASIA_MER\2022\08MAY\3DIMG_08MAY2022_1630_L1C_ASIA_MER_V01R00.h5,VALID,OK
C:\Users\techa\Documents\Tech4Aditya\SIH\cyclone-sih\backend\data\raw\insat\3DIMG_L1C_ASIA_MER\2022\08MAY\3DIMG_08MAY2022_1700_L1C_ASIA_MER_V01R00.h5,VALID,OK
C:\Users\techa\Documents\Tech4Aditya\SIH\cyclone-sih\backend\data\raw\insat\3DIMG_L1C_ASIA_MER\2022\08MAY\3DIMG_08MAY2022_1900_L1C_ASIA_MER_V01R00.h5,VALID,OK
C:\Users\techa\Documents\Tech4Aditya\SIH\cyclone-sih\backend\data\raw\insat\3DIMG_L1C_ASIA_MER\2022\08MAY\3DIMG_08MAY2022_1930_L1C_ASIA_MER_V01R00.h5,VALID,OK
C:\Users\techa\Documents\Tech4Aditya\SIH\cyclone-sih\backend\data\raw\insat\3DIMG_L1C_ASIA_MER\2022\08MAY\3DIMG_08MAY2022_2000_L1C_ASIA_MER_V01R00.h5,VALID,OK
C:\Users\techa\Documents\Tech4Aditya\SIH\cyclone-sih\backend\data\raw\insat\3DIMG_L1C_ASIA_MER\2022\08MAY\3DIMG_08MAY2022_2030_L1C_ASIA_MER_V01R00.h5,VALID,OK
C:\Users\techa\Documents\Tech4Aditya\SIH\cyclone-sih\backend\data\raw\insat\3DIMG_L1C_ASIA_MER\2022\08MAY\3DIMG_08MAY2022_2100_L1C_ASIA_MER_V01R00.h5,VALID,OK
C:\Users\techa\Documents\Tech4Aditya\SIH\cyclone-sih\backend\data\raw\insat\3DIMG_L1C_ASIA_MER\2022\08MAY\3DIMG_08MAY2022_2200_L1C_ASIA_MER_V01R00.h5,VALID,OK
C:\Users\techa\Documents\Tech4Aditya\SIH\cyclone-sih\backend\data\raw\insat\3DIMG_L1C_ASIA_MER\2022\08MAY\3DIMG_08MAY2022_2230_L1C_ASIA_MER_V01R00.h5,VALID,OK
C:\Users\techa\Documents\Tech4Aditya\SIH\cyclone-sih\backend\data\raw\insat\3DIMG_L1C_ASIA_MER\2022\08MAY\3DIMG_08MAY2022_2300_L1C_ASIA_MER_V01R00.h5,VALID,OK
C:\Users\techa\Documents\Tech4Aditya\SIH\cyclone-sih\backend\data\raw\insat\3DIMG_L1C_ASIA_MER\2022\08MAY\3DIMG_08MAY2022_2330_L1C_ASIA_MER_V01R00.h5,VALID,OK
C:\Users\techa\Documents\Tech4Aditya\SIH\cyclone-sih\backend\data\raw\insat\3DIMG_L1C_ASIA_MER\2022\09MAY\3DIMG_09MAY2022_1230_L1C_ASIA_MER_V01R00.h5,VALID,OK
C:\Users\techa\Documents\Tech4Aditya\SIH\cyclone-sih\backend\data\raw\insat\3DIMG_L1C_ASIA_MER\2022\09MAY\3DIMG_09MAY2022_1300_L1C_ASIA_MER_V01R00.h5,VALID,OK
C:\Users\techa\Documents\Tech4Aditya\SIH\cyclone-sih\backend\data\raw\insat\3DIMG_L1C_ASIA_MER\2022\09MAY\3DIMG_09MAY2022_1330_L1C_ASIA_MER_V01R00.h5,VALID,OK
C:\Users\techa\Documents\Tech4Aditya\SIH\cyclone-sih\backend\data\raw\insat\3DIMG_L1C_ASIA_MER\2022\09MAY\3DIMG_09MAY2022_1400_L1C_ASIA_MER_V01R00.h5,VALID,OK
C:\Users\techa\Documents\Tech4Aditya\SIH\cyclone-sih\backend\data\raw\insat\3DIMG_L1C_ASIA_MER\2022\09MAY\3DIMG_09MAY2022_1430_L1C_ASIA_MER_V01R00.h5,VALID,OK
C:\Users\techa\Documents\Tech4Aditya\SIH\cyclone-sih\backend\data\raw\insat\3DIMG_L1C_ASIA_MER\2022\09MAY\3DIMG_09MAY2022_1500_L1C_ASIA_MER_V01R00.h5,VALID,OK
C:\Users\techa\Documents\Tech4Aditya\SIH\cyclone-sih\backend\data\raw\insat\3DIMG_L1C_ASIA_MER\2022\09MAY\3DIMG_09MAY2022_1530_L1C_ASIA_MER_V01R00.h5,VALID,OK
C:\Users\techa\Documents\Tech4Aditya\SIH\cyclone-sih\backend\data\raw\insat\3DIMG_L1C_ASIA_MER\2022\09MAY\3DIMG_09MAY2022_1600_L1C_ASIA_MER_V01R00.h5,VALID,OK
C:\Users\techa\Documents\Tech4Aditya\SIH\cyclone-sih\backend\data\raw\insat\3DIMG_L1C_ASIA_MER\2022\09MAY\3DIMG_09MAY2022_1630_L1C_ASIA_MER_V01R00.h5,VALID,OK
C:\Users\techa\Documents\Tech4Aditya\SIH\cyclone-sih\backend\data\raw\insat\3DIMG_L1C_ASIA_MER\2022\09MAY\3DIMG_09MAY2022_1700_L1C_ASIA_MER_V01R00.h5,VALID,OK
C:\Users\techa\Documents\Tech4Aditya\SIH\cyclone-sih\backend\data\raw\insat\3DIMG_L1C_ASIA_MER\2022\09MAY\3DIMG_09MAY2022_1900_L1C_ASIA_MER_V01R00.h5,VALID,OK
C:\Users\techa\Documents\Tech4Aditya\SIH\cyclone-sih\backend\data\raw\insat\3DIMG_L1C_ASIA_MER\2022\09MAY\3DIMG_09MAY2022_1930_L1C_ASIA_MER_V01R00.h5,VALID,OK
C:\Users\techa\Documents\Tech4Aditya\SIH\cyclone-sih\backend\data\raw\insat\3DIMG_L1C_ASIA_MER\2022\09MAY\3DIMG_09MAY2022_2000_L1C_ASIA_MER_V01R00.h5,VALID,OK
C:\Users\techa\Documents\Tech4Aditya\SIH\cyclone-sih\backend\data\raw\insat\3DIMG_L1C_ASIA_MER\2022\09MAY\3DIMG_09MAY2022_2030_L1C_ASIA_MER_V01R00.h5,VALID,OK
C:\Users\techa\Documents\Tech4Aditya\SIH\cyclone-sih\backend\data\raw\insat\3DIMG_L1C_ASIA_MER\2022\09MAY\3DIMG_09MAY2022_2100_L1C_ASIA_MER_V01R00.h5,VALID,OK
C:\Users\techa\Documents\Tech4Aditya\SIH\cyclone-sih\backend\data\raw\insat\3DIMG_L1C_ASIA_MER\2022\09MAY\3DIMG_09MAY2022_2130_L1C_ASIA_MER_V01R00.h5,VALID,OK
C:\Users\techa\Documents\Tech4Aditya\SIH\cyclone-sih\backend\data\raw\insat\3DIMG_L1C_ASIA_MER\2022\09MAY\3DIMG_09MAY2022_2200_L1C_ASIA_MER_V01R00.h5,VALID,OK
C:\Users\techa\Documents\Tech4Aditya\SIH\cyclone-sih\backend\data\raw\insat\3DIMG_L1C_ASIA_MER\2022\09MAY\3DIMG_09MAY2022_2230_L1C_ASIA_MER_V01R00.h5,VALID,OK
C:\Users\techa\Documents\Tech4Aditya\SIH\cyclone-sih\backend\data\raw\insat\3DIMG_L1C_ASIA_MER\2022\09MAY\3DIMG_09MAY2022_2300_L1C_ASIA_MER_V01R00.h5,VALID,OK
C:\Users\techa\Documents\Tech4Aditya\SIH\cyclone-sih\backend\data\raw\insat\3DIMG_L1C_ASIA_MER\2022\09MAY\3DIMG_09MAY2022_2330_L1C_ASIA_MER_V01R00.h5,VALID,OK
C:\Users\techa\Documents\Tech4Aditya\SIH\cyclone-sih\backend\data\raw\insat\3DIMG_L1C_ASIA_MER\2022\10MAY\3DIMG_10MAY2022_1230_L1C_ASIA_MER_V01R00.h5,VALID,OK
C:\Users\techa\Documents\Tech4Aditya\SIH\cyclone-sih\backend\data\raw\insat\3DIMG_L1C_ASIA_MER\2022\10MAY\3DIMG_10MAY2022_1300_L1C_ASIA_MER_V01R00.h5,VALID,OK
C:\Users\techa\Documents\Tech4Aditya\SIH\cyclone-sih\backend\data\raw\insat\3DIMG_L1C_ASIA_MER\2022\10MAY\3DIMG_10MAY2022_1330_L1C_ASIA_MER_V01R00.h5,VALID,OK
C:\Users\techa\Documents\Tech4Aditya\SIH\cyclone-sih\backend\data\raw\insat\3DIMG_L1C_ASIA_MER\2022\10MAY\3DIMG_10MAY2022_1400_L1C_ASIA_MER_V01R00.h5,VALID,OK
C:\Users\techa\Documents\Tech4Aditya\SIH\cyclone-sih\backend\data\raw\insat\3DIMG_L1C_ASIA_MER\2022\10MAY\3DIMG_10MAY2022_1430_L1C_ASIA_MER_V01R00.h5,VALID,OK
C:\Users\techa\Documents\Tech4Aditya\SIH\cyclone-sih\backend\data\raw\insat\3DIMG_L1C_ASIA_MER\2022\10MAY\3DIMG_10MAY2022_1500_L1C_ASIA_MER_V01R00.h5,VALID,OK
C:\Users\techa\Documents\Tech4Aditya\SIH\cyclone-sih\backend\data\raw\insat\3DIMG_L1C_ASIA_MER\2022\10MAY\3DIMG_10MAY2022_1530_L1C_ASIA_MER_V01R00.h5,VALID,OK
C:\Users\techa\Documents\Tech4Aditya\SIH\cyclone-sih\backend\data\raw\insat\3DIMG_L1C_ASIA_MER\2022\10MAY\3DIMG_10MAY2022_1600_L1C_ASIA_MER_V01R00.h5,VALID,OK
C:\Users\techa\Documents\Tech4Aditya\SIH\cyclone-sih\backend\data\raw\insat\3DIMG_L1C_ASIA_MER\2022\10MAY\3DIMG_10MAY2022_1630_L1C_ASIA_MER_V01R00.h5,VALID,OK
C:\Users\techa\Documents\Tech4Aditya\SIH\cyclone-sih\backend\data\raw\insat\3DIMG_L1C_ASIA_MER\2022\10MAY\3DIMG_10MAY2022_1700_L1C_ASIA_MER_V01R00.h5,VALID,OK
C:\Users\techa\Documents\Tech4Aditya\SIH\cyclone-sih\backend\data\raw\insat\3DIMG_L1C_ASIA_MER\2022\10MAY\3DIMG_10MAY2022_1900_L1C_ASIA_MER_V01R00.h5,VALID,OK
C:\Users\techa\Documents\Tech4Aditya\SIH\cyclone-sih\backend\data\raw\insat\3DIMG_L1C_ASIA_MER\2022\10MAY\3DIMG_10MAY2022_1930_L1C_ASIA_MER_V01R00.h5,VALID,OK
C:\Users\techa\Documents\Tech4Aditya\SIH\cyclone-sih\backend\data\raw\insat\3DIMG_L1C_ASIA_MER\2022\10MAY\3DIMG_10MAY2022_2000_L1C_ASIA_MER_V01R00.h5,VALID,OK
C:\Users\techa\Documents\Tech4Aditya\SIH\cyclone-sih\backend\data\raw\insat\3DIMG_L1C_ASIA_MER\2022\10MAY\3DIMG_10MAY2022_2030_L1C_ASIA_MER_V01R00.h5,VALID,OK
C:\Users\techa\Documents\Tech4Aditya\SIH\cyclone-sih\backend\data\raw\insat\3DIMG_L1C_ASIA_MER\2022\10MAY\3DIMG_10MAY2022_2100_L1C_ASIA_MER_V01R00.h5,VALID,OK
C:\Users\techa\Documents\Tech4Aditya\SIH\cyclone-sih\backend\data\raw\insat\3DIMG_L1C_ASIA_MER\2022\10MAY\3DIMG_10MAY2022_2130_L1C_ASIA_MER_V01R00.h5,VALID,OK
C:\Users\techa\Documents\Tech4Aditya\SIH\cyclone-sih\backend\data\raw\insat\3DIMG_L1C_ASIA_MER\2022\10MAY\3DIMG_10MAY2022_2200_L1C_ASIA_MER_V01R00.h5,VALID,OK
C:\Users\techa\Documents\Tech4Aditya\SIH\cyclone-sih\backend\data\raw\insat\3DIMG_L1C_ASIA_MER\2022\10MAY\3DIMG_10MAY2022_2230_L1C_ASIA_MER_V01R00.h5,VALID,OK
C:\Users\techa\Documents\Tech4Aditya\SIH\cyclone-sih\backend\data\raw\insat\3DIMG_L1C_ASIA_MER\2022\10MAY\3DIMG_10MAY2022_2300_L1C_ASIA_MER_V01R00.h5,VALID,OK
C:\Users\techa\Documents\Tech4Aditya\SIH\cyclone-sih\backend\data\raw\insat\3DIMG_L1C_ASIA_MER\2022\10MAY\3DIMG_10MAY2022_2330_L1C_ASIA_MER_V01R00.h5,VALID,OK
C:\Users\techa\Documents\Tech4Aditya\SIH\cyclone-sih\backend\data\raw\insat\3DIMG_L1C_ASIA_MER\2022\11MAY\3DIMG_11MAY2022_1230_L1C_ASIA_MER_V01R00.h5,VALID,OK
C:\Users\techa\Documents\Tech4Aditya\SIH\cyclone-sih\backend\data\raw\insat\3DIMG_L1C_ASIA_MER\2022\11MAY\3DIMG_11MAY2022_1300_L1C_ASIA_MER_V01R00.h5,VALID,OK
C:\Users\techa\Documents\Tech4Aditya\SIH\cyclone-sih\backend\data\raw\insat\3DIMG_L1C_ASIA_MER\2022\11MAY\3DIMG_11MAY2022_1330_L1C_ASIA_MER_V01R00.h5,VALID,OK
C:\Users\techa\Documents\Tech4Aditya\SIH\cyclone-sih\backend\data\raw\insat\3DIMG_L1C_ASIA_MER\2022\11MAY\3DIMG_11MAY2022_1400_L1C_ASIA_MER_V01R00.h5,VALID,OK
C:\Users\techa\Documents\Tech4Aditya\SIH\cyclone-sih\backend\data\raw\insat\3DIMG_L1C_ASIA_MER\2022\11MAY\3DIMG_11MAY2022_1430_L1C_ASIA_MER_V01R00.h5,VALID,OK
C:\Users\techa\Documents\Tech4Aditya\SIH\cyclone-sih\backend\data\raw\insat\3DIMG_L1C_ASIA_MER\2022\11MAY\3DIMG_11MAY2022_1500_L1C_ASIA_MER_V01R00.h5,VALID,OK
C:\Users\techa\Documents\Tech4Aditya\SIH\cyclone-sih\backend\data\raw\insat\3DIMG_L1C_ASIA_MER\2022\11MAY\3DIMG_11MAY2022_1530_L1C_ASIA_MER_V01R00.h5,VALID,OK
C:\Users\techa\Documents\Tech4Aditya\SIH\cyclone-sih\backend\data\raw\insat\3DIMG_L1C_ASIA_MER\2022\11MAY\3DIMG_11MAY2022_1600_L1C_ASIA_MER_V01R00.h5,VALID,OK
C:\Users\techa\Documents\Tech4Aditya\SIH\cyclone-sih\backend\data\raw\insat\3DIMG_L1C_ASIA_MER\2022\11MAY\3DIMG_11MAY2022_1630_L1C_ASIA_MER_V01R00.h5,VALID,OK
C:\Users\techa\Documents\Tech4Aditya\SIH\cyclone-sih\backend\data\raw\insat\3DIMG_L1C_ASIA_MER\2022\11MAY\3DIMG_11MAY2022_1700_L1C_ASIA_MER_V01R00.h5,VALID,OK
C:\Users\techa\Documents\Tech4Aditya\SIH\cyclone-sih\backend\data\raw\insat\3DIMG_L1C_ASIA_MER\2022\11MAY\3DIMG_11MAY2022_1900_L1C_ASIA_MER_V01R00.h5,VALID,OK
C:\Users\techa\Documents\Tech4Aditya\SIH\cyclone-sih\backend\data\raw\insat\3DIMG_L1C_ASIA_MER\2022\11MAY\3DIMG_11MAY2022_1930_L1C_ASIA_MER_V01R00.h5,VALID,OK
C:\Users\techa\Documents\Tech4Aditya\SIH\cyclone-sih\backend\data\raw\insat\3DIMG_L1C_ASIA_MER\2022\11MAY\3DIMG_11MAY2022_2000_L1C_ASIA_MER_V01R00.h5,VALID,OK
C:\Users\techa\Documents\Tech4Aditya\SIH\cyclone-sih\backend\data\raw\insat\3DIMG_L1C_ASIA_MER\2022\11MAY\3DIMG_11MAY2022_2100_L1C_ASIA_MER_V01R00.h5,VALID,OK
C:\Users\techa\Documents\Tech4Aditya\SIH\cyclone-sih\backend\data\raw\insat\3DIMG_L1C_ASIA_MER\2022\11MAY\3DIMG_11MAY2022_2130_L1C_ASIA_MER_V01R00.h5,VALID,OK
C:\Users\techa\Documents\Tech4Aditya\SIH\cyclone-sih\backend\data\raw\insat\3DIMG_L1C_ASIA_MER\2022\11MAY\3DIMG_11MAY2022_2200_L1C_ASIA_MER_V01R00.h5,VALID,OK
C:\Users\techa\Documents\Tech4Aditya\SIH\cyclone-sih\backend\data\raw\insat\3DIMG_L1C_ASIA_MER\2022\11MAY\3DIMG_11MAY2022_2230_L1C_ASIA_MER_V01R00.h5,VALID,OK
C:\Users\techa\Documents\Tech4Aditya\SIH\cyclone-sih\backend\data\raw\insat\3DIMG_L1C_ASIA_MER\2022\11MAY\3DIMG_11MAY2022_2300_L1C_ASIA_MER_V01R00.h5,VALID,OK
C:\Users\techa\Documents\Tech4Aditya\SIH\cyclone-sih\backend\data\raw\insat\3DIMG_L1C_ASIA_MER\2022\11MAY\3DIMG_11MAY2022_2330_L1C_ASIA_MER_V01R00.h5,VALID,OK
C:\Users\techa\Documents\Tech4Aditya\SIH\cyclone-sih\backend\data\raw\insat\3DIMG_L1C_ASIA_MER\2022\12MAY\3DIMG_12MAY2022_1200_L1C_ASIA_MER_V01R00.h5,VALID,OK
C:\Users\techa\Documents\Tech4Aditya\SIH\cyclone-sih\backend\data\raw\insat\3DIMG_L1C_ASIA_MER\2022\12MAY\3DIMG_12MAY2022_1230_L1C_ASIA_MER_V01R00.h5,VALID,OK
C:\Users\techa\Documents\Tech4Aditya\SIH\cyclone-sih\backend\data\raw\insat\3DIMG_L1C_ASIA_MER\2022\12MAY\3DIMG_12MAY2022_1300_L1C_ASIA_MER_V01R00.h5,VALID,OK
C:\Users\techa\Documents\Tech4Aditya\SIH\cyclone-sih\backend\data\raw\insat\3DIMG_L1C_ASIA_MER\2022\12MAY\3DIMG_12MAY2022_1330_L1C_ASIA_MER_V01R00.h5,VALID,OK
C:\Users\techa\Documents\Tech4Aditya\SIH\cyclone-sih\backend\data\raw\insat\3DIMG_L1C_ASIA_MER\2022\12MAY\3DIMG_12MAY2022_1400_L1C_ASIA_MER_V01R00.h5,VALID,OK
C:\Users\techa\Documents\Tech4Aditya\SIH\cyclone-sih\backend\data\raw\insat\3DIMG_L1C_ASIA_MER\2022\12MAY\3DIMG_12MAY2022_1430_L1C_ASIA_MER_V01R00.h5,VALID,OK
C:\Users\techa\Documents\Tech4Aditya\SIH\cyclone-sih\backend\data\raw\insat\3DIMG_L1C_ASIA_MER\2022\12MAY\3DIMG_12MAY2022_1500_L1C_ASIA_MER_V01R00.h5,VALID,OK
C:\Users\techa\Documents\Tech4Aditya\SIH\cyclone-sih\backend\data\raw\insat\3DIMG_L1C_ASIA_MER\2022\12MAY\3DIMG_12MAY2022_1530_L1C_ASIA_MER_V01R00.h5,VALID,OK
C:\Users\techa\Documents\Tech4Aditya\SIH\cyclone-sih\backend\data\raw\insat\3DIMG_L1C_ASIA_MER\2022\12MAY\3DIMG_12MAY2022_1600_L1C_ASIA_MER_V01R00.h5,VALID,OK
C:\Users\techa\Documents\Tech4Aditya\SIH\cyclone-sih\backend\data\raw\insat\3DIMG_L1C_ASIA_MER\2022\12MAY\3DIMG_12MAY2022_1630_L1C_ASIA_MER_V01R00.h5,VALID,OK
C:\Users\techa\Documents\Tech4Aditya\SIH\cyclone-sih\backend\data\raw\insat\3DIMG_L1C_ASIA_MER\2022\12MAY\3DIMG_12MAY2022_1700_L1C_ASIA_MER_V01R00.h5,VALID,OK
C:\Users\techa\Documents\Tech4Aditya\SIH\cyclone-sih\backend\data\raw\insat\3DIMG_L1C_ASIA_MER\2022\12MAY\3DIMG_12MAY2022_1900_L1C_ASIA_MER_V01R00.h5,VALID,OK
C:\Users\techa\Documents\Tech4Aditya\SIH\cyclone-sih\backend\data\raw\insat\3DIMG_L1C_ASIA_MER\2022\12MAY\3DIMG_12MAY2022_1930_L1C_ASIA_MER_V01R00.h5,VALID,OK
C:\Users\techa\Documents\Tech4Aditya\SIH\cyclone-sih\backend\data\raw\insat\3DIMG_L1C_ASIA_MER\2022\12MAY\3DIMG_12MAY2022_2000_L1C_ASIA_MER_V01R00.h5,VALID,OK
C:\Users\techa\Documents\Tech4Aditya\SIH\cyclone-sih\backend\data\raw\insat\3DIMG_L1C_ASIA_MER\2022\12MAY\3DIMG_12MAY2022_2030_L1C_ASIA_MER_V01R00.h5,VALID,OK
C:\Users\techa\Documents\Tech4Aditya\SIH\cyclone-sih\backend\data\raw\insat\3DIMG_L1C_ASIA_MER\2022\12MAY\3DIMG_12MAY2022_2100_L1C_ASIA_MER_V01R00.h5,VALID,OK
C:\Users\techa\Documents\Tech4Aditya\SIH\cyclone-sih\backend\data\raw\insat\3DIMG_L1C_ASIA_MER\2022\12MAY\3DIMG_12MAY2022_2130_L1C_ASIA_MER_V01R00.h5,VALID,OK
C:\Users\techa\Documents\Tech4Aditya\SIH\cyclone-sih\backend\data\raw\insat\3DIMG_L1C_ASIA_MER\2022\12MAY\3DIMG_12MAY2022_2230_L1C_ASIA_MER_V01R00.h5,VALID,OK
C:\Users\techa\Documents\Tech4Aditya\SIH\cyclone-sih\backend\data\raw\insat\3DIMG_L1C_ASIA_MER\2022\12MAY\3DIMG_12MAY2022_2300_L1C_ASIA_MER_V01R00.h5,VALID,OK
C:\Users\techa\Documents\Tech4Aditya\SIH\cyclone-sih\backend\data\raw\insat\3DIMG_L1C_ASIA_MER\2022\12MAY\3DIMG_12MAY2022_2330_L1C_ASIA_MER_V01R00.h5,VALID,OK
C:\Users\techa\Documents\Tech4Aditya\SIH\cyclone-sih\backend\data\raw\insat\3DIMG_L1C_ASIA_MER\2022\13MAY\3DIMG_13MAY2022_1200_L1C_ASIA_MER_V01R00.h5,VALID,OK
C:\Users\techa\Documents\Tech4Aditya\SIH\cyclone-sih\backend\data\raw\insat\3DIMG_L1C_ASIA_MER\2022\13MAY\3DIMG_13MAY2022_1230_L1C_ASIA_MER_V01R00.h5,VALID,OK
C:\Users\techa\Documents\Tech4Aditya\SIH\cyclone-sih\backend\data\raw\insat\3DIMG_L1C_ASIA_MER\2022\13MAY\3DIMG_13MAY2022_1300_L1C_ASIA_MER_V01R00.h5,VALID,OK
C:\Users\techa\Documents\Tech4Aditya\SIH\cyclone-sih\backend\data\raw\insat\3DIMG_L1C_ASIA_MER\2022\13MAY\3DIMG_13MAY2022_1330_L1C_ASIA_MER_V01R00.h5,VALID,OK
C:\Users\techa\Documents\Tech4Aditya\SIH\cyclone-sih\backend\data\raw\insat\3DIMG_L1C_ASIA_MER\2022\13MAY\3DIMG_13MAY2022_1400_L1C_ASIA_MER_V01R00.h5,VALID,OK
C:\Users\techa\Documents\Tech4Aditya\SIH\cyclone-sih\backend\data\raw\insat\3DIMG_L1C_ASIA_MER\2022\13MAY\3DIMG_13MAY2022_1430_L1C_ASIA_MER_V01R00.h5,VALID,OK
C:\Users\techa\Documents\Tech4Aditya\SIH\cyclone-sih\backend\data\raw\insat\3DIMG_L1C_ASIA_MER\2022\13MAY\3DIMG_13MAY2022_1500_L1C_ASIA_MER_V01R00.h5,VALID,OK
C:\Users\techa\Documents\Tech4Aditya\SIH\cyclone-sih\backend\data\raw\insat\3DIMG_L1C_ASIA_MER\2022\13MAY\3DIMG_13MAY2022_1530_L1C_ASIA_MER_V01R00.h5,VALID,OK
C:\Users\techa\Documents\Tech4Aditya\SIH\cyclone-sih\backend\data\raw\insat\3DIMG_L1C_ASIA_MER\2022\13MAY\3DIMG_13MAY2022_1600_L1C_ASIA_MER_V01R00.h5,VALID,OK
C:\Users\techa\Documents\Tech4Aditya\SIH\cyclone-sih\backend\data\raw\insat\3DIMG_L1C_ASIA_MER\2022\13MAY\3DIMG_13MAY2022_1630_L1C_ASIA_MER_V01R00.h5,VALID,OK
C:\Users\techa\Documents\Tech4Aditya\SIH\cyclone-sih\backend\data\raw\insat\3DIMG_L1C_ASIA_MER\2022\13MAY\3DIMG_13MAY2022_1700_L1C_ASIA_MER_V01R00.h5,VALID,OK
C:\Users\techa\Documents\Tech4Aditya\SIH\cyclone-sih\backend\data\raw\insat\3DIMG_L1C_ASIA_MER\2022\13MAY\3DIMG_13MAY2022_1900_L1C_ASIA_MER_V01R00.h5,VALID,OK
C:\Users\techa\Documents\Tech4Aditya\SIH\cyclone-sih\backend\data\raw\insat\3DIMG_L1C_ASIA_MER\2022\13MAY\3DIMG_13MAY2022_1930_L1C_ASIA_MER_V01R00.h5,VALID,OK
C:\Users\techa\Documents\Tech4Aditya\SIH\cyclone-sih\backend\data\raw\insat\3DIMG_L1C_ASIA_MER\2022\13MAY\3DIMG_13MAY2022_2000_L1C_ASIA_MER_V01R00.h5,VALID,OK
C:\Users\techa\Documents\Tech4Aditya\SIH\cyclone-sih\backend\data\raw\insat\3DIMG_L1C_ASIA_MER\2022\13MAY\3DIMG_13MAY2022_2030_L1C_ASIA_MER_V01R00.h5,VALID,OK
C:\Users\techa\Documents\Tech4Aditya\SIH\cyclone-sih\backend\data\raw\insat\3DIMG_L1C_ASIA_MER\2022\13MAY\3DIMG_13MAY2022_2100_L1C_ASIA_MER_V01R00.h5,VALID,OK
C:\Users\techa\Documents\Tech4Aditya\SIH\cyclone-sih\backend\data\raw\insat\3DIMG_L1C_ASIA_MER\2022\13MAY\3DIMG_13MAY2022_2130_L1C_ASIA_MER_V01R00.h5,VALID,OK
C:\Users\techa\Documents\Tech4Aditya\SIH\cyclone-sih\backend\data\raw\insat\3DIMG_L1C_ASIA_MER\2022\13MAY\3DIMG_13MAY2022_2230_L1C_ASIA_MER_V01R00.h5,VALID,OK
C:\Users\techa\Documents\Tech4Aditya\SIH\cyclone-sih\backend\data\raw\insat\3DIMG_L1C_ASIA_MER\2022\13MAY\3DIMG_13MAY2022_2300_L1C_ASIA_MER_V01R00.h5,VALID,OK
C:\Users\techa\Documents\Tech4Aditya\SIH\cyclone-sih\backend\data\raw\insat\3DIMG_L1C_ASIA_MER\2023\02DEC\3DIMG_02DEC2023_1400_L1C_ASIA_MER_V01R00.h5,VALID,OK
C:\Users\techa\Documents\Tech4Aditya\SIH\cyclone-sih\backend\data\raw\insat\3DIMG_L1C_ASIA_MER\2023\02DEC\3DIMG_02DEC2023_1430_L1C_ASIA_MER_V01R00.h5,VALID,OK
C:\Users\techa\Documents\Tech4Aditya\SIH\cyclone-sih\backend\data\raw\insat\3DIMG_L1C_ASIA_MER\2023\02DEC\3DIMG_02DEC2023_1500_L1C_ASIA_MER_V01R00.h5,VALID,OK
C:\Users\techa\Documents\Tech4Aditya\SIH\cyclone-sih\backend\data\raw\insat\3DIMG_L1C_ASIA_MER\2023\02DEC\3DIMG_02DEC2023_1530_L1C_ASIA_MER_V01R00.h5,VALID,OK
C:\Users\techa\Documents\Tech4Aditya\SIH\cyclone-sih\backend\data\raw\insat\3DIMG_L1C_ASIA_MER\2023\02DEC\3DIMG_02DEC2023_1600_L1C_ASIA_MER_V01R00.h5,VALID,OK
C:\Users\techa\Documents\Tech4Aditya\SIH\cyclone-sih\backend\data\raw\insat\3DIMG_L1C_ASIA_MER\2023\02DEC\3DIMG_02DEC2023_1630_L1C_ASIA_MER_V01R00.h5,VALID,OK
C:\Users\techa\Documents\Tech4Aditya\SIH\cyclone-sih\backend\data\raw\insat\3DIMG_L1C_ASIA_MER\2023\02DEC\3DIMG_02DEC2023_1700_L1C_ASIA_MER_V01R00.h5,VALID,OK
C:\Users\techa\Documents\Tech4Aditya\SIH\cyclone-sih\backend\data\raw\insat\3DIMG_L1C_ASIA_MER\2023\02DEC\3DIMG_02DEC2023_1730_L1C_ASIA_MER_V01R00.h5,VALID,OK
C:\Users\techa\Documents\Tech4Aditya\SIH\cyclone-sih\backend\data\raw\insat\3DIMG_L1C_ASIA_MER\2023\02DEC\3DIMG_02DEC2023_1800_L1C_ASIA_MER_V01R00.h5,VALID,OK
C:\Users\techa\Documents\Tech4Aditya\SIH\cyclone-sih\backend\data\raw\insat\3DIMG_L1C_ASIA_MER\2023\02DEC\3DIMG_02DEC2023_1830_L1C_ASIA_MER_V01R00.h5,VALID,OK
C:\Users\techa\Documents\Tech4Aditya\SIH\cyclone-sih\backend\data\raw\insat\3DIMG_L1C_ASIA_MER\2023\02DEC\3DIMG_02DEC2023_1900_L1C_ASIA_MER_V01R00.h5,VALID,OK
C:\Users\techa\Documents\Tech4Aditya\SIH\cyclone-sih\backend\data\raw\insat\3DIMG_L1C_ASIA_MER\2023\02DEC\3DIMG_02DEC2023_1930_L1C_ASIA_MER_V01R00.h5,VALID,OK
C:\Users\techa\Documents\Tech4Aditya\SIH\cyclone-sih\backend\data\raw\insat\3DIMG_L1C_ASIA_MER\2023\02DEC\3DIMG_02DEC2023_2000_L1C_ASIA_MER_V01R00.h5,VALID,OK
C:\Users\techa\Documents\Tech4Aditya\SIH\cyclone-sih\backend\data\raw\insat\3DIMG_L1C_ASIA_MER\2023\02DEC\3DIMG_02DEC2023_2030_L1C_ASIA_MER_V01R00.h5,VALID,OK
C:\Users\techa\Documents\Tech4Aditya\SIH\cyclone-sih\backend\data\raw\insat\3DIMG_L1C_ASIA_MER\2023\02DEC\3DIMG_02DEC2023_2100_L1C_ASIA_MER_V01R00.h5,VALID,OK
C:\Users\techa\Documents\Tech4Aditya\SIH\cyclone-sih\backend\data\raw\insat\3DIMG_L1C_ASIA_MER\2023\02DEC\3DIMG_02DEC2023_2130_L1C_ASIA_MER_V01R00.h5,VALID,OK
C:\Users\techa\Documents\Tech4Aditya\SIH\cyclone-sih\backend\data\raw\insat\3DIMG_L1C_ASIA_MER\2023\02DEC\3DIMG_02DEC2023_2200_L1C_ASIA_MER_V01R00.h5,VALID,OK
C:\Users\techa\Documents\Tech4Aditya\SIH\cyclone-sih\backend\data\raw\insat\3DIMG_L1C_ASIA_MER\2023\02DEC\3DIMG_02DEC2023_2230_L1C_ASIA_MER_V01R00.h5,VALID,OK
C:\Users\techa\Documents\Tech4Aditya\SIH\cyclone-sih\backend\data\raw\insat\3DIMG_L1C_ASIA_MER\2023\02DEC\3DIMG_02DEC2023_2300_L1C_ASIA_MER_V01R00.h5,VALID,OK
C:\Users\techa\Documents\Tech4Aditya\SIH\cyclone-sih\backend\data\raw\insat\3DIMG_L1C_ASIA_MER\2023\02DEC\3DIMG_02DEC2023_2330_L1C_ASIA_MER_V01R00.h5,VALID,OK
C:\Users\techa\Documents\Tech4Aditya\SIH\cyclone-sih\backend\data\raw\insat\3DIMG_L1C_ASIA_MER\2023\03DEC\3DIMG_03DEC2023_1400_L1C_ASIA_MER_V01R00.h5,VALID,OK
C:\Users\techa\Documents\Tech4Aditya\SIH\cyclone-sih\backend\data\raw\insat\3DIMG_L1C_ASIA_MER\2023\03DEC\3DIMG_03DEC2023_1430_L1C_ASIA_MER_V01R00.h5,VALID,OK
C:\Users\techa\Documents\Tech4Aditya\SIH\cyclone-sih\backend\data\raw\insat\3DIMG_L1C_ASIA_MER\2023\03DEC\3DIMG_03DEC2023_1500_L1C_ASIA_MER_V01R00.h5,VALID,OK
C:\Users\techa\Documents\Tech4Aditya\SIH\cyclone-sih\backend\data\raw\insat\3DIMG_L1C_ASIA_MER\2023\03DEC\3DIMG_03DEC2023_1530_L1C_ASIA_MER_V01R00.h5,VALID,OK
C:\Users\techa\Documents\Tech4Aditya\SIH\cyclone-sih\backend\data\raw\insat\3DIMG_L1C_ASIA_MER\2023\03DEC\3DIMG_03DEC2023_1600_L1C_ASIA_MER_V01R00.h5,VALID,OK
C:\Users\techa\Documents\Tech4Aditya\SIH\cyclone-sih\backend\data\raw\insat\3DIMG_L1C_ASIA_MER\2023\03DEC\3DIMG_03DEC2023_1630_L1C_ASIA_MER_V01R00.h5,VALID,OK
C:\Users\techa\Documents\Tech4Aditya\SIH\cyclone-sih\backend\data\raw\insat\3DIMG_L1C_ASIA_MER\2023\03DEC\3DIMG_03DEC2023_1700_L1C_ASIA_MER_V01R00.h5,VALID,OK
C:\Users\techa\Documents\Tech4Aditya\SIH\cyclone-sih\backend\data\raw\insat\3DIMG_L1C_ASIA_MER\2023\03DEC\3DIMG_03DEC2023_1730_L1C_ASIA_MER_V01R00.h5,VALID,OK
C:\Users\techa\Documents\Tech4Aditya\SIH\cyclone-sih\backend\data\raw\insat\3DIMG_L1C_ASIA_MER\2023\03DEC\3DIMG_03DEC2023_1800_L1C_ASIA_MER_V01R00.h5,VALID,OK
C:\Users\techa\Documents\Tech4Aditya\SIH\cyclone-sih\backend\data\raw\insat\3DIMG_L1C_ASIA_MER\2023\03DEC\3DIMG_03DEC2023_1830_L1C_ASIA_MER_V01R00.h5,VALID,OK
C:\Users\techa\Documents\Tech4Aditya\SIH\cyclone-sih\backend\data\raw\insat\3DIMG_L1C_ASIA_MER\2023\03DEC\3DIMG_03DEC2023_1900_L1C_ASIA_MER_V01R00.h5,VALID,OK
C:\Users\techa\Documents\Tech4Aditya\SIH\cyclone-sih\backend\data\raw\insat\3DIMG_L1C_ASIA_MER\2023\03DEC\3DIMG_03DEC2023_1930_L1C_ASIA_MER_V01R00.h5,VALID,OK
C:\Users\techa\Documents\Tech4Aditya\SIH\cyclone-sih\backend\data\raw\insat\3DIMG_L1C_ASIA_MER\2023\03DEC\3DIMG_03DEC2023_2000_L1C_ASIA_MER_V01R00.h5,VALID,OK
C:\Users\techa\Documents\Tech4Aditya\SIH\cyclone-sih\backend\data\raw\insat\3DIMG_L1C_ASIA_MER\2023\03DEC\3DIMG_03DEC2023_2030_L1C_ASIA_MER_V01R00.h5,VALID,OK
C:\Users\techa\Documents\Tech4Aditya\SIH\cyclone-sih\backend\data\raw\insat\3DIMG_L1C_ASIA_MER\2023\03DEC\3DIMG_03DEC2023_2100_L1C_ASIA_MER_V01R00.h5,VALID,OK
C:\Users\techa\Documents\Tech4Aditya\SIH\cyclone-sih\backend\data\raw\insat\3DIMG_L1C_ASIA_MER\2023\03DEC\3DIMG_03DEC2023_2130_L1C_ASIA_MER_V01R00.h5,VALID,OK
C:\Users\techa\Documents\Tech4Aditya\SIH\cyclone-sih\backend\data\raw\insat\3DIMG_L1C_ASIA_MER\2023\03DEC\3DIMG_03DEC2023_2200_L1C_ASIA_MER_V01R00.h5,VALID,OK
C:\Users\techa\Documents\Tech4Aditya\SIH\cyclone-sih\backend\data\raw\insat\3DIMG_L1C_ASIA_MER\2023\03DEC\3DIMG_03DEC2023_2230_L1C_ASIA_MER_V01R00.h5,VALID,OK
C:\Users\techa\Documents\Tech4Aditya\SIH\cyclone-sih\backend\data\raw\insat\3DIMG_L1C_ASIA_MER\2023\03DEC\3DIMG_03DEC2023_2300_L1C_ASIA_MER_V01R00.h5,VALID,OK
C:\Users\techa\Documents\Tech4Aditya\SIH\cyclone-sih\backend\data\raw\insat\3DIMG_L1C_ASIA_MER\2023\03DEC\3DIMG_03DEC2023_2330_L1C_ASIA_MER_V01R00.h5,VALID,OK
C:\Users\techa\Documents\Tech4Aditya\SIH\cyclone-sih\backend\data\raw\insat\3DIMG_L1C_ASIA_MER\2023\04DEC\3DIMG_04DEC2023_1400_L1C_ASIA_MER_V01R00.h5,VALID,OK
C:\Users\techa\Documents\Tech4Aditya\SIH\cyclone-sih\backend\data\raw\insat\3DIMG_L1C_ASIA_MER\2023\04DEC\3DIMG_04DEC2023_1430_L1C_ASIA_MER_V01R00.h5,VALID,OK
C:\Users\techa\Documents\Tech4Aditya\SIH\cyclone-sih\backend\data\raw\insat\3DIMG_L1C_ASIA_MER\2023\04DEC\3DIMG_04DEC2023_1500_L1C_ASIA_MER_V01R00.h5,VALID,OK
C:\Users\techa\Documents\Tech4Aditya\SIH\cyclone-sih\backend\data\raw\insat\3DIMG_L1C_ASIA_MER\2023\04DEC\3DIMG_04DEC2023_1530_L1C_ASIA_MER_V01R00.h5,VALID,OK
C:\Users\techa\Documents\Tech4Aditya\SIH\cyclone-sih\backend\data\raw\insat\3DIMG_L1C_ASIA_MER\2023\04DEC\3DIMG_04DEC2023_1600_L1C_ASIA_MER_V01R00.h5,VALID,OK
C:\Users\techa\Documents\Tech4Aditya\SIH\cyclone-sih\backend\data\raw\insat\3DIMG_L1C_ASIA_MER\2023\04DEC\3DIMG_04DEC2023_1630_L1C_ASIA_MER_V01R00.h5,VALID,OK
C:\Users\techa\Documents\Tech4Aditya\SIH\cyclone-sih\backend\data\raw\insat\3DIMG_L1C_ASIA_MER\2023\04DEC\3DIMG_04DEC2023_1700_L1C_ASIA_MER_V01R00.h5,VALID,OK
C:\Users\techa\Documents\Tech4Aditya\SIH\cyclone-sih\backend\data\raw\insat\3DIMG_L1C_ASIA_MER\2023\04DEC\3DIMG_04DEC2023_1730_L1C_ASIA_MER_V01R00.h5,VALID,OK
C:\Users\techa\Documents\Tech4Aditya\SIH\cyclone-sih\backend\data\raw\insat\3DIMG_L1C_ASIA_MER\2023\04DEC\3DIMG_04DEC2023_1800_L1C_ASIA_MER_V01R00.h5,VALID,OK
C:\Users\techa\Documents\Tech4Aditya\SIH\cyclone-sih\backend\data\raw\insat\3DIMG_L1C_ASIA_MER\2023\04DEC\3DIMG_04DEC2023_1830_L1C_ASIA_MER_V01R00.h5,VALID,OK
C:\Users\techa\Documents\Tech4Aditya\SIH\cyclone-sih\backend\data\raw\insat\3DIMG_L1C_ASIA_MER\2023\04DEC\3DIMG_04DEC2023_1900_L1C_ASIA_MER_V01R00.h5,VALID,OK
C:\Users\techa\Documents\Tech4Aditya\SIH\cyclone-sih\backend\data\raw\insat\3DIMG_L1C_ASIA_MER\2023\04DEC\3DIMG_04DEC2023_1930_L1C_ASIA_MER_V01R00.h5,VALID,OK
C:\Users\techa\Documents\Tech4Aditya\SIH\cyclone-sih\backend\data\raw\insat\3DIMG_L1C_ASIA_MER\2023\04DEC\3DIMG_04DEC2023_2000_L1C_ASIA_MER_V01R00.h5,VALID,OK
C:\Users\techa\Documents\Tech4Aditya\SIH\cyclone-sih\backend\data\raw\insat\3DIMG_L1C_ASIA_MER\2023\04DEC\3DIMG_04DEC2023_2030_L1C_ASIA_MER_V01R00.h5,VALID,OK
C:\Users\techa\Documents\Tech4Aditya\SIH\cyclone-sih\backend\data\raw\insat\3DIMG_L1C_ASIA_MER\2023\04DEC\3DIMG_04DEC2023_2100_L1C_ASIA_MER_V01R00.h5,VALID,OK
C:\Users\techa\Documents\Tech4Aditya\SIH\cyclone-sih\backend\data\raw\insat\3DIMG_L1C_ASIA_MER\2023\04DEC\3DIMG_04DEC2023_2130_L1C_ASIA_MER_V01R00.h5,VALID,OK
C:\Users\techa\Documents\Tech4Aditya\SIH\cyclone-sih\backend\data\raw\insat\3DIMG_L1C_ASIA_MER\2023\04DEC\3DIMG_04DEC2023_2200_L1C_ASIA_MER_V01R00.h5,VALID,OK
C:\Users\techa\Documents\Tech4Aditya\SIH\cyclone-sih\backend\data\raw\insat\3DIMG_L1C_ASIA_MER\2023\04DEC\3DIMG_04DEC2023_2230_L1C_ASIA_MER_V01R00.h5,VALID,OK
C:\Users\techa\Documents\Tech4Aditya\SIH\cyclone-sih\backend\data\raw\insat\3DIMG_L1C_ASIA_MER\2023\04DEC\3DIMG_04DEC2023_2300_L1C_ASIA_MER_V01R00.h5,VALID,OK
C:\Users\techa\Documents\Tech4Aditya\SIH\cyclone-sih\backend\data\raw\insat\3DIMG_L1C_ASIA_MER\2023\04DEC\3DIMG_04DEC2023_2330_L1C_ASIA_MER_V01R00.h5,VALID,OK
C:\Users\techa\Documents\Tech4Aditya\SIH\cyclone-sih\backend\data\raw\insat\3DIMG_L1C_ASIA_MER\2023\05DEC\3DIMG_05DEC2023_1400_L1C_ASIA_MER_V01R00.h5,VALID,OK
C:\Users\techa\Documents\Tech4Aditya\SIH\cyclone-sih\backend\data\raw\insat\3DIMG_L1C_ASIA_MER\2023\05DEC\3DIMG_05DEC2023_1430_L1C_ASIA_MER_V01R00.h5,VALID,OK
C:\Users\techa\Documents\Tech4Aditya\SIH\cyclone-sih\backend\data\raw\insat\3DIMG_L1C_ASIA_MER\2023\05DEC\3DIMG_05DEC2023_1500_L1C_ASIA_MER_V01R00.h5,VALID,OK
C:\Users\techa\Documents\Tech4Aditya\SIH\cyclone-sih\backend\data\raw\insat\3DIMG_L1C_ASIA_MER\2023\05DEC\3DIMG_05DEC2023_1530_L1C_ASIA_MER_V01R00.h5,VALID,OK
C:\Users\techa\Documents\Tech4Aditya\SIH\cyclone-sih\backend\data\raw\insat\3DIMG_L1C_ASIA_MER\2023\05DEC\3DIMG_05DEC2023_1600_L1C_ASIA_MER_V01R00.h5,VALID,OK
C:\Users\techa\Documents\Tech4Aditya\SIH\cyclone-sih\backend\data\raw\insat\3DIMG_L1C_ASIA_MER\2023\05DEC\3DIMG_05DEC2023_1630_L1C_ASIA_MER_V01R00.h5,VALID,OK
C:\Users\techa\Documents\Tech4Aditya\SIH\cyclone-sih\backend\data\raw\insat\3DIMG_L1C_ASIA_MER\2023\05DEC\3DIMG_05DEC2023_1700_L1C_ASIA_MER_V01R00.h5,VALID,OK
C:\Users\techa\Documents\Tech4Aditya\SIH\cyclone-sih\backend\data\raw\insat\3DIMG_L1C_ASIA_MER\2023\05DEC\3DIMG_05DEC2023_1730_L1C_ASIA_MER_V01R00.h5,VALID,OK
C:\Users\techa\Documents\Tech4Aditya\SIH\cyclone-sih\backend\data\raw\insat\3DIMG_L1C_ASIA_MER\2023\05DEC\3DIMG_05DEC2023_1800_L1C_ASIA_MER_V01R00.h5,VALID,OK
C:\Users\techa\Documents\Tech4Aditya\SIH\cyclone-sih\backend\data\raw\insat\3DIMG_L1C_ASIA_MER\2023\05DEC\3DIMG_05DEC2023_1830_L1C_ASIA_MER_V01R00.h5,VALID,OK
C:\Users\techa\Documents\Tech4Aditya\SIH\cyclone-sih\backend\data\raw\insat\3DIMG_L1C_ASIA_MER\2023\05DEC\3DIMG_05DEC2023_1900_L1C_ASIA_MER_V01R00.h5,VALID,OK
C:\Users\techa\Documents\Tech4Aditya\SIH\cyclone-sih\backend\data\raw\insat\3DIMG_L1C_ASIA_MER\2023\05DEC\3DIMG_05DEC2023_1930_L1C_ASIA_MER_V01R00.h5,VALID,OK
C:\Users\techa\Documents\Tech4Aditya\SIH\cyclone-sih\backend\data\raw\insat\3DIMG_L1C_ASIA_MER\2023\05DEC\3DIMG_05DEC2023_2000_L1C_ASIA_MER_V01R00.h5,VALID,OK
C:\Users\techa\Documents\Tech4Aditya\SIH\cyclone-sih\backend\data\raw\insat\3DIMG_L1C_ASIA_MER\2023\05DEC\3DIMG_05DEC2023_2030_L1C_ASIA_MER_V01R00.h5,VALID,OK
C:\Users\techa\Documents\Tech4Aditya\SIH\cyclone-sih\backend\data\raw\insat\3DIMG_L1C_ASIA_MER\2023\05DEC\3DIMG_05DEC2023_2100_L1C_ASIA_MER_V01R00.h5,VALID,OK
C:\Users\techa\Documents\Tech4Aditya\SIH\cyclone-sih\backend\data\raw\insat\3DIMG_L1C_ASIA_MER\2023\05DEC\3DIMG_05DEC2023_2130_L1C_ASIA_MER_V01R00.h5,VALID,OK
C:\Users\techa\Documents\Tech4Aditya\SIH\cyclone-sih\backend\data\raw\insat\3DIMG_L1C_ASIA_MER\2023\05DEC\3DIMG_05DEC2023_2200_L1C_ASIA_MER_V01R00.h5,VALID,OK
C:\Users\techa\Documents\Tech4Aditya\SIH\cyclone-sih\backend\data\raw\insat\3DIMG_L1C_ASIA_MER\2023\05DEC\3DIMG_05DEC2023_2230_L1C_ASIA_MER_V01R00.h5,VALID,OK
C:\Users\techa\Documents\Tech4Aditya\SIH\cyclone-sih\backend\data\raw\insat\3DIMG_L1C_ASIA_MER\2023\05DEC\3DIMG_05DEC2023_2300_L1C_ASIA_MER_V01R00.h5,VALID,OK
C:\Users\techa\Documents\Tech4Aditya\SIH\cyclone-sih\backend\data\raw\insat\3DIMG_L1C_ASIA_MER\2023\05DEC\3DIMG_05DEC2023_2330_L1C_ASIA_MER_V01R00.h5,VALID,OK
C:\Users\techa\Documents\Tech4Aditya\SIH\cyclone-sih\backend\data\raw\insat\3DIMG_L1C_ASIA_MER\2023\06DEC\3DIMG_06DEC2023_1400_L1C_ASIA_MER_V01R00.h5,VALID,OK
C:\Users\techa\Documents\Tech4Aditya\SIH\cyclone-sih\backend\data\raw\insat\3DIMG_L1C_ASIA_MER\2023\06DEC\3DIMG_06DEC2023_1430_L1C_ASIA_MER_V01R00.h5,VALID,OK
C:\Users\techa\Documents\Tech4Aditya\SIH\cyclone-sih\backend\data\raw\insat\3DIMG_L1C_ASIA_MER\2023\06DEC\3DIMG_06DEC2023_1500_L1C_ASIA_MER_V01R00.h5,VALID,OK
C:\Users\techa\Documents\Tech4Aditya\SIH\cyclone-sih\backend\data\raw\insat\3DIMG_L1C_ASIA_MER\2023\06DEC\3DIMG_06DEC2023_1530_L1C_ASIA_MER_V01R00.h5,VALID,OK
C:\Users\techa\Documents\Tech4Aditya\SIH\cyclone-sih\backend\data\raw\insat\3DIMG_L1C_ASIA_MER\2023\06DEC\3DIMG_06DEC2023_1600_L1C_ASIA_MER_V01R00.h5,VALID,OK
C:\Users\techa\Documents\Tech4Aditya\SIH\cyclone-sih\backend\data\raw\insat\3DIMG_L1C_ASIA_MER\2023\06DEC\3DIMG_06DEC2023_1630_L1C_ASIA_MER_V01R00.h5,VALID,OK
C:\Users\techa\Documents\Tech4Aditya\SIH\cyclone-sih\backend\data\raw\insat\3DIMG_L1C_ASIA_MER\2023\06DEC\3DIMG_06DEC2023_1700_L1C_ASIA_MER_V01R00.h5,VALID,OK
C:\Users\techa\Documents\Tech4Aditya\SIH\cyclone-sih\backend\data\raw\insat\3DIMG_L1C_ASIA_MER\2023\06DEC\3DIMG_06DEC2023_1730_L1C_ASIA_MER_V01R00.h5,VALID,OK
C:\Users\techa\Documents\Tech4Aditya\SIH\cyclone-sih\backend\data\raw\insat\3DIMG_L1C_ASIA_MER\2023\06DEC\3DIMG_06DEC2023_1800_L1C_ASIA_MER_V01R00.h5,VALID,OK
C:\Users\techa\Documents\Tech4Aditya\SIH\cyclone-sih\backend\data\raw\insat\3DIMG_L1C_ASIA_MER\2023\06DEC\3DIMG_06DEC2023_1830_L1C_ASIA_MER_V01R00.h5,VALID,OK
C:\Users\techa\Documents\Tech4Aditya\SIH\cyclone-sih\backend\data\raw\insat\3DIMG_L1C_ASIA_MER\2023\06DEC\3DIMG_06DEC2023_1900_L1C_ASIA_MER_V01R00.h5,VALID,OK
C:\Users\techa\Documents\Tech4Aditya\SIH\cyclone-sih\backend\data\raw\insat\3DIMG_L1C_ASIA_MER\2023\06DEC\3DIMG_06DEC2023_1930_L1C_ASIA_MER_V01R00.h5,VALID,OK
C:\Users\techa\Documents\Tech4Aditya\SIH\cyclone-sih\backend\data\raw\insat\3DIMG_L1C_ASIA_MER\2023\06DEC\3DIMG_06DEC2023_2000_L1C_ASIA_MER_V01R00.h5,VALID,OK
C:\Users\techa\Documents\Tech4Aditya\SIH\cyclone-sih\backend\data\raw\insat\3DIMG_L1C_ASIA_MER\2023\06DEC\3DIMG_06DEC2023_2030_L1C_ASIA_MER_V01R00.h5,VALID,OK
C:\Users\techa\Documents\Tech4Aditya\SIH\cyclone-sih\backend\data\raw\insat\3DIMG_L1C_ASIA_MER\2023\06DEC\3DIMG_06DEC2023_2100_L1C_ASIA_MER_V01R00.h5,VALID,OK
C:\Users\techa\Documents\Tech4Aditya\SIH\cyclone-sih\backend\data\raw\insat\3DIMG_L1C_ASIA_MER\2023\06DEC\3DIMG_06DEC2023_2130_L1C_ASIA_MER_V01R00.h5,VALID,OK
C:\Users\techa\Documents\Tech4Aditya\SIH\cyclone-sih\backend\data\raw\insat\3DIMG_L1C_ASIA_MER\2023\06DEC\3DIMG_06DEC2023_2200_L1C_ASIA_MER_V01R00.h5,VALID,OK
C:\Users\techa\Documents\Tech4Aditya\SIH\cyclone-sih\backend\data\raw\insat\3DIMG_L1C_ASIA_MER\2023\06DEC\3DIMG_06DEC2023_2230_L1C_ASIA_MER_V01R00.h5,VALID,OK
C:\Users\techa\Documents\Tech4Aditya\SIH\cyclone-sih\backend\data\raw\insat\3DIMG_L1C_ASIA_MER\2023\06DEC\3DIMG_06DEC2023_2300_L1C_ASIA_MER_V01R00.h5,VALID,OK
C:\Users\techa\Documents\Tech4Aditya\SIH\cyclone-sih\backend\data\raw\insat\3DIMG_L1C_ASIA_MER\2023\06DEC\3DIMG_06DEC2023_2330_L1C_ASIA_MER_V01R00.h5,VALID,OK
C:\Users\techa\Documents\Tech4Aditya\SIH\cyclone-sih\backend\data\raw\insat\3DIMG_L1C_ASIA_MER\2023\07JUN\3DIMG_07JUN2023_1400_L1C_ASIA_MER_V01R00.h5,VALID,OK
C:\Users\techa\Documents\Tech4Aditya\SIH\cyclone-sih\backend\data\raw\insat\3DIMG_L1C_ASIA_MER\2023\07JUN\3DIMG_07JUN2023_1430_L1C_ASIA_MER_V01R00.h5,VALID,OK
C:\Users\techa\Documents\Tech4Aditya\SIH\cyclone-sih\backend\data\raw\insat\3DIMG_L1C_ASIA_MER\2023\07JUN\3DIMG_07JUN2023_1500_L1C_ASIA_MER_V01R00.h5,VALID,OK
C:\Users\techa\Documents\Tech4Aditya\SIH\cyclone-sih\backend\data\raw\insat\3DIMG_L1C_ASIA_MER\2023\07JUN\3DIMG_07JUN2023_1530_L1C_ASIA_MER_V01R00.h5,VALID,OK
C:\Users\techa\Documents\Tech4Aditya\SIH\cyclone-sih\backend\data\raw\insat\3DIMG_L1C_ASIA_MER\2023\07JUN\3DIMG_07JUN2023_1600_L1C_ASIA_MER_V01R00.h5,VALID,OK
C:\Users\techa\Documents\Tech4Aditya\SIH\cyclone-sih\backend\data\raw\insat\3DIMG_L1C_ASIA_MER\2023\07JUN\3DIMG_07JUN2023_1630_L1C_ASIA_MER_V01R00.h5,VALID,OK
C:\Users\techa\Documents\Tech4Aditya\SIH\cyclone-sih\backend\data\raw\insat\3DIMG_L1C_ASIA_MER\2023\07JUN\3DIMG_07JUN2023_1700_L1C_ASIA_MER_V01R00.h5,VALID,OK
C:\Users\techa\Documents\Tech4Aditya\SIH\cyclone-sih\backend\data\raw\insat\3DIMG_L1C_ASIA_MER\2023\07JUN\3DIMG_07JUN2023_1730_L1C_ASIA_MER_V01R00.h5,VALID,OK
C:\Users\techa\Documents\Tech4Aditya\SIH\cyclone-sih\backend\data\raw\insat\3DIMG_L1C_ASIA_MER\2023\07JUN\3DIMG_07JUN2023_1800_L1C_ASIA_MER_V01R00.h5,VALID,OK
C:\Users\techa\Documents\Tech4Aditya\SIH\cyclone-sih\backend\data\raw\insat\3DIMG_L1C_ASIA_MER\2023\07JUN\3DIMG_07JUN2023_1830_L1C_ASIA_MER_V01R00.h5,VALID,OK
C:\Users\techa\Documents\Tech4Aditya\SIH\cyclone-sih\backend\data\raw\insat\3DIMG_L1C_ASIA_MER\2023\07JUN\3DIMG_07JUN2023_1900_L1C_ASIA_MER_V01R00.h5,VALID,OK
C:\Users\techa\Documents\Tech4Aditya\SIH\cyclone-sih\backend\data\raw\insat\3DIMG_L1C_ASIA_MER\2023\07JUN\3DIMG_07JUN2023_1930_L1C_ASIA_MER_V01R00.h5,VALID,OK
C:\Users\techa\Documents\Tech4Aditya\SIH\cyclone-sih\backend\data\raw\insat\3DIMG_L1C_ASIA_MER\2023\07JUN\3DIMG_07JUN2023_2000_L1C_ASIA_MER_V01R00.h5,VALID,OK
C:\Users\techa\Documents\Tech4Aditya\SIH\cyclone-sih\backend\data\raw\insat\3DIMG_L1C_ASIA_MER\2023\07JUN\3DIMG_07JUN2023_2030_L1C_ASIA_MER_V01R00.h5,VALID,OK
C:\Users\techa\Documents\Tech4Aditya\SIH\cyclone-sih\backend\data\raw\insat\3DIMG_L1C_ASIA_MER\2023\07JUN\3DIMG_07JUN2023_2100_L1C_ASIA_MER_V01R00.h5,VALID,OK
C:\Users\techa\Documents\Tech4Aditya\SIH\cyclone-sih\backend\data\raw\insat\3DIMG_L1C_ASIA_MER\2023\07JUN\3DIMG_07JUN2023_2130_L1C_ASIA_MER_V01R00.h5,VALID,OK
C:\Users\techa\Documents\Tech4Aditya\SIH\cyclone-sih\backend\data\raw\insat\3DIMG_L1C_ASIA_MER\2023\07JUN\3DIMG_07JUN2023_2200_L1C_ASIA_MER_V01R00.h5,VALID,OK
C:\Users\techa\Documents\Tech4Aditya\SIH\cyclone-sih\backend\data\raw\insat\3DIMG_L1C_ASIA_MER\2023\07JUN\3DIMG_07JUN2023_2230_L1C_ASIA_MER_V01R00.h5,VALID,OK
C:\Users\techa\Documents\Tech4Aditya\SIH\cyclone-sih\backend\data\raw\insat\3DIMG_L1C_ASIA_MER\2023\07JUN\3DIMG_07JUN2023_2300_L1C_ASIA_MER_V01R00.h5,VALID,OK
C:\Users\techa\Documents\Tech4Aditya\SIH\cyclone-sih\backend\data\raw\insat\3DIMG_L1C_ASIA_MER\2023\07JUN\3DIMG_07JUN2023_2330_L1C_ASIA_MER_V01R00.h5,VALID,OK
C:\Users\techa\Documents\Tech4Aditya\SIH\cyclone-sih\backend\data\raw\insat\3DIMG_L1C_ASIA_MER\2023\08JUN\3DIMG_08JUN2023_1400_L1C_ASIA_MER_V01R00.h5,VALID,OK
C:\Users\techa\Documents\Tech4Aditya\SIH\cyclone-sih\backend\data\raw\insat\3DIMG_L1C_ASIA_MER\2023\08JUN\3DIMG_08JUN2023_1430_L1C_ASIA_MER_V01R00.h5,VALID,OK
C:\Users\techa\Documents\Tech4Aditya\SIH\cyclone-sih\backend\data\raw\insat\3DIMG_L1C_ASIA_MER\2023\08JUN\3DIMG_08JUN2023_1500_L1C_ASIA_MER_V01R00.h5,VALID,OK
C:\Users\techa\Documents\Tech4Aditya\SIH\cyclone-sih\backend\data\raw\insat\3DIMG_L1C_ASIA_MER\2023\08JUN\3DIMG_08JUN2023_1530_L1C_ASIA_MER_V01R00.h5,VALID,OK
C:\Users\techa\Documents\Tech4Aditya\SIH\cyclone-sih\backend\data\raw\insat\3DIMG_L1C_ASIA_MER\2023\08JUN\3DIMG_08JUN2023_1600_L1C_ASIA_MER_V01R00.h5,VALID,OK
C:\Users\techa\Documents\Tech4Aditya\SIH\cyclone-sih\backend\data\raw\insat\3DIMG_L1C_ASIA_MER\2023\08JUN\3DIMG_08JUN2023_1630_L1C_ASIA_MER_V01R00.h5,VALID,OK
C:\Users\techa\Documents\Tech4Aditya\SIH\cyclone-sih\backend\data\raw\insat\3DIMG_L1C_ASIA_MER\2023\08JUN\3DIMG_08JUN2023_1700_L1C_ASIA_MER_V01R00.h5,VALID,OK
C:\Users\techa\Documents\Tech4Aditya\SIH\cyclone-sih\backend\data\raw\insat\3DIMG_L1C_ASIA_MER\2023\08JUN\3DIMG_08JUN2023_1730_L1C_ASIA_MER_V01R00.h5,VALID,OK
C:\Users\techa\Documents\Tech4Aditya\SIH\cyclone-sih\backend\data\raw\insat\3DIMG_L1C_ASIA_MER\2023\08JUN\3DIMG_08JUN2023_1800_L1C_ASIA_MER_V01R00.h5,VALID,OK
C:\Users\techa\Documents\Tech4Aditya\SIH\cyclone-sih\backend\data\raw\insat\3DIMG_L1C_ASIA_MER\2023\08JUN\3DIMG_08JUN2023_1830_L1C_ASIA_MER_V01R00.h5,VALID,OK
C:\Users\techa\Documents\Tech4Aditya\SIH\cyclone-sih\backend\data\raw\insat\3DIMG_L1C_ASIA_MER\2023\08JUN\3DIMG_08JUN2023_1900_L1C_ASIA_MER_V01R00.h5,VALID,OK
C:\Users\techa\Documents\Tech4Aditya\SIH\cyclone-sih\backend\data\raw\insat\3DIMG_L1C_ASIA_MER\2023\08JUN\3DIMG_08JUN2023_1930_L1C_ASIA_MER_V01R00.h5,VALID,OK
C:\Users\techa\Documents\Tech4Aditya\SIH\cyclone-sih\backend\data\raw\insat\3DIMG_L1C_ASIA_MER\2023\08JUN\3DIMG_08JUN2023_2000_L1C_ASIA_MER_V01R00.h5,VALID,OK
C:\Users\techa\Documents\Tech4Aditya\SIH\cyclone-sih\backend\data\raw\insat\3DIMG_L1C_ASIA_MER\2023\08JUN\3DIMG_08JUN2023_2030_L1C_ASIA_MER_V01R00.h5,VALID,OK
C:\Users\techa\Documents\Tech4Aditya\SIH\cyclone-sih\backend\data\raw\insat\3DIMG_L1C_ASIA_MER\2023\08JUN\3DIMG_08JUN2023_2100_L1C_ASIA_MER_V01R00.h5,VALID,OK
C:\Users\techa\Documents\Tech4Aditya\SIH\cyclone-sih\backend\data\raw\insat\3DIMG_L1C_ASIA_MER\2023\08JUN\3DIMG_08JUN2023_2130_L1C_ASIA_MER_V01R00.h5,VALID,OK
C:\Users\techa\Documents\Tech4Aditya\SIH\cyclone-sih\backend\data\raw\insat\3DIMG_L1C_ASIA_MER\2023\08JUN\3DIMG_08JUN2023_2200_L1C_ASIA_MER_V01R00.h5,VALID,OK
C:\Users\techa\Documents\Tech4Aditya\SIH\cyclone-sih\backend\data\raw\insat\3DIMG_L1C_ASIA_MER\2023\08JUN\3DIMG_08JUN2023_2230_L1C_ASIA_MER_V01R00.h5,VALID,OK
C:\Users\techa\Documents\Tech4Aditya\SIH\cyclone-sih\backend\data\raw\insat\3DIMG_L1C_ASIA_MER\2023\08JUN\3DIMG_08JUN2023_2300_L1C_ASIA_MER_V01R00.h5,VALID,OK
C:\Users\techa\Documents\Tech4Aditya\SIH\cyclone-sih\backend\data\raw\insat\3DIMG_L1C_ASIA_MER\2023\08JUN\3DIMG_08JUN2023_2330_L1C_ASIA_MER_V01R00.h5,VALID,OK
C:\Users\techa\Documents\Tech4Aditya\SIH\cyclone-sih\backend\data\raw\insat\3DIMG_L1C_ASIA_MER\2023\09JUN\3DIMG_09JUN2023_1400_L1C_ASIA_MER_V01R00.h5,VALID,OK
C:\Users\techa\Documents\Tech4Aditya\SIH\cyclone-sih\backend\data\raw\insat\3DIMG_L1C_ASIA_MER\2023\09JUN\3DIMG_09JUN2023_1430_L1C_ASIA_MER_V01R00.h5,VALID,OK
C:\Users\techa\Documents\Tech4Aditya\SIH\cyclone-sih\backend\data\raw\insat\3DIMG_L1C_ASIA_MER\2023\09JUN\3DIMG_09JUN2023_1500_L1C_ASIA_MER_V01R00.h5,VALID,OK
C:\Users\techa\Documents\Tech4Aditya\SIH\cyclone-sih\backend\data\raw\insat\3DIMG_L1C_ASIA_MER\2023\09JUN\3DIMG_09JUN2023_1530_L1C_ASIA_MER_V01R00.h5,VALID,OK
C:\Users\techa\Documents\Tech4Aditya\SIH\cyclone-sih\backend\data\raw\insat\3DIMG_L1C_ASIA_MER\2023\09JUN\3DIMG_09JUN2023_1600_L1C_ASIA_MER_V01R00.h5,VALID,OK
C:\Users\techa\Documents\Tech4Aditya\SIH\cyclone-sih\backend\data\raw\insat\3DIMG_L1C_ASIA_MER\2023\09JUN\3DIMG_09JUN2023_1630_L1C_ASIA_MER_V01R00.h5,VALID,OK
C:\Users\techa\Documents\Tech4Aditya\SIH\cyclone-sih\backend\data\raw\insat\3DIMG_L1C_ASIA_MER\2023\09JUN\3DIMG_09JUN2023_1700_L1C_ASIA_MER_V01R00.h5,VALID,OK
C:\Users\techa\Documents\Tech4Aditya\SIH\cyclone-sih\backend\data\raw\insat\3DIMG_L1C_ASIA_MER\2023\09JUN\3DIMG_09JUN2023_1730_L1C_ASIA_MER_V01R00.h5,VALID,OK
C:\Users\techa\Documents\Tech4Aditya\SIH\cyclone-sih\backend\data\raw\insat\3DIMG_L1C_ASIA_MER\2023\09JUN\3DIMG_09JUN2023_1800_L1C_ASIA_MER_V01R00.h5,VALID,OK
C:\Users\techa\Documents\Tech4Aditya\SIH\cyclone-sih\backend\data\raw\insat\3DIMG_L1C_ASIA_MER\2023\09JUN\3DIMG_09JUN2023_1830_L1C_ASIA_MER_V01R00.h5,VALID,OK
C:\Users\techa\Documents\Tech4Aditya\SIH\cyclone-sih\backend\data\raw\insat\3DIMG_L1C_ASIA_MER\2023\09JUN\3DIMG_09JUN2023_1900_L1C_ASIA_MER_V01R00.h5,VALID,OK
C:\Users\techa\Documents\Tech4Aditya\SIH\cyclone-sih\backend\data\raw\insat\3DIMG_L1C_ASIA_MER\2023\09JUN\3DIMG_09JUN2023_1930_L1C_ASIA_MER_V01R00.h5,VALID,OK
C:\Users\techa\Documents\Tech4Aditya\SIH\cyclone-sih\backend\data\raw\insat\3DIMG_L1C_ASIA_MER\2023\09JUN\3DIMG_09JUN2023_2000_L1C_ASIA_MER_V01R00.h5,VALID,OK
C:\Users\techa\Documents\Tech4Aditya\SIH\cyclone-sih\backend\data\raw\insat\3DIMG_L1C_ASIA_MER\2023\09JUN\3DIMG_09JUN2023_2030_L1C_ASIA_MER_V01R00.h5,VALID,OK
C:\Users\techa\Documents\Tech4Aditya\SIH\cyclone-sih\backend\data\raw\insat\3DIMG_L1C_ASIA_MER\2023\09JUN\3DIMG_09JUN2023_2100_L1C_ASIA_MER_V01R00.h5,VALID,OK
C:\Users\techa\Documents\Tech4Aditya\SIH\cyclone-sih\backend\data\raw\insat\3DIMG_L1C_ASIA_MER\2023\09JUN\3DIMG_09JUN2023_2130_L1C_ASIA_MER_V01R00.h5,VALID,OK
C:\Users\techa\Documents\Tech4Aditya\SIH\cyclone-sih\backend\data\raw\insat\3DIMG_L1C_ASIA_MER\2023\09JUN\3DIMG_09JUN2023_2200_L1C_ASIA_MER_V01R00.h5,VALID,OK
C:\Users\techa\Documents\Tech4Aditya\SIH\cyclone-sih\backend\data\raw\insat\3DIMG_L1C_ASIA_MER\2023\09JUN\3DIMG_09JUN2023_2230_L1C_ASIA_MER_V01R00.h5,VALID,OK
C:\Users\techa\Documents\Tech4Aditya\SIH\cyclone-sih\backend\data\raw\insat\3DIMG_L1C_ASIA_MER\2023\09JUN\3DIMG_09JUN2023_2300_L1C_ASIA_MER_V01R00.h5,VALID,OK
C:\Users\techa\Documents\Tech4Aditya\SIH\cyclone-sih\backend\data\raw\insat\3DIMG_L1C_ASIA_MER\2023\09JUN\3DIMG_09JUN2023_2330_L1C_ASIA_MER_V01R00.h5,VALID,OK
C:\Users\techa\Documents\Tech4Aditya\SIH\cyclone-sih\backend\data\raw\insat\3DIMG_L1C_ASIA_MER\2023\10JUN\3DIMG_10JUN2023_1400_L1C_ASIA_MER_V01R00.h5,VALID,OK
C:\Users\techa\Documents\Tech4Aditya\SIH\cyclone-sih\backend\data\raw\insat\3DIMG_L1C_ASIA_MER\2023\10JUN\3DIMG_10JUN2023_1430_L1C_ASIA_MER_V01R00.h5,VALID,OK
C:\Users\techa\Documents\Tech4Aditya\SIH\cyclone-sih\backend\data\raw\insat\3DIMG_L1C_ASIA_MER\2023\10JUN\3DIMG_10JUN2023_1500_L1C_ASIA_MER_V01R00.h5,VALID,OK
C:\Users\techa\Documents\Tech4Aditya\SIH\cyclone-sih\backend\data\raw\insat\3DIMG_L1C_ASIA_MER\2023\10JUN\3DIMG_10JUN2023_1530_L1C_ASIA_MER_V01R00.h5,VALID,OK
C:\Users\techa\Documents\Tech4Aditya\SIH\cyclone-sih\backend\data\raw\insat\3DIMG_L1C_ASIA_MER\2023\10JUN\3DIMG_10JUN2023_1600_L1C_ASIA_MER_V01R00.h5,VALID,OK
C:\Users\techa\Documents\Tech4Aditya\SIH\cyclone-sih\backend\data\raw\insat\3DIMG_L1C_ASIA_MER\2023\10JUN\3DIMG_10JUN2023_1630_L1C_ASIA_MER_V01R00.h5,VALID,OK
C:\Users\techa\Documents\Tech4Aditya\SIH\cyclone-sih\backend\data\raw\insat\3DIMG_L1C_ASIA_MER\2023\10JUN\3DIMG_10JUN2023_1700_L1C_ASIA_MER_V01R00.h5,VALID,OK
C:\Users\techa\Documents\Tech4Aditya\SIH\cyclone-sih\backend\data\raw\insat\3DIMG_L1C_ASIA_MER\2023\10JUN\3DIMG_10JUN2023_1730_L1C_ASIA_MER_V01R00.h5,VALID,OK
C:\Users\techa\Documents\Tech4Aditya\SIH\cyclone-sih\backend\data\raw\insat\3DIMG_L1C_ASIA_MER\2023\10JUN\3DIMG_10JUN2023_1800_L1C_ASIA_MER_V01R00.h5,VALID,OK
C:\Users\techa\Documents\Tech4Aditya\SIH\cyclone-sih\backend\data\raw\insat\3DIMG_L1C_ASIA_MER\2023\10JUN\3DIMG_10JUN2023_1830_L1C_ASIA_MER_V01R00.h5,VALID,OK
C:\Users\techa\Documents\Tech4Aditya\SIH\cyclone-sih\backend\data\raw\insat\3DIMG_L1C_ASIA_MER\2023\10JUN\3DIMG_10JUN2023_1900_L1C_ASIA_MER_V01R00.h5,VALID,OK
C:\Users\techa\Documents\Tech4Aditya\SIH\cyclone-sih\backend\data\raw\insat\3DIMG_L1C_ASIA_MER\2023\10JUN\3DIMG_10JUN2023_1930_L1C_ASIA_MER_V01R00.h5,VALID,OK
C:\Users\techa\Documents\Tech4Aditya\SIH\cyclone-sih\backend\data\raw\insat\3DIMG_L1C_ASIA_MER\2023\10JUN\3DIMG_10JUN2023_2000_L1C_ASIA_MER_V01R00.h5,VALID,OK
C:\Users\techa\Documents\Tech4Aditya\SIH\cyclone-sih\backend\data\raw\insat\3DIMG_L1C_ASIA_MER\2023\10JUN\3DIMG_10JUN2023_2030_L1C_ASIA_MER_V01R00.h5,VALID,OK
C:\Users\techa\Documents\Tech4Aditya\SIH\cyclone-sih\backend\data\raw\insat\3DIMG_L1C_ASIA_MER\2023\10JUN\3DIMG_10JUN2023_2100_L1C_ASIA_MER_V01R00.h5,VALID,OK
C:\Users\techa\Documents\Tech4Aditya\SIH\cyclone-sih\backend\data\raw\insat\3DIMG_L1C_ASIA_MER\2023\10JUN\3DIMG_10JUN2023_2130_L1C_ASIA_MER_V01R00.h5,VALID,OK
C:\Users\techa\Documents\Tech4Aditya\SIH\cyclone-sih\backend\data\raw\insat\3DIMG_L1C_ASIA_MER\2023\10JUN\3DIMG_10JUN2023_2200_L1C_ASIA_MER_V01R00.h5,VALID,OK
C:\Users\techa\Documents\Tech4Aditya\SIH\cyclone-sih\backend\data\raw\insat\3DIMG_L1C_ASIA_MER\2023\10JUN\3DIMG_10JUN2023_2230_L1C_ASIA_MER_V01R00.h5,VALID,OK
C:\Users\techa\Documents\Tech4Aditya\SIH\cyclone-sih\backend\data\raw\insat\3DIMG_L1C_ASIA_MER\2023\10JUN\3DIMG_10JUN2023_2300_L1C_ASIA_MER_V01R00.h5,VALID,OK
C:\Users\techa\Documents\Tech4Aditya\SIH\cyclone-sih\backend\data\raw\insat\3DIMG_L1C_ASIA_MER\2023\10JUN\3DIMG_10JUN2023_2330_L1C_ASIA_MER_V01R00.h5,VALID,OK
C:\Users\techa\Documents\Tech4Aditya\SIH\cyclone-sih\backend\data\raw\insat\3DIMG_L1C_ASIA_MER\2023\11JUN\3DIMG_11JUN2023_1400_L1C_ASIA_MER_V01R00.h5,VALID,OK
C:\Users\techa\Documents\Tech4Aditya\SIH\cyclone-sih\backend\data\raw\insat\3DIMG_L1C_ASIA_MER\2023\11JUN\3DIMG_11JUN2023_1430_L1C_ASIA_MER_V01R00.h5,VALID,OK
C:\Users\techa\Documents\Tech4Aditya\SIH\cyclone-sih\backend\data\raw\insat\3DIMG_L1C_ASIA_MER\2023\11JUN\3DIMG_11JUN2023_1500_L1C_ASIA_MER_V01R00.h5,VALID,OK
C:\Users\techa\Documents\Tech4Aditya\SIH\cyclone-sih\backend\data\raw\insat\3DIMG_L1C_ASIA_MER\2023\11JUN\3DIMG_11JUN2023_1530_L1C_ASIA_MER_V01R00.h5,VALID,OK
C:\Users\techa\Documents\Tech4Aditya\SIH\cyclone-sih\backend\data\raw\insat\3DIMG_L1C_ASIA_MER\2023\11JUN\3DIMG_11JUN2023_1600_L1C_ASIA_MER_V01R00.h5,VALID,OK
C:\Users\techa\Documents\Tech4Aditya\SIH\cyclone-sih\backend\data\raw\insat\3DIMG_L1C_ASIA_MER\2023\11JUN\3DIMG_11JUN2023_1630_L1C_ASIA_MER_V01R00.h5,VALID,OK
C:\Users\techa\Documents\Tech4Aditya\SIH\cyclone-sih\backend\data\raw\insat\3DIMG_L1C_ASIA_MER\2023\11JUN\3DIMG_11JUN2023_1700_L1C_ASIA_MER_V01R00.h5,VALID,OK
C:\Users\techa\Documents\Tech4Aditya\SIH\cyclone-sih\backend\data\raw\insat\3DIMG_L1C_ASIA_MER\2023\11JUN\3DIMG_11JUN2023_1730_L1C_ASIA_MER_V01R00.h5,VALID,OK
C:\Users\techa\Documents\Tech4Aditya\SIH\cyclone-sih\backend\data\raw\insat\3DIMG_L1C_ASIA_MER\2023\11JUN\3DIMG_11JUN2023_1800_L1C_ASIA_MER_V01R00.h5,VALID,OK
C:\Users\techa\Documents\Tech4Aditya\SIH\cyclone-sih\backend\data\raw\insat\3DIMG_L1C_ASIA_MER\2023\11JUN\3DIMG_11JUN2023_1830_L1C_ASIA_MER_V01R00.h5,VALID,OK
C:\Users\techa\Documents\Tech4Aditya\SIH\cyclone-sih\backend\data\raw\insat\3DIMG_L1C_ASIA_MER\2023\11JUN\3DIMG_11JUN2023_1900_L1C_ASIA_MER_V01R00.h5,VALID,OK
C:\Users\techa\Documents\Tech4Aditya\SIH\cyclone-sih\backend\data\raw\insat\3DIMG_L1C_ASIA_MER\2023\11JUN\3DIMG_11JUN2023_1930_L1C_ASIA_MER_V01R00.h5,VALID,OK
C:\Users\techa\Documents\Tech4Aditya\SIH\cyclone-sih\backend\data\raw\insat\3DIMG_L1C_ASIA_MER\2023\11JUN\3DIMG_11JUN2023_2000_L1C_ASIA_MER_V01R00.h5,VALID,OK
C:\Users\techa\Documents\Tech4Aditya\SIH\cyclone-sih\backend\data\raw\insat\3DIMG_L1C_ASIA_MER\2023\11JUN\3DIMG_11JUN2023_2030_L1C_ASIA_MER_V01R00.h5,VALID,OK
C:\Users\techa\Documents\Tech4Aditya\SIH\cyclone-sih\backend\data\raw\insat\3DIMG_L1C_ASIA_MER\2023\11JUN\3DIMG_11JUN2023_2100_L1C_ASIA_MER_V01R00.h5,VALID,OK
C:\Users\techa\Documents\Tech4Aditya\SIH\cyclone-sih\backend\data\raw\insat\3DIMG_L1C_ASIA_MER\2023\11JUN\3DIMG_11JUN2023_2130_L1C_ASIA_MER_V01R00.h5,VALID,OK
C:\Users\techa\Documents\Tech4Aditya\SIH\cyclone-sih\backend\data\raw\insat\3DIMG_L1C_ASIA_MER\2023\11JUN\3DIMG_11JUN2023_2200_L1C_ASIA_MER_V01R00.h5,VALID,OK
C:\Users\techa\Documents\Tech4Aditya\SIH\cyclone-sih\backend\data\raw\insat\3DIMG_L1C_ASIA_MER\2023\11JUN\3DIMG_11JUN2023_2230_L1C_ASIA_MER_V01R00.h5,VALID,OK
C:\Users\techa\Documents\Tech4Aditya\SIH\cyclone-sih\backend\data\raw\insat\3DIMG_L1C_ASIA_MER\2023\11JUN\3DIMG_11JUN2023_2300_L1C_ASIA_MER_V01R00.h5,VALID,OK
C:\Users\techa\Documents\Tech4Aditya\SIH\cyclone-sih\backend\data\raw\insat\3DIMG_L1C_ASIA_MER\2023\11JUN\3DIMG_11JUN2023_2330_L1C_ASIA_MER_V01R00.h5,VALID,OK
C:\Users\techa\Documents\Tech4Aditya\SIH\cyclone-sih\backend\data\raw\insat\3DIMG_L1C_ASIA_MER\2023\12JUN\3DIMG_12JUN2023_1330_L1C_ASIA_MER_V01R00.h5,VALID,OK
C:\Users\techa\Documents\Tech4Aditya\SIH\cyclone-sih\backend\data\raw\insat\3DIMG_L1C_ASIA_MER\2023\12JUN\3DIMG_12JUN2023_1400_L1C_ASIA_MER_V01R00.h5,VALID,OK
C:\Users\techa\Documents\Tech4Aditya\SIH\cyclone-sih\backend\data\raw\insat\3DIMG_L1C_ASIA_MER\2023\12JUN\3DIMG_12JUN2023_1430_L1C_ASIA_MER_V01R00.h5,VALID,OK
C:\Users\techa\Documents\Tech4Aditya\SIH\cyclone-sih\backend\data\raw\insat\3DIMG_L1C_ASIA_MER\2023\12JUN\3DIMG_12JUN2023_1500_L1C_ASIA_MER_V01R00.h5,VALID,OK
C:\Users\techa\Documents\Tech4Aditya\SIH\cyclone-sih\backend\data\raw\insat\3DIMG_L1C_ASIA_MER\2023\12JUN\3DIMG_12JUN2023_1530_L1C_ASIA_MER_V01R00.h5,VALID,OK
C:\Users\techa\Documents\Tech4Aditya\SIH\cyclone-sih\backend\data\raw\insat\3DIMG_L1C_ASIA_MER\2023\12JUN\3DIMG_12JUN2023_1600_L1C_ASIA_MER_V01R00.h5,VALID,OK
C:\Users\techa\Documents\Tech4Aditya\SIH\cyclone-sih\backend\data\raw\insat\3DIMG_L1C_ASIA_MER\2023\12JUN\3DIMG_12JUN2023_1630_L1C_ASIA_MER_V01R00.h5,VALID,OK
C:\Users\techa\Documents\Tech4Aditya\SIH\cyclone-sih\backend\data\raw\insat\3DIMG_L1C_ASIA_MER\2023\12JUN\3DIMG_12JUN2023_1700_L1C_ASIA_MER_V01R00.h5,VALID,OK
C:\Users\techa\Documents\Tech4Aditya\SIH\cyclone-sih\backend\data\raw\insat\3DIMG_L1C_ASIA_MER\2023\12JUN\3DIMG_12JUN2023_1730_L1C_ASIA_MER_V01R00.h5,VALID,OK
C:\Users\techa\Documents\Tech4Aditya\SIH\cyclone-sih\backend\data\raw\insat\3DIMG_L1C_ASIA_MER\2023\12JUN\3DIMG_12JUN2023_1800_L1C_ASIA_MER_V01R00.h5,VALID,OK
C:\Users\techa\Documents\Tech4Aditya\SIH\cyclone-sih\backend\data\raw\insat\3DIMG_L1C_ASIA_MER\2023\12JUN\3DIMG_12JUN2023_1900_L1C_ASIA_MER_V01R00.h5,VALID,OK
C:\Users\techa\Documents\Tech4Aditya\SIH\cyclone-sih\backend\data\raw\insat\3DIMG_L1C_ASIA_MER\2023\12JUN\3DIMG_12JUN2023_1930_L1C_ASIA_MER_V01R00.h5,VALID,OK
C:\Users\techa\Documents\Tech4Aditya\SIH\cyclone-sih\backend\data\raw\insat\3DIMG_L1C_ASIA_MER\2023\12JUN\3DIMG_12JUN2023_2000_L1C_ASIA_MER_V01R00.h5,VALID,OK
C:\Users\techa\Documents\Tech4Aditya\SIH\cyclone-sih\backend\data\raw\insat\3DIMG_L1C_ASIA_MER\2023\12JUN\3DIMG_12JUN2023_2030_L1C_ASIA_MER_V01R00.h5,VALID,OK
C:\Users\techa\Documents\Tech4Aditya\SIH\cyclone-sih\backend\data\raw\insat\3DIMG_L1C_ASIA_MER\2023\12JUN\3DIMG_12JUN2023_2100_L1C_ASIA_MER_V01R00.h5,VALID,OK
C:\Users\techa\Documents\Tech4Aditya\SIH\cyclone-sih\backend\data\raw\insat\3DIMG_L1C_ASIA_MER\2023\12JUN\3DIMG_12JUN2023_2130_L1C_ASIA_MER_V01R00.h5,VALID,OK
C:\Users\techa\Documents\Tech4Aditya\SIH\cyclone-sih\backend\data\raw\insat\3DIMG_L1C_ASIA_MER\2023\12JUN\3DIMG_12JUN2023_2200_L1C_ASIA_MER_V01R00.h5,VALID,OK
C:\Users\techa\Documents\Tech4Aditya\SIH\cyclone-sih\backend\data\raw\insat\3DIMG_L1C_ASIA_MER\2023\12JUN\3DIMG_12JUN2023_2230_L1C_ASIA_MER_V01R00.h5,VALID,OK
C:\Users\techa\Documents\Tech4Aditya\SIH\cyclone-sih\backend\data\raw\insat\3DIMG_L1C_ASIA_MER\2023\12JUN\3DIMG_12JUN2023_2300_L1C_ASIA_MER_V01R00.h5,VALID,OK
C:\Users\techa\Documents\Tech4Aditya\SIH\cyclone-sih\backend\data\raw\insat\3DIMG_L1C_ASIA_MER\2023\12JUN\3DIMG_12JUN2023_2330_L1C_ASIA_MER_V01R00.h5,VALID,OK
C:\Users\techa\Documents\Tech4Aditya\SIH\cyclone-sih\backend\data\raw\insat\3DIMG_L1C_ASIA_MER\2023\13JUN\3DIMG_13JUN2023_1400_L1C_ASIA_MER_V01R00.h5,VALID,OK
C:\Users\techa\Documents\Tech4Aditya\SIH\cyclone-sih\backend\data\raw\insat\3DIMG_L1C_ASIA_MER\2023\13JUN\3DIMG_13JUN2023_1430_L1C_ASIA_MER_V01R00.h5,VALID,OK
C:\Users\techa\Documents\Tech4Aditya\SIH\cyclone-sih\backend\data\raw\insat\3DIMG_L1C_ASIA_MER\2023\13JUN\3DIMG_13JUN2023_1500_L1C_ASIA_MER_V01R00.h5,VALID,OK
C:\Users\techa\Documents\Tech4Aditya\SIH\cyclone-sih\backend\data\raw\insat\3DIMG_L1C_ASIA_MER\2023\13JUN\3DIMG_13JUN2023_1530_L1C_ASIA_MER_V01R00.h5,VALID,OK
C:\Users\techa\Documents\Tech4Aditya\SIH\cyclone-sih\backend\data\raw\insat\3DIMG_L1C_ASIA_MER\2023\13JUN\3DIMG_13JUN2023_1600_L1C_ASIA_MER_V01R00.h5,VALID,OK
C:\Users\techa\Documents\Tech4Aditya\SIH\cyclone-sih\backend\data\raw\insat\3DIMG_L1C_ASIA_MER\2023\13JUN\3DIMG_13JUN2023_1630_L1C_ASIA_MER_V01R00.h5,VALID,OK
C:\Users\techa\Documents\Tech4Aditya\SIH\cyclone-sih\backend\data\raw\insat\3DIMG_L1C_ASIA_MER\2023\13JUN\3DIMG_13JUN2023_1700_L1C_ASIA_MER_V01R00.h5,VALID,OK
C:\Users\techa\Documents\Tech4Aditya\SIH\cyclone-sih\backend\data\raw\insat\3DIMG_L1C_ASIA_MER\2023\13JUN\3DIMG_13JUN2023_1730_L1C_ASIA_MER_V01R00.h5,VALID,OK
C:\Users\techa\Documents\Tech4Aditya\SIH\cyclone-sih\backend\data\raw\insat\3DIMG_L1C_ASIA_MER\2023\13JUN\3DIMG_13JUN2023_1800_L1C_ASIA_MER_V01R00.h5,VALID,OK
C:\Users\techa\Documents\Tech4Aditya\SIH\cyclone-sih\backend\data\raw\insat\3DIMG_L1C_ASIA_MER\2023\13JUN\3DIMG_13JUN2023_1830_L1C_ASIA_MER_V01R00.h5,VALID,OK
C:\Users\techa\Documents\Tech4Aditya\SIH\cyclone-sih\backend\data\raw\insat\3DIMG_L1C_ASIA_MER\2023\13JUN\3DIMG_13JUN2023_1900_L1C_ASIA_MER_V01R00.h5,VALID,OK
C:\Users\techa\Documents\Tech4Aditya\SIH\cyclone-sih\backend\data\raw\insat\3DIMG_L1C_ASIA_MER\2023\13JUN\3DIMG_13JUN2023_1930_L1C_ASIA_MER_V01R00.h5,VALID,OK
C:\Users\techa\Documents\Tech4Aditya\SIH\cyclone-sih\backend\data\raw\insat\3DIMG_L1C_ASIA_MER\2023\13JUN\3DIMG_13JUN2023_2000_L1C_ASIA_MER_V01R00.h5,VALID,OK
C:\Users\techa\Documents\Tech4Aditya\SIH\cyclone-sih\backend\data\raw\insat\3DIMG_L1C_ASIA_MER\2023\13JUN\3DIMG_13JUN2023_2030_L1C_ASIA_MER_V01R00.h5,VALID,OK
C:\Users\techa\Documents\Tech4Aditya\SIH\cyclone-sih\backend\data\raw\insat\3DIMG_L1C_ASIA_MER\2023\13JUN\3DIMG_13JUN2023_2100_L1C_ASIA_MER_V01R00.h5,VALID,OK
C:\Users\techa\Documents\Tech4Aditya\SIH\cyclone-sih\backend\data\raw\insat\3DIMG_L1C_ASIA_MER\2023\13JUN\3DIMG_13JUN2023_2130_L1C_ASIA_MER_V01R00.h5,VALID,OK
C:\Users\techa\Documents\Tech4Aditya\SIH\cyclone-sih\backend\data\raw\insat\3DIMG_L1C_ASIA_MER\2023\13JUN\3DIMG_13JUN2023_2200_L1C_ASIA_MER_V01R00.h5,VALID,OK
C:\Users\techa\Documents\Tech4Aditya\SIH\cyclone-sih\backend\data\raw\insat\3DIMG_L1C_ASIA_MER\2023\13JUN\3DIMG_13JUN2023_2230_L1C_ASIA_MER_V01R00.h5,VALID,OK
C:\Users\techa\Documents\Tech4Aditya\SIH\cyclone-sih\backend\data\raw\insat\3DIMG_L1C_ASIA_MER\2023\13JUN\3DIMG_13JUN2023_2300_L1C_ASIA_MER_V01R00.h5,VALID,OK
C:\Users\techa\Documents\Tech4Aditya\SIH\cyclone-sih\backend\data\raw\insat\3DIMG_L1C_ASIA_MER\2023\13JUN\3DIMG_13JUN2023_2330_L1C_ASIA_MER_V01R00.h5,VALID,OK
C:\Users\techa\Documents\Tech4Aditya\SIH\cyclone-sih\backend\data\raw\insat\3DIMG_L1C_ASIA_MER\2023\14JUN\3DIMG_14JUN2023_1400_L1C_ASIA_MER_V01R00.h5,VALID,OK
C:\Users\techa\Documents\Tech4Aditya\SIH\cyclone-sih\backend\data\raw\insat\3DIMG_L1C_ASIA_MER\2023\14JUN\3DIMG_14JUN2023_1430_L1C_ASIA_MER_V01R00.h5,VALID,OK
C:\Users\techa\Documents\Tech4Aditya\SIH\cyclone-sih\backend\data\raw\insat\3DIMG_L1C_ASIA_MER\2023\14JUN\3DIMG_14JUN2023_1500_L1C_ASIA_MER_V01R00.h5,VALID,OK
C:\Users\techa\Documents\Tech4Aditya\SIH\cyclone-sih\backend\data\raw\insat\3DIMG_L1C_ASIA_MER\2023\14JUN\3DIMG_14JUN2023_1530_L1C_ASIA_MER_V01R00.h5,VALID,OK
C:\Users\techa\Documents\Tech4Aditya\SIH\cyclone-sih\backend\data\raw\insat\3DIMG_L1C_ASIA_MER\2023\14JUN\3DIMG_14JUN2023_1600_L1C_ASIA_MER_V01R00.h5,VALID,OK
C:\Users\techa\Documents\Tech4Aditya\SIH\cyclone-sih\backend\data\raw\insat\3DIMG_L1C_ASIA_MER\2023\14JUN\3DIMG_14JUN2023_1630_L1C_ASIA_MER_V01R00.h5,VALID,OK
C:\Users\techa\Documents\Tech4Aditya\SIH\cyclone-sih\backend\data\raw\insat\3DIMG_L1C_ASIA_MER\2023\14JUN\3DIMG_14JUN2023_1700_L1C_ASIA_MER_V01R00.h5,VALID,OK
C:\Users\techa\Documents\Tech4Aditya\SIH\cyclone-sih\backend\data\raw\insat\3DIMG_L1C_ASIA_MER\2023\14JUN\3DIMG_14JUN2023_1730_L1C_ASIA_MER_V01R00.h5,VALID,OK
C:\Users\techa\Documents\Tech4Aditya\SIH\cyclone-sih\backend\data\raw\insat\3DIMG_L1C_ASIA_MER\2023\14JUN\3DIMG_14JUN2023_1800_L1C_ASIA_MER_V01R00.h5,VALID,OK
C:\Users\techa\Documents\Tech4Aditya\SIH\cyclone-sih\backend\data\raw\insat\3DIMG_L1C_ASIA_MER\2023\14JUN\3DIMG_14JUN2023_1830_L1C_ASIA_MER_V01R00.h5,VALID,OK
C:\Users\techa\Documents\Tech4Aditya\SIH\cyclone-sih\backend\data\raw\insat\3DIMG_L1C_ASIA_MER\2023\14JUN\3DIMG_14JUN2023_1900_L1C_ASIA_MER_V01R00.h5,VALID,OK
C:\Users\techa\Documents\Tech4Aditya\SIH\cyclone-sih\backend\data\raw\insat\3DIMG_L1C_ASIA_MER\2023\14JUN\3DIMG_14JUN2023_1930_L1C_ASIA_MER_V01R00.h5,VALID,OK
C:\Users\techa\Documents\Tech4Aditya\SIH\cyclone-sih\backend\data\raw\insat\3DIMG_L1C_ASIA_MER\2023\14JUN\3DIMG_14JUN2023_2000_L1C_ASIA_MER_V01R00.h5,VALID,OK
C:\Users\techa\Documents\Tech4Aditya\SIH\cyclone-sih\backend\data\raw\insat\3DIMG_L1C_ASIA_MER\2023\14JUN\3DIMG_14JUN2023_2030_L1C_ASIA_MER_V01R00.h5,VALID,OK
C:\Users\techa\Documents\Tech4Aditya\SIH\cyclone-sih\backend\data\raw\insat\3DIMG_L1C_ASIA_MER\2023\14JUN\3DIMG_14JUN2023_2100_L1C_ASIA_MER_V01R00.h5,VALID,OK
C:\Users\techa\Documents\Tech4Aditya\SIH\cyclone-sih\backend\data\raw\insat\3DIMG_L1C_ASIA_MER\2023\14JUN\3DIMG_14JUN2023_2130_L1C_ASIA_MER_V01R00.h5,VALID,OK
C:\Users\techa\Documents\Tech4Aditya\SIH\cyclone-sih\backend\data\raw\insat\3DIMG_L1C_ASIA_MER\2023\14JUN\3DIMG_14JUN2023_2200_L1C_ASIA_MER_V01R00.h5,VALID,OK
C:\Users\techa\Documents\Tech4Aditya\SIH\cyclone-sih\backend\data\raw\insat\3DIMG_L1C_ASIA_MER\2023\14JUN\3DIMG_14JUN2023_2230_L1C_ASIA_MER_V01R00.h5,VALID,OK
C:\Users\techa\Documents\Tech4Aditya\SIH\cyclone-sih\backend\data\raw\insat\3DIMG_L1C_ASIA_MER\2023\14JUN\3DIMG_14JUN2023_2300_L1C_ASIA_MER_V01R00.h5,VALID,OK
C:\Users\techa\Documents\Tech4Aditya\SIH\cyclone-sih\backend\data\raw\insat\3DIMG_L1C_ASIA_MER\2023\14JUN\3DIMG_14JUN2023_2330_L1C_ASIA_MER_V01R00.h5,VALID,OK
C:\Users\techa\Documents\Tech4Aditya\SIH\cyclone-sih\backend\data\raw\insat\3DIMG_L1C_ASIA_MER\2023\15JUN\3DIMG_15JUN2023_1330_L1C_ASIA_MER_V01R00.h5,VALID,OK
C:\Users\techa\Documents\Tech4Aditya\SIH\cyclone-sih\backend\data\raw\insat\3DIMG_L1C_ASIA_MER\2023\15JUN\3DIMG_15JUN2023_1400_L1C_ASIA_MER_V01R00.h5,VALID,OK
C:\Users\techa\Documents\Tech4Aditya\SIH\cyclone-sih\backend\data\raw\insat\3DIMG_L1C_ASIA_MER\2023\15JUN\3DIMG_15JUN2023_1430_L1C_ASIA_MER_V01R00.h5,VALID,OK
C:\Users\techa\Documents\Tech4Aditya\SIH\cyclone-sih\backend\data\raw\insat\3DIMG_L1C_ASIA_MER\2023\15JUN\3DIMG_15JUN2023_1500_L1C_ASIA_MER_V01R00.h5,VALID,OK
C:\Users\techa\Documents\Tech4Aditya\SIH\cyclone-sih\backend\data\raw\insat\3DIMG_L1C_ASIA_MER\2023\15JUN\3DIMG_15JUN2023_1530_L1C_ASIA_MER_V01R00.h5,VALID,OK
C:\Users\techa\Documents\Tech4Aditya\SIH\cyclone-sih\backend\data\raw\insat\3DIMG_L1C_ASIA_MER\2023\15JUN\3DIMG_15JUN2023_1600_L1C_ASIA_MER_V01R00.h5,VALID,OK
C:\Users\techa\Documents\Tech4Aditya\SIH\cyclone-sih\backend\data\raw\insat\3DIMG_L1C_ASIA_MER\2023\15JUN\3DIMG_15JUN2023_1630_L1C_ASIA_MER_V01R00.h5,VALID,OK
C:\Users\techa\Documents\Tech4Aditya\SIH\cyclone-sih\backend\data\raw\insat\3DIMG_L1C_ASIA_MER\2023\15JUN\3DIMG_15JUN2023_1700_L1C_ASIA_MER_V01R00.h5,VALID,OK
C:\Users\techa\Documents\Tech4Aditya\SIH\cyclone-sih\backend\data\raw\insat\3DIMG_L1C_ASIA_MER\2023\15JUN\3DIMG_15JUN2023_1730_L1C_ASIA_MER_V01R00.h5,VALID,OK
C:\Users\techa\Documents\Tech4Aditya\SIH\cyclone-sih\backend\data\raw\insat\3DIMG_L1C_ASIA_MER\2023\15JUN\3DIMG_15JUN2023_1800_L1C_ASIA_MER_V01R00.h5,VALID,OK
C:\Users\techa\Documents\Tech4Aditya\SIH\cyclone-sih\backend\data\raw\insat\3DIMG_L1C_ASIA_MER\2023\15JUN\3DIMG_15JUN2023_1830_L1C_ASIA_MER_V01R00.h5,VALID,OK
C:\Users\techa\Documents\Tech4Aditya\SIH\cyclone-sih\backend\data\raw\insat\3DIMG_L1C_ASIA_MER\2023\15JUN\3DIMG_15JUN2023_1900_L1C_ASIA_MER_V01R00.h5,VALID,OK
C:\Users\techa\Documents\Tech4Aditya\SIH\cyclone-sih\backend\data\raw\insat\3DIMG_L1C_ASIA_MER\2023\15JUN\3DIMG_15JUN2023_1930_L1C_ASIA_MER_V01R00.h5,VALID,OK
C:\Users\techa\Documents\Tech4Aditya\SIH\cyclone-sih\backend\data\raw\insat\3DIMG_L1C_ASIA_MER\2023\15JUN\3DIMG_15JUN2023_2000_L1C_ASIA_MER_V01R00.h5,VALID,OK
C:\Users\techa\Documents\Tech4Aditya\SIH\cyclone-sih\backend\data\raw\insat\3DIMG_L1C_ASIA_MER\2023\15JUN\3DIMG_15JUN2023_2030_L1C_ASIA_MER_V01R00.h5,VALID,OK
C:\Users\techa\Documents\Tech4Aditya\SIH\cyclone-sih\backend\data\raw\insat\3DIMG_L1C_ASIA_MER\2023\15JUN\3DIMG_15JUN2023_2130_L1C_ASIA_MER_V01R00.h5,VALID,OK
C:\Users\techa\Documents\Tech4Aditya\SIH\cyclone-sih\backend\data\raw\insat\3DIMG_L1C_ASIA_MER\2023\15JUN\3DIMG_15JUN2023_2200_L1C_ASIA_MER_V01R00.h5,VALID,OK
C:\Users\techa\Documents\Tech4Aditya\SIH\cyclone-sih\backend\data\raw\insat\3DIMG_L1C_ASIA_MER\2023\15JUN\3DIMG_15JUN2023_2230_L1C_ASIA_MER_V01R00.h5,VALID,OK
C:\Users\techa\Documents\Tech4Aditya\SIH\cyclone-sih\backend\data\raw\insat\3DIMG_L1C_ASIA_MER\2023\15JUN\3DIMG_15JUN2023_2300_L1C_ASIA_MER_V01R00.h5,VALID,OK
C:\Users\techa\Documents\Tech4Aditya\SIH\cyclone-sih\backend\data\raw\insat\3DIMG_L1C_ASIA_MER\2023\15JUN\3DIMG_15JUN2023_2330_L1C_ASIA_MER_V01R00.h5,VALID,OK
C:\Users\techa\Documents\Tech4Aditya\SIH\cyclone-sih\backend\data\raw\insat\3DIMG_L1C_ASIA_MER\2023\16JUN\3DIMG_16JUN2023_1300_L1C_ASIA_MER_V01R00.h5,VALID,OK
C:\Users\techa\Documents\Tech4Aditya\SIH\cyclone-sih\backend\data\raw\insat\3DIMG_L1C_ASIA_MER\2023\16JUN\3DIMG_16JUN2023_1430_L1C_ASIA_MER_V01R00.h5,VALID,OK
C:\Users\techa\Documents\Tech4Aditya\SIH\cyclone-sih\backend\data\raw\insat\3DIMG_L1C_ASIA_MER\2023\16JUN\3DIMG_16JUN2023_1500_L1C_ASIA_MER_V01R00.h5,VALID,OK
C:\Users\techa\Documents\Tech4Aditya\SIH\cyclone-sih\backend\data\raw\insat\3DIMG_L1C_ASIA_MER\2023\16JUN\3DIMG_16JUN2023_1530_L1C_ASIA_MER_V01R00.h5,VALID,OK
C:\Users\techa\Documents\Tech4Aditya\SIH\cyclone-sih\backend\data\raw\insat\3DIMG_L1C_ASIA_MER\2023\16JUN\3DIMG_16JUN2023_1600_L1C_ASIA_MER_V01R00.h5,VALID,OK
C:\Users\techa\Documents\Tech4Aditya\SIH\cyclone-sih\backend\data\raw\insat\3DIMG_L1C_ASIA_MER\2023\16JUN\3DIMG_16JUN2023_1630_L1C_ASIA_MER_V01R00.h5,VALID,OK
C:\Users\techa\Documents\Tech4Aditya\SIH\cyclone-sih\backend\data\raw\insat\3DIMG_L1C_ASIA_MER\2023\16JUN\3DIMG_16JUN2023_1700_L1C_ASIA_MER_V01R00.h5,VALID,OK
C:\Users\techa\Documents\Tech4Aditya\SIH\cyclone-sih\backend\data\raw\insat\3DIMG_L1C_ASIA_MER\2023\16JUN\3DIMG_16JUN2023_1730_L1C_ASIA_MER_V01R00.h5,VALID,OK
C:\Users\techa\Documents\Tech4Aditya\SIH\cyclone-sih\backend\data\raw\insat\3DIMG_L1C_ASIA_MER\2023\16JUN\3DIMG_16JUN2023_1800_L1C_ASIA_MER_V01R00.h5,VALID,OK
C:\Users\techa\Documents\Tech4Aditya\SIH\cyclone-sih\backend\data\raw\insat\3DIMG_L1C_ASIA_MER\2023\16JUN\3DIMG_16JUN2023_1830_L1C_ASIA_MER_V01R00.h5,VALID,OK
C:\Users\techa\Documents\Tech4Aditya\SIH\cyclone-sih\backend\data\raw\insat\3DIMG_L1C_ASIA_MER\2023\16JUN\3DIMG_16JUN2023_1900_L1C_ASIA_MER_V01R00.h5,VALID,OK
C:\Users\techa\Documents\Tech4Aditya\SIH\cyclone-sih\backend\data\raw\insat\3DIMG_L1C_ASIA_MER\2023\16JUN\3DIMG_16JUN2023_1930_L1C_ASIA_MER_V01R00.h5,VALID,OK
C:\Users\techa\Documents\Tech4Aditya\SIH\cyclone-sih\backend\data\raw\insat\3DIMG_L1C_ASIA_MER\2023\16JUN\3DIMG_16JUN2023_2000_L1C_ASIA_MER_V01R00.h5,VALID,OK
C:\Users\techa\Documents\Tech4Aditya\SIH\cyclone-sih\backend\data\raw\insat\3DIMG_L1C_ASIA_MER\2023\16JUN\3DIMG_16JUN2023_2030_L1C_ASIA_MER_V01R00.h5,VALID,OK
C:\Users\techa\Documents\Tech4Aditya\SIH\cyclone-sih\backend\data\raw\insat\3DIMG_L1C_ASIA_MER\2023\16JUN\3DIMG_16JUN2023_2100_L1C_ASIA_MER_V01R00.h5,VALID,OK
C:\Users\techa\Documents\Tech4Aditya\SIH\cyclone-sih\backend\data\raw\insat\3DIMG_L1C_ASIA_MER\2023\16JUN\3DIMG_16JUN2023_2130_L1C_ASIA_MER_V01R00.h5,VALID,OK
C:\Users\techa\Documents\Tech4Aditya\SIH\cyclone-sih\backend\data\raw\insat\3DIMG_L1C_ASIA_MER\2023\16JUN\3DIMG_16JUN2023_2200_L1C_ASIA_MER_V01R00.h5,VALID,OK
C:\Users\techa\Documents\Tech4Aditya\SIH\cyclone-sih\backend\data\raw\insat\3DIMG_L1C_ASIA_MER\2023\16JUN\3DIMG_16JUN2023_2230_L1C_ASIA_MER_V01R00.h5,VALID,OK
C:\Users\techa\Documents\Tech4Aditya\SIH\cyclone-sih\backend\data\raw\insat\3DIMG_L1C_ASIA_MER\2023\16JUN\3DIMG_16JUN2023_2300_L1C_ASIA_MER_V01R00.h5,VALID,OK
C:\Users\techa\Documents\Tech4Aditya\SIH\cyclone-sih\backend\data\raw\insat\3DIMG_L1C_ASIA_MER\2023\16JUN\3DIMG_16JUN2023_2330_L1C_ASIA_MER_V01R00.h5,VALID,OK
C:\Users\techa\Documents\Tech4Aditya\SIH\cyclone-sih\backend\data\raw\insat\3DIMG_L1C_ASIA_MER\2023\17JUN\3DIMG_17JUN2023_1300_L1C_ASIA_MER_V01R00.h5,VALID,OK
C:\Users\techa\Documents\Tech4Aditya\SIH\cyclone-sih\backend\data\raw\insat\3DIMG_L1C_ASIA_MER\2023\17JUN\3DIMG_17JUN2023_1430_L1C_ASIA_MER_V01R00.h5,VALID,OK
C:\Users\techa\Documents\Tech4Aditya\SIH\cyclone-sih\backend\data\raw\insat\3DIMG_L1C_ASIA_MER\2023\17JUN\3DIMG_17JUN2023_1500_L1C_ASIA_MER_V01R00.h5,VALID,OK
C:\Users\techa\Documents\Tech4Aditya\SIH\cyclone-sih\backend\data\raw\insat\3DIMG_L1C_ASIA_MER\2023\17JUN\3DIMG_17JUN2023_1530_L1C_ASIA_MER_V01R00.h5,VALID,OK
C:\Users\techa\Documents\Tech4Aditya\SIH\cyclone-sih\backend\data\raw\insat\3DIMG_L1C_ASIA_MER\2023\17JUN\3DIMG_17JUN2023_1600_L1C_ASIA_MER_V01R00.h5,VALID,OK
C:\Users\techa\Documents\Tech4Aditya\SIH\cyclone-sih\backend\data\raw\insat\3DIMG_L1C_ASIA_MER\2023\17JUN\3DIMG_17JUN2023_1630_L1C_ASIA_MER_V01R00.h5,VALID,OK
C:\Users\techa\Documents\Tech4Aditya\SIH\cyclone-sih\backend\data\raw\insat\3DIMG_L1C_ASIA_MER\2023\17JUN\3DIMG_17JUN2023_1700_L1C_ASIA_MER_V01R00.h5,VALID,OK
C:\Users\techa\Documents\Tech4Aditya\SIH\cyclone-sih\backend\data\raw\insat\3DIMG_L1C_ASIA_MER\2023\17JUN\3DIMG_17JUN2023_1730_L1C_ASIA_MER_V01R00.h5,VALID,OK
C:\Users\techa\Documents\Tech4Aditya\SIH\cyclone-sih\backend\data\raw\insat\3DIMG_L1C_ASIA_MER\2023\17JUN\3DIMG_17JUN2023_1800_L1C_ASIA_MER_V01R00.h5,VALID,OK
C:\Users\techa\Documents\Tech4Aditya\SIH\cyclone-sih\backend\data\raw\insat\3DIMG_L1C_ASIA_MER\2023\17JUN\3DIMG_17JUN2023_1830_L1C_ASIA_MER_V01R00.h5,VALID,OK
C:\Users\techa\Documents\Tech4Aditya\SIH\cyclone-sih\backend\data\raw\insat\3DIMG_L1C_ASIA_MER\2023\17JUN\3DIMG_17JUN2023_1900_L1C_ASIA_MER_V01R00.h5,VALID,OK
C:\Users\techa\Documents\Tech4Aditya\SIH\cyclone-sih\backend\data\raw\insat\3DIMG_L1C_ASIA_MER\2023\17JUN\3DIMG_17JUN2023_1930_L1C_ASIA_MER_V01R00.h5,VALID,OK
C:\Users\techa\Documents\Tech4Aditya\SIH\cyclone-sih\backend\data\raw\insat\3DIMG_L1C_ASIA_MER\2023\17JUN\3DIMG_17JUN2023_2000_L1C_ASIA_MER_V01R00.h5,VALID,OK
C:\Users\techa\Documents\Tech4Aditya\SIH\cyclone-sih\backend\data\raw\insat\3DIMG_L1C_ASIA_MER\2023\17JUN\3DIMG_17JUN2023_2030_L1C_ASIA_MER_V01R00.h5,VALID,OK
C:\Users\techa\Documents\Tech4Aditya\SIH\cyclone-sih\backend\data\raw\insat\3DIMG_L1C_ASIA_MER\2023\17JUN\3DIMG_17JUN2023_2100_L1C_ASIA_MER_V01R00.h5,VALID,OK
C:\Users\techa\Documents\Tech4Aditya\SIH\cyclone-sih\backend\data\raw\insat\3DIMG_L1C_ASIA_MER\2023\17JUN\3DIMG_17JUN2023_2130_L1C_ASIA_MER_V01R00.h5,VALID,OK
C:\Users\techa\Documents\Tech4Aditya\SIH\cyclone-sih\backend\data\raw\insat\3DIMG_L1C_ASIA_MER\2023\17JUN\3DIMG_17JUN2023_2200_L1C_ASIA_MER_V01R00.h5,VALID,OK
C:\Users\techa\Documents\Tech4Aditya\SIH\cyclone-sih\backend\data\raw\insat\3DIMG_L1C_ASIA_MER\2023\17JUN\3DIMG_17JUN2023_2230_L1C_ASIA_MER_V01R00.h5,VALID,OK
C:\Users\techa\Documents\Tech4Aditya\SIH\cyclone-sih\backend\data\raw\insat\3DIMG_L1C_ASIA_MER\2023\17JUN\3DIMG_17JUN2023_2300_L1C_ASIA_MER_V01R00.h5,VALID,OK
C:\Users\techa\Documents\Tech4Aditya\SIH\cyclone-sih\backend\data\raw\insat\3DIMG_L1C_ASIA_MER\2023\17JUN\3DIMG_17JUN2023_2330_L1C_ASIA_MER_V01R00.h5,VALID,OK
C:\Users\techa\Documents\Tech4Aditya\SIH\cyclone-sih\backend\data\raw\insat\3DIMG_L1C_ASIA_MER\2023\18JUN\3DIMG_18JUN2023_1330_L1C_ASIA_MER_V01R00.h5,VALID,OK
C:\Users\techa\Documents\Tech4Aditya\SIH\cyclone-sih\backend\data\raw\insat\3DIMG_L1C_ASIA_MER\2023\18JUN\3DIMG_18JUN2023_1400_L1C_ASIA_MER_V01R00.h5,VALID,OK
C:\Users\techa\Documents\Tech4Aditya\SIH\cyclone-sih\backend\data\raw\insat\3DIMG_L1C_ASIA_MER\2023\18JUN\3DIMG_18JUN2023_1430_L1C_ASIA_MER_V01R00.h5,VALID,OK
C:\Users\techa\Documents\Tech4Aditya\SIH\cyclone-sih\backend\data\raw\insat\3DIMG_L1C_ASIA_MER\2023\18JUN\3DIMG_18JUN2023_1500_L1C_ASIA_MER_V01R00.h5,VALID,OK
C:\Users\techa\Documents\Tech4Aditya\SIH\cyclone-sih\backend\data\raw\insat\3DIMG_L1C_ASIA_MER\2023\18JUN\3DIMG_18JUN2023_1530_L1C_ASIA_MER_V01R00.h5,VALID,OK
C:\Users\techa\Documents\Tech4Aditya\SIH\cyclone-sih\backend\data\raw\insat\3DIMG_L1C_ASIA_MER\2023\18JUN\3DIMG_18JUN2023_1600_L1C_ASIA_MER_V01R00.h5,VALID,OK
C:\Users\techa\Documents\Tech4Aditya\SIH\cyclone-sih\backend\data\raw\insat\3DIMG_L1C_ASIA_MER\2023\18JUN\3DIMG_18JUN2023_1630_L1C_ASIA_MER_V01R00.h5,VALID,OK
C:\Users\techa\Documents\Tech4Aditya\SIH\cyclone-sih\backend\data\raw\insat\3DIMG_L1C_ASIA_MER\2023\18JUN\3DIMG_18JUN2023_1700_L1C_ASIA_MER_V01R00.h5,VALID,OK
C:\Users\techa\Documents\Tech4Aditya\SIH\cyclone-sih\backend\data\raw\insat\3DIMG_L1C_ASIA_MER\2023\18JUN\3DIMG_18JUN2023_1730_L1C_ASIA_MER_V01R00.h5,VALID,OK
C:\Users\techa\Documents\Tech4Aditya\SIH\cyclone-sih\backend\data\raw\insat\3DIMG_L1C_ASIA_MER\2023\18JUN\3DIMG_18JUN2023_1800_L1C_ASIA_MER_V01R00.h5,VALID,OK
C:\Users\techa\Documents\Tech4Aditya\SIH\cyclone-sih\backend\data\raw\insat\3DIMG_L1C_ASIA_MER\2023\18JUN\3DIMG_18JUN2023_1830_L1C_ASIA_MER_V01R00.h5,VALID,OK
C:\Users\techa\Documents\Tech4Aditya\SIH\cyclone-sih\backend\data\raw\insat\3DIMG_L1C_ASIA_MER\2023\18JUN\3DIMG_18JUN2023_1900_L1C_ASIA_MER_V01R00.h5,VALID,OK
C:\Users\techa\Documents\Tech4Aditya\SIH\cyclone-sih\backend\data\raw\insat\3DIMG_L1C_ASIA_MER\2023\18JUN\3DIMG_18JUN2023_1930_L1C_ASIA_MER_V01R00.h5,VALID,OK
C:\Users\techa\Documents\Tech4Aditya\SIH\cyclone-sih\backend\data\raw\insat\3DIMG_L1C_ASIA_MER\2023\18JUN\3DIMG_18JUN2023_2000_L1C_ASIA_MER_V01R00.h5,VALID,OK
C:\Users\techa\Documents\Tech4Aditya\SIH\cyclone-sih\backend\data\raw\insat\3DIMG_L1C_ASIA_MER\2023\18JUN\3DIMG_18JUN2023_2030_L1C_ASIA_MER_V01R00.h5,VALID,OK
C:\Users\techa\Documents\Tech4Aditya\SIH\cyclone-sih\backend\data\raw\insat\3DIMG_L1C_ASIA_MER\2023\18JUN\3DIMG_18JUN2023_2100_L1C_ASIA_MER_V01R00.h5,VALID,OK
C:\Users\techa\Documents\Tech4Aditya\SIH\cyclone-sih\backend\data\raw\insat\3DIMG_L1C_ASIA_MER\2023\18JUN\3DIMG_18JUN2023_2130_L1C_ASIA_MER_V01R00.h5,VALID,OK
C:\Users\techa\Documents\Tech4Aditya\SIH\cyclone-sih\backend\data\raw\insat\3DIMG_L1C_ASIA_MER\2023\18JUN\3DIMG_18JUN2023_2230_L1C_ASIA_MER_V01R00.h5,VALID,OK
C:\Users\techa\Documents\Tech4Aditya\SIH\cyclone-sih\backend\data\raw\insat\3DIMG_L1C_ASIA_MER\2023\18JUN\3DIMG_18JUN2023_2300_L1C_ASIA_MER_V01R00.h5,VALID,OK
C:\Users\techa\Documents\Tech4Aditya\SIH\cyclone-sih\backend\data\raw\insat\3DIMG_L1C_ASIA_MER\2023\18JUN\3DIMG_18JUN2023_2330_L1C_ASIA_MER_V01R00.h5,VALID,OK
C:\Users\techa\Documents\Tech4Aditya\SIH\cyclone-sih\backend\data\raw\insat\3DIMG_L1C_ASIA_MER\2023\19JUN\3DIMG_19JUN2023_1400_L1C_ASIA_MER_V01R00.h5,VALID,OK
C:\Users\techa\Documents\Tech4Aditya\SIH\cyclone-sih\backend\data\raw\insat\3DIMG_L1C_ASIA_MER\2023\19JUN\3DIMG_19JUN2023_1430_L1C_ASIA_MER_V01R00.h5,VALID,OK
C:\Users\techa\Documents\Tech4Aditya\SIH\cyclone-sih\backend\data\raw\insat\3DIMG_L1C_ASIA_MER\2023\19JUN\3DIMG_19JUN2023_1500_L1C_ASIA_MER_V01R00.h5,VALID,OK
C:\Users\techa\Documents\Tech4Aditya\SIH\cyclone-sih\backend\data\raw\insat\3DIMG_L1C_ASIA_MER\2023\19JUN\3DIMG_19JUN2023_1530_L1C_ASIA_MER_V01R00.h5,VALID,OK
C:\Users\techa\Documents\Tech4Aditya\SIH\cyclone-sih\backend\data\raw\insat\3DIMG_L1C_ASIA_MER\2023\19JUN\3DIMG_19JUN2023_1600_L1C_ASIA_MER_V01R00.h5,VALID,OK
C:\Users\techa\Documents\Tech4Aditya\SIH\cyclone-sih\backend\data\raw\insat\3DIMG_L1C_ASIA_MER\2023\19JUN\3DIMG_19JUN2023_1630_L1C_ASIA_MER_V01R00.h5,VALID,OK
C:\Users\techa\Documents\Tech4Aditya\SIH\cyclone-sih\backend\data\raw\insat\3DIMG_L1C_ASIA_MER\2023\19JUN\3DIMG_19JUN2023_1700_L1C_ASIA_MER_V01R00.h5,VALID,OK
C:\Users\techa\Documents\Tech4Aditya\SIH\cyclone-sih\backend\data\raw\insat\3DIMG_L1C_ASIA_MER\2023\19JUN\3DIMG_19JUN2023_1730_L1C_ASIA_MER_V01R00.h5,VALID,OK
C:\Users\techa\Documents\Tech4Aditya\SIH\cyclone-sih\backend\data\raw\insat\3DIMG_L1C_ASIA_MER\2023\19JUN\3DIMG_19JUN2023_1800_L1C_ASIA_MER_V01R00.h5,VALID,OK
C:\Users\techa\Documents\Tech4Aditya\SIH\cyclone-sih\backend\data\raw\insat\3DIMG_L1C_ASIA_MER\2023\19JUN\3DIMG_19JUN2023_1830_L1C_ASIA_MER_V01R00.h5,VALID,OK
C:\Users\techa\Documents\Tech4Aditya\SIH\cyclone-sih\backend\data\raw\insat\3DIMG_L1C_ASIA_MER\2023\19JUN\3DIMG_19JUN2023_1900_L1C_ASIA_MER_V01R00.h5,VALID,OK
C:\Users\techa\Documents\Tech4Aditya\SIH\cyclone-sih\backend\data\raw\insat\3DIMG_L1C_ASIA_MER\2023\19JUN\3DIMG_19JUN2023_1930_L1C_ASIA_MER_V01R00.h5,VALID,OK
C:\Users\techa\Documents\Tech4Aditya\SIH\cyclone-sih\backend\data\raw\insat\3DIMG_L1C_ASIA_MER\2023\19JUN\3DIMG_19JUN2023_2000_L1C_ASIA_MER_V01R00.h5,VALID,OK
C:\Users\techa\Documents\Tech4Aditya\SIH\cyclone-sih\backend\data\raw\insat\3DIMG_L1C_ASIA_MER\2023\19JUN\3DIMG_19JUN2023_2030_L1C_ASIA_MER_V01R00.h5,VALID,OK
C:\Users\techa\Documents\Tech4Aditya\SIH\cyclone-sih\backend\data\raw\insat\3DIMG_L1C_ASIA_MER\2023\19JUN\3DIMG_19JUN2023_2100_L1C_ASIA_MER_V01R00.h5,VALID,OK
C:\Users\techa\Documents\Tech4Aditya\SIH\cyclone-sih\backend\data\raw\insat\3DIMG_L1C_ASIA_MER\2023\19JUN\3DIMG_19JUN2023_2130_L1C_ASIA_MER_V01R00.h5,VALID,OK
C:\Users\techa\Documents\Tech4Aditya\SIH\cyclone-sih\backend\data\raw\insat\3DIMG_L1C_ASIA_MER\2023\19JUN\3DIMG_19JUN2023_2200_L1C_ASIA_MER_V01R00.h5,VALID,OK
C:\Users\techa\Documents\Tech4Aditya\SIH\cyclone-sih\backend\data\raw\insat\3DIMG_L1C_ASIA_MER\2023\19JUN\3DIMG_19JUN2023_2230_L1C_ASIA_MER_V01R00.h5,VALID,OK
C:\Users\techa\Documents\Tech4Aditya\SIH\cyclone-sih\backend\data\raw\insat\3DIMG_L1C_ASIA_MER\2023\19JUN\3DIMG_19JUN2023_2300_L1C_ASIA_MER_V01R00.h5,VALID,OK
C:\Users\techa\Documents\Tech4Aditya\SIH\cyclone-sih\backend\data\raw\insat\3DIMG_L1C_ASIA_MER\2023\19JUN\3DIMG_19JUN2023_2330_L1C_ASIA_MER_V01R00.h5,VALID,OK
C:\Users\techa\Documents\Tech4Aditya\SIH\cyclone-sih\backend\data\raw\insat\3DIMG_L1C_ASIA_MER\2023\20JUN\3DIMG_20JUN2023_1400_L1C_ASIA_MER_V01R00.h5,VALID,OK
C:\Users\techa\Documents\Tech4Aditya\SIH\cyclone-sih\backend\data\raw\insat\3DIMG_L1C_ASIA_MER\2023\20JUN\3DIMG_20JUN2023_1430_L1C_ASIA_MER_V01R00.h5,VALID,OK
C:\Users\techa\Documents\Tech4Aditya\SIH\cyclone-sih\backend\data\raw\insat\3DIMG_L1C_ASIA_MER\2023\20JUN\3DIMG_20JUN2023_1500_L1C_ASIA_MER_V01R00.h5,VALID,OK
C:\Users\techa\Documents\Tech4Aditya\SIH\cyclone-sih\backend\data\raw\insat\3DIMG_L1C_ASIA_MER\2023\20JUN\3DIMG_20JUN2023_1530_L1C_ASIA_MER_V01R00.h5,VALID,OK
C:\Users\techa\Documents\Tech4Aditya\SIH\cyclone-sih\backend\data\raw\insat\3DIMG_L1C_ASIA_MER\2023\20JUN\3DIMG_20JUN2023_1600_L1C_ASIA_MER_V01R00.h5,VALID,OK
C:\Users\techa\Documents\Tech4Aditya\SIH\cyclone-sih\backend\data\raw\insat\3DIMG_L1C_ASIA_MER\2023\20JUN\3DIMG_20JUN2023_1630_L1C_ASIA_MER_V01R00.h5,VALID,OK
C:\Users\techa\Documents\Tech4Aditya\SIH\cyclone-sih\backend\data\raw\insat\3DIMG_L1C_ASIA_MER\2023\20JUN\3DIMG_20JUN2023_1700_L1C_ASIA_MER_V01R00.h5,VALID,OK
C:\Users\techa\Documents\Tech4Aditya\SIH\cyclone-sih\backend\data\raw\insat\3DIMG_L1C_ASIA_MER\2023\20JUN\3DIMG_20JUN2023_1730_L1C_ASIA_MER_V01R00.h5,VALID,OK
C:\Users\techa\Documents\Tech4Aditya\SIH\cyclone-sih\backend\data\raw\insat\3DIMG_L1C_ASIA_MER\2023\20JUN\3DIMG_20JUN2023_1800_L1C_ASIA_MER_V01R00.h5,VALID,OK
C:\Users\techa\Documents\Tech4Aditya\SIH\cyclone-sih\backend\data\raw\insat\3DIMG_L1C_ASIA_MER\2023\20JUN\3DIMG_20JUN2023_1830_L1C_ASIA_MER_V01R00.h5,VALID,OK
C:\Users\techa\Documents\Tech4Aditya\SIH\cyclone-sih\backend\data\raw\insat\3DIMG_L1C_ASIA_MER\2023\20JUN\3DIMG_20JUN2023_1900_L1C_ASIA_MER_V01R00.h5,VALID,OK
C:\Users\techa\Documents\Tech4Aditya\SIH\cyclone-sih\backend\data\raw\insat\3DIMG_L1C_ASIA_MER\2023\20JUN\3DIMG_20JUN2023_1930_L1C_ASIA_MER_V01R00.h5,VALID,OK
C:\Users\techa\Documents\Tech4Aditya\SIH\cyclone-sih\backend\data\raw\insat\3DIMG_L1C_ASIA_MER\2023\20JUN\3DIMG_20JUN2023_2000_L1C_ASIA_MER_V01R00.h5,VALID,OK
C:\Users\techa\Documents\Tech4Aditya\SIH\cyclone-sih\backend\data\raw\insat\3DIMG_L1C_ASIA_MER\2023\20JUN\3DIMG_20JUN2023_2030_L1C_ASIA_MER_V01R00.h5,VALID,OK
C:\Users\techa\Documents\Tech4Aditya\SIH\cyclone-sih\backend\data\raw\insat\3DIMG_L1C_ASIA_MER\2023\20JUN\3DIMG_20JUN2023_2100_L1C_ASIA_MER_V01R00.h5,VALID,OK
C:\Users\techa\Documents\Tech4Aditya\SIH\cyclone-sih\backend\data\raw\insat\3DIMG_L1C_ASIA_MER\2023\20JUN\3DIMG_20JUN2023_2130_L1C_ASIA_MER_V01R00.h5,VALID,OK
C:\Users\techa\Documents\Tech4Aditya\SIH\cyclone-sih\backend\data\raw\insat\3DIMG_L1C_ASIA_MER\2023\20JUN\3DIMG_20JUN2023_2200_L1C_ASIA_MER_V01R00.h5,VALID,OK
C:\Users\techa\Documents\Tech4Aditya\SIH\cyclone-sih\backend\data\raw\insat\3DIMG_L1C_ASIA_MER\2023\20JUN\3DIMG_20JUN2023_2230_L1C_ASIA_MER_V01R00.h5,VALID,OK
C:\Users\techa\Documents\Tech4Aditya\SIH\cyclone-sih\backend\data\raw\insat\3DIMG_L1C_ASIA_MER\2023\20JUN\3DIMG_20JUN2023_2300_L1C_ASIA_MER_V01R00.h5,VALID,OK
C:\Users\techa\Documents\Tech4Aditya\SIH\cyclone-sih\backend\data\raw\insat\3DIMG_L1C_ASIA_MER\2023\20JUN\3DIMG_20JUN2023_2330_L1C_ASIA_MER_V01R00.h5,VALID,OK
