basin,cyclone_id,lon,lat,timestamp,wind_kt,size_nmi,pressure_hpa,h5_index,datetime
EPAC,200301E,-102.2,9.6,2003051918,25.0,0.0,1007.0,3572,2003-05-19 18:00:00
EPAC,200301E,-102.7,9.6,2003051921,28.0,0.0,1006.0,3573,2003-05-19 21:00:00
EPAC,200301E,-103.1,9.6,2003052000,30.0,0.0,1006.0,3574,2003-05-20 00:00:00
EPAC,200301E,-105.5,9.7,2003052015,48.0,0.0,998.0,3575,2003-05-20 15:00:00
EPAC,200301E,-106.1,9.7,2003052018,50.0,0.0,997.0,3576,2003-05-20 18:00:00
EPAC,200301E,-106.7,9.7,2003052021,50.0,0.0,997.0,3577,2003-05-20 21:00:00
EPAC,200301E,-107.3,9.7,2003052100,50.0,0.0,997.0,3578,2003-05-21 00:00:00
EPAC,200301E,-111.1,10.2,2003052115,45.0,0.0,1000.0,3579,2003-05-21 15:00:00
EPAC,200301E,-111.9,10.4,2003052118,45.0,0.0,1000.0,3580,2003-05-21 18:00:00
EPAC,200301E,-112.7,10.4,2003052121,45.0,0.0,1000.0,3581,2003-05-21 21:00:00
EPAC,200301E,-113.5,10.5,2003052200,45.0,0.0,1000.0,3582,2003-05-22 00:00:00
EPAC,200301E,-117.9,11.3,2003052215,48.0,0.0,998.0,3583,2003-05-22 15:00:00
EPAC,200301E,-118.8,11.5,2003052218,45.0,0.0,1000.0,3584,2003-05-22 18:00:00
EPAC,200301E,-119.8,11.7,2003052221,45.0,0.0,1000.0,3585,2003-05-22 21:00:00
EPAC,200301E,-120.7,11.8,2003052300,45.0,0.0,1000.0,3586,2003-05-23 00:00:00
EPAC,200301E,-125.0,12.7,2003052315,45.0,0.0,1000.0,3587,2003-05-23 15:00:00
EPAC,200301E,-125.9,12.9,2003052318,45.0,0.0,1000.0,3588,2003-05-23 18:00:00
EPAC,200301E,-126.8,13.2,2003052321,45.0,0.0,1000.0,3589,2003-05-23 21:00:00
EPAC,200301E,-127.6,13.4,2003052400,45.0,0.0,1000.0,3590,2003-05-24 00:00:00
EPAC,200301E,-131.2,14.2,2003052415,42.0,0.0,1001.0,3591,2003-05-24 15:00:00
EPAC,200301E,-131.8,14.4,2003052418,40.0,0.0,1002.0,3592,2003-05-24 18:00:00
EPAC,200301E,-132.5,14.5,2003052421,38.0,0.0,1004.0,3593,2003-05-24 21:00:00
EPAC,200301E,-133.2,14.6,2003052500,35.0,0.0,1005.0,3594,2003-05-25 00:00:00
EPAC,200301E,-133.9,14.6,2003052503,32.0,0.0,1006.0,3595,2003-05-25 03:00:00
EPAC,200301E,-137.0,14.2,2003052515,25.0,0.0,1009.0,3596,2003-05-25 15:00:00
EPAC,200301E,-137.8,14.1,2003052518,25.0,0.0,1009.0,3597,2003-05-25 18:00:00
EPAC,200301E,-138.5,14.1,2003052521,25.0,0.0,1009.0,3598,2003-05-25 21:00:00
EPAC,200301E,-139.2,14.1,2003052600,25.0,0.0,1009.0,3599,2003-05-26 00:00:00
EPAC,200301E,-139.8,14.2,2003052603,22.0,0.0,1010.0,3600,2003-05-26 03:00:00
ATLN,200301L,-66.0,31.4,2003041815,30.0,0.0,1008.0,0,2003-04-18 15:00:00
ATLN,200301L,-66.3,31.9,2003041818,30.0,0.0,1007.0,1,2003-04-18 18:00:00
ATLN,200301L,-66.6,32.5,2003041821,30.0,0.0,1007.0,2,2003-04-18 21:00:00
ATLN,200301L,-68.6,34.5,2003041912,35.0,0.0,1006.0,3,2003-04-19 12:00:00
ATLN,200301L,-68.8,34.4,2003041915,35.0,0.0,1006.0,4,2003-04-19 15:00:00
ATLN,200301L,-69.1,34.3,2003041918,35.0,0.0,1006.0,5,2003-04-19 18:00:00
ATLN,200301L,-69.0,34.0,2003041921,38.0,0.0,1006.0,6,2003-04-19 21:00:00
ATLN,200301L,-68.2,32.0,2003042012,45.0,0.0,1000.0,7,2003-04-20 12:00:00
ATLN,200301L,-67.8,31.9,2003042015,45.0,0.0,999.0,8,2003-04-20 15:00:00
ATLN,200301L,-67.3,31.7,2003042018,45.0,0.0,998.0,9,2003-04-20 18:00:00
ATLN,200301L,-66.8,31.5,2003042021,48.0,0.0,997.0,10,2003-04-20 21:00:00
ATLN,200301L,-64.8,30.0,2003042112,50.0,0.0,995.0,11,2003-04-21 12:00:00
ATLN,200301L,-64.0,29.7,2003042115,50.0,0.0,995.0,12,2003-04-21 15:00:00
ATLN,200301L,-63.1,29.4,2003042118,50.0,0.0,994.0,13,2003-04-21 18:00:00
ATLN,200301L,-62.3,29.4,2003042121,50.0,0.0,994.0,14,2003-04-21 21:00:00
ATLN,200301L,-58.5,29.6,2003042212,45.0,0.0,995.0,15,2003-04-22 12:00:00
ATLN,200301L,-57.5,29.6,2003042215,45.0,0.0,996.0,16,2003-04-22 15:00:00
ATLN,200301L,-56.6,29.7,2003042218,45.0,0.0,996.0,17,2003-04-22 18:00:00
ATLN,200301L,-55.7,29.9,2003042221,43.0,0.0,997.0,18,2003-04-22 21:00:00
ATLN,200301L,-52.3,31.0,2003042309,40.0,0.0,1000.0,19,2003-04-23 09:00:00
ATLN,200301L,-51.5,31.4,2003042312,40.0,0.0,1000.0,20,2003-04-23 12:00:00
ATLN,200301L,-51.0,31.6,2003042315,38.0,0.0,1001.0,21,2003-04-23 15:00:00
ATLN,200301L,-50.6,31.9,2003042318,35.0,0.0,1001.0,22,2003-04-23 18:00:00
ATLN,200301L,-50.1,32.0,2003042321,35.0,0.0,1002.0,23,2003-04-23 21:00:00
ATLN,200301L,-48.3,31.9,2003042409,35.0,0.0,1005.0,24,2003-04-24 09:00:00
ATLN,200301L,-47.8,31.8,2003042412,35.0,0.0,1005.0,25,2003-04-24 12:00:00
ATLN,200301L,-47.2,31.6,2003042415,35.0,0.0,1005.0,26,2003-04-24 15:00:00
ATLN,200301L,-46.6,31.5,2003042418,35.0,0.0,1005.0,27,2003-04-24 18:00:00
ATLN,200301L,-46.0,31.5,2003042421,35.0,0.0,1005.0,28,2003-04-24 21:00:00
ATLN,200301L,-43.7,31.6,2003042509,33.0,0.0,1004.0,29,2003-04-25 09:00:00
ATLN,200301L,-43.1,31.7,2003042512,30.0,0.0,1003.0,30,2003-04-25 12:00:00
ATLN,200301L,-42.6,31.8,2003042515,30.0,0.0,1004.0,31,2003-04-25 15:00:00
ATLN,200301L,-42.1,31.8,2003042518,30.0,0.0,1004.0,32,2003-04-25 18:00:00
ATLN,200301L,-41.5,31.9,2003042521,30.0,0.0,1005.0,33,2003-04-25 21:00:00
ATLN,200301L,-37.0,32.6,2003042609,35.0,0.0,1002.0,34,2003-04-26 09:00:00
ATLN,200301L,-35.6,32.9,2003042612,35.0,0.0,1002.0,35,2003-04-26 12:00:00
ATLN,200301L,-34.2,33.3,2003042615,38.0,0.0,1002.0,36,2003-04-26 15:00:00
ATLN,200301L,-32.8,33.6,2003042618,40.0,0.0,1002.0,37,2003-04-26 18:00:00
ATLN,200301L,-24.1,35.7,2003042709,40.0,0.0,1000.0,38,2003-04-27 09:00:00
ATLN,200301L,-22.4,36.1,2003042712,40.0,0.0,1000.0,39,2003-04-27 12:00:00
WPAC,200301W,179.0,1.9,2003011118,15.0,0.0,1006.0,6077,2003-01-11 18:00:00
WPAC,200301W,178.8,1.9,2003011121,15.0,0.0,1006.0,6078,2003-01-11 21:00:00
WPAC,200301W,178.5,1.8,2003011200,15.0,0.0,1006.0,6079,2003-01-12 00:00:00
WPAC,200301W,178.2,1.7,2003011203,15.0,0.0,1006.0,6080,2003-01-12 03:00:00
WPAC,200301W,178.0,1.6,2003011206,15.0,0.0,1006.0,6081,2003-01-12 06:00:00
WPAC,200301W,177.2,1.6,2003011218,15.0,0.0,1006.0,6082,2003-01-12 18:00:00
WPAC,200301W,177.0,1.8,2003011221,15.0,0.0,1006.0,6083,2003-01-12 21:00:00
WPAC,200301W,176.8,1.9,2003011300,15.0,0.0,1006.0,6084,2003-01-13 00:00:00
WPAC,200301W,176.5,2.1,2003011303,15.0,0.0,1006.0,6085,2003-01-13 03:00:00
WPAC,200301W,176.2,2.4,2003011306,15.0,0.0,1006.0,6086,2003-01-13 06:00:00
WPAC,200301W,172.4,4.6,2003011321,23.0,0.0,1003.0,6087,2003-01-13 21:00:00
WPAC,200301W,171.5,5.1,2003011400,25.0,0.0,1002.0,6088,2003-01-14 00:00:00
WPAC,200301W,170.6,5.4,2003011403,25.0,0.0,1002.0,6089,2003-01-14 03:00:00
WPAC,200301W,169.7,5.7,2003011406,25.0,0.0,1002.0,6090,2003-01-14 06:00:00
WPAC,200301W,166.2,5.5,2003011421,25.0,0.0,1002.0,6091,2003-01-14 21:00:00
WPAC,200301W,165.6,5.4,2003011500,25.0,0.0,1002.0,6092,2003-01-15 00:00:00
WPAC,200301W,164.8,5.7,2003011503,25.0,0.0,1003.0,6093,2003-01-15 03:00:00
WPAC,200301W,164.1,6.0,2003011506,25.0,0.0,1004.0,6094,2003-01-15 06:00:00
WPAC,200301W,160.0,7.6,2003011521,30.0,0.0,1000.0,6095,2003-01-15 21:00:00
WPAC,200301W,159.2,7.9,2003011600,30.0,0.0,1000.0,6096,2003-01-16 00:00:00
WPAC,200301W,158.5,8.2,2003011603,30.0,0.0,1000.0,6097,2003-01-16 03:00:00
WPAC,200301W,157.8,8.5,2003011606,30.0,0.0,1000.0,6098,2003-01-16 06:00:00
WPAC,200301W,153.8,9.7,2003011621,33.0,41.2,999.0,6099,2003-01-16 21:00:00
WPAC,200301W,153.0,10.0,2003011700,35.0,82.5,997.0,6100,2003-01-17 00:00:00
WPAC,200301W,152.2,10.4,2003011703,35.0,82.5,997.0,6101,2003-01-17 03:00:00
WPAC,200301W,151.4,10.9,2003011706,35.0,82.5,997.0,6102,2003-01-17 06:00:00
WPAC,200301W,147.9,12.8,2003011721,38.0,41.2,996.0,6103,2003-01-17 21:00:00
WPAC,200301W,147.4,13.2,2003011800,40.0,82.5,994.0,6104,2003-01-18 00:00:00
WPAC,200301W,147.1,13.4,2003011803,43.0,82.5,993.0,6105,2003-01-18 03:00:00
WPAC,200301W,146.7,13.7,2003011806,45.0,82.5,991.0,6106,2003-01-18 06:00:00
WPAC,200301W,147.8,14.4,2003011821,50.0,80.0,987.0,6107,2003-01-18 21:00:00
WPAC,200301W,148.2,14.5,2003011900,50.0,80.0,987.0,6108,2003-01-19 00:00:00
WPAC,200301W,148.6,14.7,2003011903,48.0,80.0,989.0,6109,2003-01-19 03:00:00
WPAC,200301W,149.0,14.8,2003011906,45.0,80.0,991.0,6110,2003-01-19 06:00:00
WPAC,200301W,151.4,16.4,2003011921,40.0,71.2,994.0,6111,2003-01-19 21:00:00
WPAC,200301W,152.0,16.7,2003012000,40.0,62.5,994.0,6112,2003-01-20 00:00:00
WPAC,200301W,152.7,16.9,2003012003,38.0,62.5,996.0,6113,2003-01-20 03:00:00
WPAC,200301W,153.4,17.2,2003012006,35.0,62.5,997.0,6114,2003-01-20 06:00:00
WPAC,200301W,156.1,18.1,2003012021,28.0,0.0,1001.0,6115,2003-01-20 21:00:00
WPAC,200301W,156.3,18.2,2003012100,25.0,0.0,1002.0,6116,2003-01-21 00:00:00
WPAC,200301W,156.4,18.3,2003012103,23.0,0.0,1003.0,6117,2003-01-21 03:00:00
WPAC,200301W,156.6,18.4,2003012106,20.0,0.0,1004.0,6118,2003-01-21 06:00:00
EPAC,200302E,-103.2,15.9,2003061700,25.0,0.0,1007.0,3601,2003-06-17 00:00:00
EPAC,200302E,-103.5,16.4,2003061715,33.0,0.0,1003.0,3602,2003-06-17 15:00:00
EPAC,200302E,-103.5,16.5,2003061718,35.0,0.0,1001.0,3603,2003-06-17 18:00:00
EPAC,200302E,-103.6,16.6,2003061721,40.0,0.0,1001.0,3604,2003-06-17 21:00:00
EPAC,200302E,-103.6,16.6,2003061800,45.0,0.0,1000.0,3605,2003-06-18 00:00:00
EPAC,200302E,-104.2,16.7,2003061815,48.0,0.0,999.0,3606,2003-06-18 15:00:00
EPAC,200302E,-104.3,16.7,2003061818,50.0,0.0,997.0,3607,2003-06-18 18:00:00
EPAC,200302E,-104.4,16.6,2003061821,48.0,0.0,998.0,3608,2003-06-18 21:00:00
EPAC,200302E,-104.5,16.6,2003061900,45.0,0.0,998.0,3609,2003-06-19 00:00:00
EPAC,200302E,-104.8,16.3,2003061915,45.0,0.0,1000.0,3610,2003-06-19 15:00:00
EPAC,200302E,-104.9,16.1,2003061918,45.0,0.0,1000.0,3611,2003-06-19 18:00:00
EPAC,200302E,-105.0,16.0,2003061921,43.0,0.0,1001.0,3612,2003-06-19 21:00:00
EPAC,200302E,-105.1,15.9,2003062000,40.0,0.0,1002.0,3613,2003-06-20 00:00:00
EPAC,200302E,-105.8,15.6,2003062015,33.0,0.0,1005.0,3614,2003-06-20 15:00:00
EPAC,200302E,-106.0,15.5,2003062018,30.0,0.0,1006.0,3615,2003-06-20 18:00:00
EPAC,200302E,-106.2,15.4,2003062021,28.0,0.0,1006.0,3616,2003-06-20 21:00:00
EPAC,200302E,-106.3,15.3,2003062100,25.0,0.0,1006.0,3617,2003-06-21 00:00:00
EPAC,200302E,-106.1,15.5,2003062115,25.0,0.0,1008.0,3618,2003-06-21 15:00:00
EPAC,200302E,-106.0,15.5,2003062118,25.0,0.0,1008.0,3619,2003-06-21 18:00:00
EPAC,200302E,-105.8,15.6,2003062121,25.0,0.0,1009.0,3620,2003-06-21 21:00:00
EPAC,200302E,-105.7,15.6,2003062200,25.0,0.0,1009.0,3621,2003-06-22 00:00:00
EPAC,200302E,-104.7,15.9,2003062215,20.0,0.0,1009.0,3622,2003-06-22 15:00:00
EPAC,200302E,-104.5,15.9,2003062218,20.0,0.0,1009.0,3623,2003-06-22 18:00:00
EPAC,200302E,-104.3,15.9,2003062221,20.0,0.0,1009.0,3624,2003-06-22 21:00:00
EPAC,200302E,-104.1,16.0,2003062300,20.0,0.0,1009.0,3625,2003-06-23 00:00:00
EPAC,200302E,-103.8,16.3,2003062315,20.0,0.0,1009.0,3626,2003-06-23 15:00:00
EPAC,200302E,-103.7,16.4,2003062318,20.0,0.0,1009.0,3627,2003-06-23 18:00:00
EPAC,200302E,-103.7,16.5,2003062321,20.0,0.0,1009.0,3628,2003-06-23 21:00:00
EPAC,200302E,-103.6,16.6,2003062400,20.0,0.0,1009.0,3629,2003-06-24 00:00:00
ATLN,200302L,-43.4,9.6,2003061109,30.0,0.0,1008.0,40,2003-06-11 09:00:00
ATLN,200302L,-44.2,9.7,2003061112,30.0,0.0,1008.0,41,2003-06-11 12:00:00
ATLN,200302L,-45.0,9.7,2003061115,30.0,0.0,1009.0,42,2003-06-11 15:00:00
ATLN,200302L,-45.9,9.7,2003061118,30.0,0.0,1010.0,43,2003-06-11 18:00:00
WPAC,200302W,160.1,3.5,2003040821,28.0,0.0,1001.0,6119,2003-04-08 21:00:00
WPAC,200302W,160.2,3.7,2003040900,30.0,0.0,1000.0,6120,2003-04-09 00:00:00
WPAC,200302W,160.3,3.9,2003040903,33.0,0.0,999.0,6121,2003-04-09 03:00:00
WPAC,200302W,160.4,4.1,2003040906,35.0,0.0,997.0,6122,2003-04-09 06:00:00
WPAC,200302W,160.5,6.0,2003040921,38.0,100.0,996.0,6123,2003-04-09 21:00:00
WPAC,200302W,160.4,6.5,2003041000,40.0,100.0,994.0,6124,2003-04-10 00:00:00
WPAC,200302W,160.1,7.0,2003041003,40.0,100.0,994.0,6125,2003-04-10 03:00:00
WPAC,200302W,159.7,7.5,2003041006,40.0,100.0,994.0,6126,2003-04-10 06:00:00
WPAC,200302W,157.9,8.8,2003041021,40.0,91.2,994.0,6127,2003-04-10 21:00:00
WPAC,200302W,157.6,9.1,2003041100,40.0,91.2,994.0,6128,2003-04-11 00:00:00
WPAC,200302W,157.2,9.3,2003041103,40.0,91.2,994.0,6129,2003-04-11 03:00:00
WPAC,200302W,156.8,9.6,2003041106,40.0,91.2,994.0,6130,2003-04-11 06:00:00
WPAC,200302W,154.8,10.2,2003041121,53.0,89.4,986.0,6131,2003-04-11 21:00:00
WPAC,200302W,154.3,10.2,2003041200,55.0,87.5,984.0,6132,2003-04-12 00:00:00
WPAC,200302W,153.9,10.2,2003041203,55.0,87.5,984.0,6133,2003-04-12 03:00:00
WPAC,200302W,153.4,10.2,2003041206,55.0,87.5,984.0,6134,2003-04-12 06:00:00
WPAC,200302W,151.1,10.1,2003041221,65.0,112.5,976.0,6135,2003-04-12 21:00:00
WPAC,200302W,150.7,10.1,2003041300,65.0,112.5,976.0,6136,2003-04-13 00:00:00
WPAC,200302W,150.2,10.1,2003041303,65.0,112.5,976.0,6137,2003-04-13 03:00:00
WPAC,200302W,149.8,10.2,2003041306,65.0,112.5,976.0,6138,2003-04-13 06:00:00
WPAC,200302W,147.8,10.4,2003041321,83.0,112.5,961.0,6139,2003-04-13 21:00:00
WPAC,200302W,147.3,10.4,2003041400,90.0,112.5,954.0,6140,2003-04-14 00:00:00
WPAC,200302W,146.8,10.5,2003041403,95.0,112.5,949.0,6141,2003-04-14 03:00:00
WPAC,200302W,146.3,10.6,2003041406,100.0,112.5,944.0,6142,2003-04-14 06:00:00
WPAC,200302W,145.8,10.6,2003041409,105.0,112.5,939.0,6143,2003-04-14 09:00:00
WPAC,200302W,143.2,11.2,2003041421,123.0,125.0,919.0,6144,2003-04-14 21:00:00
WPAC,200302W,142.5,11.4,2003041500,125.0,135.0,916.0,6145,2003-04-15 00:00:00
WPAC,200302W,141.8,11.7,2003041503,125.0,133.8,916.0,6146,2003-04-15 03:00:00
WPAC,200302W,141.1,11.9,2003041506,125.0,132.5,916.0,6147,2003-04-15 06:00:00
WPAC,200302W,140.3,12.1,2003041509,125.0,132.5,916.0,6148,2003-04-15 09:00:00
WPAC,200302W,137.7,12.8,2003041521,133.0,132.5,907.0,6149,2003-04-15 21:00:00
WPAC,200302W,137.0,13.0,2003041600,135.0,132.5,904.0,6150,2003-04-16 00:00:00
WPAC,200302W,136.6,13.2,2003041603,135.0,132.5,904.0,6151,2003-04-16 03:00:00
WPAC,200302W,136.1,13.4,2003041606,135.0,132.5,904.0,6152,2003-04-16 06:00:00
WPAC,200302W,135.6,13.6,2003041609,133.0,132.5,907.0,6153,2003-04-16 09:00:00
WPAC,200302W,134.0,14.0,2003041621,115.0,125.0,933.0,6154,2003-04-16 21:00:00
WPAC,200302W,133.6,14.0,2003041700,115.0,125.0,938.0,6155,2003-04-17 00:00:00
WPAC,200302W,133.2,13.8,2003041703,113.0,125.0,938.0,6156,2003-04-17 03:00:00
WPAC,200302W,132.8,13.7,2003041706,110.0,125.0,938.0,6157,2003-04-17 06:00:00
WPAC,200302W,132.4,13.6,2003041709,108.0,125.0,938.0,6158,2003-04-17 09:00:00
WPAC,200302W,130.9,13.5,2003041721,110.0,125.0,933.0,6159,2003-04-17 21:00:00
WPAC,200302W,130.6,13.5,2003041800,115.0,125.0,927.0,6160,2003-04-18 00:00:00
WPAC,200302W,130.3,13.5,2003041803,120.0,125.0,922.0,6161,2003-04-18 03:00:00
WPAC,200302W,130.0,13.5,2003041806,125.0,125.0,916.0,6162,2003-04-18 06:00:00
WPAC,200302W,129.8,13.6,2003041809,125.0,130.0,916.0,6163,2003-04-18 09:00:00
WPAC,200302W,128.7,14.2,2003041900,115.0,135.0,927.0,6164,2003-04-19 00:00:00
WPAC,200302W,128.5,14.4,2003041903,110.0,135.0,933.0,6165,2003-04-19 03:00:00
WPAC,200302W,128.3,14.7,2003041906,105.0,135.0,938.0,6166,2003-04-19 06:00:00
WPAC,200302W,128.1,14.9,2003041909,100.0,133.1,944.0,6167,2003-04-19 09:00:00
WPAC,200302W,126.6,16.2,2003042000,85.0,132.5,958.0,6168,2003-04-20 00:00:00
WPAC,200302W,126.3,16.4,2003042003,90.0,132.5,954.0,6169,2003-04-20 03:00:00
WPAC,200302W,126.1,16.7,2003042006,95.0,132.5,949.0,6170,2003-04-20 06:00:00
WPAC,200302W,125.8,16.9,2003042009,98.0,132.5,947.0,6171,2003-04-20 09:00:00
WPAC,200302W,124.6,18.4,2003042100,100.0,120.0,944.0,6172,2003-04-21 00:00:00
WPAC,200302W,124.4,18.5,2003042103,98.0,120.0,947.0,6173,2003-04-21 03:00:00
WPAC,200302W,124.3,18.7,2003042106,95.0,120.0,949.0,6174,2003-04-21 06:00:00
WPAC,200302W,124.3,18.9,2003042109,90.0,115.0,954.0,6175,2003-04-21 09:00:00
WPAC,200302W,123.5,19.9,2003042200,55.0,110.0,984.0,6176,2003-04-22 00:00:00
WPAC,200302W,123.3,20.1,2003042203,53.0,105.0,986.0,6177,2003-04-22 03:00:00
WPAC,200302W,123.2,20.3,2003042206,50.0,100.0,987.0,6178,2003-04-22 06:00:00
WPAC,200302W,123.2,20.5,2003042209,48.0,98.8,989.0,6179,2003-04-22 09:00:00
WPAC,200302W,122.5,20.8,2003042300,35.0,97.5,997.0,6180,2003-04-23 00:00:00
WPAC,200302W,122.5,20.9,2003042303,35.0,88.8,997.0,6181,2003-04-23 03:00:00
WPAC,200302W,122.4,20.9,2003042306,35.0,80.0,997.0,6182,2003-04-23 06:00:00
WPAC,200302W,122.4,21.0,2003042309,35.0,86.2,997.0,6183,2003-04-23 09:00:00
WPAC,200302W,122.8,22.1,2003042400,35.0,0.0,997.0,6184,2003-04-24 00:00:00
WPAC,200302W,123.0,22.6,2003042403,35.0,0.0,997.0,6185,2003-04-24 03:00:00
WPAC,200302W,123.2,23.0,2003042406,35.0,0.0,997.0,6186,2003-04-24 06:00:00
WPAC,200302W,123.6,23.9,2003042409,35.0,0.0,997.0,6187,2003-04-24 09:00:00
WPAC,200302W,126.3,27.9,2003042421,35.0,0.0,997.0,6188,2003-04-24 21:00:00
WPAC,200302W,127.3,29.0,2003042500,35.0,0.0,997.0,6189,2003-04-25 00:00:00
WPAC,200302W,128.7,30.6,2003042503,33.0,0.0,999.0,6190,2003-04-25 03:00:00
WPAC,200302W,130.1,32.1,2003042506,30.0,0.0,1000.0,6191,2003-04-25 06:00:00
EPAC,200303E,-97.2,13.9,2003062600,25.0,0.0,1007.0,3630,2003-06-26 00:00:00
EPAC,200303E,-97.5,14.9,2003062615,40.0,0.0,1001.0,3631,2003-06-26 15:00:00
EPAC,200303E,-97.3,15.0,2003062618,45.0,0.0,998.0,3632,2003-06-26 18:00:00
EPAC,200303E,-97.4,15.4,2003062621,50.0,0.0,997.0,3633,2003-06-26 21:00:00
EPAC,200303E,-97.6,15.7,2003062700,55.0,0.0,996.0,3634,2003-06-27 00:00:00
EPAC,200303E,-98.9,16.6,2003062715,28.0,0.0,1003.0,3635,2003-06-27 15:00:00
EPAC,200303E,-99.3,16.7,2003062718,25.0,0.0,1005.0,3636,2003-06-27 18:00:00
EPAC,200303E,-99.6,16.6,2003062721,25.0,0.0,1007.0,3637,2003-06-27 21:00:00
EPAC,200303E,-99.9,16.6,2003062800,25.0,0.0,1008.0,3638,2003-06-28 00:00:00
EPAC,200303E,-101.5,15.9,2003062815,25.0,0.0,1008.0,3639,2003-06-28 15:00:00
EPAC,200303E,-101.8,15.7,2003062818,25.0,0.0,1008.0,3640,2003-06-28 18:00:00
ATLN,200303L,-89.3,20.0,2003062812,20.0,0.0,1008.0,44,2003-06-28 12:00:00
ATLN,200303L,-89.3,20.1,2003062815,20.0,0.0,1008.0,45,2003-06-28 15:00:00
ATLN,200303L,-89.4,20.3,2003062818,20.0,0.0,1008.0,46,2003-06-28 18:00:00
ATLN,200303L,-89.6,20.6,2003062821,20.0,0.0,1008.0,47,2003-06-28 21:00:00
ATLN,200303L,-89.8,21.0,2003062900,20.0,0.0,1008.0,48,2003-06-29 00:00:00
ATLN,200303L,-90.5,23.4,2003062912,35.0,0.0,1007.0,49,2003-06-29 12:00:00
ATLN,200303L,-90.8,24.0,2003062915,38.0,0.0,1008.0,50,2003-06-29 15:00:00
ATLN,200303L,-91.1,24.6,2003062918,40.0,0.0,1009.0,51,2003-06-29 18:00:00
ATLN,200303L,-91.2,25.3,2003062921,43.0,0.0,1009.0,52,2003-06-29 21:00:00
ATLN,200303L,-91.3,25.9,2003063000,45.0,0.0,1008.0,53,2003-06-30 00:00:00
ATLN,200303L,-91.5,28.2,2003063012,50.0,0.0,1002.0,54,2003-06-30 12:00:00
ATLN,200303L,-91.3,28.6,2003063015,50.0,0.0,1000.0,55,2003-06-30 15:00:00
ATLN,200303L,-91.0,29.1,2003063018,50.0,0.0,997.0,56,2003-06-30 18:00:00
ATLN,200303L,-90.7,29.8,2003063021,48.0,0.0,998.0,57,2003-06-30 21:00:00
ATLN,200303L,-90.3,30.4,2003070100,45.0,0.0,998.0,58,2003-07-01 00:00:00
ATLN,200303L,-88.4,32.7,2003070112,25.0,0.0,1004.0,59,2003-07-01 12:00:00
ATLN,200303L,-87.7,33.2,2003070115,23.0,0.0,1006.0,60,2003-07-01 15:00:00
ATLN,200303L,-87.0,33.6,2003070118,20.0,0.0,1007.0,61,2003-07-01 18:00:00
ATLN,200303L,-86.5,33.9,2003070121,20.0,0.0,1007.0,62,2003-07-01 21:00:00
ATLN,200303L,-86.0,34.1,2003070200,20.0,0.0,1007.0,63,2003-07-02 00:00:00
ATLN,200303L,-83.5,35.6,2003070212,20.0,0.0,1009.0,64,2003-07-02 12:00:00
ATLN,200303L,-82.8,36.0,2003070215,20.0,0.0,1009.0,65,2003-07-02 15:00:00
ATLN,200303L,-82.0,36.5,2003070218,20.0,0.0,1009.0,66,2003-07-02 18:00:00
ATLN,200303L,-80.8,36.9,2003070221,20.0,0.0,1009.0,67,2003-07-02 21:00:00
ATLN,200303L,-79.5,37.3,2003070300,20.0,0.0,1009.0,68,2003-07-03 00:00:00
WPAC,200303W,130.7,7.5,2003051706,25.0,0.0,1002.0,6192,2003-05-17 06:00:00
WPAC,200303W,130.6,7.6,2003051709,25.0,0.0,1002.0,6193,2003-05-17 09:00:00
WPAC,200303W,130.3,7.8,2003051721,25.0,0.0,1002.0,6194,2003-05-17 21:00:00
WPAC,200303W,130.2,7.8,2003051800,25.0,0.0,1002.0,6195,2003-05-18 00:00:00
WPAC,200303W,130.1,7.8,2003051803,28.0,0.0,1001.0,6196,2003-05-18 03:00:00
WPAC,200303W,130.0,7.9,2003051806,30.0,0.0,1000.0,6197,2003-05-18 06:00:00
WPAC,200303W,130.0,8.0,2003051809,30.0,0.0,1000.0,6198,2003-05-18 09:00:00
WPAC,200303W,130.7,8.8,2003051821,30.0,0.0,1000.0,6199,2003-05-18 21:00:00
WPAC,200303W,130.9,9.1,2003051900,30.0,0.0,1000.0,6200,2003-05-19 00:00:00
WPAC,200303W,131.1,9.3,2003051903,30.0,0.0,1000.0,6201,2003-05-19 03:00:00
WPAC,200303W,131.2,9.6,2003051906,30.0,0.0,1000.0,6202,2003-05-19 06:00:00
WPAC,200303W,131.2,9.9,2003051909,30.0,0.0,1000.0,6203,2003-05-19 09:00:00
WPAC,200303W,131.1,11.2,2003051921,30.0,0.0,1000.0,6204,2003-05-19 21:00:00
WPAC,200303W,131.0,11.6,2003052000,30.0,0.0,1000.0,6205,2003-05-20 00:00:00
WPAC,200303W,130.9,12.1,2003052003,28.0,0.0,1001.0,6206,2003-05-20 03:00:00
WPAC,200303W,130.8,12.6,2003052006,25.0,0.0,1002.0,6207,2003-05-20 06:00:00
WPAC,200303W,130.6,13.1,2003052009,25.0,0.0,1002.0,6208,2003-05-20 09:00:00
EPAC,200304E,-117.5,15.1,2003070615,35.0,0.0,1006.0,3641,2003-07-06 15:00:00
EPAC,200304E,-117.9,15.5,2003070618,35.0,0.0,1006.0,3642,2003-07-06 18:00:00
EPAC,200304E,-118.3,15.8,2003070621,33.0,0.0,1006.0,3643,2003-07-06 21:00:00
EPAC,200304E,-118.6,16.0,2003070700,30.0,0.0,1006.0,3644,2003-07-07 00:00:00
EPAC,200304E,-120.7,17.1,2003070715,25.0,0.0,1007.0,3645,2003-07-07 15:00:00
EPAC,200304E,-121.1,17.3,2003070718,25.0,0.0,1007.0,3646,2003-07-07 18:00:00
EPAC,200304E,-121.6,17.5,2003070721,25.0,0.0,1007.0,3647,2003-07-07 21:00:00
EPAC,200304E,-122.0,17.6,2003070800,25.0,0.0,1007.0,3648,2003-07-08 00:00:00
EPAC,200304E,-124.8,18.4,2003070815,20.0,0.0,1010.0,3649,2003-07-08 15:00:00
EPAC,200304E,-125.5,18.6,2003070818,20.0,0.0,1010.0,3650,2003-07-08 18:00:00
ATLN,200304L,-57.5,12.6,2003070712,30.0,0.0,1010.0,69,2003-07-07 12:00:00
ATLN,200304L,-58.6,12.9,2003070715,33.0,0.0,1010.0,70,2003-07-07 15:00:00
ATLN,200304L,-59.8,13.2,2003070718,35.0,0.0,1010.0,71,2003-07-07 18:00:00
ATLN,200304L,-60.9,13.4,2003070721,35.0,0.0,1010.0,72,2003-07-07 21:00:00
ATLN,200304L,-67.6,14.4,2003070812,40.0,0.0,1009.0,73,2003-07-08 12:00:00
ATLN,200304L,-68.8,14.6,2003070815,43.0,0.0,1008.0,74,2003-07-08 15:00:00
ATLN,200304L,-70.0,14.8,2003070818,45.0,0.0,1006.0,75,2003-07-08 18:00:00
ATLN,200304L,-71.0,14.9,2003070821,48.0,0.0,1004.0,76,2003-07-08 21:00:00
ATLN,200304L,-76.5,15.3,2003070912,55.0,0.0,1004.0,77,2003-07-09 12:00:00
ATLN,200304L,-77.5,15.6,2003070915,55.0,0.0,1003.0,78,2003-07-09 15:00:00
ATLN,200304L,-79.4,16.0,2003070921,55.0,0.0,1002.0,79,2003-07-09 21:00:00
ATLN,200304L,-80.3,16.1,2003071000,55.0,0.0,1002.0,80,2003-07-10 00:00:00
ATLN,200304L,-82.8,17.5,2003071012,70.0,0.0,988.0,81,2003-07-10 12:00:00
ATLN,200304L,-83.4,18.1,2003071015,63.0,0.0,996.0,82,2003-07-10 15:00:00
ATLN,200304L,-84.1,18.6,2003071018,55.0,0.0,1003.0,83,2003-07-10 18:00:00
ATLN,200304L,-84.8,19.1,2003071021,53.0,0.0,1007.0,84,2003-07-10 21:00:00
ATLN,200304L,-85.5,19.7,2003071100,50.0,0.0,1010.0,85,2003-07-11 00:00:00
ATLN,200304L,-87.2,21.1,2003071112,50.0,0.0,1009.0,86,2003-07-11 12:00:00
ATLN,200304L,-87.7,21.5,2003071115,48.0,0.0,1009.0,87,2003-07-11 15:00:00
ATLN,200304L,-88.2,21.8,2003071118,45.0,0.0,1009.0,88,2003-07-11 18:00:00
ATLN,200304L,-88.7,22.2,2003071121,45.0,0.0,1009.0,89,2003-07-11 21:00:00
ATLN,200304L,-89.2,22.6,2003071200,45.0,0.0,1008.0,90,2003-07-12 00:00:00
ATLN,200304L,-90.7,23.9,2003071212,45.0,0.0,1006.0,91,2003-07-12 12:00:00
ATLN,200304L,-90.8,24.3,2003071215,45.0,0.0,1007.0,92,2003-07-12 15:00:00
ATLN,200304L,-90.9,24.6,2003071218,45.0,0.0,1008.0,93,2003-07-12 18:00:00
ATLN,200304L,-91.2,24.8,2003071221,45.0,0.0,1006.0,94,2003-07-12 21:00:00
ATLN,200304L,-91.5,24.9,2003071300,45.0,0.0,1003.0,95,2003-07-13 00:00:00
ATLN,200304L,-92.1,25.1,2003071312,50.0,0.0,999.0,96,2003-07-13 12:00:00
ATLN,200304L,-92.2,25.2,2003071315,50.0,0.0,997.0,97,2003-07-13 15:00:00
ATLN,200304L,-92.2,25.3,2003071318,50.0,0.0,995.0,98,2003-07-13 18:00:00
ATLN,200304L,-92.2,25.5,2003071321,53.0,0.0,993.0,99,2003-07-13 21:00:00
ATLN,200304L,-92.2,25.6,2003071400,55.0,0.0,991.0,100,2003-07-14 00:00:00
ATLN,200304L,-92.6,26.7,2003071412,55.0,0.0,991.0,101,2003-07-14 12:00:00
ATLN,200304L,-92.8,27.0,2003071415,58.0,0.0,990.0,102,2003-07-14 15:00:00
ATLN,200304L,-93.0,27.3,2003071418,60.0,0.0,989.0,103,2003-07-14 18:00:00
ATLN,200304L,-93.3,27.5,2003071421,60.0,0.0,989.0,104,2003-07-14 21:00:00
ATLN,200304L,-93.6,27.7,2003071500,60.0,0.0,988.0,105,2003-07-15 00:00:00
ATLN,200304L,-95.5,28.3,2003071512,75.0,0.0,982.0,106,2003-07-15 12:00:00
ATLN,200304L,-96.2,28.5,2003071515,73.0,0.0,983.0,107,2003-07-15 15:00:00
ATLN,200304L,-96.9,28.6,2003071518,70.0,0.0,984.0,108,2003-07-15 18:00:00
ATLN,200304L,-97.6,28.6,2003071521,60.0,0.0,990.0,109,2003-07-15 21:00:00
ATLN,200304L,-98.2,28.5,2003071600,50.0,0.0,995.0,110,2003-07-16 00:00:00
ATLN,200304L,-101.7,29.1,2003071615,35.0,0.0,1005.0,111,2003-07-16 15:00:00
ATLN,200304L,-102.6,29.3,2003071618,35.0,0.0,1007.0,112,2003-07-16 18:00:00
ATLN,200304L,-103.4,29.6,2003071621,33.0,0.0,1011.0,113,2003-07-16 21:00:00
ATLN,200304L,-104.3,29.9,2003071700,30.0,0.0,1014.0,114,2003-07-17 00:00:00
WPAC,200304W,148.2,4.6,2003051806,15.0,0.0,1006.0,6209,2003-05-18 06:00:00
WPAC,200304W,149.2,6.0,2003051821,23.0,0.0,1003.0,6210,2003-05-18 21:00:00
WPAC,200304W,149.3,6.3,2003051900,25.0,0.0,1002.0,6211,2003-05-19 00:00:00
WPAC,200304W,149.6,6.5,2003051903,30.0,0.0,1000.0,6212,2003-05-19 03:00:00
WPAC,200304W,149.8,6.7,2003051906,35.0,0.0,997.0,6213,2003-05-19 06:00:00
WPAC,200304W,150.9,7.1,2003051921,35.0,0.0,997.0,6214,2003-05-19 21:00:00
WPAC,200304W,151.0,7.3,2003052000,35.0,0.0,997.0,6215,2003-05-20 00:00:00
WPAC,200304W,150.9,7.5,2003052003,35.0,26.2,997.0,6216,2003-05-20 03:00:00
WPAC,200304W,150.8,7.7,2003052006,35.0,52.5,997.0,6217,2003-05-20 06:00:00
WPAC,200304W,150.4,8.6,2003052021,55.0,72.5,984.0,6218,2003-05-20 21:00:00
WPAC,200304W,150.3,8.8,2003052100,55.0,72.5,984.0,6219,2003-05-21 00:00:00
WPAC,200304W,150.4,9.1,2003052103,55.0,72.5,984.0,6220,2003-05-21 03:00:00
WPAC,200304W,150.6,9.4,2003052106,55.0,72.5,984.0,6221,2003-05-21 06:00:00
WPAC,200304W,151.1,11.4,2003052121,63.0,95.0,978.0,6222,2003-05-21 21:00:00
WPAC,200304W,151.1,11.8,2003052200,65.0,95.0,976.0,6223,2003-05-22 00:00:00
WPAC,200304W,151.2,14.6,2003052221,75.0,102.5,967.0,6224,2003-05-22 21:00:00
WPAC,200304W,151.2,15.6,2003052306,95.0,115.0,949.0,6225,2003-05-23 06:00:00
WPAC,200304W,151.3,16.0,2003052309,100.0,115.0,944.0,6226,2003-05-23 09:00:00
WPAC,200304W,154.2,21.7,2003052421,115.0,125.0,927.0,6227,2003-05-24 21:00:00
WPAC,200304W,154.7,22.4,2003052500,115.0,125.0,927.0,6228,2003-05-25 00:00:00
WPAC,200304W,155.1,23.1,2003052503,103.0,125.0,941.0,6229,2003-05-25 03:00:00
WPAC,200304W,155.6,23.8,2003052506,90.0,125.0,954.0,6230,2003-05-25 06:00:00
WPAC,200304W,158.1,27.6,2003052521,65.0,126.2,976.0,6231,2003-05-25 21:00:00
WPAC,200304W,158.6,28.3,2003052600,65.0,125.0,976.0,6232,2003-05-26 00:00:00
WPAC,200304W,159.5,29.0,2003052603,60.0,125.0,980.0,6233,2003-05-26 03:00:00
WPAC,200304W,160.4,29.7,2003052606,55.0,125.0,984.0,6234,2003-05-26 06:00:00
WPAC,200304W,161.4,30.4,2003052609,55.0,120.0,984.0,6235,2003-05-26 09:00:00
WPAC,200304W,164.5,32.4,2003052618,45.0,0.0,991.0,6236,2003-05-26 18:00:00
WPAC,200304W,165.7,33.1,2003052621,45.0,0.0,991.0,6237,2003-05-26 21:00:00
WPAC,200304W,166.9,33.9,2003052700,45.0,0.0,991.0,6238,2003-05-27 00:00:00
WPAC,200304W,168.9,35.0,2003052703,45.0,0.0,991.0,6239,2003-05-27 03:00:00
WPAC,200304W,170.9,36.1,2003052706,45.0,0.0,991.0,6240,2003-05-27 06:00:00
EPAC,200305E,-106.9,14.4,2003071015,28.0,0.0,1005.0,3651,2003-07-10 15:00:00
EPAC,200305E,-107.5,14.6,2003071018,30.0,0.0,1005.0,3652,2003-07-10 18:00:00
EPAC,200305E,-108.1,14.6,2003071021,30.0,0.0,1005.0,3653,2003-07-10 21:00:00
EPAC,200305E,-108.7,14.6,2003071100,30.0,0.0,1005.0,3654,2003-07-11 00:00:00
EPAC,200305E,-110.8,14.8,2003071115,43.0,0.0,1000.0,3655,2003-07-11 15:00:00
EPAC,200305E,-111.2,14.9,2003071118,45.0,0.0,999.0,3656,2003-07-11 18:00:00
EPAC,200305E,-111.7,15.1,2003071121,50.0,0.0,997.0,3657,2003-07-11 21:00:00
EPAC,200305E,-112.1,15.3,2003071200,55.0,0.0,994.0,3658,2003-07-12 00:00:00
EPAC,200305E,-114.9,17.6,2003071215,55.0,0.0,994.0,3659,2003-07-12 15:00:00
EPAC,200305E,-115.6,18.0,2003071218,55.0,0.0,994.0,3660,2003-07-12 18:00:00
EPAC,200305E,-116.3,18.4,2003071221,53.0,0.0,996.0,3661,2003-07-12 21:00:00
EPAC,200305E,-117.1,18.9,2003071300,50.0,0.0,997.0,3662,2003-07-13 00:00:00
EPAC,200305E,-120.5,19.9,2003071315,33.0,0.0,1004.0,3663,2003-07-13 15:00:00
EPAC,200305E,-121.2,20.0,2003071318,30.0,0.0,1005.0,3664,2003-07-13 18:00:00
EPAC,200305E,-121.8,20.0,2003071321,28.0,0.0,1006.0,3665,2003-07-13 21:00:00
EPAC,200305E,-122.5,20.0,2003071400,25.0,0.0,1006.0,3666,2003-07-14 00:00:00
EPAC,200305E,-125.7,19.4,2003071415,23.0,0.0,1008.0,3667,2003-07-14 15:00:00
EPAC,200305E,-126.2,19.2,2003071418,20.0,0.0,1008.0,3668,2003-07-14 18:00:00
EPAC,200305E,-126.6,19.0,2003071421,20.0,0.0,1008.0,3669,2003-07-14 21:00:00
EPAC,200305E,-126.9,18.9,2003071500,20.0,0.0,1008.0,3670,2003-07-15 00:00:00
EPAC,200305E,-129.3,18.6,2003071515,20.0,0.0,1009.0,3671,2003-07-15 15:00:00
EPAC,200305E,-129.8,18.6,2003071518,20.0,0.0,1009.0,3672,2003-07-15 18:00:00
EPAC,200305E,-130.2,18.6,2003071521,20.0,0.0,1009.0,3673,2003-07-15 21:00:00
EPAC,200305E,-130.6,18.6,2003071600,20.0,0.0,1009.0,3674,2003-07-16 00:00:00
ATLN,200305L,-54.1,30.8,2003071612,25.0,0.0,1017.0,115,2003-07-16 12:00:00
ATLN,200305L,-54.4,31.3,2003071615,28.0,0.0,1016.0,116,2003-07-16 15:00:00
ATLN,200305L,-54.7,31.7,2003071618,30.0,0.0,1015.0,117,2003-07-16 18:00:00
ATLN,200305L,-55.0,32.1,2003071621,33.0,0.0,1014.0,118,2003-07-16 21:00:00
ATLN,200305L,-56.0,33.9,2003071709,48.0,0.0,1010.0,119,2003-07-17 09:00:00
ATLN,200305L,-56.4,34.4,2003071712,50.0,0.0,1009.0,120,2003-07-17 12:00:00
ATLN,200305L,-56.5,34.8,2003071715,53.0,0.0,1009.0,121,2003-07-17 15:00:00
ATLN,200305L,-56.6,35.3,2003071718,55.0,0.0,1008.0,122,2003-07-17 18:00:00
ATLN,200305L,-56.5,35.8,2003071721,55.0,0.0,1008.0,123,2003-07-17 21:00:00
ATLN,200305L,-55.5,37.6,2003071809,58.0,0.0,1005.0,124,2003-07-18 09:00:00
ATLN,200305L,-54.9,38.1,2003071812,60.0,0.0,1003.0,125,2003-07-18 12:00:00
ATLN,200305L,-54.1,38.7,2003071815,63.0,0.0,1003.0,126,2003-07-18 15:00:00
ATLN,200305L,-53.4,39.2,2003071818,65.0,0.0,1002.0,127,2003-07-18 18:00:00
ATLN,200305L,-52.5,39.7,2003071821,65.0,0.0,1002.0,128,2003-07-18 21:00:00
ATLN,200305L,-48.9,41.6,2003071909,65.0,0.0,1001.0,129,2003-07-19 09:00:00
ATLN,200305L,-47.8,42.1,2003071912,65.0,0.0,1001.0,130,2003-07-19 12:00:00
ATLN,200305L,-46.8,42.4,2003071915,63.0,0.0,1002.0,131,2003-07-19 15:00:00
ATLN,200305L,-45.8,42.7,2003071918,60.0,0.0,1003.0,132,2003-07-19 18:00:00
ATLN,200305L,-44.9,42.7,2003071921,58.0,0.0,1004.0,133,2003-07-19 21:00:00
ATLN,200305L,-41.5,42.2,2003072009,43.0,0.0,1008.0,134,2003-07-20 09:00:00
ATLN,200305L,-40.7,41.9,2003072012,40.0,0.0,1008.0,135,2003-07-20 12:00:00
ATLN,200305L,-40.0,41.4,2003072015,35.0,0.0,1009.0,136,2003-07-20 15:00:00
ATLN,200305L,-39.2,40.9,2003072018,30.0,0.0,1009.0,137,2003-07-20 18:00:00
ATLN,200305L,-38.5,40.3,2003072021,30.0,0.0,1009.0,138,2003-07-20 21:00:00
ATLN,200305L,-36.5,38.3,2003072109,28.0,0.0,1011.0,139,2003-07-21 09:00:00
ATLN,200305L,-36.3,37.9,2003072112,25.0,0.0,1011.0,140,2003-07-21 12:00:00
ATLN,200305L,-36.1,37.5,2003072115,25.0,0.0,1012.0,141,2003-07-21 15:00:00
ATLN,200305L,-35.9,37.1,2003072118,25.0,0.0,1013.0,142,2003-07-21 18:00:00
ATLN,200305L,-35.8,36.7,2003072121,25.0,0.0,1014.0,143,2003-07-21 21:00:00
ATLN,200305L,-36.5,35.5,2003072209,25.0,0.0,1018.0,144,2003-07-22 09:00:00
ATLN,200305L,-36.7,35.3,2003072212,25.0,0.0,1018.0,145,2003-07-22 12:00:00
ATLN,200305L,-37.0,35.2,2003072215,25.0,0.0,1019.0,146,2003-07-22 15:00:00
ATLN,200305L,-37.2,35.1,2003072218,25.0,0.0,1019.0,147,2003-07-22 18:00:00
ATLN,200305L,-37.5,35.0,2003072221,23.0,0.0,1020.0,148,2003-07-22 21:00:00
ATLN,200305L,-38.8,35.2,2003072309,20.0,0.0,1020.0,149,2003-07-23 09:00:00
ATLN,200305L,-39.0,35.5,2003072312,20.0,0.0,1020.0,150,2003-07-23 12:00:00
ATLN,200305L,-39.5,35.8,2003072315,20.0,0.0,1020.0,151,2003-07-23 15:00:00
ATLN,200305L,-40.0,36.0,2003072318,20.0,0.0,1020.0,152,2003-07-23 18:00:00
ATLN,200305L,-40.3,36.0,2003072321,20.0,0.0,1021.0,153,2003-07-23 21:00:00
ATLN,200305L,-40.3,36.5,2003072409,20.0,0.0,1021.0,154,2003-07-24 09:00:00
ATLN,200305L,-40.0,36.5,2003072412,20.0,0.0,1021.0,155,2003-07-24 12:00:00
ATLN,200305L,-39.8,36.5,2003072415,20.0,0.0,1021.0,156,2003-07-24 15:00:00
ATLN,200305L,-39.5,36.4,2003072418,20.0,0.0,1021.0,157,2003-07-24 18:00:00
ATLN,200305L,-39.2,36.5,2003072421,20.0,0.0,1022.0,158,2003-07-24 21:00:00
ATLN,200305L,-39.1,36.1,2003072509,20.0,0.0,1022.0,159,2003-07-25 09:00:00
ATLN,200305L,-39.0,36.0,2003072512,20.0,0.0,1022.0,160,2003-07-25 12:00:00
ATLN,200305L,-39.0,35.8,2003072515,20.0,0.0,1022.0,161,2003-07-25 15:00:00
ATLN,200305L,-39.0,35.5,2003072518,20.0,0.0,1022.0,162,2003-07-25 18:00:00
ATLN,200305L,-39.3,35.0,2003072521,20.0,0.0,1023.0,163,2003-07-25 21:00:00
ATLN,200305L,-40.3,33.4,2003072609,20.0,0.0,1023.0,164,2003-07-26 09:00:00
ATLN,200305L,-40.5,33.0,2003072612,20.0,0.0,1023.0,165,2003-07-26 12:00:00
ATLN,200305L,-40.8,32.5,2003072615,20.0,0.0,1023.0,166,2003-07-26 15:00:00
ATLN,200305L,-41.0,32.0,2003072618,20.0,0.0,1023.0,167,2003-07-26 18:00:00
ATLN,200305L,-41.5,31.5,2003072621,20.0,0.0,1024.0,168,2003-07-26 21:00:00
WPAC,200305W,118.7,16.4,2003052421,23.0,0.0,1002.0,6241,2003-05-24 21:00:00
WPAC,200305W,118.6,16.5,2003052500,25.0,0.0,1000.0,6242,2003-05-25 00:00:00
WPAC,200305W,118.4,16.5,2003052503,28.0,0.0,1000.0,6243,2003-05-25 03:00:00
WPAC,200305W,118.3,16.5,2003052506,30.0,0.0,1000.0,6244,2003-05-25 06:00:00
WPAC,200305W,118.2,16.4,2003052509,30.0,0.0,1000.0,6245,2003-05-25 09:00:00
WPAC,200305W,118.4,16.0,2003052600,45.0,70.0,991.0,6246,2003-05-26 00:00:00
WPAC,200305W,118.6,16.1,2003052603,45.0,70.0,991.0,6247,2003-05-26 03:00:00
WPAC,200305W,118.7,16.1,2003052606,45.0,70.0,991.0,6248,2003-05-26 06:00:00
WPAC,200305W,118.8,16.1,2003052609,45.0,70.0,991.0,6249,2003-05-26 09:00:00
WPAC,200305W,119.8,16.1,2003052700,55.0,0.0,984.0,6250,2003-05-27 00:00:00
WPAC,200305W,120.3,16.1,2003052703,50.0,47.5,988.0,6251,2003-05-27 03:00:00
WPAC,200305W,120.8,16.1,2003052706,45.0,95.0,991.0,6252,2003-05-27 06:00:00
WPAC,200305W,121.3,16.2,2003052709,40.0,95.0,994.0,6253,2003-05-27 09:00:00
WPAC,200305W,123.7,17.4,2003052800,30.0,0.0,1000.0,6254,2003-05-28 00:00:00
WPAC,200305W,123.8,18.1,2003052803,30.0,0.0,1000.0,6255,2003-05-28 03:00:00
WPAC,200305W,124.0,18.8,2003052806,30.0,0.0,1000.0,6256,2003-05-28 06:00:00
WPAC,200305W,124.5,19.2,2003052809,30.0,0.0,1000.0,6257,2003-05-28 09:00:00
WPAC,200305W,125.9,21.3,2003052821,33.0,0.0,999.0,6258,2003-05-28 21:00:00
WPAC,200305W,126.3,21.8,2003052900,35.0,0.0,997.0,6259,2003-05-29 00:00:00
WPAC,200305W,126.8,22.2,2003052903,35.0,18.8,997.0,6260,2003-05-29 03:00:00
WPAC,200305W,127.2,22.6,2003052906,35.0,37.5,997.0,6261,2003-05-29 06:00:00
WPAC,200305W,127.7,23.0,2003052909,40.0,40.0,994.0,6262,2003-05-29 09:00:00
WPAC,200305W,129.7,25.1,2003052921,55.0,85.0,984.0,6263,2003-05-29 21:00:00
WPAC,200305W,130.1,25.8,2003053000,55.0,100.0,984.0,6264,2003-05-30 00:00:00
WPAC,200305W,130.6,26.8,2003053003,55.0,97.5,984.0,6265,2003-05-30 03:00:00
WPAC,200305W,131.0,27.8,2003053006,55.0,95.0,984.0,6266,2003-05-30 06:00:00
EPAC,200306E,-105.3,14.0,2003071718,25.0,0.0,1009.0,3675,2003-07-17 18:00:00
EPAC,200306E,-106.2,14.2,2003071721,28.0,0.0,1009.0,3676,2003-07-17 21:00:00
EPAC,200306E,-107.0,14.3,2003071800,30.0,0.0,1008.0,3677,2003-07-18 00:00:00
EPAC,200306E,-110.8,15.1,2003071815,43.0,0.0,1001.0,3678,2003-07-18 15:00:00
EPAC,200306E,-111.6,15.2,2003071818,40.0,0.0,1002.0,3679,2003-07-18 18:00:00
EPAC,200306E,-112.4,15.3,2003071821,40.0,0.0,1002.0,3680,2003-07-18 21:00:00
EPAC,200306E,-113.2,15.3,2003071900,40.0,0.0,1002.0,3681,2003-07-19 00:00:00
EPAC,200306E,-116.8,15.5,2003071915,38.0,0.0,1004.0,3682,2003-07-19 15:00:00
EPAC,200306E,-117.6,15.5,2003071918,35.0,0.0,1005.0,3683,2003-07-19 18:00:00
EPAC,200306E,-118.4,15.4,2003071921,35.0,0.0,1006.0,3684,2003-07-19 21:00:00
EPAC,200306E,-119.2,15.4,2003072000,35.0,0.0,1006.0,3685,2003-07-20 00:00:00
EPAC,200306E,-122.2,15.2,2003072015,30.0,0.0,1009.0,3686,2003-07-20 15:00:00
EPAC,200306E,-122.6,15.2,2003072018,30.0,0.0,1009.0,3687,2003-07-20 18:00:00
EPAC,200306E,-123.1,15.3,2003072021,30.0,0.0,1009.0,3688,2003-07-20 21:00:00
EPAC,200306E,-123.6,15.4,2003072100,30.0,0.0,1009.0,3689,2003-07-21 00:00:00
EPAC,200306E,-127.0,15.9,2003072115,30.0,0.0,1009.0,3690,2003-07-21 15:00:00
EPAC,200306E,-127.7,15.9,2003072118,30.0,0.0,1009.0,3691,2003-07-21 18:00:00
EPAC,200306E,-128.4,16.0,2003072121,30.0,0.0,1009.0,3692,2003-07-21 21:00:00
EPAC,200306E,-129.1,16.1,2003072200,30.0,0.0,1009.0,3693,2003-07-22 00:00:00
EPAC,200306E,-129.7,16.3,2003072203,28.0,0.0,1010.0,3694,2003-07-22 03:00:00
EPAC,200306E,-132.1,16.9,2003072215,25.0,0.0,1010.0,3695,2003-07-22 15:00:00
EPAC,200306E,-132.8,17.1,2003072218,25.0,0.0,1010.0,3696,2003-07-22 18:00:00
EPAC,200306E,-133.7,17.3,2003072221,25.0,0.0,1010.0,3697,2003-07-22 21:00:00
EPAC,200306E,-134.5,17.5,2003072300,25.0,0.0,1010.0,3698,2003-07-23 00:00:00
EPAC,200306E,-138.3,17.6,2003072315,20.0,0.0,1010.0,3699,2003-07-23 15:00:00
EPAC,200306E,-139.0,17.7,2003072318,20.0,0.0,1010.0,3700,2003-07-23 18:00:00
EPAC,200306E,-139.8,17.8,2003072321,20.0,0.0,1010.0,3701,2003-07-23 21:00:00
EPAC,200306E,-140.5,17.8,2003072400,20.0,0.0,1010.0,3702,2003-07-24 00:00:00
EPAC,200306E,-141.4,17.9,2003072403,20.0,0.0,1010.0,3703,2003-07-24 03:00:00
ATLN,200306L,-43.5,12.3,2003071918,30.0,0.0,1010.0,169,2003-07-19 18:00:00
ATLN,200306L,-44.4,12.4,2003071921,30.0,0.0,1010.0,170,2003-07-19 21:00:00
ATLN,200306L,-47.9,12.8,2003072009,30.0,0.0,1011.0,171,2003-07-20 09:00:00
ATLN,200306L,-48.8,12.9,2003072012,30.0,0.0,1011.0,172,2003-07-20 12:00:00
ATLN,200306L,-49.8,13.1,2003072015,30.0,0.0,1012.0,173,2003-07-20 15:00:00
ATLN,200306L,-50.9,13.2,2003072018,30.0,0.0,1012.0,174,2003-07-20 18:00:00
ATLN,200306L,-52.0,13.4,2003072021,30.0,0.0,1012.0,175,2003-07-20 21:00:00
ATLN,200306L,-57.4,14.0,2003072112,30.0,0.0,1012.0,176,2003-07-21 12:00:00
WPAC,200306W,117.1,17.1,2003053106,25.0,0.0,1002.0,6267,2003-05-31 06:00:00
WPAC,200306W,117.0,17.1,2003053109,25.0,0.0,1002.0,6268,2003-05-31 09:00:00
WPAC,200306W,117.2,17.6,2003060100,30.0,0.0,1000.0,6269,2003-06-01 00:00:00
WPAC,200306W,117.3,17.8,2003060103,33.0,20.0,999.0,6270,2003-06-01 03:00:00
WPAC,200306W,117.5,17.9,2003060106,35.0,40.0,997.0,6271,2003-06-01 06:00:00
WPAC,200306W,117.8,18.2,2003060109,38.0,40.0,996.0,6272,2003-06-01 09:00:00
WPAC,200306W,119.6,20.0,2003060200,45.0,62.5,991.0,6273,2003-06-02 00:00:00
WPAC,200306W,120.2,20.4,2003060203,45.0,64.4,991.0,6274,2003-06-02 03:00:00
WPAC,200306W,120.8,20.8,2003060206,45.0,66.2,991.0,6275,2003-06-02 06:00:00
WPAC,200306W,121.4,21.1,2003060209,45.0,65.6,991.0,6276,2003-06-02 09:00:00
WPAC,200306W,125.3,23.0,2003060300,40.0,0.0,994.0,6277,2003-06-03 00:00:00
WPAC,200306W,126.6,23.6,2003060303,38.0,0.0,996.0,6278,2003-06-03 03:00:00
WPAC,200306W,127.9,24.1,2003060306,35.0,0.0,997.0,6279,2003-06-03 06:00:00
WPAC,200306W,129.4,24.9,2003060309,33.0,0.0,999.0,6280,2003-06-03 09:00:00
WPAC,200306W,135.3,28.4,2003060321,25.0,0.0,1002.0,6281,2003-06-03 21:00:00
WPAC,200306W,136.8,29.4,2003060400,25.0,0.0,1002.0,6282,2003-06-04 00:00:00
EPAC,200307E,-116.3,16.4,2003080715,28.0,0.0,1008.0,3704,2003-08-07 15:00:00
EPAC,200307E,-116.6,16.5,2003080718,30.0,0.0,1007.0,3705,2003-08-07 18:00:00
EPAC,200307E,-116.9,16.6,2003080721,35.0,0.0,1005.0,3706,2003-08-07 21:00:00
EPAC,200307E,-117.2,16.6,2003080800,40.0,0.0,1003.0,3707,2003-08-08 00:00:00
EPAC,200307E,-122.8,15.6,2003080915,48.0,0.0,999.0,3708,2003-08-09 15:00:00
EPAC,200307E,-123.4,15.5,2003080918,45.0,0.0,999.0,3709,2003-08-09 18:00:00
EPAC,200307E,-124.0,15.4,2003080921,45.0,0.0,1000.0,3710,2003-08-09 21:00:00
EPAC,200307E,-124.6,15.4,2003081000,45.0,0.0,1000.0,3711,2003-08-10 00:00:00
EPAC,200307E,-127.5,15.5,2003081015,38.0,0.0,1003.0,3712,2003-08-10 15:00:00
EPAC,200307E,-128.0,15.5,2003081018,35.0,0.0,1004.0,3713,2003-08-10 18:00:00
EPAC,200307E,-128.7,15.6,2003081021,35.0,0.0,1005.0,3714,2003-08-10 21:00:00
EPAC,200307E,-129.3,15.6,2003081100,35.0,0.0,1005.0,3715,2003-08-11 00:00:00
EPAC,200307E,-132.8,16.1,2003081115,30.0,0.0,1007.0,3716,2003-08-11 15:00:00
EPAC,200307E,-133.5,16.2,2003081118,30.0,0.0,1007.0,3717,2003-08-11 18:00:00
EPAC,200307E,-134.3,16.3,2003081121,30.0,0.0,1007.0,3718,2003-08-11 21:00:00
EPAC,200307E,-135.0,16.3,2003081200,30.0,0.0,1007.0,3719,2003-08-12 00:00:00
EPAC,200307E,-135.8,16.3,2003081203,30.0,0.0,1007.0,3720,2003-08-12 03:00:00
EPAC,200307E,-139.0,16.3,2003081215,28.0,0.0,1008.0,3721,2003-08-12 15:00:00
EPAC,200307E,-139.8,16.3,2003081218,25.0,0.0,1008.0,3722,2003-08-12 18:00:00
EPAC,200307E,-140.7,16.2,2003081221,25.0,0.0,1009.0,3723,2003-08-12 21:00:00
EPAC,200307E,-141.5,16.1,2003081300,25.0,0.0,1009.0,3724,2003-08-13 00:00:00
ATLN,200307L,-80.1,29.3,2003072512,25.0,0.0,1017.0,177,2003-07-25 12:00:00
ATLN,200307L,-80.3,29.7,2003072515,25.0,0.0,1017.0,178,2003-07-25 15:00:00
ATLN,200307L,-80.5,30.1,2003072518,25.0,0.0,1017.0,179,2003-07-25 18:00:00
ATLN,200307L,-80.7,30.4,2003072521,28.0,0.0,1017.0,180,2003-07-25 21:00:00
ATLN,200307L,-80.8,30.7,2003072600,30.0,0.0,1016.0,181,2003-07-26 00:00:00
ATLN,200307L,-82.0,32.3,2003072612,20.0,0.0,1022.0,182,2003-07-26 12:00:00
ATLN,200307L,-82.3,32.5,2003072615,18.0,0.0,1022.0,183,2003-07-26 15:00:00
ATLN,200307L,-82.6,32.8,2003072618,15.0,0.0,1022.0,184,2003-07-26 18:00:00
ATLN,200307L,-82.8,32.9,2003072621,15.0,0.0,1022.0,185,2003-07-26 21:00:00
ATLN,200307L,-83.0,33.0,2003072700,15.0,0.0,1022.0,186,2003-07-27 00:00:00
WPAC,200307W,153.8,8.2,2003060706,15.0,0.0,1006.0,6283,2003-06-07 06:00:00
WPAC,200307W,151.1,8.2,2003060721,15.0,0.0,1006.0,6284,2003-06-07 21:00:00
WPAC,200307W,150.8,8.2,2003060800,15.0,0.0,1006.0,6285,2003-06-08 00:00:00
WPAC,200307W,150.5,8.2,2003060803,15.0,0.0,1006.0,6286,2003-06-08 03:00:00
WPAC,200307W,150.2,8.3,2003060806,15.0,0.0,1006.0,6287,2003-06-08 06:00:00
WPAC,200307W,148.4,8.7,2003060900,15.0,0.0,1006.0,6288,2003-06-09 00:00:00
WPAC,200307W,147.9,8.8,2003060903,15.0,0.0,1006.0,6289,2003-06-09 03:00:00
WPAC,200307W,145.0,9.2,2003060921,20.0,0.0,1004.0,6290,2003-06-09 21:00:00
WPAC,200307W,144.6,9.4,2003061000,20.0,0.0,1004.0,6291,2003-06-10 00:00:00
WPAC,200307W,144.2,9.4,2003061003,20.0,0.0,1004.0,6292,2003-06-10 03:00:00
WPAC,200307W,143.8,9.5,2003061006,20.0,0.0,1004.0,6293,2003-06-10 06:00:00
WPAC,200307W,143.4,9.6,2003061009,20.0,0.0,1004.0,6294,2003-06-10 09:00:00
WPAC,200307W,141.2,9.6,2003061021,20.0,0.0,1004.0,6295,2003-06-10 21:00:00
WPAC,200307W,140.1,9.6,2003061103,20.0,0.0,1004.0,6296,2003-06-11 03:00:00
WPAC,200307W,139.5,9.6,2003061106,20.0,0.0,1004.0,6297,2003-06-11 06:00:00
WPAC,200307W,138.9,9.5,2003061109,20.0,0.0,1004.0,6298,2003-06-11 09:00:00
WPAC,200307W,136.6,9.4,2003061121,25.0,0.0,1002.0,6299,2003-06-11 21:00:00
WPAC,200307W,135.9,9.5,2003061200,25.0,0.0,1002.0,6300,2003-06-12 00:00:00
WPAC,200307W,135.3,9.7,2003061203,28.0,0.0,1001.0,6301,2003-06-12 03:00:00
WPAC,200307W,132.3,10.6,2003061221,33.0,0.0,999.0,6302,2003-06-12 21:00:00
WPAC,200307W,131.1,11.1,2003061303,40.0,40.0,994.0,6303,2003-06-13 03:00:00
WPAC,200307W,130.4,11.3,2003061306,45.0,80.0,991.0,6304,2003-06-13 06:00:00
WPAC,200307W,129.8,11.4,2003061309,45.0,80.0,991.0,6305,2003-06-13 09:00:00
WPAC,200307W,127.4,11.4,2003061400,50.0,115.0,987.0,6306,2003-06-14 00:00:00
WPAC,200307W,127.2,11.7,2003061403,48.0,107.5,989.0,6307,2003-06-14 03:00:00
WPAC,200307W,127.0,12.0,2003061406,45.0,100.0,991.0,6308,2003-06-14 06:00:00
WPAC,200307W,126.8,12.2,2003061409,45.0,101.2,991.0,6309,2003-06-14 09:00:00
WPAC,200307W,126.2,13.8,2003061500,45.0,100.0,991.0,6310,2003-06-15 00:00:00
WPAC,200307W,126.1,14.1,2003061503,48.0,100.0,989.0,6311,2003-06-15 03:00:00
WPAC,200307W,125.9,14.4,2003061506,50.0,100.0,987.0,6312,2003-06-15 06:00:00
WPAC,200307W,125.7,14.7,2003061509,53.0,105.0,986.0,6313,2003-06-15 09:00:00
WPAC,200307W,124.5,16.5,2003061600,60.0,110.0,980.0,6314,2003-06-16 00:00:00
WPAC,200307W,124.2,16.9,2003061603,60.0,112.5,980.0,6315,2003-06-16 03:00:00
WPAC,200307W,124.0,17.3,2003061606,60.0,115.0,980.0,6316,2003-06-16 06:00:00
WPAC,200307W,123.7,17.7,2003061609,60.0,115.0,980.0,6317,2003-06-16 09:00:00
WPAC,200307W,123.1,20.0,2003061700,75.0,130.0,967.0,6318,2003-06-17 00:00:00
WPAC,200307W,123.2,20.4,2003061703,75.0,132.5,967.0,6319,2003-06-17 03:00:00
WPAC,200307W,123.2,20.8,2003061706,75.0,135.0,967.0,6320,2003-06-17 06:00:00
WPAC,200307W,123.4,21.5,2003061709,75.0,135.0,967.0,6321,2003-06-17 09:00:00
WPAC,200307W,123.9,25.2,2003061800,100.0,140.0,944.0,6322,2003-06-18 00:00:00
WPAC,200307W,124.2,25.7,2003061803,108.0,150.0,936.0,6323,2003-06-18 03:00:00
WPAC,200307W,127.8,31.4,2003061821,78.0,92.5,965.0,6324,2003-06-18 21:00:00
WPAC,200307W,128.5,32.5,2003061900,70.0,95.0,972.0,6325,2003-06-19 00:00:00
WPAC,200307W,129.3,34.0,2003061903,68.0,95.0,974.0,6326,2003-06-19 03:00:00
WPAC,200307W,130.1,35.4,2003061906,65.0,95.0,976.0,6327,2003-06-19 06:00:00
WPAC,200307W,131.3,36.4,2003061909,60.0,47.5,980.0,6328,2003-06-19 09:00:00
WPAC,200307W,136.1,39.9,2003061921,45.0,0.0,991.0,6329,2003-06-19 21:00:00
WPAC,200307W,137.2,40.5,2003062000,45.0,0.0,991.0,6330,2003-06-20 00:00:00
EPAC,200308E,-113.0,13.9,2003080915,30.0,0.0,1006.0,3725,2003-08-09 15:00:00
EPAC,200308E,-113.6,14.1,2003080918,30.0,0.0,1005.0,3726,2003-08-09 18:00:00
EPAC,200308E,-114.2,14.3,2003080921,33.0,0.0,1005.0,3727,2003-08-09 21:00:00
EPAC,200308E,-114.8,14.5,2003081000,35.0,0.0,1005.0,3728,2003-08-10 00:00:00
EPAC,200308E,-117.3,15.8,2003081015,35.0,0.0,1005.0,3729,2003-08-10 15:00:00
EPAC,200308E,-122.3,18.3,2003081115,33.0,0.0,1006.0,3730,2003-08-11 15:00:00
EPAC,200308E,-123.2,18.6,2003081118,30.0,0.0,1006.0,3731,2003-08-11 18:00:00
EPAC,200308E,-124.0,18.5,2003081121,30.0,0.0,1007.0,3732,2003-08-11 21:00:00
EPAC,200308E,-124.7,18.4,2003081200,30.0,0.0,1007.0,3733,2003-08-12 00:00:00
EPAC,200308E,-127.8,18.4,2003081215,28.0,0.0,1009.0,3734,2003-08-12 15:00:00
EPAC,200308E,-128.4,18.4,2003081218,25.0,0.0,1009.0,3735,2003-08-12 18:00:00
EPAC,200308E,-128.9,18.4,2003081221,25.0,0.0,1009.0,3736,2003-08-12 21:00:00
EPAC,200308E,-129.3,18.4,2003081300,25.0,0.0,1009.0,3737,2003-08-13 00:00:00
ATLN,200308L,-90.5,26.1,2003081512,45.0,0.0,1007.0,187,2003-08-15 12:00:00
ATLN,200308L,-93.5,25.9,2003081521,53.0,0.0,998.0,188,2003-08-15 21:00:00
ATLN,200308L,-94.4,25.9,2003081600,55.0,0.0,995.0,189,2003-08-16 00:00:00
ATLN,200308L,-98.3,25.0,2003081615,50.0,0.0,996.0,190,2003-08-16 15:00:00
ATLN,200308L,-98.9,24.8,2003081618,35.0,0.0,1003.0,191,2003-08-16 18:00:00
ATLN,200308L,-99.6,24.8,2003081621,30.0,0.0,1006.0,192,2003-08-16 21:00:00
WPAC,200308W,135.1,10.4,2003071421,15.0,0.0,1007.0,6331,2003-07-14 21:00:00
WPAC,200308W,134.5,10.4,2003071500,15.0,0.0,1007.0,6332,2003-07-15 00:00:00
WPAC,200308W,133.3,10.2,2003071506,20.0,0.0,1004.0,6333,2003-07-15 06:00:00
WPAC,200308W,132.7,10.1,2003071509,23.0,0.0,1003.0,6334,2003-07-15 09:00:00
WPAC,200308W,130.4,10.1,2003071521,28.0,0.0,1001.0,6335,2003-07-15 21:00:00
WPAC,200308W,129.8,10.1,2003071600,30.0,0.0,1000.0,6336,2003-07-16 00:00:00
WPAC,200308W,129.3,10.2,2003071603,30.0,0.0,1000.0,6337,2003-07-16 03:00:00
WPAC,200308W,128.8,10.3,2003071606,30.0,0.0,1000.0,6338,2003-07-16 06:00:00
WPAC,200308W,128.3,10.4,2003071609,30.0,0.0,1000.0,6339,2003-07-16 09:00:00
WPAC,200308W,125.7,11.0,2003071700,45.0,95.0,991.0,6340,2003-07-17 00:00:00
WPAC,200308W,125.1,11.0,2003071703,43.0,92.5,993.0,6341,2003-07-17 03:00:00
WPAC,200308W,124.5,11.0,2003071706,40.0,90.0,994.0,6342,2003-07-17 06:00:00
WPAC,200308W,123.8,11.2,2003071709,40.0,85.0,994.0,6343,2003-07-17 09:00:00
WPAC,200308W,120.5,11.8,2003071800,45.0,90.0,991.0,6344,2003-07-18 00:00:00
WPAC,200308W,120.0,12.1,2003071803,45.0,90.0,991.0,6345,2003-07-18 03:00:00
WPAC,200308W,119.4,12.4,2003071806,45.0,90.0,991.0,6346,2003-07-18 06:00:00
WPAC,200308W,119.0,12.7,2003071809,45.0,90.0,991.0,6347,2003-07-18 09:00:00
WPAC,200308W,117.6,13.7,2003071821,45.0,95.0,991.0,6348,2003-07-18 21:00:00
WPAC,200308W,117.3,13.9,2003071900,45.0,100.0,991.0,6349,2003-07-19 00:00:00
WPAC,200308W,117.0,14.2,2003071903,45.0,100.0,989.0,6350,2003-07-19 03:00:00
WPAC,200308W,116.7,14.5,2003071906,45.0,100.0,987.0,6351,2003-07-19 06:00:00
WPAC,200308W,116.5,14.8,2003071909,45.0,100.0,987.0,6352,2003-07-19 09:00:00
WPAC,200308W,115.3,16.0,2003071921,55.0,100.0,984.0,6353,2003-07-19 21:00:00
WPAC,200308W,115.0,16.3,2003072000,60.0,100.0,980.0,6354,2003-07-20 00:00:00
WPAC,200308W,114.7,16.6,2003072003,63.0,100.0,978.0,6355,2003-07-20 03:00:00
WPAC,200308W,114.3,17.0,2003072006,65.0,100.0,976.0,6356,2003-07-20 06:00:00
WPAC,200308W,113.9,17.3,2003072009,65.0,115.0,976.0,6357,2003-07-20 09:00:00
WPAC,200308W,112.4,18.1,2003072021,65.0,130.0,976.0,6358,2003-07-20 21:00:00
WPAC,200308W,112.0,18.3,2003072100,65.0,130.0,976.0,6359,2003-07-21 00:00:00
WPAC,200308W,111.1,18.7,2003072106,60.0,110.0,980.0,6360,2003-07-21 06:00:00
WPAC,200308W,110.5,18.8,2003072109,58.0,110.0,982.0,6361,2003-07-21 09:00:00
WPAC,200308W,107.3,18.9,2003072200,60.0,100.0,980.0,6362,2003-07-22 00:00:00
WPAC,200308W,106.8,19.4,2003072203,58.0,100.0,982.0,6363,2003-07-22 03:00:00
WPAC,200308W,106.4,19.8,2003072206,55.0,100.0,984.0,6364,2003-07-22 06:00:00
WPAC,200308W,105.7,20.0,2003072209,48.0,90.0,989.0,6365,2003-07-22 09:00:00
EPAC,200309E,-107.2,20.6,2003082215,30.0,0.0,1008.0,3738,2003-08-22 15:00:00
EPAC,200309E,-107.3,20.7,2003082218,30.0,0.0,1007.0,3739,2003-08-22 18:00:00
EPAC,200309E,-107.4,20.9,2003082221,33.0,0.0,1006.0,3740,2003-08-22 21:00:00
EPAC,200309E,-107.5,21.0,2003082300,35.0,0.0,1005.0,3741,2003-08-23 00:00:00
EPAC,200309E,-108.4,21.6,2003082315,50.0,0.0,996.0,3742,2003-08-23 15:00:00
EPAC,200309E,-108.6,21.8,2003082318,55.0,0.0,992.0,3743,2003-08-23 18:00:00
EPAC,200309E,-108.7,22.0,2003082321,58.0,0.0,991.0,3744,2003-08-23 21:00:00
EPAC,200309E,-108.7,22.2,2003082400,60.0,0.0,989.0,3745,2003-08-24 00:00:00
EPAC,200309E,-109.9,24.1,2003082515,73.0,0.0,983.0,3746,2003-08-25 15:00:00
EPAC,200309E,-110.1,24.2,2003082518,70.0,0.0,985.0,3747,2003-08-25 18:00:00
EPAC,200309E,-110.3,24.3,2003082521,68.0,0.0,987.0,3748,2003-08-25 21:00:00
EPAC,200309E,-110.4,24.4,2003082600,65.0,0.0,989.0,3749,2003-08-26 00:00:00
EPAC,200309E,-112.8,26.6,2003082715,23.0,0.0,1008.0,3750,2003-08-27 15:00:00
EPAC,200309E,-113.0,26.9,2003082718,20.0,0.0,1008.0,3751,2003-08-27 18:00:00
ATLN,200309L,-68.2,16.2,2003082212,30.0,0.0,1008.0,193,2003-08-22 12:00:00
WPAC,200309W,148.9,3.6,2003071506,15.0,0.0,1006.0,6366,2003-07-15 06:00:00
WPAC,200309W,146.1,4.0,2003071521,18.0,0.0,1006.0,6367,2003-07-15 21:00:00
WPAC,200309W,145.6,4.3,2003071600,20.0,0.0,1006.0,6368,2003-07-16 00:00:00
WPAC,200309W,145.2,4.7,2003071603,20.0,0.0,1005.0,6369,2003-07-16 03:00:00
WPAC,200309W,144.9,5.1,2003071606,20.0,0.0,1004.0,6370,2003-07-16 06:00:00
WPAC,200309W,144.5,5.4,2003071609,20.0,0.0,1004.0,6371,2003-07-16 09:00:00
WPAC,200309W,142.7,7.0,2003071621,28.0,0.0,1001.0,6372,2003-07-16 21:00:00
WPAC,200309W,142.2,7.4,2003071700,30.0,0.0,1000.0,6373,2003-07-17 00:00:00
WPAC,200309W,141.6,7.8,2003071703,30.0,0.0,1000.0,6374,2003-07-17 03:00:00
WPAC,200309W,141.1,8.2,2003071706,30.0,0.0,1000.0,6375,2003-07-17 06:00:00
WPAC,200309W,140.6,8.5,2003071709,35.0,55.0,997.0,6376,2003-07-17 09:00:00
WPAC,200309W,139.0,9.5,2003071721,48.0,115.0,989.0,6377,2003-07-17 21:00:00
WPAC,200309W,138.6,9.7,2003071800,50.0,115.0,987.0,6378,2003-07-18 00:00:00
WPAC,200309W,138.1,9.8,2003071803,53.0,113.8,986.0,6379,2003-07-18 03:00:00
WPAC,200309W,137.7,9.9,2003071806,55.0,112.5,984.0,6380,2003-07-18 06:00:00
WPAC,200309W,135.7,10.4,2003071821,65.0,118.8,976.0,6381,2003-07-18 21:00:00
WPAC,200309W,135.3,10.4,2003071900,65.0,125.0,976.0,6382,2003-07-19 00:00:00
WPAC,200309W,134.9,10.4,2003071903,70.0,125.0,976.0,6383,2003-07-19 03:00:00
WPAC,200309W,134.2,10.6,2003071909,80.0,125.0,967.0,6384,2003-07-19 09:00:00
WPAC,200309W,132.8,11.3,2003071921,95.0,132.5,949.0,6385,2003-07-19 21:00:00
WPAC,200309W,132.4,11.6,2003072000,100.0,130.0,944.0,6386,2003-07-20 00:00:00
WPAC,200309W,131.9,11.8,2003072003,105.0,130.0,939.0,6387,2003-07-20 03:00:00
WPAC,200309W,131.5,12.1,2003072006,110.0,130.0,933.0,6388,2003-07-20 06:00:00
WPAC,200309W,131.0,12.3,2003072009,120.0,138.8,922.0,6389,2003-07-20 09:00:00
WPAC,200309W,128.8,13.4,2003072021,130.0,156.2,910.0,6390,2003-07-20 21:00:00
WPAC,200309W,128.2,13.7,2003072100,130.0,165.0,910.0,6391,2003-07-21 00:00:00
WPAC,200309W,127.0,14.3,2003072106,125.0,172.5,916.0,6392,2003-07-21 06:00:00
WPAC,200309W,126.4,14.7,2003072109,125.0,172.5,916.0,6393,2003-07-21 09:00:00
WPAC,200309W,123.0,16.4,2003072200,115.0,157.5,927.0,6394,2003-07-22 00:00:00
WPAC,200309W,122.2,16.7,2003072203,103.0,151.2,941.0,6395,2003-07-22 03:00:00
WPAC,200309W,121.3,17.0,2003072206,90.0,145.0,954.0,6396,2003-07-22 06:00:00
WPAC,200309W,120.5,17.3,2003072209,85.0,145.0,959.0,6397,2003-07-22 09:00:00
WPAC,200309W,116.8,18.5,2003072300,90.0,147.5,954.0,6398,2003-07-23 00:00:00
WPAC,200309W,116.1,18.7,2003072303,90.0,146.2,954.0,6399,2003-07-23 03:00:00
WPAC,200309W,115.4,18.9,2003072306,90.0,145.0,954.0,6400,2003-07-23 06:00:00
WPAC,200309W,111.9,21.2,2003072400,85.0,150.0,958.0,6401,2003-07-24 00:00:00
WPAC,200309W,111.1,21.6,2003072403,80.0,75.0,963.0,6402,2003-07-24 03:00:00
WPAC,200309W,110.2,22.0,2003072406,75.0,0.0,967.0,6403,2003-07-24 06:00:00
WPAC,200309W,109.6,22.4,2003072409,65.0,0.0,976.0,6404,2003-07-24 09:00:00
WPAC,200309W,106.1,23.5,2003072500,40.0,0.0,994.0,6405,2003-07-25 00:00:00
WPAC,200309W,105.4,23.6,2003072503,38.0,0.0,996.0,6406,2003-07-25 03:00:00
EPAC,200310E,-131.3,14.6,2003082815,38.0,0.0,1004.0,3752,2003-08-28 15:00:00
EPAC,200310E,-131.9,14.8,2003082818,40.0,0.0,1002.0,3753,2003-08-28 18:00:00
EPAC,200310E,-132.4,15.1,2003082821,45.0,0.0,1000.0,3754,2003-08-28 21:00:00
EPAC,200310E,-133.0,15.4,2003082900,50.0,0.0,997.0,3755,2003-08-29 00:00:00
EPAC,200310E,-133.6,15.8,2003082903,53.0,0.0,996.0,3756,2003-08-29 03:00:00
EPAC,200310E,-136.2,16.8,2003082915,70.0,0.0,984.0,3757,2003-08-29 15:00:00
EPAC,200310E,-136.9,16.9,2003082918,75.0,0.0,981.0,3758,2003-08-29 18:00:00
EPAC,200310E,-137.6,17.0,2003082921,80.0,0.0,977.0,3759,2003-08-29 21:00:00
EPAC,200310E,-138.3,17.2,2003083000,85.0,0.0,973.0,3760,2003-08-30 00:00:00
EPAC,200310E,-139.1,17.3,2003083003,85.0,0.0,973.0,3761,2003-08-30 03:00:00
EPAC,200310E,-142.1,17.3,2003083015,88.0,0.0,971.0,3762,2003-08-30 15:00:00
EPAC,200310E,-142.9,17.3,2003083018,90.0,0.0,970.0,3763,2003-08-30 18:00:00
EPAC,200310E,-143.7,17.5,2003083021,90.0,0.0,973.0,3764,2003-08-30 21:00:00
EPAC,200310E,-144.4,17.6,2003083100,90.0,0.0,976.0,3765,2003-08-31 00:00:00
EPAC,200310E,-145.3,17.7,2003083103,90.0,0.0,978.0,3766,2003-08-31 03:00:00
EPAC,200310E,-149.6,18.2,2003083118,75.0,0.0,991.0,3767,2003-08-31 18:00:00
EPAC,200310E,-150.4,18.1,2003083121,70.0,0.0,996.0,3768,2003-08-31 21:00:00
EPAC,200310E,-151.3,18.1,2003090100,65.0,0.0,1000.0,3769,2003-09-01 00:00:00
EPAC,200310E,-152.2,18.0,2003090103,60.0,0.0,1000.0,3770,2003-09-01 03:00:00
EPAC,200310E,-156.1,17.0,2003090118,40.0,0.0,1002.0,3771,2003-09-01 18:00:00
EPAC,200310E,-156.8,16.8,2003090121,38.0,0.0,1004.0,3772,2003-09-01 21:00:00
EPAC,200310E,-157.6,16.5,2003090200,35.0,0.0,1005.0,3773,2003-09-02 00:00:00
EPAC,200310E,-158.3,16.3,2003090203,35.0,0.0,1005.0,3774,2003-09-02 03:00:00
EPAC,200310E,-161.9,15.3,2003090218,35.0,0.0,1005.0,3775,2003-09-02 18:00:00
EPAC,200310E,-162.7,15.2,2003090221,33.0,0.0,1007.0,3776,2003-09-02 21:00:00
EPAC,200310E,-163.4,15.1,2003090300,30.0,0.0,1009.0,3777,2003-09-03 00:00:00
EPAC,200310E,-164.2,15.0,2003090303,30.0,0.0,1009.0,3778,2003-09-03 03:00:00
EPAC,200310E,-169.1,14.7,2003090321,25.0,0.0,1009.0,3779,2003-09-03 21:00:00
EPAC,200310E,-170.0,14.7,2003090400,25.0,0.0,1009.0,3780,2003-09-04 00:00:00
EPAC,200310E,-170.9,14.7,2003090403,28.0,0.0,1009.0,3781,2003-09-04 03:00:00
EPAC,200310E,-175.5,14.2,2003090418,30.0,0.0,1010.0,3782,2003-09-04 18:00:00
EPAC,200310E,-176.4,13.9,2003090421,30.0,0.0,1010.0,3783,2003-09-04 21:00:00
EPAC,200310E,-177.4,13.7,2003090500,30.0,0.0,1009.0,3784,2003-09-05 00:00:00
EPAC,200310E,-178.4,13.6,2003090503,30.0,0.0,1009.0,3785,2003-09-05 03:00:00
EPAC,200310E,-179.4,13.6,2003090506,30.0,0.0,1009.0,3786,2003-09-05 06:00:00
EPAC,200310E,-177.4,13.2,2003090518,25.0,0.0,1009.0,3787,2003-09-05 18:00:00
ATLN,200310L,-30.7,14.6,2003082718,25.0,0.0,1009.0,194,2003-08-27 18:00:00
ATLN,200310L,-35.2,14.9,2003082809,33.0,0.0,1007.0,195,2003-08-28 09:00:00
ATLN,200310L,-36.2,15.0,2003082812,35.0,0.0,1006.0,196,2003-08-28 12:00:00
ATLN,200310L,-37.2,15.1,2003082815,38.0,0.0,1005.0,197,2003-08-28 15:00:00
ATLN,200310L,-38.2,15.1,2003082818,40.0,0.0,1004.0,198,2003-08-28 18:00:00
ATLN,200310L,-42.5,15.4,2003082909,50.0,0.0,997.0,199,2003-08-29 09:00:00
ATLN,200310L,-43.1,15.5,2003082912,50.0,0.0,997.0,200,2003-08-29 12:00:00
ATLN,200310L,-43.7,15.7,2003082915,55.0,0.0,994.0,201,2003-08-29 15:00:00
ATLN,200310L,-44.3,15.8,2003082918,60.0,0.0,990.0,202,2003-08-29 18:00:00
ATLN,200310L,-45.0,16.1,2003082921,63.0,0.0,989.0,203,2003-08-29 21:00:00
ATLN,200310L,-47.5,16.9,2003083009,78.0,0.0,979.0,204,2003-08-30 09:00:00
ATLN,200310L,-48.0,17.0,2003083012,85.0,0.0,973.0,205,2003-08-30 12:00:00
ATLN,200310L,-48.6,17.1,2003083015,93.0,0.0,967.0,206,2003-08-30 15:00:00
ATLN,200310L,-49.2,17.3,2003083018,100.0,0.0,960.0,207,2003-08-30 18:00:00
ATLN,200310L,-49.8,17.5,2003083021,105.0,0.0,956.0,208,2003-08-30 21:00:00
ATLN,200310L,-52.5,18.0,2003083112,110.0,0.0,952.0,209,2003-08-31 12:00:00
ATLN,200310L,-53.0,18.1,2003083115,113.0,0.0,950.0,210,2003-08-31 15:00:00
ATLN,200310L,-53.5,18.2,2003083118,115.0,0.0,948.0,211,2003-08-31 18:00:00
ATLN,200310L,-53.9,18.3,2003083121,118.0,0.0,947.0,212,2003-08-31 21:00:00
ATLN,200310L,-56.3,18.7,2003090112,120.0,0.0,949.0,213,2003-09-01 12:00:00
ATLN,200310L,-56.8,18.9,2003090115,123.0,0.0,947.0,214,2003-09-01 15:00:00
ATLN,200310L,-57.3,19.0,2003090118,125.0,0.0,944.0,215,2003-09-01 18:00:00
ATLN,200310L,-57.8,19.1,2003090121,125.0,0.0,944.0,216,2003-09-01 21:00:00
ATLN,200310L,-59.9,20.1,2003090212,120.0,0.0,945.0,217,2003-09-02 12:00:00
ATLN,200310L,-60.3,20.3,2003090215,120.0,0.0,946.0,218,2003-09-02 15:00:00
ATLN,200310L,-60.7,20.5,2003090218,120.0,0.0,946.0,219,2003-09-02 18:00:00
ATLN,200310L,-61.0,20.7,2003090221,118.0,0.0,946.0,220,2003-09-02 21:00:00
ATLN,200310L,-62.3,21.9,2003090312,110.0,0.0,945.0,221,2003-09-03 12:00:00
ATLN,200310L,-62.5,22.2,2003090315,110.0,0.0,945.0,222,2003-09-03 15:00:00
ATLN,200310L,-62.8,22.5,2003090318,110.0,0.0,944.0,223,2003-09-03 18:00:00
ATLN,200310L,-62.9,22.9,2003090321,113.0,0.0,942.0,224,2003-09-03 21:00:00
ATLN,200310L,-63.8,24.8,2003090412,105.0,0.0,944.0,225,2003-09-04 12:00:00
ATLN,200310L,-64.0,25.3,2003090415,108.0,0.0,943.0,226,2003-09-04 15:00:00
ATLN,200310L,-64.3,25.8,2003090418,110.0,0.0,941.0,227,2003-09-04 18:00:00
ATLN,200310L,-64.4,26.5,2003090421,113.0,0.0,941.0,228,2003-09-04 21:00:00
ATLN,200310L,-65.3,30.1,2003090512,105.0,0.0,951.0,229,2003-09-05 12:00:00
ATLN,200310L,-65.3,31.0,2003090515,105.0,0.0,951.0,230,2003-09-05 15:00:00
ATLN,200310L,-65.3,31.8,2003090518,105.0,0.0,950.0,231,2003-09-05 18:00:00
ATLN,200310L,-65.0,32.6,2003090521,103.0,0.0,952.0,232,2003-09-05 21:00:00
ATLN,200310L,-62.4,36.0,2003090612,100.0,0.0,957.0,233,2003-09-06 12:00:00
ATLN,200310L,-61.4,36.5,2003090615,100.0,0.0,958.0,234,2003-09-06 15:00:00
ATLN,200310L,-60.4,36.9,2003090618,100.0,0.0,958.0,235,2003-09-06 18:00:00
ATLN,200310L,-59.3,37.4,2003090621,95.0,0.0,960.0,236,2003-09-06 21:00:00
ATLN,200310L,-53.4,40.6,2003090712,80.0,0.0,967.0,237,2003-09-07 12:00:00
ATLN,200310L,-52.0,41.5,2003090715,78.0,0.0,970.0,238,2003-09-07 15:00:00
ATLN,200310L,-50.7,42.3,2003090718,75.0,0.0,972.0,239,2003-09-07 18:00:00
ATLN,200310L,-49.3,43.3,2003090721,73.0,0.0,974.0,240,2003-09-07 21:00:00
ATLN,200310L,-42.8,47.5,2003090809,68.0,0.0,979.0,241,2003-09-08 09:00:00
ATLN,200310L,-40.8,48.7,2003090812,65.0,0.0,980.0,242,2003-09-08 12:00:00
ATLN,200310L,-38.4,50.2,2003090815,65.0,0.0,980.0,243,2003-09-08 15:00:00
ATLN,200310L,-36.0,51.7,2003090818,65.0,0.0,980.0,244,2003-09-08 18:00:00
WPAC,200310W,129.3,12.8,2003073100,20.0,0.0,1004.0,6407,2003-07-31 00:00:00
WPAC,200310W,128.7,13.4,2003073103,20.0,0.0,1004.0,6408,2003-07-31 03:00:00
WPAC,200310W,128.1,13.9,2003073106,20.0,0.0,1004.0,6409,2003-07-31 06:00:00
WPAC,200310W,127.5,14.4,2003073109,20.0,0.0,1004.0,6410,2003-07-31 09:00:00
WPAC,200310W,126.3,15.9,2003073121,23.0,0.0,1003.0,6411,2003-07-31 21:00:00
WPAC,200310W,126.2,16.1,2003080100,25.0,0.0,1002.0,6412,2003-08-01 00:00:00
WPAC,200310W,126.1,16.3,2003080103,25.0,0.0,1002.0,6413,2003-08-01 03:00:00
WPAC,200310W,126.0,16.5,2003080106,25.0,0.0,1002.0,6414,2003-08-01 06:00:00
WPAC,200310W,126.0,16.7,2003080109,28.0,0.0,1001.0,6415,2003-08-01 09:00:00
WPAC,200310W,125.6,18.3,2003080200,35.0,0.0,997.0,6416,2003-08-02 00:00:00
WPAC,200310W,125.2,18.6,2003080203,40.0,50.0,994.0,6417,2003-08-02 03:00:00
WPAC,200310W,124.9,18.9,2003080206,45.0,100.0,991.0,6418,2003-08-02 06:00:00
WPAC,200310W,124.5,19.2,2003080209,45.0,100.0,991.0,6419,2003-08-02 09:00:00
WPAC,200310W,122.1,20.7,2003080300,50.0,90.0,987.0,6420,2003-08-03 00:00:00
WPAC,200310W,121.8,21.0,2003080303,58.0,90.0,982.0,6421,2003-08-03 03:00:00
WPAC,200310W,121.4,21.4,2003080306,65.0,90.0,976.0,6422,2003-08-03 06:00:00
WPAC,200310W,121.2,21.9,2003080309,65.0,90.0,976.0,6423,2003-08-03 09:00:00
WPAC,200310W,119.7,23.3,2003080400,60.0,100.0,980.0,6424,2003-08-04 00:00:00
WPAC,200310W,119.4,23.7,2003080403,60.0,100.0,980.0,6425,2003-08-04 03:00:00
WPAC,200310W,119.1,24.1,2003080406,60.0,100.0,980.0,6426,2003-08-04 06:00:00
WPAC,200310W,118.8,24.5,2003080409,58.0,50.0,982.0,6427,2003-08-04 09:00:00
WPAC,200310W,117.4,25.5,2003080500,30.0,0.0,1000.0,6428,2003-08-05 00:00:00
EPAC,200311E,-111.8,19.1,2003090315,30.0,0.0,1001.0,3788,2003-09-03 15:00:00
EPAC,200311E,-112.0,19.3,2003090318,30.0,0.0,1001.0,3789,2003-09-03 18:00:00
EPAC,200311E,-112.3,19.4,2003090321,30.0,0.0,1001.0,3790,2003-09-03 21:00:00
EPAC,200311E,-112.5,19.5,2003090400,30.0,0.0,1001.0,3791,2003-09-04 00:00:00
EPAC,200311E,-114.6,21.2,2003090418,35.0,0.0,1000.0,3792,2003-09-04 18:00:00
EPAC,200311E,-115.0,21.5,2003090421,33.0,0.0,1001.0,3793,2003-09-04 21:00:00
EPAC,200311E,-115.4,21.9,2003090500,30.0,0.0,1002.0,3794,2003-09-05 00:00:00
EPAC,200311E,-117.5,23.1,2003090515,30.0,0.0,1005.0,3795,2003-09-05 15:00:00
EPAC,200311E,-117.9,23.1,2003090518,30.0,0.0,1005.0,3796,2003-09-05 18:00:00
EPAC,200311E,-118.2,23.4,2003090521,30.0,0.0,1006.0,3797,2003-09-05 21:00:00
EPAC,200311E,-118.5,23.6,2003090600,30.0,0.0,1006.0,3798,2003-09-06 00:00:00
EPAC,200311E,-119.7,24.1,2003090615,25.0,0.0,1009.0,3799,2003-09-06 15:00:00
EPAC,200311E,-119.8,24.3,2003090618,25.0,0.0,1009.0,3800,2003-09-06 18:00:00
EPAC,200311E,-119.9,24.5,2003090621,25.0,0.0,1009.0,3801,2003-09-06 21:00:00
EPAC,200311E,-120.0,24.6,2003090700,25.0,0.0,1009.0,3802,2003-09-07 00:00:00
EPAC,200311E,-120.2,25.5,2003090715,20.0,0.0,1010.0,3803,2003-09-07 15:00:00
EPAC,200311E,-120.0,25.7,2003090718,20.0,0.0,1010.0,3804,2003-09-07 18:00:00
EPAC,200311E,-119.8,25.9,2003090721,20.0,0.0,1011.0,3805,2003-09-07 21:00:00
EPAC,200311E,-119.5,26.0,2003090800,20.0,0.0,1011.0,3806,2003-09-08 00:00:00
EPAC,200311E,-118.3,25.1,2003090815,20.0,0.0,1011.0,3807,2003-09-08 15:00:00
EPAC,200311E,-118.2,24.8,2003090818,20.0,0.0,1011.0,3808,2003-09-08 18:00:00
EPAC,200311E,-118.1,24.6,2003090821,18.0,0.0,1012.0,3809,2003-09-08 21:00:00
EPAC,200311E,-118.0,24.3,2003090900,15.0,0.0,1012.0,3810,2003-09-09 00:00:00
EPAC,200311E,-117.6,23.4,2003090915,15.0,0.0,1013.0,3811,2003-09-09 15:00:00
EPAC,200311E,-117.4,23.3,2003090918,15.0,0.0,1013.0,3812,2003-09-09 18:00:00
EPAC,200311E,-117.2,23.3,2003090921,15.0,0.0,1013.0,3813,2003-09-09 21:00:00
EPAC,200311E,-117.0,23.2,2003091000,15.0,0.0,1013.0,3814,2003-09-10 00:00:00
ATLN,200311L,-92.4,24.3,2003083012,30.0,0.0,1008.0,245,2003-08-30 12:00:00
ATLN,200311L,-92.8,24.6,2003083015,33.0,0.0,1009.0,246,2003-08-30 15:00:00
ATLN,200311L,-93.3,24.9,2003083018,35.0,0.0,1009.0,247,2003-08-30 18:00:00
ATLN,200311L,-93.8,25.4,2003083021,35.0,0.0,1009.0,248,2003-08-30 21:00:00
ATLN,200311L,-94.3,25.8,2003083100,35.0,0.0,1009.0,249,2003-08-31 00:00:00
ATLN,200311L,-95.4,29.8,2003083115,33.0,0.0,1008.0,250,2003-08-31 15:00:00
ATLN,200311L,-95.6,30.1,2003083118,30.0,0.0,1009.0,251,2003-08-31 18:00:00
ATLN,200311L,-96.0,30.5,2003083121,28.0,0.0,1009.0,252,2003-08-31 21:00:00
ATLN,200311L,-96.4,30.9,2003090100,25.0,0.0,1009.0,253,2003-09-01 00:00:00
ATLN,200311L,-96.1,33.1,2003090115,20.0,0.0,1011.0,254,2003-09-01 15:00:00
ATLN,200311L,-95.7,33.6,2003090118,20.0,0.0,1011.0,255,2003-09-01 18:00:00
ATLN,200311L,-95.3,33.9,2003090121,18.0,0.0,1011.0,256,2003-09-01 21:00:00
ATLN,200311L,-95.0,34.1,2003090200,15.0,0.0,1011.0,257,2003-09-02 00:00:00
WPAC,200311W,147.1,8.6,2003080100,15.0,0.0,1006.0,6429,2003-08-01 00:00:00
WPAC,200311W,146.7,8.6,2003080103,15.0,0.0,1006.0,6430,2003-08-01 03:00:00
WPAC,200311W,146.3,8.6,2003080106,15.0,0.0,1006.0,6431,2003-08-01 06:00:00
WPAC,200311W,145.8,8.6,2003080109,18.0,0.0,1005.0,6432,2003-08-01 09:00:00
WPAC,200311W,143.9,9.4,2003080121,23.0,0.0,1003.0,6433,2003-08-01 21:00:00
WPAC,200311W,143.5,9.7,2003080200,25.0,0.0,1002.0,6434,2003-08-02 00:00:00
WPAC,200311W,142.9,9.9,2003080203,25.0,0.0,1002.0,6435,2003-08-02 03:00:00
WPAC,200311W,142.4,10.2,2003080206,25.0,0.0,1002.0,6436,2003-08-02 06:00:00
WPAC,200311W,141.9,10.6,2003080209,25.0,0.0,1002.0,6437,2003-08-02 09:00:00
WPAC,200311W,140.3,12.0,2003080221,28.0,0.0,1001.0,6438,2003-08-02 21:00:00
WPAC,200311W,139.5,12.8,2003080303,33.0,0.0,999.0,6439,2003-08-03 03:00:00
WPAC,200311W,139.1,13.2,2003080306,35.0,0.0,997.0,6440,2003-08-03 06:00:00
WPAC,200311W,138.8,13.6,2003080309,40.0,0.0,994.0,6441,2003-08-03 09:00:00
WPAC,200311W,137.2,15.3,2003080321,50.0,85.0,988.0,6442,2003-08-03 21:00:00
WPAC,200311W,136.6,15.7,2003080400,55.0,100.0,984.0,6443,2003-08-04 00:00:00
WPAC,200311W,135.9,16.0,2003080403,55.0,100.0,984.0,6444,2003-08-04 03:00:00
WPAC,200311W,135.3,16.4,2003080406,55.0,100.0,984.0,6445,2003-08-04 06:00:00
WPAC,200311W,134.7,16.8,2003080409,55.0,100.0,984.0,6446,2003-08-04 09:00:00
WPAC,200311W,132.8,18.0,2003080421,73.0,101.2,970.0,6447,2003-08-04 21:00:00
WPAC,200311W,132.3,18.3,2003080500,80.0,101.2,963.0,6448,2003-08-05 00:00:00
WPAC,200311W,131.9,18.6,2003080503,80.0,100.0,963.0,6449,2003-08-05 03:00:00
WPAC,200311W,131.5,18.8,2003080506,80.0,98.8,963.0,6450,2003-08-05 06:00:00
WPAC,200311W,131.2,19.1,2003080509,83.0,98.8,961.0,6451,2003-08-05 09:00:00
WPAC,200311W,129.3,21.7,2003080600,95.0,117.5,949.0,6452,2003-08-06 00:00:00
WPAC,200311W,129.1,22.3,2003080603,95.0,117.5,949.0,6453,2003-08-06 03:00:00
WPAC,200311W,128.8,22.9,2003080606,95.0,117.5,949.0,6454,2003-08-06 06:00:00
WPAC,200311W,128.7,23.5,2003080609,95.0,117.5,949.0,6455,2003-08-06 09:00:00
WPAC,200311W,128.2,26.5,2003080700,110.0,217.5,933.0,6456,2003-08-07 00:00:00
WPAC,200311W,128.3,26.9,2003080703,110.0,217.5,933.0,6457,2003-08-07 03:00:00
WPAC,200311W,128.5,27.4,2003080706,110.0,217.5,933.0,6458,2003-08-07 06:00:00
WPAC,200311W,129.0,27.9,2003080709,110.0,215.0,933.0,6459,2003-08-07 09:00:00
WPAC,200311W,131.4,30.0,2003080721,103.0,206.2,941.0,6460,2003-08-07 21:00:00
WPAC,200311W,132.0,30.7,2003080800,100.0,200.0,944.0,6461,2003-08-08 00:00:00
WPAC,200311W,132.5,31.4,2003080803,95.0,200.0,949.0,6462,2003-08-08 03:00:00
WPAC,200311W,133.0,32.0,2003080806,90.0,200.0,954.0,6463,2003-08-08 06:00:00
WPAC,200311W,133.5,32.6,2003080809,90.0,196.2,954.0,6464,2003-08-08 09:00:00
WPAC,200311W,135.6,35.0,2003080821,73.0,80.0,970.0,6465,2003-08-08 21:00:00
EPAC,200312E,-108.2,14.7,2003091318,25.0,0.0,1007.0,3815,2003-09-13 18:00:00
EPAC,200312E,-108.4,14.9,2003091321,28.0,0.0,1006.0,3816,2003-09-13 21:00:00
EPAC,200312E,-108.6,15.2,2003091400,30.0,0.0,1005.0,3817,2003-09-14 00:00:00
EPAC,200312E,-109.9,16.8,2003091415,38.0,0.0,1003.0,3818,2003-09-14 15:00:00
EPAC,200312E,-110.3,17.1,2003091418,40.0,0.0,1001.0,3819,2003-09-14 18:00:00
EPAC,200312E,-110.7,17.4,2003091421,43.0,0.0,1001.0,3820,2003-09-14 21:00:00
EPAC,200312E,-111.0,17.7,2003091500,45.0,0.0,1000.0,3821,2003-09-15 00:00:00
EPAC,200312E,-112.8,19.4,2003091515,65.0,0.0,987.0,3822,2003-09-15 15:00:00
EPAC,200312E,-113.2,19.7,2003091518,65.0,0.0,987.0,3823,2003-09-15 18:00:00
EPAC,200312E,-113.6,19.9,2003091521,63.0,0.0,989.0,3824,2003-09-15 21:00:00
EPAC,200312E,-114.0,20.1,2003091600,60.0,0.0,990.0,3825,2003-09-16 00:00:00
EPAC,200312E,-115.6,20.7,2003091615,43.0,0.0,1001.0,3826,2003-09-16 15:00:00
EPAC,200312E,-115.9,20.7,2003091618,40.0,0.0,1002.0,3827,2003-09-16 18:00:00
EPAC,200312E,-116.2,20.6,2003091621,38.0,0.0,1003.0,3828,2003-09-16 21:00:00
EPAC,200312E,-116.4,20.5,2003091700,35.0,0.0,1004.0,3829,2003-09-17 00:00:00
EPAC,200312E,-116.9,20.3,2003091715,28.0,0.0,1007.0,3830,2003-09-17 15:00:00
EPAC,200312E,-117.0,20.2,2003091718,25.0,0.0,1007.0,3831,2003-09-17 18:00:00
EPAC,200312E,-117.1,20.1,2003091721,25.0,0.0,1007.0,3832,2003-09-17 21:00:00
EPAC,200312E,-117.2,20.0,2003091800,25.0,0.0,1007.0,3833,2003-09-18 00:00:00
EPAC,200312E,-117.7,19.0,2003091815,25.0,0.0,1007.0,3834,2003-09-18 15:00:00
EPAC,200312E,-117.8,18.9,2003091818,25.0,0.0,1007.0,3835,2003-09-18 18:00:00
EPAC,200312E,-117.9,18.8,2003091821,25.0,0.0,1007.0,3836,2003-09-18 21:00:00
EPAC,200312E,-118.1,18.7,2003091900,25.0,0.0,1007.0,3837,2003-09-19 00:00:00
EPAC,200312E,-119.1,18.4,2003091915,25.0,0.0,1007.0,3838,2003-09-19 15:00:00
EPAC,200312E,-119.3,18.4,2003091918,25.0,0.0,1007.0,3839,2003-09-19 18:00:00
EPAC,200312E,-119.5,18.3,2003091921,25.0,0.0,1007.0,3840,2003-09-19 21:00:00
EPAC,200312E,-119.7,18.2,2003092000,25.0,0.0,1007.0,3841,2003-09-20 00:00:00
EPAC,200312E,-120.2,17.7,2003092015,25.0,0.0,1006.0,3842,2003-09-20 15:00:00
EPAC,200312E,-120.2,17.6,2003092018,25.0,0.0,1006.0,3843,2003-09-20 18:00:00
EPAC,200312E,-120.2,17.5,2003092021,25.0,0.0,1007.0,3844,2003-09-20 21:00:00
EPAC,200312E,-120.2,17.3,2003092100,25.0,0.0,1007.0,3845,2003-09-21 00:00:00
EPAC,200312E,-120.5,16.7,2003092115,20.0,0.0,1009.0,3846,2003-09-21 15:00:00
EPAC,200312E,-120.5,16.6,2003092118,20.0,0.0,1009.0,3847,2003-09-21 18:00:00
EPAC,200312E,-120.6,16.5,2003092121,20.0,0.0,1009.0,3848,2003-09-21 21:00:00
EPAC,200312E,-120.7,16.4,2003092200,20.0,0.0,1009.0,3849,2003-09-22 00:00:00
EPAC,200312E,-120.8,15.9,2003092215,20.0,0.0,1009.0,3850,2003-09-22 15:00:00
EPAC,200312E,-120.8,15.7,2003092218,20.0,0.0,1009.0,3851,2003-09-22 18:00:00
EPAC,200312E,-120.7,15.6,2003092221,20.0,0.0,1009.0,3852,2003-09-22 21:00:00
EPAC,200312E,-120.6,15.5,2003092300,20.0,0.0,1009.0,3853,2003-09-23 00:00:00
ATLN,200312L,-87.7,27.4,2003090318,25.0,0.0,1013.0,258,2003-09-03 18:00:00
ATLN,200312L,-87.8,27.5,2003090321,25.0,0.0,1012.0,259,2003-09-03 21:00:00
ATLN,200312L,-87.8,27.6,2003090400,25.0,0.0,1011.0,260,2003-09-04 00:00:00
ATLN,200312L,-87.2,27.8,2003090412,30.0,0.0,1010.0,261,2003-09-04 12:00:00
ATLN,200312L,-86.3,27.8,2003090418,30.0,0.0,1002.0,262,2003-09-04 18:00:00
ATLN,200312L,-86.0,27.7,2003090421,30.0,0.0,1003.0,263,2003-09-04 21:00:00
ATLN,200312L,-85.8,27.6,2003090500,30.0,0.0,1004.0,264,2003-09-05 00:00:00
ATLN,200312L,-84.4,28.1,2003090512,40.0,0.0,997.0,265,2003-09-05 12:00:00
ATLN,200312L,-84.3,28.2,2003090515,45.0,0.0,997.0,266,2003-09-05 15:00:00
ATLN,200312L,-84.2,28.3,2003090518,50.0,0.0,997.0,267,2003-09-05 18:00:00
ATLN,200312L,-84.1,28.1,2003090521,40.0,0.0,1000.0,268,2003-09-05 21:00:00
ATLN,200312L,-81.8,28.4,2003090612,25.0,0.0,1007.0,269,2003-09-06 12:00:00
ATLN,200312L,-81.1,28.8,2003090615,25.0,0.0,1007.0,270,2003-09-06 15:00:00
ATLN,200312L,-80.4,29.2,2003090618,25.0,0.0,1006.0,271,2003-09-06 18:00:00
ATLN,200312L,-80.0,29.6,2003090621,28.0,0.0,1006.0,272,2003-09-06 21:00:00
ATLN,200312L,-78.5,30.8,2003090712,30.0,0.0,1006.0,273,2003-09-07 12:00:00
ATLN,200312L,-78.2,31.1,2003090715,30.0,0.0,1006.0,274,2003-09-07 15:00:00
ATLN,200312L,-77.9,31.3,2003090718,30.0,0.0,1006.0,275,2003-09-07 18:00:00
ATLN,200312L,-77.5,31.5,2003090721,30.0,0.0,1006.0,276,2003-09-07 21:00:00
ATLN,200312L,-75.9,32.5,2003090812,30.0,0.0,1006.0,277,2003-09-08 12:00:00
ATLN,200312L,-75.6,32.7,2003090815,28.0,0.0,1006.0,278,2003-09-08 15:00:00
ATLN,200312L,-75.3,32.9,2003090818,25.0,0.0,1006.0,279,2003-09-08 18:00:00
WPAC,200312W,151.9,8.9,2003081421,20.0,0.0,1004.0,6466,2003-08-14 21:00:00
WPAC,200312W,149.2,10.6,2003081521,25.0,0.0,1002.0,6467,2003-08-15 21:00:00
WPAC,200312W,145.4,13.5,2003081621,25.0,0.0,1002.0,6468,2003-08-16 21:00:00
WPAC,200312W,144.8,13.7,2003081700,25.0,0.0,1002.0,6469,2003-08-17 00:00:00
WPAC,200312W,144.2,13.9,2003081703,25.0,0.0,1002.0,6470,2003-08-17 03:00:00
WPAC,200312W,143.7,14.2,2003081706,25.0,0.0,1002.0,6471,2003-08-17 06:00:00
WPAC,200312W,143.2,14.7,2003081709,25.0,0.0,1002.0,6472,2003-08-17 09:00:00
WPAC,200312W,141.4,16.6,2003081721,25.0,0.0,1002.0,6473,2003-08-17 21:00:00
WPAC,200312W,139.1,17.6,2003081809,25.0,0.0,1002.0,6474,2003-08-18 09:00:00
WPAC,200312W,136.9,18.9,2003081821,25.0,0.0,1002.0,6475,2003-08-18 21:00:00
WPAC,200312W,133.1,20.1,2003081921,30.0,0.0,1000.0,6476,2003-08-19 21:00:00
WPAC,200312W,114.7,18.8,2003082400,75.0,100.0,967.0,6477,2003-08-24 00:00:00
WPAC,200312W,110.0,20.4,2003082500,80.0,107.5,963.0,6478,2003-08-25 00:00:00
WPAC,200312W,108.9,20.8,2003082506,90.0,123.8,954.0,6479,2003-08-25 06:00:00
WPAC,200312W,108.3,21.0,2003082509,90.0,123.8,954.0,6480,2003-08-25 09:00:00
EPAC,200313E,-105.7,16.5,2003091818,25.0,0.0,1004.0,3854,2003-09-18 18:00:00
EPAC,200313E,-106.0,16.6,2003091821,28.0,0.0,1003.0,3855,2003-09-18 21:00:00
EPAC,200313E,-106.3,16.8,2003091900,30.0,0.0,1002.0,3856,2003-09-19 00:00:00
EPAC,200313E,-107.2,17.2,2003091915,38.0,0.0,999.0,3857,2003-09-19 15:00:00
EPAC,200313E,-107.2,17.3,2003091918,40.0,0.0,998.0,3858,2003-09-19 18:00:00
EPAC,200313E,-107.3,17.4,2003091921,40.0,0.0,998.0,3859,2003-09-19 21:00:00
EPAC,200313E,-107.3,17.5,2003092000,40.0,0.0,998.0,3860,2003-09-20 00:00:00
EPAC,200313E,-108.1,18.1,2003092015,50.0,0.0,996.0,3861,2003-09-20 15:00:00
EPAC,200313E,-108.3,18.3,2003092018,55.0,0.0,994.0,3862,2003-09-20 18:00:00
EPAC,200313E,-108.4,18.5,2003092021,60.0,0.0,991.0,3863,2003-09-20 21:00:00
EPAC,200313E,-108.6,18.6,2003092100,65.0,0.0,987.0,3864,2003-09-21 00:00:00
EPAC,200313E,-109.3,19.7,2003092115,65.0,0.0,987.0,3865,2003-09-21 15:00:00
EPAC,200313E,-109.4,20.1,2003092118,65.0,0.0,987.0,3866,2003-09-21 18:00:00
EPAC,200313E,-109.5,20.6,2003092121,70.0,0.0,984.0,3867,2003-09-21 21:00:00
EPAC,200313E,-109.5,21.0,2003092200,75.0,0.0,980.0,3868,2003-09-22 00:00:00
EPAC,200313E,-110.3,24.5,2003092215,75.0,0.0,976.0,3869,2003-09-22 15:00:00
EPAC,200313E,-110.8,25.4,2003092218,70.0,0.0,980.0,3870,2003-09-22 18:00:00
EPAC,200313E,-111.3,26.2,2003092221,65.0,0.0,983.0,3871,2003-09-22 21:00:00
EPAC,200313E,-111.8,27.0,2003092300,60.0,0.0,985.0,3872,2003-09-23 00:00:00
EPAC,200313E,-113.3,29.6,2003092315,33.0,0.0,1001.0,3873,2003-09-23 15:00:00
EPAC,200313E,-113.5,29.9,2003092318,30.0,0.0,1002.0,3874,2003-09-23 18:00:00
EPAC,200313E,-113.6,30.2,2003092321,30.0,0.0,1003.0,3875,2003-09-23 21:00:00
EPAC,200313E,-113.7,30.5,2003092400,30.0,0.0,1003.0,3876,2003-09-24 00:00:00
EPAC,200313E,-113.4,31.3,2003092415,23.0,0.0,1007.0,3877,2003-09-24 15:00:00
EPAC,200313E,-113.6,31.5,2003092418,20.0,0.0,1007.0,3878,2003-09-24 18:00:00
EPAC,200313E,-113.8,31.5,2003092421,20.0,0.0,1007.0,3879,2003-09-24 21:00:00
EPAC,200313E,-114.1,31.5,2003092500,20.0,0.0,1007.0,3880,2003-09-25 00:00:00
EPAC,200313E,-114.4,30.4,2003092515,20.0,0.0,1011.0,3881,2003-09-25 15:00:00
EPAC,200313E,-114.5,30.2,2003092518,20.0,0.0,1012.0,3882,2003-09-25 18:00:00
EPAC,200313E,-114.6,30.0,2003092521,20.0,0.0,1012.0,3883,2003-09-25 21:00:00
EPAC,200313E,-114.7,29.9,2003092600,20.0,0.0,1012.0,3884,2003-09-26 00:00:00
ATLN,200313L,-33.3,13.8,2003090609,38.0,0.0,1004.0,280,2003-09-06 09:00:00
ATLN,200313L,-33.9,13.6,2003090612,40.0,0.0,1003.0,281,2003-09-06 12:00:00
ATLN,200313L,-34.4,13.5,2003090615,43.0,0.0,1002.0,282,2003-09-06 15:00:00
ATLN,200313L,-34.9,13.4,2003090618,45.0,0.0,1000.0,283,2003-09-06 18:00:00
ATLN,200313L,-36.9,14.2,2003090709,63.0,0.0,989.0,284,2003-09-07 09:00:00
ATLN,200313L,-37.3,14.4,2003090712,65.0,0.0,987.0,285,2003-09-07 12:00:00
ATLN,200313L,-37.9,14.8,2003090715,68.0,0.0,986.0,286,2003-09-07 15:00:00
ATLN,200313L,-38.5,15.2,2003090718,70.0,0.0,984.0,287,2003-09-07 18:00:00
ATLN,200313L,-41.5,16.8,2003090809,103.0,0.0,959.0,288,2003-09-08 09:00:00
ATLN,200313L,-42.0,17.1,2003090812,110.0,0.0,952.0,289,2003-09-08 12:00:00
ATLN,200313L,-42.5,17.4,2003090815,110.0,0.0,952.0,290,2003-09-08 15:00:00
ATLN,200313L,-43.1,17.6,2003090818,110.0,0.0,952.0,291,2003-09-08 18:00:00
ATLN,200313L,-43.6,17.9,2003090821,113.0,0.0,950.0,292,2003-09-08 21:00:00
ATLN,200313L,-45.8,19.1,2003090909,115.0,0.0,948.0,293,2003-09-09 09:00:00
ATLN,200313L,-46.3,19.4,2003090912,115.0,0.0,948.0,294,2003-09-09 12:00:00
ATLN,200313L,-46.8,19.7,2003090915,115.0,0.0,948.0,295,2003-09-09 15:00:00
ATLN,200313L,-47.3,20.0,2003090918,115.0,0.0,948.0,296,2003-09-09 18:00:00
ATLN,200313L,-47.8,20.3,2003090921,113.0,0.0,950.0,297,2003-09-09 21:00:00
ATLN,200313L,-50.4,21.1,2003091012,115.0,0.0,948.0,298,2003-09-10 12:00:00
ATLN,200313L,-50.9,21.1,2003091015,118.0,0.0,945.0,299,2003-09-10 15:00:00
ATLN,200313L,-51.4,21.1,2003091018,120.0,0.0,942.0,300,2003-09-10 18:00:00
ATLN,200313L,-51.8,21.1,2003091021,123.0,0.0,939.0,301,2003-09-10 21:00:00
ATLN,200313L,-53.6,21.4,2003091109,130.0,0.0,930.0,302,2003-09-11 09:00:00
ATLN,200313L,-54.0,21.4,2003091112,135.0,0.0,925.0,303,2003-09-11 12:00:00
ATLN,200313L,-54.4,21.4,2003091115,140.0,0.0,920.0,304,2003-09-11 15:00:00
ATLN,200313L,-54.8,21.5,2003091118,145.0,0.0,915.0,305,2003-09-11 18:00:00
ATLN,200313L,-55.3,21.6,2003091121,143.0,0.0,918.0,306,2003-09-11 21:00:00
ATLN,200313L,-57.4,21.6,2003091212,140.0,0.0,920.0,307,2003-09-12 12:00:00
ATLN,200313L,-57.8,21.6,2003091215,140.0,0.0,920.0,308,2003-09-12 15:00:00
ATLN,200313L,-58.2,21.7,2003091218,140.0,0.0,920.0,309,2003-09-12 18:00:00
ATLN,200313L,-58.7,21.8,2003091221,138.0,0.0,923.0,310,2003-09-12 21:00:00
ATLN,200313L,-61.0,22.1,2003091312,135.0,0.0,935.0,311,2003-09-13 12:00:00
ATLN,200313L,-61.5,22.3,2003091315,138.0,0.0,934.0,312,2003-09-13 15:00:00
ATLN,200313L,-62.1,22.5,2003091318,140.0,0.0,932.0,313,2003-09-13 18:00:00
ATLN,200313L,-62.7,22.7,2003091321,138.0,0.0,934.0,314,2003-09-13 21:00:00
ATLN,200313L,-65.8,23.5,2003091412,135.0,0.0,935.0,315,2003-09-14 12:00:00
ATLN,200313L,-66.4,23.7,2003091415,138.0,0.0,934.0,316,2003-09-14 15:00:00
ATLN,200313L,-67.0,23.9,2003091418,140.0,0.0,933.0,317,2003-09-14 18:00:00
ATLN,200313L,-67.5,24.1,2003091421,135.0,0.0,935.0,318,2003-09-14 21:00:00
ATLN,200313L,-69.4,24.8,2003091512,120.0,0.0,946.0,319,2003-09-15 12:00:00
ATLN,200313L,-69.6,25.1,2003091515,118.0,0.0,948.0,320,2003-09-15 15:00:00
ATLN,200313L,-69.8,25.3,2003091518,115.0,0.0,949.0,321,2003-09-15 18:00:00
ATLN,200313L,-70.0,25.5,2003091521,110.0,0.0,951.0,322,2003-09-15 21:00:00
ATLN,200313L,-70.9,26.8,2003091612,95.0,0.0,959.0,323,2003-09-16 12:00:00
ATLN,200313L,-71.1,27.1,2003091615,95.0,0.0,959.0,324,2003-09-16 15:00:00
ATLN,200313L,-71.2,27.4,2003091618,95.0,0.0,959.0,325,2003-09-16 18:00:00
ATLN,200313L,-71.3,27.8,2003091621,95.0,0.0,958.0,326,2003-09-16 21:00:00
ATLN,200313L,-72.5,29.7,2003091712,90.0,0.0,957.0,327,2003-09-17 12:00:00
ATLN,200313L,-72.8,30.1,2003091715,90.0,0.0,956.0,328,2003-09-17 15:00:00
ATLN,200313L,-73.0,30.6,2003091718,90.0,0.0,955.0,329,2003-09-17 18:00:00
ATLN,200313L,-73.3,31.1,2003091721,90.0,0.0,954.0,330,2003-09-17 21:00:00
ATLN,200313L,-75.2,33.7,2003091812,90.0,0.0,956.0,331,2003-09-18 12:00:00
ATLN,200313L,-75.8,34.4,2003091815,88.0,0.0,957.0,332,2003-09-18 15:00:00
ATLN,200313L,-76.4,35.1,2003091818,85.0,0.0,958.0,333,2003-09-18 18:00:00
ATLN,200313L,-77.1,35.9,2003091821,75.0,0.0,964.0,334,2003-09-18 21:00:00
ATLN,200313L,-80.3,40.9,2003091912,35.0,0.0,997.0,335,2003-09-19 12:00:00
ATLN,200313L,-80.6,42.4,2003091915,33.0,0.0,999.0,336,2003-09-19 15:00:00
ATLN,200313L,-80.9,43.9,2003091918,30.0,0.0,1000.0,337,2003-09-19 18:00:00
ATLN,200313L,-81.0,46.0,2003091921,28.0,0.0,1000.0,338,2003-09-19 21:00:00
WPAC,200313W,125.4,20.8,2003081900,25.0,0.0,1002.0,6481,2003-08-19 00:00:00
WPAC,200313W,125.1,21.8,2003081903,28.0,0.0,1001.0,6482,2003-08-19 03:00:00
WPAC,200313W,124.8,22.8,2003081906,30.0,0.0,1000.0,6483,2003-08-19 06:00:00
WPAC,200313W,124.1,23.6,2003081909,30.0,0.0,1000.0,6484,2003-08-19 09:00:00
EPAC,200314E,-108.1,15.7,2003100118,25.0,0.0,1007.0,3885,2003-10-01 18:00:00
EPAC,200314E,-108.3,15.7,2003100121,28.0,0.0,1006.0,3886,2003-10-01 21:00:00
EPAC,200314E,-108.4,15.7,2003100200,30.0,0.0,1005.0,3887,2003-10-02 00:00:00
EPAC,200314E,-109.0,15.4,2003100215,38.0,0.0,1004.0,3888,2003-10-02 15:00:00
EPAC,200314E,-109.0,15.3,2003100218,40.0,0.0,1002.0,3889,2003-10-02 18:00:00
EPAC,200314E,-109.1,15.2,2003100221,45.0,0.0,1000.0,3890,2003-10-02 21:00:00
EPAC,200314E,-109.1,15.1,2003100300,50.0,0.0,997.0,3891,2003-10-03 00:00:00
EPAC,200314E,-109.5,15.7,2003100315,58.0,0.0,993.0,3892,2003-10-03 15:00:00
EPAC,200314E,-109.7,16.0,2003100318,60.0,0.0,992.0,3893,2003-10-03 18:00:00
EPAC,200314E,-110.0,16.1,2003100321,63.0,0.0,990.0,3894,2003-10-03 21:00:00
EPAC,200314E,-110.3,16.2,2003100400,65.0,0.0,987.0,3895,2003-10-04 00:00:00
EPAC,200314E,-111.8,17.1,2003100415,90.0,0.0,970.0,3896,2003-10-04 15:00:00
EPAC,200314E,-112.0,17.4,2003100418,90.0,0.0,970.0,3897,2003-10-04 18:00:00
EPAC,200314E,-112.3,17.7,2003100421,90.0,0.0,970.0,3898,2003-10-04 21:00:00
EPAC,200314E,-112.6,18.0,2003100500,90.0,0.0,970.0,3899,2003-10-05 00:00:00
EPAC,200314E,-113.5,19.1,2003100515,83.0,0.0,975.0,3900,2003-10-05 15:00:00
EPAC,200314E,-113.6,19.3,2003100518,80.0,0.0,976.0,3901,2003-10-05 18:00:00
EPAC,200314E,-113.7,19.5,2003100521,80.0,0.0,976.0,3902,2003-10-05 21:00:00
EPAC,200314E,-113.8,19.7,2003100600,80.0,0.0,976.0,3903,2003-10-06 00:00:00
EPAC,200314E,-113.9,20.1,2003100615,45.0,0.0,999.0,3904,2003-10-06 15:00:00
EPAC,200314E,-113.9,20.1,2003100618,40.0,0.0,1000.0,3905,2003-10-06 18:00:00
EPAC,200314E,-113.8,20.2,2003100621,38.0,0.0,1001.0,3906,2003-10-06 21:00:00
EPAC,200314E,-113.6,20.3,2003100700,35.0,0.0,1001.0,3907,2003-10-07 00:00:00
EPAC,200314E,-112.1,20.1,2003100715,30.0,0.0,1002.0,3908,2003-10-07 15:00:00
EPAC,200314E,-111.6,20.1,2003100718,30.0,0.0,1002.0,3909,2003-10-07 18:00:00
EPAC,200314E,-111.0,20.2,2003100721,30.0,0.0,1002.0,3910,2003-10-07 21:00:00
EPAC,200314E,-110.4,20.3,2003100800,30.0,0.0,1002.0,3911,2003-10-08 00:00:00
EPAC,200314E,-107.6,21.6,2003100815,25.0,0.0,1004.0,3912,2003-10-08 15:00:00
EPAC,200314E,-107.2,22.3,2003100818,25.0,0.0,1004.0,3913,2003-10-08 18:00:00
EPAC,200314E,-107.1,22.7,2003100821,25.0,0.0,1004.0,3914,2003-10-08 21:00:00
EPAC,200314E,-106.9,23.1,2003100900,25.0,0.0,1003.0,3915,2003-10-09 00:00:00
ATLN,200314L,-21.9,11.5,2003090809,25.0,0.0,1009.0,339,2003-09-08 09:00:00
ATLN,200314L,-22.2,11.4,2003090812,25.0,0.0,1009.0,340,2003-09-08 12:00:00
ATLN,200314L,-22.4,11.3,2003090815,25.0,0.0,1009.0,341,2003-09-08 15:00:00
ATLN,200314L,-22.6,11.2,2003090818,25.0,0.0,1009.0,342,2003-09-08 18:00:00
ATLN,200314L,-24.0,12.0,2003090909,28.0,0.0,1007.0,343,2003-09-09 09:00:00
ATLN,200314L,-24.4,12.4,2003090912,30.0,0.0,1007.0,344,2003-09-09 12:00:00
ATLN,200314L,-24.6,13.0,2003090915,30.0,0.0,1007.0,345,2003-09-09 15:00:00
ATLN,200314L,-24.9,13.6,2003090918,30.0,0.0,1007.0,346,2003-09-09 18:00:00
ATLN,200314L,-25.1,15.6,2003091009,25.0,0.0,1010.0,347,2003-09-10 09:00:00
ATLN,200314L,-25.2,15.9,2003091012,25.0,0.0,1010.0,348,2003-09-10 12:00:00
WPAC,200314W,138.2,18.6,2003082721,25.0,0.0,1002.0,6485,2003-08-27 21:00:00
WPAC,200314W,138.1,18.3,2003082800,25.0,0.0,1002.0,6486,2003-08-28 00:00:00
WPAC,200314W,137.8,17.9,2003082803,28.0,0.0,1001.0,6487,2003-08-28 03:00:00
WPAC,200314W,137.6,17.5,2003082806,30.0,0.0,1000.0,6488,2003-08-28 06:00:00
WPAC,200314W,137.1,17.1,2003082809,33.0,0.0,999.0,6489,2003-08-28 09:00:00
WPAC,200314W,135.3,16.3,2003082900,35.0,0.0,997.0,6490,2003-08-29 00:00:00
WPAC,200314W,135.1,16.1,2003082903,35.0,0.0,997.0,6491,2003-08-29 03:00:00
WPAC,200314W,134.7,15.9,2003082909,40.0,60.0,994.0,6492,2003-08-29 09:00:00
WPAC,200314W,134.3,16.3,2003083000,70.0,145.0,972.0,6493,2003-08-30 00:00:00
WPAC,200314W,134.0,16.5,2003083003,73.0,142.5,970.0,6494,2003-08-30 03:00:00
WPAC,200314W,133.7,16.7,2003083006,75.0,140.0,967.0,6495,2003-08-30 06:00:00
WPAC,200314W,133.4,17.1,2003083009,75.0,142.5,967.0,6496,2003-08-30 09:00:00
WPAC,200314W,131.1,19.2,2003083100,80.0,150.0,963.0,6497,2003-08-31 00:00:00
WPAC,200314W,130.3,19.5,2003083103,85.0,160.0,959.0,6498,2003-08-31 03:00:00
WPAC,200314W,128.8,20.0,2003083109,93.0,170.0,952.0,6499,2003-08-31 09:00:00
WPAC,200314W,125.4,20.6,2003090100,120.0,170.0,922.0,6500,2003-09-01 00:00:00
WPAC,200314W,124.5,20.8,2003090103,120.0,170.0,922.0,6501,2003-09-01 03:00:00
WPAC,200314W,123.6,20.9,2003090106,120.0,170.0,922.0,6502,2003-09-01 06:00:00
WPAC,200314W,122.7,21.0,2003090109,123.0,172.5,919.0,6503,2003-09-01 09:00:00
WPAC,200314W,118.2,22.0,2003090200,120.0,190.0,922.0,6504,2003-09-02 00:00:00
WPAC,200314W,117.4,22.1,2003090203,113.0,183.8,930.0,6505,2003-09-02 03:00:00
WPAC,200314W,116.6,22.2,2003090206,105.0,177.5,938.0,6506,2003-09-02 06:00:00
WPAC,200314W,115.7,22.4,2003090209,95.0,166.2,948.0,6507,2003-09-02 09:00:00
WPAC,200314W,111.5,22.6,2003090221,53.0,130.0,985.0,6508,2003-09-02 21:00:00
WPAC,200314W,110.5,22.6,2003090300,40.0,130.0,994.0,6509,2003-09-03 00:00:00
WPAC,200314W,109.8,22.8,2003090303,35.0,65.0,997.0,6510,2003-09-03 03:00:00
WPAC,200314W,109.2,23.0,2003090306,30.0,0.0,1000.0,6511,2003-09-03 06:00:00
EPAC,200315E,-99.2,12.3,2003100315,45.0,0.0,1001.0,3916,2003-10-03 15:00:00
EPAC,200315E,-99.5,12.4,2003100318,50.0,0.0,1000.0,3917,2003-10-03 18:00:00
EPAC,200315E,-99.8,12.8,2003100321,48.0,0.0,1000.0,3918,2003-10-03 21:00:00
EPAC,200315E,-100.0,13.1,2003100400,45.0,0.0,1000.0,3919,2003-10-04 00:00:00
EPAC,200315E,-101.7,14.8,2003100415,53.0,0.0,996.0,3920,2003-10-04 15:00:00
EPAC,200315E,-102.1,15.0,2003100418,55.0,0.0,994.0,3921,2003-10-04 18:00:00
EPAC,200315E,-102.5,15.3,2003100421,55.0,0.0,994.0,3922,2003-10-04 21:00:00
EPAC,200315E,-102.9,15.5,2003100500,55.0,0.0,994.0,3923,2003-10-05 00:00:00
EPAC,200315E,-104.5,16.8,2003100515,60.0,0.0,989.0,3924,2003-10-05 15:00:00
EPAC,200315E,-104.8,17.1,2003100518,55.0,0.0,990.0,3925,2003-10-05 18:00:00
EPAC,200315E,-104.9,17.3,2003100521,53.0,0.0,993.0,3926,2003-10-05 21:00:00
EPAC,200315E,-105.0,17.4,2003100600,50.0,0.0,995.0,3927,2003-10-06 00:00:00
EPAC,200315E,-104.5,17.6,2003100615,38.0,0.0,999.0,3928,2003-10-06 15:00:00
EPAC,200315E,-104.4,17.9,2003100618,40.0,0.0,998.0,3929,2003-10-06 18:00:00
EPAC,200315E,-104.5,18.1,2003100621,43.0,0.0,998.0,3930,2003-10-06 21:00:00
EPAC,200315E,-104.5,18.4,2003100700,45.0,0.0,997.0,3931,2003-10-07 00:00:00
EPAC,200315E,-104.6,20.0,2003100715,35.0,0.0,1001.0,3932,2003-10-07 15:00:00
EPAC,200315E,-104.5,20.3,2003100718,30.0,0.0,1002.0,3933,2003-10-07 18:00:00
EPAC,200315E,-104.2,20.6,2003100721,28.0,0.0,1003.0,3934,2003-10-07 21:00:00
EPAC,200315E,-103.8,20.8,2003100800,25.0,0.0,1004.0,3935,2003-10-08 00:00:00
ATLN,200315L,-62.4,28.2,2003092412,25.0,0.0,1009.0,349,2003-09-24 12:00:00
ATLN,200315L,-62.3,28.3,2003092415,28.0,0.0,1008.0,350,2003-09-24 15:00:00
ATLN,200315L,-62.2,28.3,2003092418,30.0,0.0,1007.0,351,2003-09-24 18:00:00
ATLN,200315L,-62.1,28.4,2003092421,33.0,0.0,1007.0,352,2003-09-24 21:00:00
ATLN,200315L,-61.4,29.2,2003092512,45.0,0.0,1000.0,353,2003-09-25 12:00:00
ATLN,200315L,-61.5,29.8,2003092515,48.0,0.0,998.0,354,2003-09-25 15:00:00
ATLN,200315L,-61.6,30.4,2003092518,50.0,0.0,996.0,355,2003-09-25 18:00:00
ATLN,200315L,-61.7,30.6,2003092521,53.0,0.0,994.0,356,2003-09-25 21:00:00
ATLN,200315L,-62.0,31.8,2003092612,65.0,0.0,987.0,357,2003-09-26 12:00:00
ATLN,200315L,-62.0,32.1,2003092615,68.0,0.0,987.0,358,2003-09-26 15:00:00
ATLN,200315L,-62.0,32.5,2003092618,70.0,0.0,987.0,359,2003-09-26 18:00:00
ATLN,200315L,-62.0,32.9,2003092621,73.0,0.0,986.0,360,2003-09-26 21:00:00
ATLN,200315L,-62.8,35.2,2003092712,75.0,0.0,979.0,361,2003-09-27 12:00:00
ATLN,200315L,-63.0,35.4,2003092715,83.0,0.0,974.0,362,2003-09-27 15:00:00
ATLN,200315L,-63.2,35.5,2003092718,90.0,0.0,969.0,363,2003-09-27 18:00:00
ATLN,200315L,-63.4,35.9,2003092721,90.0,0.0,970.0,364,2003-09-27 21:00:00
ATLN,200315L,-64.1,38.5,2003092812,90.0,0.0,970.0,365,2003-09-28 12:00:00
ATLN,200315L,-64.1,39.4,2003092815,90.0,0.0,970.0,366,2003-09-28 15:00:00
ATLN,200315L,-64.1,40.2,2003092818,90.0,0.0,970.0,367,2003-09-28 18:00:00
ATLN,200315L,-64.0,41.5,2003092821,88.0,0.0,971.0,368,2003-09-28 21:00:00
WPAC,200315W,148.0,11.9,2003090421,25.0,0.0,1002.0,6512,2003-09-04 21:00:00
WPAC,200315W,147.6,12.6,2003090500,25.0,0.0,1002.0,6513,2003-09-05 00:00:00
WPAC,200315W,146.8,12.8,2003090503,25.0,0.0,1002.0,6514,2003-09-05 03:00:00
WPAC,200315W,146.1,13.0,2003090506,25.0,0.0,1002.0,6515,2003-09-05 06:00:00
WPAC,200315W,142.7,14.3,2003090521,38.0,0.0,996.0,6516,2003-09-05 21:00:00
WPAC,200315W,141.6,14.9,2003090603,40.0,30.0,994.0,6517,2003-09-06 03:00:00
WPAC,200315W,141.0,15.2,2003090606,40.0,60.0,994.0,6518,2003-09-06 06:00:00
WPAC,200315W,140.5,15.6,2003090609,43.0,50.6,993.0,6519,2003-09-06 09:00:00
WPAC,200315W,138.3,17.0,2003090621,55.0,90.0,984.0,6520,2003-09-06 21:00:00
WPAC,200315W,136.7,18.3,2003090706,60.0,90.0,980.0,6521,2003-09-07 06:00:00
WPAC,200315W,136.2,18.6,2003090709,60.0,91.2,980.0,6522,2003-09-07 09:00:00
WPAC,200315W,134.4,19.6,2003090721,68.0,95.0,974.0,6523,2003-09-07 21:00:00
WPAC,200315W,133.5,20.0,2003090803,70.0,100.0,972.0,6524,2003-09-08 03:00:00
WPAC,200315W,132.5,20.4,2003090809,73.0,100.6,970.0,6525,2003-09-08 09:00:00
WPAC,200315W,129.9,22.1,2003090903,103.0,60.0,941.0,6526,2003-09-09 03:00:00
WPAC,200315W,129.5,22.4,2003090906,115.0,120.0,927.0,6527,2003-09-09 06:00:00
WPAC,200315W,129.1,22.6,2003090909,123.0,135.0,919.0,6528,2003-09-09 09:00:00
WPAC,200315W,127.5,23.5,2003090921,140.0,150.0,898.0,6529,2003-09-09 21:00:00
WPAC,200315W,127.2,23.6,2003091000,150.0,150.0,885.0,6530,2003-09-10 00:00:00
WPAC,200315W,127.0,23.8,2003091003,150.0,152.5,885.0,6531,2003-09-10 03:00:00
WPAC,200315W,126.7,24.0,2003091006,150.0,155.0,885.0,6532,2003-09-10 06:00:00
WPAC,200315W,126.4,24.1,2003091009,150.0,155.0,885.0,6533,2003-09-10 09:00:00
WPAC,200315W,125.3,25.2,2003091100,125.0,145.0,916.0,6534,2003-09-11 00:00:00
WPAC,200315W,125.3,25.5,2003091103,130.0,148.8,910.0,6535,2003-09-11 03:00:00
WPAC,200315W,125.3,25.9,2003091106,135.0,152.5,904.0,6536,2003-09-11 06:00:00
WPAC,200315W,125.4,26.4,2003091109,135.0,150.6,904.0,6537,2003-09-11 09:00:00
WPAC,200315W,126.5,30.6,2003091200,120.0,153.8,922.0,6538,2003-09-12 00:00:00
WPAC,200315W,126.8,31.7,2003091203,113.0,150.0,930.0,6539,2003-09-12 03:00:00
WPAC,200315W,127.1,32.7,2003091206,105.0,146.2,938.0,6540,2003-09-12 06:00:00
WPAC,200315W,127.7,33.8,2003091209,100.0,140.6,944.0,6541,2003-09-12 09:00:00
WPAC,200315W,131.5,38.9,2003091300,75.0,130.0,967.0,6542,2003-09-13 00:00:00
WPAC,200315W,133.1,39.8,2003091303,68.0,125.0,974.0,6543,2003-09-13 03:00:00
WPAC,200315W,134.7,40.6,2003091306,60.0,120.0,980.0,6544,2003-09-13 06:00:00
WPAC,200315W,136.3,41.4,2003091309,58.0,120.0,982.0,6545,2003-09-13 09:00:00
EPAC,200316E,-100.8,10.2,2003102015,33.0,0.0,1005.0,3936,2003-10-20 15:00:00
EPAC,200316E,-101.2,10.3,2003102018,35.0,0.0,1002.0,3937,2003-10-20 18:00:00
EPAC,200316E,-101.6,10.4,2003102021,40.0,0.0,1001.0,3938,2003-10-20 21:00:00
EPAC,200316E,-101.9,10.6,2003102100,45.0,0.0,1000.0,3939,2003-10-21 00:00:00
EPAC,200316E,-103.8,11.4,2003102115,65.0,0.0,987.0,3940,2003-10-21 15:00:00
EPAC,200316E,-104.2,11.6,2003102118,65.0,0.0,987.0,3941,2003-10-21 18:00:00
EPAC,200316E,-104.6,11.6,2003102121,68.0,0.0,986.0,3942,2003-10-21 21:00:00
EPAC,200316E,-105.0,11.7,2003102200,70.0,0.0,984.0,3943,2003-10-22 00:00:00
EPAC,200316E,-107.3,12.1,2003102215,58.0,0.0,992.0,3944,2003-10-22 15:00:00
EPAC,200316E,-107.8,12.2,2003102218,55.0,0.0,994.0,3945,2003-10-22 18:00:00
EPAC,200316E,-108.2,12.3,2003102221,50.0,0.0,997.0,3946,2003-10-22 21:00:00
EPAC,200316E,-108.6,12.4,2003102300,45.0,0.0,1000.0,3947,2003-10-23 00:00:00
EPAC,200316E,-111.2,13.3,2003102315,38.0,0.0,1004.0,3948,2003-10-23 15:00:00
EPAC,200316E,-111.7,13.3,2003102318,35.0,0.0,1005.0,3949,2003-10-23 18:00:00
EPAC,200316E,-112.0,13.4,2003102321,35.0,0.0,1005.0,3950,2003-10-23 21:00:00
EPAC,200316E,-112.3,13.6,2003102400,35.0,0.0,1005.0,3951,2003-10-24 00:00:00
EPAC,200316E,-113.1,14.1,2003102415,40.0,0.0,1002.0,3952,2003-10-24 15:00:00
EPAC,200316E,-113.2,14.3,2003102418,40.0,0.0,1002.0,3953,2003-10-24 18:00:00
EPAC,200316E,-113.3,14.4,2003102421,38.0,0.0,1004.0,3954,2003-10-24 21:00:00
EPAC,200316E,-113.5,14.6,2003102500,35.0,0.0,1005.0,3955,2003-10-25 00:00:00
EPAC,200316E,-114.3,15.4,2003102515,30.0,0.0,1008.0,3956,2003-10-25 15:00:00
EPAC,200316E,-114.4,15.5,2003102518,30.0,0.0,1008.0,3957,2003-10-25 18:00:00
EPAC,200316E,-114.6,15.6,2003102521,28.0,0.0,1008.0,3958,2003-10-25 21:00:00
EPAC,200316E,-114.7,15.7,2003102600,25.0,0.0,1008.0,3959,2003-10-26 00:00:00
ATLN,200316L,-37.7,11.8,2003092518,30.0,0.0,1008.0,369,2003-09-25 18:00:00
ATLN,200316L,-39.8,14.6,2003092609,30.0,0.0,1008.0,370,2003-09-26 09:00:00
ATLN,200316L,-40.2,15.2,2003092612,30.0,0.0,1007.0,371,2003-09-26 12:00:00
ATLN,200316L,-40.6,15.9,2003092615,30.0,0.0,1007.0,372,2003-09-26 15:00:00
ATLN,200316L,-41.0,16.6,2003092618,30.0,0.0,1007.0,373,2003-09-26 18:00:00
ATLN,200316L,-43.4,19.6,2003092709,30.0,0.0,1007.0,374,2003-09-27 09:00:00
ATLN,200316L,-43.8,20.0,2003092712,30.0,0.0,1007.0,375,2003-09-27 12:00:00
ATLN,200316L,-44.0,20.5,2003092715,33.0,0.0,1006.0,376,2003-09-27 15:00:00
ATLN,200316L,-44.2,21.0,2003092718,35.0,0.0,1005.0,377,2003-09-27 18:00:00
ATLN,200316L,-44.0,23.4,2003092809,50.0,0.0,997.0,378,2003-09-28 09:00:00
ATLN,200316L,-43.6,23.9,2003092812,50.0,0.0,997.0,379,2003-09-28 12:00:00
ATLN,200316L,-43.1,24.4,2003092815,50.0,0.0,997.0,380,2003-09-28 15:00:00
ATLN,200316L,-42.6,24.8,2003092818,50.0,0.0,997.0,381,2003-09-28 18:00:00
ATLN,200316L,-39.0,27.8,2003092909,55.0,0.0,993.0,382,2003-09-29 09:00:00
ATLN,200316L,-38.2,28.3,2003092912,55.0,0.0,991.0,383,2003-09-29 12:00:00
ATLN,200316L,-37.5,28.8,2003092915,60.0,0.0,989.0,384,2003-09-29 15:00:00
ATLN,200316L,-36.8,29.2,2003092918,65.0,0.0,987.0,385,2003-09-29 18:00:00
ATLN,200316L,-35.0,31.3,2003093009,55.0,0.0,992.0,386,2003-09-30 09:00:00
ATLN,200316L,-35.1,31.8,2003093012,55.0,0.0,992.0,387,2003-09-30 12:00:00
ATLN,200316L,-35.5,32.2,2003093015,53.0,0.0,994.0,388,2003-09-30 15:00:00
ATLN,200316L,-36.0,32.6,2003093018,50.0,0.0,996.0,389,2003-09-30 18:00:00
ATLN,200316L,-39.0,32.3,2003100109,53.0,0.0,996.0,390,2003-10-01 09:00:00
ATLN,200316L,-39.6,32.2,2003100112,55.0,0.0,994.0,391,2003-10-01 12:00:00
ATLN,200316L,-40.3,32.0,2003100115,60.0,0.0,991.0,392,2003-10-01 15:00:00
ATLN,200316L,-40.9,31.7,2003100118,65.0,0.0,987.0,393,2003-10-01 18:00:00
ATLN,200316L,-43.3,30.2,2003100209,75.0,0.0,979.0,394,2003-10-02 09:00:00
ATLN,200316L,-43.6,30.1,2003100212,75.0,0.0,979.0,395,2003-10-02 12:00:00
ATLN,200316L,-44.2,30.0,2003100215,78.0,0.0,978.0,396,2003-10-02 15:00:00
ATLN,200316L,-44.7,29.9,2003100218,80.0,0.0,976.0,397,2003-10-02 18:00:00
ATLN,200316L,-47.8,29.4,2003100312,90.0,0.0,970.0,398,2003-10-03 12:00:00
ATLN,200316L,-48.5,29.5,2003100315,95.0,0.0,966.0,399,2003-10-03 15:00:00
ATLN,200316L,-49.1,29.6,2003100318,100.0,0.0,962.0,400,2003-10-03 18:00:00
ATLN,200316L,-49.7,29.8,2003100321,100.0,0.0,962.0,401,2003-10-03 21:00:00
ATLN,200316L,-52.8,30.1,2003100412,105.0,0.0,956.0,402,2003-10-04 12:00:00
ATLN,200316L,-53.4,30.1,2003100415,108.0,0.0,954.0,403,2003-10-04 15:00:00
ATLN,200316L,-54.0,30.2,2003100418,110.0,0.0,952.0,404,2003-10-04 18:00:00
ATLN,200316L,-54.4,30.3,2003100421,105.0,0.0,957.0,405,2003-10-04 21:00:00
ATLN,200316L,-56.1,30.7,2003100512,90.0,0.0,973.0,406,2003-10-05 12:00:00
ATLN,200316L,-56.3,31.0,2003100515,88.0,0.0,974.0,407,2003-10-05 15:00:00
ATLN,200316L,-56.4,31.4,2003100518,85.0,0.0,975.0,408,2003-10-05 18:00:00
ATLN,200316L,-56.3,31.8,2003100521,83.0,0.0,976.0,409,2003-10-05 21:00:00
ATLN,200316L,-55.6,35.2,2003100612,75.0,0.0,979.0,410,2003-10-06 12:00:00
ATLN,200316L,-55.3,36.0,2003100615,73.0,0.0,981.0,411,2003-10-06 15:00:00
ATLN,200316L,-55.0,36.9,2003100618,70.0,0.0,983.0,412,2003-10-06 18:00:00
ATLN,200316L,-54.5,37.8,2003100621,68.0,0.0,985.0,413,2003-10-06 21:00:00
ATLN,200316L,-49.5,43.8,2003100712,60.0,0.0,987.0,414,2003-10-07 12:00:00
ATLN,200316L,-48.4,45.6,2003100715,60.0,0.0,984.0,415,2003-10-07 15:00:00
ATLN,200316L,-47.2,47.5,2003100718,60.0,0.0,980.0,416,2003-10-07 18:00:00
WPAC,200316W,128.0,21.5,2003091803,30.0,0.0,1000.0,6546,2003-09-18 03:00:00
WPAC,200316W,127.4,21.7,2003091806,30.0,0.0,1000.0,6547,2003-09-18 06:00:00
WPAC,200316W,127.3,22.2,2003091809,30.0,0.0,1000.0,6548,2003-09-18 09:00:00
WPAC,200316W,127.7,24.9,2003091900,55.0,90.0,984.0,6549,2003-09-19 00:00:00
WPAC,200316W,127.8,25.4,2003091903,55.0,90.0,984.0,6550,2003-09-19 03:00:00
WPAC,200316W,128.0,26.0,2003091906,55.0,90.0,984.0,6551,2003-09-19 06:00:00
WPAC,200316W,128.1,26.5,2003091909,58.0,90.0,982.0,6552,2003-09-19 09:00:00
WPAC,200316W,129.7,28.4,2003092000,65.0,125.0,976.0,6553,2003-09-20 00:00:00
WPAC,200316W,130.2,28.6,2003092003,65.0,125.0,976.0,6554,2003-09-20 03:00:00
WPAC,200316W,130.7,28.8,2003092006,65.0,125.0,976.0,6555,2003-09-20 06:00:00
WPAC,200316W,131.4,28.9,2003092009,68.0,125.0,974.0,6556,2003-09-20 09:00:00
WPAC,200316W,136.4,30.6,2003092103,95.0,143.8,949.0,6557,2003-09-21 03:00:00
WPAC,200316W,137.2,31.1,2003092106,100.0,147.5,944.0,6558,2003-09-21 06:00:00
WPAC,200316W,138.1,31.6,2003092109,100.0,150.6,944.0,6559,2003-09-21 09:00:00
WPAC,200316W,141.8,33.8,2003092121,98.0,151.9,947.0,6560,2003-09-21 21:00:00
WPAC,200316W,142.8,34.4,2003092200,95.0,150.0,949.0,6561,2003-09-22 00:00:00
WPAC,200316W,143.9,35.1,2003092203,93.0,158.8,952.0,6562,2003-09-22 03:00:00
WPAC,200316W,145.0,35.9,2003092206,90.0,167.5,954.0,6563,2003-09-22 06:00:00
WPAC,200316W,153.8,40.8,2003092221,60.0,167.5,980.0,6564,2003-09-22 21:00:00
WPAC,200316W,156.5,42.1,2003092300,55.0,167.5,984.0,6565,2003-09-23 00:00:00
ATLN,200317L,-84.7,18.5,2003092718,15.0,0.0,1009.0,417,2003-09-27 18:00:00
ATLN,200317L,-84.8,18.6,2003092721,15.0,0.0,1009.0,418,2003-09-27 21:00:00
ATLN,200317L,-86.0,19.3,2003092812,20.0,0.0,1008.0,419,2003-09-28 12:00:00
ATLN,200317L,-86.5,19.5,2003092815,20.0,0.0,1008.0,420,2003-09-28 15:00:00
ATLN,200317L,-86.9,19.7,2003092818,20.0,0.0,1008.0,421,2003-09-28 18:00:00
ATLN,200317L,-87.2,19.9,2003092821,20.0,0.0,1008.0,422,2003-09-28 21:00:00
ATLN,200317L,-89.3,20.8,2003092915,20.0,0.0,1007.0,423,2003-09-29 15:00:00
ATLN,200317L,-89.6,21.0,2003092918,20.0,0.0,1007.0,424,2003-09-29 18:00:00
ATLN,200317L,-90.0,21.1,2003092921,23.0,0.0,1007.0,425,2003-09-29 21:00:00
ATLN,200317L,-92.3,21.3,2003093015,33.0,0.0,1007.0,426,2003-09-30 15:00:00
ATLN,200317L,-92.5,21.2,2003093018,35.0,0.0,1006.0,427,2003-09-30 18:00:00
ATLN,200317L,-92.7,21.0,2003093021,38.0,0.0,1006.0,428,2003-09-30 21:00:00
ATLN,200317L,-92.9,20.9,2003100100,40.0,0.0,1006.0,429,2003-10-01 00:00:00
ATLN,200317L,-93.1,21.0,2003100115,43.0,0.0,1004.0,430,2003-10-01 15:00:00
ATLN,200317L,-93.2,21.0,2003100118,45.0,0.0,1003.0,431,2003-10-01 18:00:00
ATLN,200317L,-93.3,20.9,2003100121,45.0,0.0,1003.0,432,2003-10-01 21:00:00
ATLN,200317L,-93.4,20.9,2003100200,45.0,0.0,1002.0,433,2003-10-02 00:00:00
ATLN,200317L,-93.5,20.4,2003100215,48.0,0.0,997.0,434,2003-10-02 15:00:00
ATLN,200317L,-93.6,20.4,2003100218,50.0,0.0,996.0,435,2003-10-02 18:00:00
ATLN,200317L,-93.8,20.4,2003100221,53.0,0.0,995.0,436,2003-10-02 21:00:00
ATLN,200317L,-94.0,20.5,2003100300,55.0,0.0,993.0,437,2003-10-03 00:00:00
ATLN,200317L,-94.6,20.0,2003100315,50.0,0.0,995.0,438,2003-10-03 15:00:00
ATLN,200317L,-94.7,19.9,2003100318,50.0,0.0,995.0,439,2003-10-03 18:00:00
ATLN,200317L,-94.6,19.8,2003100321,50.0,0.0,995.0,440,2003-10-03 21:00:00
ATLN,200317L,-94.5,19.6,2003100400,50.0,0.0,995.0,441,2003-10-04 00:00:00
ATLN,200317L,-93.8,19.1,2003100415,50.0,0.0,995.0,442,2003-10-04 15:00:00
ATLN,200317L,-93.8,18.8,2003100418,50.0,0.0,996.0,443,2003-10-04 18:00:00
ATLN,200317L,-93.7,18.7,2003100421,50.0,0.0,996.0,444,2003-10-04 21:00:00
ATLN,200317L,-93.6,18.6,2003100500,50.0,0.0,996.0,445,2003-10-05 00:00:00
ATLN,200317L,-93.6,18.3,2003100515,45.0,0.0,999.0,446,2003-10-05 15:00:00
ATLN,200317L,-93.7,18.2,2003100518,40.0,0.0,1000.0,447,2003-10-05 18:00:00
ATLN,200317L,-93.8,18.0,2003100521,38.0,0.0,1002.0,448,2003-10-05 21:00:00
ATLN,200317L,-93.8,17.9,2003100600,35.0,0.0,1003.0,449,2003-10-06 00:00:00
ATLN,200317L,-94.2,17.0,2003100615,20.0,0.0,1006.0,450,2003-10-06 15:00:00
ATLN,200317L,-94.3,16.9,2003100618,20.0,0.0,1006.0,451,2003-10-06 18:00:00
ATLN,200317L,-94.4,16.8,2003100621,18.0,0.0,1007.0,452,2003-10-06 21:00:00
ATLN,200317L,-94.5,16.6,2003100700,15.0,0.0,1007.0,453,2003-10-07 00:00:00
ATLN,200317L,-95.2,15.9,2003100715,15.0,0.0,1009.0,454,2003-10-07 15:00:00
ATLN,200317L,-95.3,15.8,2003100718,15.0,0.0,1009.0,455,2003-10-07 18:00:00
WPAC,200317W,138.9,15.1,2003092400,25.0,0.0,1002.0,6566,2003-09-24 00:00:00
WPAC,200317W,138.5,15.3,2003092403,25.0,0.0,1002.0,6567,2003-09-24 03:00:00
WPAC,200317W,137.6,15.8,2003092409,25.0,0.0,1002.0,6568,2003-09-24 09:00:00
WPAC,200317W,135.8,16.6,2003092421,30.0,0.0,1000.0,6569,2003-09-24 21:00:00
WPAC,200317W,135.5,16.2,2003092503,30.0,0.0,1000.0,6570,2003-09-25 03:00:00
WPAC,200317W,135.6,15.8,2003092506,30.0,0.0,1000.0,6571,2003-09-25 06:00:00
WPAC,200317W,135.8,16.1,2003092509,30.0,0.0,1000.0,6572,2003-09-25 09:00:00
WPAC,200317W,136.3,17.5,2003092521,28.0,0.0,1001.0,6573,2003-09-25 21:00:00
WPAC,200317W,136.4,17.9,2003092600,25.0,0.0,1002.0,6574,2003-09-26 00:00:00
WPAC,200317W,136.6,18.2,2003092603,25.0,0.0,1000.0,6575,2003-09-26 03:00:00
WPAC,200317W,136.7,18.5,2003092606,25.0,0.0,998.0,6576,2003-09-26 06:00:00
WPAC,200317W,137.1,18.9,2003092609,28.0,0.0,998.0,6577,2003-09-26 09:00:00
WPAC,200317W,139.0,21.8,2003092703,55.0,100.0,984.0,6578,2003-09-27 03:00:00
WPAC,200317W,139.3,22.3,2003092706,60.0,100.0,980.0,6579,2003-09-27 06:00:00
WPAC,200317W,139.5,22.8,2003092709,60.0,125.0,980.0,6580,2003-09-27 09:00:00
WPAC,200317W,140.2,24.6,2003092721,60.0,145.0,980.0,6581,2003-09-27 21:00:00
WPAC,200317W,140.3,25.0,2003092800,60.0,140.0,980.0,6582,2003-09-28 00:00:00
WPAC,200317W,140.6,25.7,2003092806,60.0,140.0,980.0,6583,2003-09-28 06:00:00
WPAC,200317W,140.8,26.0,2003092809,65.0,160.0,976.0,6584,2003-09-28 09:00:00
WPAC,200317W,141.5,27.7,2003092900,85.0,157.5,958.0,6585,2003-09-29 00:00:00
WPAC,200317W,141.7,28.1,2003092903,88.0,161.2,956.0,6586,2003-09-29 03:00:00
WPAC,200317W,141.9,28.5,2003092906,90.0,165.0,954.0,6587,2003-09-29 06:00:00
WPAC,200317W,142.2,28.9,2003092909,88.0,168.8,956.0,6588,2003-09-29 09:00:00
WPAC,200317W,145.6,31.7,2003092921,68.0,157.5,969.0,6589,2003-09-29 21:00:00
WPAC,200317W,147.1,32.7,2003093000,60.0,157.5,980.0,6590,2003-09-30 00:00:00
WPAC,200317W,148.6,33.9,2003093003,53.0,157.5,986.0,6591,2003-09-30 03:00:00
WPAC,200317W,150.1,35.0,2003093006,45.0,157.5,991.0,6592,2003-09-30 06:00:00
ATLN,200318L,-68.8,19.1,2003101018,40.0,0.0,1004.0,456,2003-10-10 18:00:00
ATLN,200318L,-69.3,19.6,2003101021,40.0,0.0,1003.0,457,2003-10-10 21:00:00
ATLN,200318L,-71.3,21.8,2003101112,35.0,0.0,1007.0,458,2003-10-11 12:00:00
ATLN,200318L,-71.4,22.3,2003101115,35.0,0.0,1007.0,459,2003-10-11 15:00:00
ATLN,200318L,-71.5,22.7,2003101118,35.0,0.0,1007.0,460,2003-10-11 18:00:00
ATLN,200318L,-71.7,23.1,2003101121,35.0,0.0,1007.0,461,2003-10-11 21:00:00
ATLN,200318L,-72.2,24.7,2003101212,30.0,0.0,1008.0,462,2003-10-12 12:00:00
ATLN,200318L,-72.1,25.1,2003101215,30.0,0.0,1008.0,463,2003-10-12 15:00:00
ATLN,200318L,-72.0,25.5,2003101218,30.0,0.0,1008.0,464,2003-10-12 18:00:00
ATLN,200318L,-71.5,25.6,2003101221,30.0,0.0,1008.0,465,2003-10-12 21:00:00
ATLN,200318L,-69.3,25.8,2003101312,30.0,0.0,1008.0,466,2003-10-13 12:00:00
ATLN,200318L,-68.8,25.9,2003101315,30.0,0.0,1008.0,467,2003-10-13 15:00:00
ATLN,200318L,-68.3,25.9,2003101318,30.0,0.0,1007.0,468,2003-10-13 18:00:00
ATLN,200318L,-68.0,25.9,2003101321,28.0,0.0,1008.0,469,2003-10-13 21:00:00
WPAC,200318W,117.1,18.4,2003100606,15.0,0.0,1006.0,6593,2003-10-06 06:00:00
WPAC,200318W,116.9,18.3,2003100609,15.0,0.0,1006.0,6594,2003-10-06 09:00:00
WPAC,200318W,116.0,17.9,2003100621,25.0,0.0,1004.0,6595,2003-10-06 21:00:00
WPAC,200318W,115.7,17.7,2003100700,25.0,0.0,1002.0,6596,2003-10-07 00:00:00
WPAC,200318W,115.5,17.5,2003100703,25.0,0.0,1002.0,6597,2003-10-07 03:00:00
WPAC,200318W,115.2,17.3,2003100706,25.0,0.0,1002.0,6598,2003-10-07 06:00:00
WPAC,200318W,115.1,17.1,2003100709,25.0,0.0,1002.0,6599,2003-10-07 09:00:00
WPAC,200318W,115.4,17.4,2003100800,25.0,0.0,1002.0,6600,2003-10-08 00:00:00
WPAC,200318W,115.4,17.5,2003100803,25.0,0.0,1002.0,6601,2003-10-08 03:00:00
WPAC,200318W,115.4,17.7,2003100806,25.0,0.0,1002.0,6602,2003-10-08 06:00:00
WPAC,200318W,115.4,17.9,2003100809,25.0,0.0,1002.0,6603,2003-10-08 09:00:00
WPAC,200318W,115.2,18.7,2003100900,25.0,0.0,1002.0,6604,2003-10-09 00:00:00
WPAC,200318W,115.2,18.9,2003100903,25.0,0.0,1002.0,6605,2003-10-09 03:00:00
WPAC,200318W,115.3,19.1,2003100906,25.0,0.0,1002.0,6606,2003-10-09 06:00:00
WPAC,200318W,115.3,19.3,2003100909,25.0,0.0,1002.0,6607,2003-10-09 09:00:00
WPAC,200318W,115.0,19.9,2003101000,25.0,0.0,1002.0,6608,2003-10-10 00:00:00
WPAC,200318W,114.8,20.0,2003101003,25.0,0.0,1002.0,6609,2003-10-10 03:00:00
WPAC,200318W,114.6,20.2,2003101006,25.0,0.0,1002.0,6610,2003-10-10 06:00:00
WPAC,200318W,114.2,20.5,2003101009,25.0,0.0,1002.0,6611,2003-10-10 09:00:00
WPAC,200318W,112.0,21.7,2003101100,25.0,0.0,1002.0,6612,2003-10-11 00:00:00
ATLN,200319L,-38.0,9.6,2003101309,25.0,0.0,1008.0,470,2003-10-13 09:00:00
ATLN,200319L,-38.4,9.6,2003101312,25.0,0.0,1008.0,471,2003-10-13 12:00:00
ATLN,200319L,-38.6,9.8,2003101315,28.0,0.0,1008.0,472,2003-10-13 15:00:00
ATLN,200319L,-38.9,9.9,2003101318,30.0,0.0,1007.0,473,2003-10-13 18:00:00
ATLN,200319L,-40.7,10.6,2003101409,30.0,0.0,1006.0,474,2003-10-14 09:00:00
ATLN,200319L,-41.1,10.7,2003101412,30.0,0.0,1006.0,475,2003-10-14 12:00:00
ATLN,200319L,-41.5,10.8,2003101415,33.0,0.0,1006.0,476,2003-10-14 15:00:00
ATLN,200319L,-41.9,10.9,2003101418,35.0,0.0,1005.0,477,2003-10-14 18:00:00
ATLN,200319L,-43.4,11.7,2003101509,45.0,0.0,1000.0,478,2003-10-15 09:00:00
ATLN,200319L,-43.7,11.8,2003101512,45.0,0.0,1000.0,479,2003-10-15 12:00:00
ATLN,200319L,-44.0,12.0,2003101515,45.0,0.0,1000.0,480,2003-10-15 15:00:00
ATLN,200319L,-44.3,12.2,2003101518,45.0,0.0,1000.0,481,2003-10-15 18:00:00
ATLN,200319L,-45.8,13.3,2003101609,48.0,0.0,999.0,482,2003-10-16 09:00:00
ATLN,200319L,-46.0,13.5,2003101612,50.0,0.0,997.0,483,2003-10-16 12:00:00
ATLN,200319L,-46.3,13.8,2003101615,53.0,0.0,996.0,484,2003-10-16 15:00:00
ATLN,200319L,-46.6,14.0,2003101618,55.0,0.0,994.0,485,2003-10-16 18:00:00
ATLN,200319L,-47.8,15.3,2003101709,58.0,0.0,992.0,486,2003-10-17 09:00:00
ATLN,200319L,-48.0,15.5,2003101712,60.0,0.0,990.0,487,2003-10-17 12:00:00
ATLN,200319L,-48.0,15.8,2003101715,58.0,0.0,992.0,488,2003-10-17 15:00:00
ATLN,200319L,-48.1,16.1,2003101718,55.0,0.0,994.0,489,2003-10-17 18:00:00
ATLN,200319L,-47.8,16.5,2003101812,55.0,0.0,994.0,490,2003-10-18 12:00:00
ATLN,200319L,-47.8,16.6,2003101815,53.0,0.0,996.0,491,2003-10-18 15:00:00
ATLN,200319L,-47.7,16.7,2003101818,50.0,0.0,997.0,492,2003-10-18 18:00:00
ATLN,200319L,-47.3,17.5,2003101909,50.0,0.0,997.0,493,2003-10-19 09:00:00
ATLN,200319L,-47.3,17.6,2003101912,50.0,0.0,997.0,494,2003-10-19 12:00:00
ATLN,200319L,-47.4,17.6,2003101915,48.0,0.0,999.0,495,2003-10-19 15:00:00
ATLN,200319L,-47.5,17.6,2003101918,45.0,0.0,1000.0,496,2003-10-19 18:00:00
ATLN,200319L,-48.1,17.8,2003102012,40.0,0.0,1002.0,497,2003-10-20 12:00:00
ATLN,200319L,-48.5,18.0,2003102015,38.0,0.0,1004.0,498,2003-10-20 15:00:00
ATLN,200319L,-48.9,18.1,2003102018,35.0,0.0,1005.0,499,2003-10-20 18:00:00
ATLN,200319L,-51.0,18.7,2003102112,45.0,0.0,1000.0,500,2003-10-21 12:00:00
ATLN,200319L,-51.5,18.6,2003102115,45.0,0.0,1000.0,501,2003-10-21 15:00:00
ATLN,200319L,-52.0,18.6,2003102118,45.0,0.0,1000.0,502,2003-10-21 18:00:00
ATLN,200319L,-52.5,18.6,2003102121,43.0,0.0,1001.0,503,2003-10-21 21:00:00
ATLN,200319L,-54.1,18.8,2003102212,35.0,0.0,1005.0,504,2003-10-22 12:00:00
ATLN,200319L,-54.6,19.5,2003102218,35.0,0.0,1005.0,505,2003-10-22 18:00:00
ATLN,200319L,-55.0,19.9,2003102221,35.0,0.0,1005.0,506,2003-10-22 21:00:00
ATLN,200319L,-56.4,22.5,2003102312,30.0,0.0,1007.0,507,2003-10-23 12:00:00
ATLN,200319L,-56.6,23.1,2003102315,30.0,0.0,1008.0,508,2003-10-23 15:00:00
ATLN,200319L,-56.9,23.6,2003102318,30.0,0.0,1008.0,509,2003-10-23 18:00:00
ATLN,200319L,-56.8,24.4,2003102321,28.0,0.0,1009.0,510,2003-10-23 21:00:00
ATLN,200319L,-56.1,28.8,2003102412,25.0,0.0,1011.0,511,2003-10-24 12:00:00
ATLN,200319L,-55.9,29.5,2003102415,25.0,0.0,1012.0,512,2003-10-24 15:00:00
ATLN,200319L,-55.7,30.2,2003102418,25.0,0.0,1012.0,513,2003-10-24 18:00:00
ATLN,200319L,-55.3,30.8,2003102421,23.0,0.0,1013.0,514,2003-10-24 21:00:00
ATLN,200319L,-52.0,32.4,2003102512,20.0,0.0,1014.0,515,2003-10-25 12:00:00
ATLN,200319L,-51.3,32.5,2003102515,20.0,0.0,1014.0,516,2003-10-25 15:00:00
ATLN,200319L,-50.5,32.5,2003102518,20.0,0.0,1013.0,517,2003-10-25 18:00:00
ATLN,200319L,-49.0,29.3,2003102612,30.0,0.0,1010.0,518,2003-10-26 12:00:00
ATLN,200319L,-49.3,28.8,2003102615,30.0,0.0,1009.0,519,2003-10-26 15:00:00
ATLN,200319L,-49.6,28.3,2003102618,30.0,0.0,1008.0,520,2003-10-26 18:00:00
ATLN,200319L,-53.7,26.4,2003102712,35.0,0.0,1007.0,521,2003-10-27 12:00:00
ATLN,200319L,-54.6,26.5,2003102715,35.0,0.0,1007.0,522,2003-10-27 15:00:00
ATLN,200319L,-55.5,26.6,2003102718,35.0,0.0,1007.0,523,2003-10-27 18:00:00
ATLN,200319L,-56.4,26.9,2003102721,33.0,0.0,1008.0,524,2003-10-27 21:00:00
ATLN,200319L,-60.8,28.9,2003102812,30.0,0.0,1009.0,525,2003-10-28 12:00:00
ATLN,200319L,-61.8,29.2,2003102815,30.0,0.0,1009.0,526,2003-10-28 15:00:00
ATLN,200319L,-62.8,29.5,2003102818,30.0,0.0,1009.0,527,2003-10-28 18:00:00
ATLN,200319L,-63.9,29.4,2003102821,28.0,0.0,1009.0,528,2003-10-28 21:00:00
ATLN,200319L,-68.0,29.8,2003102915,25.0,0.0,1009.0,529,2003-10-29 15:00:00
ATLN,200319L,-68.0,30.1,2003102918,25.0,0.0,1009.0,530,2003-10-29 18:00:00
ATLN,200319L,-65.8,30.0,2003103012,30.0,0.0,1008.0,531,2003-10-30 12:00:00
ATLN,200319L,-65.5,29.6,2003103015,30.0,0.0,1008.0,532,2003-10-30 15:00:00
ATLN,200319L,-65.3,29.3,2003103018,30.0,0.0,1008.0,533,2003-10-30 18:00:00
ATLN,200319L,-65.4,29.0,2003103021,30.0,0.0,1008.0,534,2003-10-30 21:00:00
ATLN,200319L,-66.3,27.7,2003103112,30.0,0.0,1007.0,535,2003-10-31 12:00:00
ATLN,200319L,-66.3,27.4,2003103115,30.0,0.0,1007.0,536,2003-10-31 15:00:00
ATLN,200319L,-66.4,27.0,2003103118,30.0,0.0,1006.0,537,2003-10-31 18:00:00
ATLN,200319L,-66.3,26.7,2003103121,30.0,0.0,1006.0,538,2003-10-31 21:00:00
ATLN,200319L,-66.3,27.0,2003110112,30.0,0.0,1005.0,539,2003-11-01 12:00:00
ATLN,200319L,-66.7,27.4,2003110115,30.0,0.0,1005.0,540,2003-11-01 15:00:00
ATLN,200319L,-67.0,27.7,2003110118,30.0,0.0,1005.0,541,2003-11-01 18:00:00
WPAC,200319W,131.0,25.9,2003101006,25.0,0.0,1002.0,6613,2003-10-10 06:00:00
WPAC,200319W,131.2,26.0,2003101009,25.0,0.0,1002.0,6614,2003-10-10 09:00:00
WPAC,200319W,131.1,27.7,2003101100,30.0,0.0,1000.0,6615,2003-10-11 00:00:00
WPAC,200319W,130.8,28.0,2003101103,28.0,0.0,1001.0,6616,2003-10-11 03:00:00
WPAC,200319W,130.5,28.4,2003101106,25.0,0.0,1002.0,6617,2003-10-11 06:00:00
WPAC,200319W,130.2,28.8,2003101109,28.0,0.0,1001.0,6618,2003-10-11 09:00:00
WPAC,200319W,129.8,30.3,2003101200,30.0,0.0,1000.0,6619,2003-10-12 00:00:00
WPAC,200319W,129.9,30.7,2003101203,30.0,0.0,1000.0,6620,2003-10-12 03:00:00
WPAC,200319W,130.1,31.1,2003101206,30.0,0.0,1000.0,6621,2003-10-12 06:00:00
WPAC,200319W,130.8,31.6,2003101209,30.0,0.0,1000.0,6622,2003-10-12 09:00:00
WPAC,200319W,135.8,34.0,2003101300,30.0,0.0,1000.0,6623,2003-10-13 00:00:00
ATLN,200320L,-76.2,12.9,2003120412,30.0,0.0,1005.0,542,2003-12-04 12:00:00
ATLN,200320L,-76.0,13.1,2003120415,33.0,0.0,1004.0,543,2003-12-04 15:00:00
ATLN,200320L,-75.7,13.3,2003120418,35.0,0.0,1003.0,544,2003-12-04 18:00:00
ATLN,200320L,-75.5,13.5,2003120421,40.0,0.0,1002.0,545,2003-12-04 21:00:00
ATLN,200320L,-74.4,14.1,2003120512,50.0,0.0,993.0,546,2003-12-05 12:00:00
ATLN,200320L,-74.1,14.2,2003120515,50.0,0.0,994.0,547,2003-12-05 15:00:00
ATLN,200320L,-73.8,14.3,2003120518,50.0,0.0,995.0,548,2003-12-05 18:00:00
ATLN,200320L,-73.4,14.7,2003120521,50.0,0.0,995.0,549,2003-12-05 21:00:00
ATLN,200320L,-72.2,16.6,2003120612,55.0,0.0,995.0,550,2003-12-06 12:00:00
ATLN,200320L,-72.1,16.9,2003120615,55.0,0.0,995.0,551,2003-12-06 15:00:00
ATLN,200320L,-72.0,17.2,2003120618,55.0,0.0,994.0,552,2003-12-06 18:00:00
ATLN,200320L,-71.7,17.5,2003120621,50.0,0.0,996.0,553,2003-12-06 21:00:00
ATLN,200320L,-69.5,20.5,2003120712,40.0,0.0,1003.0,554,2003-12-07 12:00:00
ATLN,200320L,-68.8,21.4,2003120715,43.0,0.0,1003.0,555,2003-12-07 15:00:00
ATLN,200320L,-68.1,22.4,2003120718,45.0,0.0,1002.0,556,2003-12-07 18:00:00
ATLN,200320L,-67.0,22.9,2003120721,45.0,0.0,1002.0,557,2003-12-07 21:00:00
ATLN,200320L,-61.6,25.4,2003120812,40.0,0.0,1005.0,558,2003-12-08 12:00:00
ATLN,200320L,-60.5,25.9,2003120815,40.0,0.0,1005.0,559,2003-12-08 15:00:00
ATLN,200320L,-59.5,26.3,2003120818,40.0,0.0,1005.0,560,2003-12-08 18:00:00
ATLN,200320L,-58.3,26.9,2003120821,40.0,0.0,1005.0,561,2003-12-08 21:00:00
ATLN,200320L,-51.1,30.4,2003120912,40.0,0.0,1006.0,562,2003-12-09 12:00:00
ATLN,200320L,-49.4,31.1,2003120915,40.0,0.0,1006.0,563,2003-12-09 15:00:00
ATLN,200320L,-47.7,31.9,2003120918,40.0,0.0,1006.0,564,2003-12-09 18:00:00
WPAC,200320W,130.2,15.1,2003101821,33.0,15.0,999.0,6624,2003-10-18 21:00:00
WPAC,200320W,130.2,15.2,2003101900,35.0,30.0,997.0,6625,2003-10-19 00:00:00
WPAC,200320W,130.2,15.2,2003101903,38.0,37.5,996.0,6626,2003-10-19 03:00:00
WPAC,200320W,130.3,15.3,2003101906,40.0,45.0,994.0,6627,2003-10-19 06:00:00
WPAC,200320W,130.4,15.4,2003101909,40.0,45.0,994.0,6628,2003-10-19 09:00:00
WPAC,200320W,130.8,15.6,2003102000,50.0,75.0,987.0,6629,2003-10-20 00:00:00
WPAC,200320W,130.9,15.6,2003102003,53.0,75.0,986.0,6630,2003-10-20 03:00:00
WPAC,200320W,131.0,15.7,2003102006,55.0,75.0,984.0,6631,2003-10-20 06:00:00
WPAC,200320W,131.0,15.8,2003102009,60.0,78.1,980.0,6632,2003-10-20 09:00:00
WPAC,200320W,131.1,16.3,2003102021,88.0,146.2,956.0,6633,2003-10-20 21:00:00
WPAC,200320W,131.1,16.4,2003102100,95.0,146.2,949.0,6634,2003-10-21 00:00:00
WPAC,200320W,131.1,16.5,2003102103,105.0,146.2,938.0,6635,2003-10-21 03:00:00
WPAC,200320W,131.2,16.6,2003102106,115.0,146.2,927.0,6636,2003-10-21 06:00:00
WPAC,200320W,131.1,16.7,2003102109,120.0,165.6,922.0,6637,2003-10-21 09:00:00
WPAC,200320W,131.1,17.6,2003102203,125.0,185.0,916.0,6638,2003-10-22 03:00:00
WPAC,200320W,131.1,17.8,2003102206,125.0,185.0,916.0,6639,2003-10-22 06:00:00
WPAC,200320W,131.2,18.0,2003102209,125.0,195.0,916.0,6640,2003-10-22 09:00:00
WPAC,200320W,132.1,18.7,2003102300,110.0,170.0,933.0,6641,2003-10-23 00:00:00
WPAC,200320W,132.2,18.9,2003102303,108.0,167.5,936.0,6642,2003-10-23 03:00:00
WPAC,200320W,132.4,19.0,2003102306,105.0,165.0,938.0,6643,2003-10-23 06:00:00
WPAC,200320W,132.6,19.2,2003102309,105.0,165.0,938.0,6644,2003-10-23 09:00:00
WPAC,200320W,133.5,20.4,2003102400,100.0,165.0,944.0,6645,2003-10-24 00:00:00
WPAC,200320W,133.6,20.7,2003102403,95.0,160.0,949.0,6646,2003-10-24 03:00:00
WPAC,200320W,133.7,21.0,2003102406,90.0,155.0,954.0,6647,2003-10-24 06:00:00
WPAC,200320W,133.8,21.4,2003102409,88.0,153.8,956.0,6648,2003-10-24 09:00:00
WPAC,200320W,135.7,24.5,2003102500,85.0,160.0,958.0,6649,2003-10-25 00:00:00
WPAC,200320W,136.4,25.2,2003102503,83.0,160.0,961.0,6650,2003-10-25 03:00:00
WPAC,200320W,137.1,25.9,2003102506,80.0,160.0,963.0,6651,2003-10-25 06:00:00
WPAC,200320W,142.9,30.9,2003102521,70.0,147.5,972.0,6652,2003-10-25 21:00:00
WPAC,200320W,144.2,31.9,2003102600,70.0,135.0,972.0,6653,2003-10-26 00:00:00
WPAC,200320W,145.6,33.0,2003102603,70.0,135.0,972.0,6654,2003-10-26 03:00:00
WPAC,200320W,147.0,34.1,2003102606,70.0,135.0,972.0,6655,2003-10-26 06:00:00
WPAC,200320W,148.7,35.1,2003102609,68.0,135.0,974.0,6656,2003-10-26 09:00:00
ATLN,200321L,-34.5,27.5,2003120718,40.0,0.0,1005.0,565,2003-12-07 18:00:00
ATLN,200321L,-36.3,23.3,2003120809,40.0,0.0,1004.0,566,2003-12-08 09:00:00
ATLN,200321L,-36.8,22.4,2003120812,40.0,0.0,1004.0,567,2003-12-08 12:00:00
ATLN,200321L,-37.3,21.5,2003120815,40.0,0.0,1004.0,568,2003-12-08 15:00:00
ATLN,200321L,-37.9,20.7,2003120818,40.0,0.0,1004.0,569,2003-12-08 18:00:00
ATLN,200321L,-37.3,19.8,2003120909,45.0,0.0,995.0,570,2003-12-09 09:00:00
ATLN,200321L,-37.2,19.5,2003120912,50.0,0.0,992.0,571,2003-12-09 12:00:00
ATLN,200321L,-37.1,20.3,2003120915,55.0,0.0,991.0,572,2003-12-09 15:00:00
ATLN,200321L,-37.0,21.0,2003120918,60.0,0.0,990.0,573,2003-12-09 18:00:00
ATLN,200321L,-37.1,23.5,2003121009,33.0,0.0,1005.0,574,2003-12-10 09:00:00
ATLN,200321L,-37.1,23.8,2003121012,30.0,0.0,1005.0,575,2003-12-10 12:00:00
ATLN,200321L,-36.9,24.4,2003121015,30.0,0.0,1005.0,576,2003-12-10 15:00:00
ATLN,200321L,-36.7,25.0,2003121018,30.0,0.0,1005.0,577,2003-12-10 18:00:00
WPAC,200321W,145.9,17.8,2003101821,15.0,0.0,1006.0,6657,2003-10-18 21:00:00
WPAC,200321W,145.8,18.0,2003101900,15.0,0.0,1006.0,6658,2003-10-19 00:00:00
WPAC,200321W,145.6,18.2,2003101903,15.0,0.0,1006.0,6659,2003-10-19 03:00:00
WPAC,200321W,145.3,18.5,2003101906,15.0,0.0,1006.0,6660,2003-10-19 06:00:00
WPAC,200321W,143.7,19.5,2003101921,20.0,0.0,1004.0,6661,2003-10-19 21:00:00
WPAC,200321W,143.5,19.7,2003102000,20.0,0.0,1004.0,6662,2003-10-20 00:00:00
WPAC,200321W,143.3,19.9,2003102003,20.0,0.0,1002.0,6663,2003-10-20 03:00:00
WPAC,200321W,143.1,20.1,2003102006,20.0,0.0,1000.0,6664,2003-10-20 06:00:00
WPAC,200321W,142.9,20.3,2003102009,23.0,0.0,1001.0,6665,2003-10-20 09:00:00
WPAC,200321W,143.5,21.1,2003102021,33.0,0.0,999.0,6666,2003-10-20 21:00:00
WPAC,200321W,143.8,21.3,2003102100,35.0,0.0,997.0,6667,2003-10-21 00:00:00
WPAC,200321W,144.2,21.5,2003102103,35.0,0.0,997.0,6668,2003-10-21 03:00:00
WPAC,200321W,144.5,21.7,2003102106,35.0,0.0,997.0,6669,2003-10-21 06:00:00
WPAC,200321W,146.1,22.5,2003102121,48.0,70.0,989.0,6670,2003-10-21 21:00:00
WPAC,200321W,146.6,22.9,2003102203,55.0,90.0,984.0,6671,2003-10-22 03:00:00
WPAC,200321W,146.8,23.2,2003102206,60.0,110.0,980.0,6672,2003-10-22 06:00:00
WPAC,200321W,147.1,23.4,2003102209,63.0,130.0,978.0,6673,2003-10-22 09:00:00
WPAC,200321W,148.6,24.8,2003102221,70.0,150.0,972.0,6674,2003-10-22 21:00:00
WPAC,200321W,149.0,25.2,2003102300,75.0,150.0,967.0,6675,2003-10-23 00:00:00
WPAC,200321W,149.4,25.7,2003102303,83.0,147.5,961.0,6676,2003-10-23 03:00:00
WPAC,200321W,149.8,26.2,2003102306,90.0,145.0,954.0,6677,2003-10-23 06:00:00
WPAC,200321W,154.2,29.2,2003102400,115.0,0.0,927.0,6678,2003-10-24 00:00:00
WPAC,200321W,155.2,29.6,2003102403,120.0,78.8,922.0,6679,2003-10-24 03:00:00
WPAC,200321W,156.3,30.1,2003102406,125.0,157.5,916.0,6680,2003-10-24 06:00:00
WPAC,200321W,162.6,30.5,2003102421,128.0,158.8,913.0,6681,2003-10-24 21:00:00
WPAC,200321W,163.6,30.1,2003102500,125.0,145.0,916.0,6682,2003-10-25 00:00:00
WPAC,200321W,164.6,29.5,2003102503,123.0,145.0,919.0,6683,2003-10-25 03:00:00
WPAC,200321W,165.5,28.8,2003102506,120.0,145.0,922.0,6684,2003-10-25 06:00:00
WPAC,200321W,166.3,28.2,2003102509,118.0,145.0,925.0,6685,2003-10-25 09:00:00
WPAC,200321W,168.9,25.8,2003102521,100.0,145.0,944.0,6686,2003-10-25 21:00:00
WPAC,200321W,169.3,25.1,2003102600,95.0,145.0,949.0,6687,2003-10-26 00:00:00
WPAC,200321W,169.4,24.6,2003102603,93.0,140.0,949.0,6688,2003-10-26 03:00:00
WPAC,200321W,169.4,24.0,2003102606,90.0,135.0,949.0,6689,2003-10-26 06:00:00
WPAC,200321W,169.1,23.5,2003102609,85.0,132.5,956.0,6690,2003-10-26 09:00:00
WPAC,200321W,166.6,22.3,2003102621,65.0,130.0,976.0,6691,2003-10-26 21:00:00
WPAC,200321W,165.8,22.2,2003102700,65.0,130.0,976.0,6692,2003-10-27 00:00:00
WPAC,200321W,165.2,22.2,2003102703,65.0,130.0,976.0,6693,2003-10-27 03:00:00
WPAC,200321W,164.5,22.2,2003102706,65.0,130.0,976.0,6694,2003-10-27 06:00:00
WPAC,200321W,159.3,21.9,2003102721,75.0,141.2,967.0,6695,2003-10-27 21:00:00
WPAC,200321W,158.2,21.9,2003102800,75.0,142.5,967.0,6696,2003-10-28 00:00:00
WPAC,200321W,157.2,21.9,2003102803,75.0,142.5,967.0,6697,2003-10-28 03:00:00
WPAC,200321W,156.2,21.9,2003102806,75.0,142.5,967.0,6698,2003-10-28 06:00:00
WPAC,200321W,149.4,23.8,2003102906,110.0,147.5,933.0,6699,2003-10-29 06:00:00
WPAC,200321W,149.6,26.1,2003102921,115.0,142.5,927.0,6700,2003-10-29 21:00:00
WPAC,200321W,150.1,26.6,2003103000,115.0,137.5,927.0,6701,2003-10-30 00:00:00
WPAC,200321W,150.8,27.2,2003103003,108.0,137.5,936.0,6702,2003-10-30 03:00:00
WPAC,200321W,151.5,27.8,2003103006,100.0,137.5,944.0,6703,2003-10-30 06:00:00
WPAC,200321W,152.7,28.4,2003103009,95.0,141.2,949.0,6704,2003-10-30 09:00:00
WPAC,200321W,158.1,30.1,2003103021,75.0,145.0,968.0,6705,2003-10-30 21:00:00
WPAC,200321W,159.5,30.5,2003103100,70.0,145.0,972.0,6706,2003-10-31 00:00:00
WPAC,200321W,161.3,30.9,2003103103,63.0,72.5,978.0,6707,2003-10-31 03:00:00
WPAC,200321W,163.1,31.4,2003103106,55.0,0.0,984.0,6708,2003-10-31 06:00:00
WPAC,200321W,165.1,31.8,2003103109,50.0,0.0,988.0,6709,2003-10-31 09:00:00
WPAC,200322W,112.2,11.7,2003102106,25.0,0.0,1002.0,6710,2003-10-21 06:00:00
WPAC,200322W,112.3,11.8,2003102109,25.0,0.0,1002.0,6711,2003-10-21 09:00:00
WPAC,200322W,114.1,11.9,2003102200,25.0,0.0,1002.0,6712,2003-10-22 00:00:00
WPAC,200322W,114.5,11.9,2003102203,25.0,0.0,1002.0,6713,2003-10-22 03:00:00
WPAC,200322W,114.9,11.8,2003102206,25.0,0.0,1002.0,6714,2003-10-22 06:00:00
WPAC,200322W,115.3,11.7,2003102209,25.0,0.0,1002.0,6715,2003-10-22 09:00:00
WPAC,200322W,117.9,11.1,2003102300,25.0,0.0,1002.0,6716,2003-10-23 00:00:00
WPAC,200322W,118.6,11.0,2003102303,25.0,0.0,1002.0,6717,2003-10-23 03:00:00
WPAC,200322W,119.2,10.9,2003102306,25.0,0.0,1002.0,6718,2003-10-23 06:00:00
WPAC,200322W,119.9,10.9,2003102309,25.0,0.0,1002.0,6719,2003-10-23 09:00:00
WPAC,200322W,122.1,10.9,2003102400,20.0,0.0,1004.0,6720,2003-10-24 00:00:00
WPAC,200323W,101.4,9.5,2003102200,25.0,0.0,1002.0,6721,2003-10-22 00:00:00
WPAC,200323W,101.4,9.6,2003102203,25.0,0.0,1002.0,6722,2003-10-22 03:00:00
WPAC,200323W,101.4,9.6,2003102206,25.0,0.0,1002.0,6723,2003-10-22 06:00:00
WPAC,200323W,101.3,9.6,2003102209,28.0,0.0,1001.0,6724,2003-10-22 09:00:00
WPAC,200323W,101.1,10.1,2003102300,25.0,0.0,1002.0,6725,2003-10-23 00:00:00
WPAC,200323W,101.0,10.2,2003102303,25.0,0.0,1002.0,6726,2003-10-23 03:00:00
WPAC,200323W,101.0,10.4,2003102306,25.0,0.0,1002.0,6727,2003-10-23 06:00:00
WPAC,200323W,101.0,10.6,2003102309,25.0,0.0,1002.0,6728,2003-10-23 09:00:00
WPAC,200323W,101.0,11.4,2003102400,25.0,0.0,1002.0,6729,2003-10-24 00:00:00
WPAC,200323W,100.9,11.6,2003102403,25.0,0.0,1002.0,6730,2003-10-24 03:00:00
WPAC,200323W,100.8,11.7,2003102406,25.0,0.0,1002.0,6731,2003-10-24 06:00:00
WPAC,200323W,100.5,11.9,2003102409,25.0,0.0,1002.0,6732,2003-10-24 09:00:00
WPAC,200323W,98.6,12.4,2003102500,25.0,0.0,1002.0,6733,2003-10-25 00:00:00
WPAC,200323W,98.0,12.4,2003102503,25.0,0.0,1002.0,6734,2003-10-25 03:00:00
WPAC,200323W,97.4,12.5,2003102506,25.0,0.0,1002.0,6735,2003-10-25 06:00:00
WPAC,200323W,96.8,12.8,2003102509,25.0,0.0,1002.0,6736,2003-10-25 09:00:00
WPAC,200323W,94.1,13.2,2003102600,25.0,0.0,1002.0,6737,2003-10-26 00:00:00
WPAC,200323W,93.7,13.2,2003102603,25.0,0.0,1002.0,6738,2003-10-26 03:00:00
WPAC,200323W,93.3,13.3,2003102606,25.0,0.0,1002.0,6739,2003-10-26 06:00:00
WPAC,200323W,92.8,13.4,2003102609,25.0,0.0,1002.0,6740,2003-10-26 09:00:00
WPAC,200323W,90.2,14.0,2003102700,35.0,0.0,997.0,6741,2003-10-27 00:00:00
WPAC,200323W,89.6,14.3,2003102703,35.0,0.0,997.0,6742,2003-10-27 03:00:00
WPAC,200323W,88.9,14.6,2003102706,35.0,0.0,997.0,6743,2003-10-27 06:00:00
WPAC,200323W,88.2,14.9,2003102709,35.0,0.0,997.0,6744,2003-10-27 09:00:00
WPAC,200323W,84.5,17.9,2003102803,33.0,0.0,999.0,6745,2003-10-28 03:00:00
WPAC,200323W,84.0,18.2,2003102806,30.0,0.0,1000.0,6746,2003-10-28 06:00:00
WPAC,200323W,83.7,18.4,2003102809,30.0,0.0,1000.0,6747,2003-10-28 09:00:00
WPAC,200323W,83.4,18.7,2003102812,30.0,0.0,1000.0,6748,2003-10-28 12:00:00
WPAC,200324W,132.1,11.7,2003102903,15.0,0.0,1006.0,6749,2003-10-29 03:00:00
WPAC,200324W,131.3,11.9,2003102909,15.0,0.0,1006.0,6750,2003-10-29 09:00:00
WPAC,200324W,129.4,12.6,2003103000,25.0,0.0,1002.0,6751,2003-10-30 00:00:00
WPAC,200324W,129.1,12.8,2003103003,25.0,0.0,1002.0,6752,2003-10-30 03:00:00
WPAC,200324W,128.7,13.0,2003103006,25.0,0.0,1002.0,6753,2003-10-30 06:00:00
WPAC,200324W,128.2,13.2,2003103009,30.0,0.0,1000.0,6754,2003-10-30 09:00:00
WPAC,200324W,125.9,14.7,2003103100,45.0,70.0,991.0,6755,2003-10-31 00:00:00
WPAC,200324W,125.3,15.0,2003103103,48.0,70.0,988.0,6756,2003-10-31 03:00:00
WPAC,200324W,124.7,15.3,2003103106,50.0,70.0,984.0,6757,2003-10-31 06:00:00
WPAC,200324W,124.2,15.6,2003103109,58.0,70.0,980.0,6758,2003-10-31 09:00:00
WPAC,200324W,122.4,16.8,2003110100,75.0,62.5,967.0,6759,2003-11-01 00:00:00
WPAC,200324W,122.1,17.2,2003110103,73.0,60.0,970.0,6760,2003-11-01 03:00:00
WPAC,200324W,121.8,17.6,2003110106,70.0,57.5,972.0,6761,2003-11-01 06:00:00
WPAC,200324W,121.4,18.1,2003110109,68.0,61.2,974.0,6762,2003-11-01 09:00:00
WPAC,200324W,120.8,19.8,2003110121,63.0,80.0,978.0,6763,2003-11-01 21:00:00
WPAC,200324W,120.7,20.1,2003110200,60.0,95.0,980.0,6764,2003-11-02 00:00:00
WPAC,200324W,120.7,20.4,2003110203,60.0,97.5,980.0,6765,2003-11-02 03:00:00
WPAC,200324W,120.6,20.7,2003110206,60.0,100.0,980.0,6766,2003-11-02 06:00:00
WPAC,200324W,120.7,21.0,2003110209,60.0,100.0,980.0,6767,2003-11-02 09:00:00
WPAC,200324W,121.6,22.4,2003110221,50.0,76.2,988.0,6768,2003-11-02 21:00:00
WPAC,200324W,121.9,22.7,2003110300,45.0,72.5,991.0,6769,2003-11-03 00:00:00
WPAC,200324W,122.2,22.9,2003110303,45.0,68.8,991.0,6770,2003-11-03 03:00:00
WPAC,200324W,122.6,23.1,2003110306,45.0,65.0,991.0,6771,2003-11-03 06:00:00
WPAC,200324W,122.8,23.2,2003110309,45.0,66.2,991.0,6772,2003-11-03 09:00:00
WPAC,200324W,123.5,23.6,2003110400,35.0,67.5,997.0,6773,2003-11-04 00:00:00
WPAC,200325W,138.7,11.3,2003111121,18.0,0.0,1005.0,6774,2003-11-11 21:00:00
WPAC,200325W,137.8,11.5,2003111200,20.0,0.0,1004.0,6775,2003-11-12 00:00:00
WPAC,200325W,136.9,11.7,2003111203,23.0,0.0,1003.0,6776,2003-11-12 03:00:00
WPAC,200325W,135.9,11.8,2003111206,25.0,0.0,1002.0,6777,2003-11-12 06:00:00
WPAC,200325W,134.9,11.9,2003111209,30.0,0.0,1000.0,6778,2003-11-12 09:00:00
WPAC,200325W,130.2,12.3,2003111300,45.0,100.0,991.0,6779,2003-11-13 00:00:00
WPAC,200325W,129.2,12.3,2003111303,45.0,100.0,991.0,6780,2003-11-13 03:00:00
WPAC,200325W,128.3,12.3,2003111306,45.0,100.0,991.0,6781,2003-11-13 06:00:00
WPAC,200325W,127.4,12.3,2003111309,48.0,100.0,989.0,6782,2003-11-13 09:00:00
WPAC,200325W,122.7,12.1,2003111400,50.0,100.0,987.0,6783,2003-11-14 00:00:00
WPAC,200325W,121.9,12.1,2003111403,53.0,100.0,986.0,6784,2003-11-14 03:00:00
WPAC,200325W,121.1,12.1,2003111406,55.0,100.0,984.0,6785,2003-11-14 06:00:00
WPAC,200325W,120.5,12.1,2003111409,58.0,100.0,982.0,6786,2003-11-14 09:00:00
WPAC,200325W,117.8,12.9,2003111500,65.0,100.0,976.0,6787,2003-11-15 00:00:00
WPAC,200325W,117.3,13.2,2003111503,65.0,100.0,976.0,6788,2003-11-15 03:00:00
WPAC,200325W,116.8,13.5,2003111506,65.0,100.0,976.0,6789,2003-11-15 06:00:00
WPAC,200325W,116.3,13.7,2003111509,65.0,100.0,976.0,6790,2003-11-15 09:00:00
WPAC,200325W,113.9,14.3,2003111600,75.0,100.0,967.0,6791,2003-11-16 00:00:00
WPAC,200325W,113.4,14.5,2003111603,75.0,105.0,967.0,6792,2003-11-16 03:00:00
WPAC,200325W,112.9,14.7,2003111606,75.0,110.0,967.0,6793,2003-11-16 06:00:00
WPAC,200325W,112.5,14.9,2003111609,75.0,110.0,967.0,6794,2003-11-16 09:00:00
WPAC,200325W,110.3,16.1,2003111700,70.0,95.0,972.0,6795,2003-11-17 00:00:00
WPAC,200325W,110.0,16.2,2003111703,68.0,88.8,974.0,6796,2003-11-17 03:00:00
WPAC,200325W,109.7,16.4,2003111706,65.0,82.5,976.0,6797,2003-11-17 06:00:00
WPAC,200325W,109.5,16.6,2003111709,65.0,82.5,976.0,6798,2003-11-17 09:00:00
WPAC,200325W,108.8,18.1,2003111800,75.0,130.0,976.0,6799,2003-11-18 00:00:00
WPAC,200325W,108.7,18.4,2003111803,73.0,130.0,974.0,6800,2003-11-18 03:00:00
WPAC,200325W,108.6,18.7,2003111806,70.0,130.0,972.0,6801,2003-11-18 06:00:00
WPAC,200325W,108.5,18.9,2003111809,63.0,130.0,978.0,6802,2003-11-18 09:00:00
WPAC,200325W,108.9,20.4,2003111900,45.0,100.0,991.0,6803,2003-11-19 00:00:00
WPAC,200325W,109.1,20.7,2003111903,38.0,50.0,996.0,6804,2003-11-19 03:00:00
WPAC,200325W,109.3,21.0,2003111906,30.0,0.0,1000.0,6805,2003-11-19 06:00:00
WPAC,200325W,109.5,21.4,2003111909,25.0,0.0,1002.0,6806,2003-11-19 09:00:00
WPAC,200326W,171.7,13.5,2003111421,20.0,0.0,1004.0,6807,2003-11-14 21:00:00
WPAC,200326W,171.5,13.7,2003111500,20.0,0.0,1004.0,6808,2003-11-15 00:00:00
WPAC,200326W,171.3,13.8,2003111503,20.0,0.0,1004.0,6809,2003-11-15 03:00:00
WPAC,200326W,171.1,14.0,2003111506,20.0,0.0,1004.0,6810,2003-11-15 06:00:00
WPAC,200326W,170.8,14.1,2003111509,20.0,0.0,1004.0,6811,2003-11-15 09:00:00
WPAC,200326W,169.6,14.2,2003111521,15.0,0.0,1006.0,6812,2003-11-15 21:00:00
WPAC,200326W,169.2,14.2,2003111600,15.0,0.0,1006.0,6813,2003-11-16 00:00:00
WPAC,200326W,168.8,14.2,2003111603,15.0,0.0,1006.0,6814,2003-11-16 03:00:00
WPAC,200326W,168.4,14.2,2003111606,15.0,0.0,1006.0,6815,2003-11-16 06:00:00
WPAC,200326W,168.0,14.1,2003111609,15.0,0.0,1006.0,6816,2003-11-16 09:00:00
WPAC,200326W,167.1,13.0,2003111621,15.0,0.0,1006.0,6817,2003-11-16 21:00:00
WPAC,200326W,167.0,12.7,2003111700,15.0,0.0,1006.0,6818,2003-11-17 00:00:00
WPAC,200326W,166.9,12.4,2003111703,15.0,0.0,1006.0,6819,2003-11-17 03:00:00
WPAC,200326W,166.9,12.1,2003111706,15.0,0.0,1006.0,6820,2003-11-17 06:00:00
WPAC,200326W,166.9,11.8,2003111709,15.0,0.0,1006.0,6821,2003-11-17 09:00:00
WPAC,200326W,166.1,10.9,2003111721,18.0,0.0,1005.0,6822,2003-11-17 21:00:00
WPAC,200326W,165.7,10.9,2003111800,20.0,0.0,1004.0,6823,2003-11-18 00:00:00
WPAC,200326W,165.4,10.9,2003111803,20.0,0.0,1004.0,6824,2003-11-18 03:00:00
WPAC,200326W,165.1,10.9,2003111806,20.0,0.0,1004.0,6825,2003-11-18 06:00:00
WPAC,200326W,164.8,10.9,2003111809,23.0,0.0,1003.0,6826,2003-11-18 09:00:00
WPAC,200326W,163.4,10.8,2003111821,25.0,0.0,1002.0,6827,2003-11-18 21:00:00
WPAC,200326W,163.1,10.6,2003111900,25.0,0.0,1002.0,6828,2003-11-19 00:00:00
WPAC,200326W,162.9,10.3,2003111903,25.0,0.0,1002.0,6829,2003-11-19 03:00:00
WPAC,200326W,162.7,10.0,2003111906,25.0,0.0,1002.0,6830,2003-11-19 06:00:00
WPAC,200326W,162.5,9.8,2003111909,25.0,0.0,1003.0,6831,2003-11-19 09:00:00
WPAC,200326W,161.8,9.1,2003111921,25.0,0.0,1002.0,6832,2003-11-19 21:00:00
WPAC,200326W,161.6,9.0,2003112000,25.0,0.0,1002.0,6833,2003-11-20 00:00:00
WPAC,200326W,161.4,8.9,2003112003,28.0,0.0,1001.0,6834,2003-11-20 03:00:00
WPAC,200326W,161.2,8.9,2003112006,30.0,0.0,1000.0,6835,2003-11-20 06:00:00
WPAC,200326W,161.0,8.9,2003112009,30.0,0.0,1000.0,6836,2003-11-20 09:00:00
WPAC,200326W,159.8,8.9,2003112021,35.0,15.0,997.0,6837,2003-11-20 21:00:00
WPAC,200326W,159.4,9.0,2003112100,35.0,15.0,997.0,6838,2003-11-21 00:00:00
WPAC,200326W,158.8,9.1,2003112103,35.0,15.0,997.0,6839,2003-11-21 03:00:00
WPAC,200326W,158.2,9.1,2003112106,35.0,15.0,997.0,6840,2003-11-21 06:00:00
WPAC,200326W,157.5,9.1,2003112109,38.0,7.5,996.0,6841,2003-11-21 09:00:00
WPAC,200326W,154.7,8.8,2003112121,53.0,105.0,986.0,6842,2003-11-21 21:00:00
WPAC,200326W,153.9,8.8,2003112200,60.0,110.0,980.0,6843,2003-11-22 00:00:00
WPAC,200326W,153.1,8.8,2003112203,63.0,110.0,978.0,6844,2003-11-22 03:00:00
WPAC,200326W,152.3,8.8,2003112206,65.0,110.0,976.0,6845,2003-11-22 06:00:00
WPAC,200326W,151.5,8.8,2003112209,68.0,110.0,974.0,6846,2003-11-22 09:00:00
WPAC,200326W,148.4,8.5,2003112221,78.0,112.5,965.0,6847,2003-11-22 21:00:00
WPAC,200326W,147.8,8.2,2003112300,80.0,115.0,963.0,6848,2003-11-23 00:00:00
WPAC,200326W,147.2,8.1,2003112303,83.0,115.0,961.0,6849,2003-11-23 03:00:00
WPAC,200326W,146.6,7.9,2003112306,85.0,115.0,958.0,6850,2003-11-23 06:00:00
WPAC,200326W,146.1,7.8,2003112309,88.0,115.0,956.0,6851,2003-11-23 09:00:00
WPAC,200326W,144.2,7.9,2003112321,95.0,115.0,949.0,6852,2003-11-23 21:00:00
WPAC,200326W,143.8,8.1,2003112400,95.0,115.0,949.0,6853,2003-11-24 00:00:00
WPAC,200326W,143.4,8.3,2003112403,95.0,117.5,949.0,6854,2003-11-24 03:00:00
WPAC,200326W,143.1,8.5,2003112406,95.0,120.0,949.0,6855,2003-11-24 06:00:00
WPAC,200326W,142.6,8.8,2003112409,98.0,121.2,947.0,6856,2003-11-24 09:00:00
WPAC,200326W,140.5,10.3,2003112421,105.0,141.2,938.0,6857,2003-11-24 21:00:00
WPAC,200326W,139.3,11.1,2003112503,110.0,160.0,933.0,6858,2003-11-25 03:00:00
WPAC,200326W,138.7,11.4,2003112506,115.0,160.0,927.0,6859,2003-11-25 06:00:00
WPAC,200326W,136.9,12.4,2003112521,125.0,180.0,916.0,6860,2003-11-25 21:00:00
WPAC,200326W,136.7,12.6,2003112600,130.0,180.0,910.0,6861,2003-11-26 00:00:00
WPAC,200326W,136.5,12.8,2003112603,135.0,185.0,904.0,6862,2003-11-26 03:00:00
WPAC,200326W,136.3,13.1,2003112606,140.0,190.0,898.0,6863,2003-11-26 06:00:00
WPAC,200326W,136.2,13.3,2003112609,140.0,196.2,898.0,6864,2003-11-26 09:00:00
WPAC,200326W,134.9,14.1,2003112700,140.0,187.5,898.0,6865,2003-11-27 00:00:00
WPAC,200326W,134.6,14.3,2003112703,140.0,196.2,898.0,6866,2003-11-27 03:00:00
WPAC,200326W,134.3,14.5,2003112706,140.0,205.0,898.0,6867,2003-11-27 06:00:00
WPAC,200326W,134.1,14.8,2003112709,143.0,207.5,895.0,6868,2003-11-27 09:00:00
WPAC,200326W,132.8,15.6,2003112800,135.0,205.0,904.0,6869,2003-11-28 00:00:00
WPAC,200326W,132.6,16.0,2003112803,135.0,207.5,904.0,6870,2003-11-28 03:00:00
WPAC,200326W,132.3,16.4,2003112806,135.0,210.0,904.0,6871,2003-11-28 06:00:00
WPAC,200326W,132.1,16.8,2003112809,135.0,215.0,904.0,6872,2003-11-28 09:00:00
WPAC,200326W,130.8,18.4,2003112900,115.0,220.0,927.0,6873,2003-11-29 00:00:00
WPAC,200326W,130.7,18.8,2003112903,110.0,220.0,933.0,6874,2003-11-29 03:00:00
WPAC,200326W,130.5,19.2,2003112906,105.0,220.0,938.0,6875,2003-11-29 06:00:00
WPAC,200326W,130.7,19.6,2003112909,105.0,210.0,938.0,6876,2003-11-29 09:00:00
WPAC,200326W,132.6,22.1,2003113000,100.0,190.0,944.0,6877,2003-11-30 00:00:00
WPAC,200326W,133.3,22.7,2003113003,100.0,190.0,944.0,6878,2003-11-30 03:00:00
WPAC,200326W,134.0,23.3,2003113006,100.0,190.0,944.0,6879,2003-11-30 06:00:00
WPAC,200326W,134.7,24.0,2003113009,98.0,182.5,947.0,6880,2003-11-30 09:00:00
WPAC,200326W,138.8,27.7,2003120100,70.0,140.0,972.0,6881,2003-12-01 00:00:00
WPAC,200326W,139.4,28.6,2003120103,68.0,140.0,974.0,6882,2003-12-01 03:00:00
WPAC,200326W,140.0,29.6,2003120106,65.0,140.0,976.0,6883,2003-12-01 06:00:00
WPAC,200326W,148.6,35.7,2003120206,50.0,140.0,987.0,6884,2003-12-02 06:00:00
WPAC,200327W,140.6,11.6,2003122306,20.0,0.0,1004.0,6885,2003-12-23 06:00:00
WPAC,200327W,137.0,13.1,2003122400,20.0,0.0,1004.0,6886,2003-12-24 00:00:00
WPAC,200327W,136.4,13.2,2003122403,23.0,0.0,1004.0,6887,2003-12-24 03:00:00
WPAC,200327W,135.8,13.3,2003122406,25.0,0.0,1003.0,6888,2003-12-24 06:00:00
WPAC,200327W,135.2,13.4,2003122409,28.0,0.0,1002.0,6889,2003-12-24 09:00:00
WPAC,200327W,132.2,13.7,2003122500,30.0,0.0,1000.0,6890,2003-12-25 00:00:00
WPAC,200327W,131.6,13.7,2003122503,30.0,0.0,1000.0,6891,2003-12-25 03:00:00
WPAC,200327W,131.0,13.7,2003122506,30.0,0.0,1000.0,6892,2003-12-25 06:00:00
WPAC,200327W,130.5,13.8,2003122509,33.0,0.0,999.0,6893,2003-12-25 09:00:00
WPAC,200327W,128.6,13.7,2003122600,35.0,0.0,997.0,6894,2003-12-26 00:00:00
WPAC,200327W,128.3,13.6,2003122603,35.0,0.0,997.0,6895,2003-12-26 03:00:00
WPAC,200327W,128.0,13.4,2003122606,35.0,0.0,997.0,6896,2003-12-26 06:00:00
WPAC,200327W,127.7,13.2,2003122609,35.0,0.0,997.0,6897,2003-12-26 09:00:00
WPAC,200327W,126.9,11.5,2003122700,35.0,0.0,997.0,6898,2003-12-27 00:00:00
WPAC,200327W,126.8,11.1,2003122703,35.0,0.0,997.0,6899,2003-12-27 03:00:00
WPAC,200327W,126.8,10.6,2003122706,35.0,0.0,997.0,6900,2003-12-27 06:00:00
WPAC,200327W,126.6,10.2,2003122709,33.0,0.0,999.0,6901,2003-12-27 09:00:00
EPAC,200401E,-107.6,14.7,2004052200,25.0,0.0,1006.0,3960,2004-05-22 00:00:00
EPAC,200401E,-109.3,16.3,2004052215,40.0,75.0,1002.0,3961,2004-05-22 15:00:00
EPAC,200401E,-109.6,16.6,2004052218,45.0,75.0,1000.0,3962,2004-05-22 18:00:00
EPAC,200401E,-109.8,16.9,2004052221,48.0,75.0,998.0,3963,2004-05-22 21:00:00
EPAC,200401E,-109.9,17.1,2004052300,50.0,75.0,997.0,3964,2004-05-23 00:00:00
EPAC,200401E,-110.4,18.0,2004052315,38.0,50.0,1002.0,3965,2004-05-23 15:00:00
EPAC,200401E,-110.5,18.2,2004052318,35.0,50.0,1002.0,3966,2004-05-23 18:00:00
EPAC,200401E,-110.6,18.4,2004052321,32.0,25.0,1002.0,3967,2004-05-23 21:00:00
EPAC,200401E,-110.7,18.5,2004052400,30.0,0.0,1003.0,3968,2004-05-24 00:00:00
EPAC,200401E,-111.0,18.9,2004052415,25.0,0.0,1007.0,3969,2004-05-24 15:00:00
EPAC,200401E,-111.0,18.8,2004052418,25.0,0.0,1008.0,3970,2004-05-24 18:00:00
EPAC,200401E,-110.8,18.8,2004052421,25.0,0.0,1008.0,3971,2004-05-24 21:00:00
EPAC,200401E,-110.7,18.8,2004052500,25.0,0.0,1008.0,3972,2004-05-25 00:00:00
EPAC,200401E,-110.0,18.4,2004052515,18.0,0.0,1010.0,3973,2004-05-25 15:00:00
EPAC,200401E,-110.1,18.4,2004052518,15.0,0.0,1010.0,3974,2004-05-25 18:00:00
EPAC,200401E,-110.2,18.5,2004052521,15.0,0.0,1010.0,3975,2004-05-25 21:00:00
EPAC,200401E,-110.4,18.7,2004052600,15.0,0.0,1010.0,3976,2004-05-26 00:00:00
ATLN,200401L,-78.3,30.3,2004073118,25.0,0.0,1010.0,578,2004-07-31 18:00:00
ATLN,200401L,-78.5,30.6,2004073121,25.0,0.0,1010.0,579,2004-07-31 21:00:00
ATLN,200401L,-78.8,31.0,2004080100,25.0,0.0,1009.0,580,2004-08-01 00:00:00
ATLN,200401L,-79.1,31.6,2004080112,30.0,0.0,1009.0,581,2004-08-01 12:00:00
ATLN,200401L,-79.2,31.6,2004080115,33.0,12.5,1009.0,582,2004-08-01 15:00:00
ATLN,200401L,-79.2,31.6,2004080118,35.0,25.0,1009.0,583,2004-08-01 18:00:00
ATLN,200401L,-79.3,31.6,2004080121,35.0,25.0,1008.0,584,2004-08-01 21:00:00
ATLN,200401L,-79.3,31.5,2004080200,35.0,25.0,1007.0,585,2004-08-02 00:00:00
ATLN,200401L,-78.8,31.6,2004080215,50.0,61.3,993.0,586,2004-08-02 15:00:00
ATLN,200401L,-78.7,31.8,2004080218,50.0,61.3,993.0,587,2004-08-02 18:00:00
ATLN,200401L,-78.5,32.1,2004080221,55.0,61.3,990.0,588,2004-08-02 21:00:00
ATLN,200401L,-78.2,32.4,2004080300,60.0,61.3,987.0,589,2004-08-03 00:00:00
ATLN,200401L,-76.4,34.2,2004080312,85.0,63.8,974.0,590,2004-08-03 12:00:00
ATLN,200401L,-75.8,34.8,2004080315,85.0,70.0,973.0,591,2004-08-03 15:00:00
ATLN,200401L,-75.2,35.3,2004080318,85.0,76.3,972.0,592,2004-08-03 18:00:00
ATLN,200401L,-74.5,35.6,2004080321,83.0,76.3,973.0,593,2004-08-03 21:00:00
ATLN,200401L,-73.7,36.0,2004080400,80.0,76.3,974.0,594,2004-08-04 00:00:00
ATLN,200401L,-70.2,37.3,2004080412,85.0,82.5,973.0,595,2004-08-04 12:00:00
ATLN,200401L,-69.3,37.5,2004080415,90.0,96.3,969.0,596,2004-08-04 15:00:00
ATLN,200401L,-68.3,37.8,2004080418,95.0,110.0,965.0,597,2004-08-04 18:00:00
ATLN,200401L,-67.2,38.1,2004080421,100.0,108.8,961.0,598,2004-08-04 21:00:00
ATLN,200401L,-59.6,40.8,2004080512,100.0,188.8,962.0,599,2004-08-05 12:00:00
ATLN,200401L,-57.3,41.8,2004080515,95.0,188.1,966.0,600,2004-08-05 15:00:00
ATLN,200401L,-55.0,42.7,2004080518,90.0,187.5,970.0,601,2004-08-05 18:00:00
ATLN,200401L,-40.9,46.5,2004080609,58.0,187.5,986.0,602,2004-08-06 09:00:00
ATLN,200401L,-37.5,47.0,2004080612,50.0,187.5,987.0,603,2004-08-06 12:00:00
ATLN,200401L,-35.1,47.2,2004080615,40.0,93.8,990.0,604,2004-08-06 15:00:00
ATLN,200401L,-32.7,47.4,2004080618,30.0,0.0,992.0,605,2004-08-06 18:00:00
WPAC,200401W,146.7,8.5,2004021103,18.0,0.0,1005.0,6902,2004-02-11 03:00:00
WPAC,200401W,146.2,8.8,2004021106,20.0,0.0,1004.0,6903,2004-02-11 06:00:00
WPAC,200401W,142.7,11.1,2004021200,25.0,0.0,1002.0,6904,2004-02-12 00:00:00
WPAC,200401W,142.0,11.3,2004021203,28.0,0.0,1001.0,6905,2004-02-12 03:00:00
WPAC,200401W,141.3,11.6,2004021206,30.0,0.0,1000.0,6906,2004-02-12 06:00:00
WPAC,200401W,140.8,12.1,2004021209,30.0,0.0,1000.0,6907,2004-02-12 09:00:00
WPAC,200401W,137.6,12.4,2004021300,30.0,0.0,1000.0,6908,2004-02-13 00:00:00
WPAC,200401W,137.1,12.6,2004021303,30.0,0.0,1000.0,6909,2004-02-13 03:00:00
WPAC,200401W,136.7,12.8,2004021306,30.0,0.0,1000.0,6910,2004-02-13 06:00:00
WPAC,200401W,136.3,13.1,2004021309,33.0,0.0,999.0,6911,2004-02-13 09:00:00
WPAC,200401W,135.2,14.8,2004021400,35.0,37.5,997.0,6912,2004-02-14 00:00:00
WPAC,200401W,135.4,15.1,2004021403,35.0,37.5,997.0,6913,2004-02-14 03:00:00
WPAC,200401W,135.6,15.3,2004021406,35.0,37.5,997.0,6914,2004-02-14 06:00:00
WPAC,200401W,135.8,15.1,2004021409,33.0,18.8,999.0,6915,2004-02-14 09:00:00
WPAC,200401W,136.6,14.9,2004021500,30.0,0.0,1000.0,6916,2004-02-15 00:00:00
WPAC,200401W,136.8,14.9,2004021503,30.0,0.0,1000.0,6917,2004-02-15 03:00:00
WPAC,200401W,137.0,14.8,2004021506,30.0,0.0,1000.0,6918,2004-02-15 06:00:00
WPAC,200401W,136.9,14.7,2004021509,28.0,0.0,1001.0,6919,2004-02-15 09:00:00
WPAC,200401W,135.8,13.3,2004021600,25.0,0.0,1002.0,6920,2004-02-16 00:00:00
WPAC,200401W,135.8,12.6,2004021603,25.0,0.0,1002.0,6921,2004-02-16 03:00:00
WPAC,200401W,135.7,11.9,2004021606,25.0,0.0,1002.0,6922,2004-02-16 06:00:00
WPAC,200401W,135.4,11.4,2004021609,25.0,0.0,1002.0,6923,2004-02-16 09:00:00
WPAC,200401W,134.1,9.6,2004021700,25.0,0.0,1002.0,6924,2004-02-17 00:00:00
WPAC,200401W,134.0,9.4,2004021703,25.0,0.0,1002.0,6925,2004-02-17 03:00:00
WPAC,200401W,133.9,9.3,2004021706,25.0,0.0,1002.0,6926,2004-02-17 06:00:00
WPAC,200401W,133.8,9.2,2004021709,25.0,0.0,1002.0,6927,2004-02-17 09:00:00
WPAC,200401W,133.3,8.9,2004021800,25.0,0.0,1002.0,6928,2004-02-18 00:00:00
WPAC,200401W,133.1,8.8,2004021806,25.0,0.0,1002.0,6929,2004-02-18 06:00:00
WPAC,200401W,133.0,8.8,2004021809,25.0,0.0,1002.0,6930,2004-02-18 09:00:00
WPAC,200401W,132.5,8.5,2004021900,20.0,0.0,1004.0,6931,2004-02-19 00:00:00
WPAC,200401W,132.4,8.5,2004021903,20.0,0.0,1004.0,6932,2004-02-19 03:00:00
WPAC,200401W,132.3,8.5,2004021906,20.0,0.0,1004.0,6933,2004-02-19 06:00:00
EPAC,200402E,-119.6,16.4,2004070215,25.0,0.0,1008.0,3977,2004-07-02 15:00:00
EPAC,200402E,-119.9,16.6,2004070218,25.0,0.0,1008.0,3978,2004-07-02 18:00:00
EPAC,200402E,-120.3,16.9,2004070221,28.0,0.0,1008.0,3979,2004-07-02 21:00:00
EPAC,200402E,-120.8,17.1,2004070300,30.0,0.0,1007.0,3980,2004-07-03 00:00:00
EPAC,200402E,-122.5,17.5,2004070309,30.0,0.0,1007.0,3981,2004-07-03 09:00:00
EPAC,200402E,-123.6,17.6,2004070315,28.0,0.0,1008.0,3982,2004-07-03 15:00:00
EPAC,200402E,-124.1,17.6,2004070318,25.0,0.0,1008.0,3983,2004-07-03 18:00:00
EPAC,200402E,-124.6,17.6,2004070321,23.0,0.0,1008.0,3984,2004-07-03 21:00:00
EPAC,200402E,-125.0,17.5,2004070400,20.0,0.0,1008.0,3985,2004-07-04 00:00:00
EPAC,200402E,-126.7,16.8,2004070409,20.0,0.0,1009.0,3986,2004-07-04 09:00:00
EPAC,200402E,-127.2,16.5,2004070412,20.0,0.0,1009.0,3987,2004-07-04 12:00:00
EPAC,200402E,-127.8,16.2,2004070415,20.0,0.0,1009.0,3988,2004-07-04 15:00:00
EPAC,200402E,-128.3,15.9,2004070418,20.0,0.0,1009.0,3989,2004-07-04 18:00:00
EPAC,200402E,-128.8,15.6,2004070421,20.0,0.0,1009.0,3990,2004-07-04 21:00:00
EPAC,200402E,-129.3,15.2,2004070500,20.0,0.0,1009.0,3991,2004-07-05 00:00:00
ATLN,200402L,-53.6,12.9,2004080312,25.0,0.0,1010.0,606,2004-08-03 12:00:00
ATLN,200402L,-54.5,13.1,2004080315,25.0,0.0,1010.0,607,2004-08-03 15:00:00
ATLN,200402L,-55.4,13.2,2004080318,25.0,0.0,1010.0,608,2004-08-03 18:00:00
ATLN,200402L,-56.4,13.4,2004080321,28.0,0.0,1010.0,609,2004-08-03 21:00:00
ATLN,200402L,-61.6,13.6,2004080412,30.0,0.0,1010.0,610,2004-08-04 12:00:00
ATLN,200402L,-62.7,13.6,2004080415,30.0,0.0,1010.0,611,2004-08-04 15:00:00
ATLN,200402L,-63.7,13.7,2004080418,30.0,0.0,1010.0,612,2004-08-04 18:00:00
ATLN,200402L,-64.7,13.9,2004080421,28.0,0.0,1010.0,613,2004-08-04 21:00:00
ATLN,200402L,-69.7,16.0,2004080512,25.0,0.0,1011.0,614,2004-08-05 12:00:00
ATLN,200402L,-70.6,16.3,2004080515,25.0,0.0,1011.0,615,2004-08-05 15:00:00
ATLN,200402L,-71.5,16.5,2004080518,25.0,0.0,1011.0,616,2004-08-05 18:00:00
ATLN,200402L,-72.3,16.8,2004080521,25.0,0.0,1011.0,617,2004-08-05 21:00:00
ATLN,200402L,-76.2,17.2,2004080612,25.0,0.0,1011.0,618,2004-08-06 12:00:00
ATLN,200402L,-76.7,17.1,2004080615,25.0,0.0,1011.0,619,2004-08-06 15:00:00
ATLN,200402L,-77.2,17.0,2004080618,25.0,0.0,1011.0,620,2004-08-06 18:00:00
ATLN,200402L,-77.7,17.1,2004080621,25.0,0.0,1011.0,621,2004-08-06 21:00:00
ATLN,200402L,-80.2,17.8,2004080712,20.0,0.0,1013.0,622,2004-08-07 12:00:00
ATLN,200402L,-80.7,18.1,2004080715,20.0,0.0,1013.0,623,2004-08-07 15:00:00
ATLN,200402L,-81.1,18.4,2004080718,20.0,0.0,1013.0,624,2004-08-07 18:00:00
ATLN,200402L,-81.5,18.7,2004080721,20.0,0.0,1013.0,625,2004-08-07 21:00:00
ATLN,200402L,-83.9,20.6,2004080815,25.0,0.0,1009.0,626,2004-08-08 15:00:00
ATLN,200402L,-84.3,20.9,2004080818,25.0,0.0,1008.0,627,2004-08-08 18:00:00
ATLN,200402L,-84.9,21.2,2004080821,25.0,0.0,1008.0,628,2004-08-08 21:00:00
ATLN,200402L,-85.5,21.5,2004080900,25.0,0.0,1008.0,629,2004-08-09 00:00:00
ATLN,200402L,-87.6,22.5,2004080912,35.0,25.0,1008.0,630,2004-08-09 12:00:00
ATLN,200402L,-87.9,22.7,2004080915,38.0,25.0,1008.0,631,2004-08-09 15:00:00
ATLN,200402L,-88.3,22.9,2004080918,40.0,25.0,1007.0,632,2004-08-09 18:00:00
ATLN,200402L,-88.7,23.0,2004080921,43.0,25.0,1007.0,633,2004-08-09 21:00:00
ATLN,200402L,-89.0,23.1,2004081000,45.0,25.0,1006.0,634,2004-08-10 00:00:00
ATLN,200402L,-90.6,24.0,2004081012,50.0,25.0,1002.0,635,2004-08-10 12:00:00
ATLN,200402L,-90.6,24.2,2004081015,48.0,28.8,1003.0,636,2004-08-10 15:00:00
ATLN,200402L,-90.6,24.4,2004081018,45.0,32.5,1003.0,637,2004-08-10 18:00:00
ATLN,200402L,-90.6,24.5,2004081021,43.0,28.8,1003.0,638,2004-08-10 21:00:00
ATLN,200402L,-90.6,24.7,2004081100,40.0,25.0,1003.0,639,2004-08-11 00:00:00
ATLN,200402L,-90.4,25.7,2004081112,45.0,38.8,1001.0,640,2004-08-11 12:00:00
ATLN,200402L,-90.0,26.0,2004081115,50.0,38.8,1001.0,641,2004-08-11 15:00:00
ATLN,200402L,-89.6,26.4,2004081118,55.0,38.8,1001.0,642,2004-08-11 18:00:00
ATLN,200402L,-89.2,26.7,2004081121,53.0,38.8,1004.0,643,2004-08-11 21:00:00
ATLN,200402L,-88.8,27.0,2004081200,50.0,38.8,1007.0,644,2004-08-12 00:00:00
ATLN,200402L,-86.1,29.0,2004081212,45.0,38.8,1002.0,645,2004-08-12 12:00:00
ATLN,200402L,-85.0,29.6,2004081215,38.0,19.4,1004.0,646,2004-08-12 15:00:00
ATLN,200402L,-84.0,30.2,2004081218,30.0,0.0,1006.0,647,2004-08-12 18:00:00
ATLN,200402L,-82.7,31.0,2004081221,28.0,0.0,1007.0,648,2004-08-12 21:00:00
ATLN,200402L,-81.3,31.9,2004081300,25.0,0.0,1008.0,649,2004-08-13 00:00:00
ATLN,200402L,-75.7,36.3,2004081315,25.0,0.0,1008.0,650,2004-08-13 15:00:00
ATLN,200402L,-74.9,37.1,2004081318,25.0,0.0,1008.0,651,2004-08-13 18:00:00
ATLN,200402L,-74.2,38.0,2004081321,23.0,0.0,1010.0,652,2004-08-13 21:00:00
WPAC,200402W,142.3,4.0,2004031406,20.0,0.0,1004.0,6934,2004-03-14 06:00:00
WPAC,200402W,141.9,4.6,2004031409,20.0,0.0,1004.0,6935,2004-03-14 09:00:00
WPAC,200402W,140.2,6.5,2004031500,20.0,0.0,1004.0,6936,2004-03-15 00:00:00
WPAC,200402W,139.8,6.7,2004031503,20.0,0.0,1004.0,6937,2004-03-15 03:00:00
WPAC,200402W,139.5,6.9,2004031506,20.0,0.0,1004.0,6938,2004-03-15 06:00:00
WPAC,200402W,139.1,7.0,2004031509,23.0,0.0,1003.0,6939,2004-03-15 09:00:00
WPAC,200402W,137.8,6.4,2004031603,25.0,0.0,1002.0,6940,2004-03-16 03:00:00
WPAC,200402W,137.3,6.1,2004031609,28.0,0.0,1001.0,6941,2004-03-16 09:00:00
WPAC,200402W,135.4,5.6,2004031703,30.0,0.0,1000.0,6942,2004-03-17 03:00:00
WPAC,200402W,134.9,5.7,2004031706,30.0,0.0,1000.0,6943,2004-03-17 06:00:00
WPAC,200402W,134.4,6.0,2004031709,30.0,0.0,1000.0,6944,2004-03-17 09:00:00
WPAC,200402W,131.7,7.8,2004031800,25.0,0.0,1002.0,6945,2004-03-18 00:00:00
WPAC,200402W,131.1,8.2,2004031803,25.0,0.0,1002.0,6946,2004-03-18 03:00:00
WPAC,200402W,130.6,8.7,2004031806,25.0,0.0,1002.0,6947,2004-03-18 06:00:00
WPAC,200402W,130.1,9.1,2004031809,28.0,0.0,1001.0,6948,2004-03-18 09:00:00
WPAC,200402W,128.0,11.0,2004031900,35.0,0.0,997.0,6949,2004-03-19 00:00:00
WPAC,200402W,127.7,11.3,2004031903,35.0,0.0,997.0,6950,2004-03-19 03:00:00
WPAC,200402W,127.4,11.6,2004031906,35.0,0.0,997.0,6951,2004-03-19 06:00:00
WPAC,200402W,127.1,11.9,2004031909,35.0,0.0,997.0,6952,2004-03-19 09:00:00
WPAC,200402W,125.7,13.2,2004032000,35.0,0.0,997.0,6953,2004-03-20 00:00:00
WPAC,200402W,125.4,13.4,2004032003,35.0,0.0,997.0,6954,2004-03-20 03:00:00
WPAC,200402W,125.1,13.7,2004032006,35.0,0.0,997.0,6955,2004-03-20 06:00:00
WPAC,200402W,125.0,14.0,2004032009,35.0,0.0,997.0,6956,2004-03-20 09:00:00
WPAC,200402W,124.1,15.0,2004032100,35.0,58.8,997.0,6957,2004-03-21 00:00:00
WPAC,200402W,124.0,15.2,2004032103,35.0,58.8,997.0,6958,2004-03-21 03:00:00
WPAC,200402W,124.0,15.5,2004032106,35.0,58.8,997.0,6959,2004-03-21 06:00:00
WPAC,200402W,124.1,15.8,2004032109,35.0,54.4,997.0,6960,2004-03-21 09:00:00
WPAC,200402W,124.2,16.9,2004032200,25.0,0.0,1002.0,6961,2004-03-22 00:00:00
WPAC,200402W,124.3,16.9,2004032203,25.0,0.0,1003.0,6962,2004-03-22 03:00:00
WPAC,200402W,124.5,16.8,2004032206,25.0,0.0,1004.0,6963,2004-03-22 06:00:00
WPAC,200402W,124.7,16.8,2004032209,25.0,0.0,1003.0,6964,2004-03-22 09:00:00
WPAC,200402W,125.6,17.0,2004032300,20.0,0.0,1004.0,6965,2004-03-23 00:00:00
WPAC,200402W,125.8,17.1,2004032303,20.0,0.0,1004.0,6966,2004-03-23 03:00:00
WPAC,200402W,126.0,17.3,2004032306,20.0,0.0,1004.0,6967,2004-03-23 06:00:00
WPAC,200402W,126.0,17.6,2004032309,20.0,0.0,1004.0,6968,2004-03-23 09:00:00
EPAC,200403E,-105.5,14.6,2004071212,30.0,0.0,1006.0,3992,2004-07-12 12:00:00
EPAC,200403E,-106.2,15.1,2004071215,33.0,67.5,1004.0,3993,2004-07-12 15:00:00
EPAC,200403E,-106.8,15.5,2004071218,35.0,135.0,1002.0,3994,2004-07-12 18:00:00
EPAC,200403E,-107.4,15.9,2004071221,40.0,151.3,1000.0,3995,2004-07-12 21:00:00
EPAC,200403E,-108.0,16.4,2004071300,45.0,167.5,997.0,3996,2004-07-13 00:00:00
EPAC,200403E,-110.1,17.9,2004071309,53.0,167.5,993.0,3997,2004-07-13 09:00:00
EPAC,200403E,-110.8,18.4,2004071312,55.0,167.5,991.0,3998,2004-07-13 12:00:00
EPAC,200403E,-111.5,19.0,2004071315,53.0,151.3,993.0,3999,2004-07-13 15:00:00
EPAC,200403E,-112.2,19.6,2004071318,50.0,135.0,994.0,4000,2004-07-13 18:00:00
EPAC,200403E,-113.0,20.1,2004071321,48.0,122.5,996.0,4001,2004-07-13 21:00:00
EPAC,200403E,-113.7,20.7,2004071400,45.0,110.0,997.0,4002,2004-07-14 00:00:00
EPAC,200403E,-115.8,21.8,2004071409,38.0,75.0,1001.0,4003,2004-07-14 09:00:00
EPAC,200403E,-116.6,22.1,2004071412,35.0,75.0,1002.0,4004,2004-07-14 12:00:00
EPAC,200403E,-117.3,22.3,2004071415,33.0,37.5,1003.0,4005,2004-07-14 15:00:00
EPAC,200403E,-117.9,22.5,2004071418,30.0,0.0,1004.0,4006,2004-07-14 18:00:00
EPAC,200403E,-118.6,22.7,2004071421,30.0,0.0,1005.0,4007,2004-07-14 21:00:00
EPAC,200403E,-119.2,22.9,2004071500,30.0,0.0,1005.0,4008,2004-07-15 00:00:00
EPAC,200403E,-120.9,23.3,2004071509,28.0,0.0,1007.0,4009,2004-07-15 09:00:00
EPAC,200403E,-121.4,23.4,2004071512,25.0,0.0,1007.0,4010,2004-07-15 12:00:00
EPAC,200403E,-121.8,23.5,2004071515,25.0,0.0,1008.0,4011,2004-07-15 15:00:00
EPAC,200403E,-122.3,23.6,2004071518,25.0,0.0,1008.0,4012,2004-07-15 18:00:00
EPAC,200403E,-122.8,23.7,2004071521,25.0,0.0,1008.0,4013,2004-07-15 21:00:00
EPAC,200403E,-123.3,23.8,2004071600,25.0,0.0,1008.0,4014,2004-07-16 00:00:00
EPAC,200403E,-125.0,24.1,2004071609,23.0,0.0,1008.0,4015,2004-07-16 09:00:00
EPAC,200403E,-125.5,24.1,2004071612,20.0,0.0,1008.0,4016,2004-07-16 12:00:00
EPAC,200403E,-125.9,24.1,2004071615,20.0,0.0,1008.0,4017,2004-07-16 15:00:00
EPAC,200403E,-126.3,24.2,2004071618,20.0,0.0,1008.0,4018,2004-07-16 18:00:00
EPAC,200403E,-126.7,24.3,2004071621,20.0,0.0,1009.0,4019,2004-07-16 21:00:00
EPAC,200403E,-127.0,24.4,2004071700,20.0,0.0,1009.0,4020,2004-07-17 00:00:00
EPAC,200403E,-127.7,25.0,2004071709,20.0,0.0,1009.0,4021,2004-07-17 09:00:00
EPAC,200403E,-127.8,25.2,2004071712,20.0,0.0,1009.0,4022,2004-07-17 12:00:00
EPAC,200403E,-127.9,25.4,2004071715,18.0,0.0,1010.0,4023,2004-07-17 15:00:00
EPAC,200403E,-128.1,25.6,2004071718,15.0,0.0,1010.0,4024,2004-07-17 18:00:00
EPAC,200403E,-128.2,25.8,2004071721,15.0,0.0,1010.0,4025,2004-07-17 21:00:00
EPAC,200403E,-128.3,26.0,2004071800,15.0,0.0,1010.0,4026,2004-07-18 00:00:00
EPAC,200403E,-128.4,26.2,2004071803,15.0,0.0,1011.0,4027,2004-07-18 03:00:00
EPAC,200403E,-128.3,26.5,2004071809,15.0,0.0,1012.0,4028,2004-07-18 09:00:00
EPAC,200403E,-128.2,26.7,2004071812,15.0,0.0,1012.0,4029,2004-07-18 12:00:00
EPAC,200403E,-128.1,26.8,2004071815,15.0,0.0,1013.0,4030,2004-07-18 15:00:00
EPAC,200403E,-127.9,26.9,2004071818,15.0,0.0,1013.0,4031,2004-07-18 18:00:00
EPAC,200403E,-127.8,26.9,2004071821,15.0,0.0,1014.0,4032,2004-07-18 21:00:00
EPAC,200403E,-127.6,26.9,2004071900,15.0,0.0,1014.0,4033,2004-07-19 00:00:00
EPAC,200403E,-127.4,26.9,2004071903,15.0,0.0,1015.0,4034,2004-07-19 03:00:00
ATLN,200403L,-59.2,11.4,2004080912,30.0,0.0,1010.0,653,2004-08-09 12:00:00
ATLN,200403L,-60.2,11.6,2004080915,30.0,0.0,1010.0,654,2004-08-09 15:00:00
ATLN,200403L,-61.1,11.7,2004080918,30.0,0.0,1009.0,655,2004-08-09 18:00:00
ATLN,200403L,-62.2,11.9,2004080921,30.0,0.0,1009.0,656,2004-08-09 21:00:00
ATLN,200403L,-67.6,13.8,2004081012,40.0,53.8,1004.0,657,2004-08-10 12:00:00
ATLN,200403L,-68.7,14.4,2004081015,43.0,53.8,1002.0,658,2004-08-10 15:00:00
ATLN,200403L,-69.8,14.9,2004081018,45.0,53.8,1000.0,659,2004-08-10 18:00:00
ATLN,200403L,-70.8,15.3,2004081021,50.0,53.8,1000.0,660,2004-08-10 21:00:00
ATLN,200403L,-75.4,16.3,2004081112,60.0,60.0,995.0,661,2004-08-11 12:00:00
ATLN,200403L,-76.1,16.5,2004081115,63.0,60.0,994.0,662,2004-08-11 15:00:00
ATLN,200403L,-76.8,16.7,2004081118,65.0,60.0,993.0,663,2004-08-11 18:00:00
ATLN,200403L,-77.4,17.0,2004081121,65.0,63.8,993.0,664,2004-08-11 21:00:00
ATLN,200403L,-80.7,19.2,2004081212,80.0,71.3,984.0,665,2004-08-12 12:00:00
ATLN,200403L,-81.2,19.9,2004081215,85.0,74.4,982.0,666,2004-08-12 15:00:00
ATLN,200403L,-81.9,21.1,2004081221,90.0,78.1,978.0,667,2004-08-12 21:00:00
ATLN,200403L,-82.2,21.7,2004081300,90.0,78.8,976.0,668,2004-08-13 00:00:00
ATLN,200403L,-82.7,25.3,2004081315,110.0,71.3,958.0,669,2004-08-13 15:00:00
ATLN,200403L,-82.4,26.1,2004081318,125.0,60.0,947.0,670,2004-08-13 18:00:00
ATLN,200403L,-82.0,27.1,2004081321,100.0,54.4,959.0,671,2004-08-13 21:00:00
ATLN,200403L,-81.6,28.1,2004081400,75.0,48.8,970.0,672,2004-08-14 00:00:00
ATLN,200403L,-79.7,32.3,2004081412,65.0,63.8,988.0,673,2004-08-14 12:00:00
ATLN,200403L,-78.9,33.4,2004081415,63.0,58.1,994.0,674,2004-08-14 15:00:00
ATLN,200403L,-78.1,34.5,2004081418,60.0,52.5,1000.0,675,2004-08-14 18:00:00
ATLN,200403L,-77.0,35.7,2004081421,50.0,47.5,1006.0,676,2004-08-14 21:00:00
ATLN,200403L,-75.9,36.9,2004081500,40.0,42.5,1012.0,677,2004-08-15 00:00:00
WPAC,200403W,153.2,6.7,2004040206,25.0,0.0,1002.0,6969,2004-04-02 06:00:00
WPAC,200403W,152.4,6.2,2004040221,25.0,0.0,1002.0,6970,2004-04-02 21:00:00
WPAC,200403W,152.2,6.1,2004040300,25.0,0.0,1002.0,6971,2004-04-03 00:00:00
WPAC,200403W,151.9,6.1,2004040303,25.0,0.0,1002.0,6972,2004-04-03 03:00:00
WPAC,200403W,151.7,6.1,2004040306,25.0,0.0,1002.0,6973,2004-04-03 06:00:00
WPAC,200403W,150.3,6.4,2004040400,30.0,0.0,1000.0,6974,2004-04-04 00:00:00
WPAC,200403W,149.8,6.5,2004040406,30.0,0.0,1000.0,6975,2004-04-04 06:00:00
WPAC,200403W,149.1,7.8,2004040421,38.0,22.5,997.0,6976,2004-04-04 21:00:00
WPAC,200403W,149.0,8.5,2004040503,45.0,87.5,992.0,6977,2004-04-05 03:00:00
WPAC,200403W,148.9,8.9,2004040506,50.0,130.0,987.0,6978,2004-04-05 06:00:00
WPAC,200403W,148.6,9.2,2004040509,53.0,130.0,986.0,6979,2004-04-05 09:00:00
WPAC,200403W,147.2,9.3,2004040521,60.0,125.0,980.0,6980,2004-04-05 21:00:00
WPAC,200403W,146.5,9.1,2004040603,65.0,122.5,976.0,6981,2004-04-06 03:00:00
WPAC,200403W,146.1,9.1,2004040606,65.0,125.0,976.0,6982,2004-04-06 06:00:00
WPAC,200403W,145.8,9.2,2004040609,70.0,125.0,972.0,6983,2004-04-06 09:00:00
WPAC,200403W,144.5,10.1,2004040621,78.0,127.5,965.0,6984,2004-04-06 21:00:00
WPAC,200403W,144.1,10.1,2004040700,80.0,130.0,963.0,6985,2004-04-07 00:00:00
WPAC,200403W,142.6,9.9,2004040709,90.0,135.0,954.0,6986,2004-04-07 09:00:00
WPAC,200403W,140.6,9.2,2004040800,100.0,155.0,944.0,6987,2004-04-08 00:00:00
WPAC,200403W,140.2,9.1,2004040803,108.0,155.0,936.0,6988,2004-04-08 03:00:00
WPAC,200403W,139.9,8.9,2004040806,115.0,155.0,927.0,6989,2004-04-08 06:00:00
WPAC,200403W,139.5,8.9,2004040809,115.0,161.2,927.0,6990,2004-04-08 09:00:00
WPAC,200403W,138.2,9.1,2004040821,110.0,151.2,933.0,6991,2004-04-08 21:00:00
WPAC,200403W,138.0,9.2,2004040900,110.0,135.0,933.0,6992,2004-04-09 00:00:00
WPAC,200403W,137.6,9.4,2004040903,110.0,135.0,933.0,6993,2004-04-09 03:00:00
WPAC,200403W,137.2,9.6,2004040906,110.0,135.0,933.0,6994,2004-04-09 06:00:00
WPAC,200403W,136.8,9.8,2004040909,113.0,135.0,930.0,6995,2004-04-09 09:00:00
WPAC,200403W,135.4,10.7,2004040921,128.0,147.5,913.0,6996,2004-04-09 21:00:00
WPAC,200403W,135.1,10.9,2004041000,130.0,150.0,910.0,6997,2004-04-10 00:00:00
WPAC,200403W,134.7,11.2,2004041003,130.0,156.2,910.0,6998,2004-04-10 03:00:00
WPAC,200403W,133.9,11.6,2004041009,125.0,162.5,916.0,6999,2004-04-10 09:00:00
WPAC,200403W,132.2,13.2,2004041100,115.0,162.5,927.0,7000,2004-04-11 00:00:00
WPAC,200403W,131.9,13.4,2004041103,115.0,163.8,927.0,7001,2004-04-11 03:00:00
WPAC,200403W,131.7,13.7,2004041106,115.0,165.0,927.0,7002,2004-04-11 06:00:00
WPAC,200403W,131.6,14.0,2004041109,113.0,165.0,930.0,7003,2004-04-11 09:00:00
WPAC,200403W,131.0,15.3,2004041200,115.0,160.0,927.0,7004,2004-04-12 00:00:00
WPAC,200403W,130.9,15.6,2004041203,115.0,162.5,927.0,7005,2004-04-12 03:00:00
WPAC,200403W,130.9,15.8,2004041206,115.0,165.0,927.0,7006,2004-04-12 06:00:00
WPAC,200403W,131.0,16.1,2004041209,118.0,165.0,925.0,7007,2004-04-12 09:00:00
WPAC,200403W,131.6,17.2,2004041300,120.0,165.0,922.0,7008,2004-04-13 00:00:00
WPAC,200403W,131.8,17.5,2004041303,123.0,167.5,919.0,7009,2004-04-13 03:00:00
WPAC,200403W,132.0,17.8,2004041306,125.0,170.0,916.0,7010,2004-04-13 06:00:00
WPAC,200403W,132.2,18.2,2004041309,120.0,170.0,922.0,7011,2004-04-13 09:00:00
WPAC,200403W,134.5,20.9,2004041403,105.0,152.5,938.0,7012,2004-04-14 03:00:00
WPAC,200403W,135.1,21.4,2004041406,105.0,152.5,938.0,7013,2004-04-14 06:00:00
WPAC,200403W,135.8,21.9,2004041409,103.0,150.0,941.0,7014,2004-04-14 09:00:00
WPAC,200403W,138.6,23.5,2004041421,88.0,145.0,956.0,7015,2004-04-14 21:00:00
WPAC,200403W,139.4,23.8,2004041500,85.0,142.5,958.0,7016,2004-04-15 00:00:00
WPAC,200403W,140.2,24.1,2004041503,78.0,142.5,965.0,7017,2004-04-15 03:00:00
WPAC,200403W,141.0,24.4,2004041506,70.0,142.5,972.0,7018,2004-04-15 06:00:00
WPAC,200403W,142.1,24.8,2004041509,63.0,148.8,978.0,7019,2004-04-15 09:00:00
EPAC,200404E,-113.1,14.4,2004071900,30.0,0.0,1008.0,4035,2004-07-19 00:00:00
EPAC,200404E,-114.5,14.6,2004071909,33.0,27.5,1007.0,4036,2004-07-19 09:00:00
EPAC,200404E,-114.9,14.7,2004071912,35.0,55.0,1005.0,4037,2004-07-19 12:00:00
EPAC,200404E,-115.3,14.8,2004071915,40.0,55.0,1003.0,4038,2004-07-19 15:00:00
EPAC,200404E,-115.7,14.9,2004071918,45.0,55.0,1000.0,4039,2004-07-19 18:00:00
EPAC,200404E,-116.0,14.9,2004071921,45.0,57.5,1000.0,4040,2004-07-19 21:00:00
EPAC,200404E,-116.3,15.0,2004072000,45.0,60.0,1000.0,4041,2004-07-20 00:00:00
EPAC,200404E,-117.2,15.3,2004072009,45.0,56.3,1000.0,4042,2004-07-20 09:00:00
EPAC,200404E,-117.4,15.3,2004072012,45.0,52.5,1000.0,4043,2004-07-20 12:00:00
EPAC,200404E,-117.7,15.4,2004072015,48.0,52.5,999.0,4044,2004-07-20 15:00:00
EPAC,200404E,-118.0,15.5,2004072018,50.0,52.5,997.0,4045,2004-07-20 18:00:00
EPAC,200404E,-118.3,15.7,2004072021,50.0,52.5,997.0,4046,2004-07-20 21:00:00
EPAC,200404E,-118.7,15.9,2004072100,50.0,52.5,997.0,4047,2004-07-21 00:00:00
EPAC,200404E,-119.6,16.1,2004072109,53.0,65.0,996.0,4048,2004-07-21 09:00:00
EPAC,200404E,-119.8,16.1,2004072112,55.0,70.0,994.0,4049,2004-07-21 12:00:00
EPAC,200404E,-120.2,16.1,2004072115,58.0,65.0,993.0,4050,2004-07-21 15:00:00
EPAC,200404E,-120.5,16.2,2004072118,60.0,60.0,991.0,4051,2004-07-21 18:00:00
EPAC,200404E,-120.8,16.3,2004072121,63.0,62.5,989.0,4052,2004-07-21 21:00:00
EPAC,200404E,-121.0,16.3,2004072200,65.0,65.0,987.0,4053,2004-07-22 00:00:00
EPAC,200404E,-121.8,16.3,2004072209,73.0,70.0,983.0,4054,2004-07-22 09:00:00
EPAC,200404E,-122.2,16.3,2004072212,70.0,70.0,984.0,4055,2004-07-22 12:00:00
EPAC,200404E,-122.6,16.3,2004072215,65.0,70.0,987.0,4056,2004-07-22 15:00:00
EPAC,200404E,-123.0,16.3,2004072218,60.0,70.0,990.0,4057,2004-07-22 18:00:00
EPAC,200404E,-123.5,16.3,2004072221,55.0,57.5,994.0,4058,2004-07-22 21:00:00
EPAC,200404E,-123.9,16.3,2004072300,50.0,45.0,997.0,4059,2004-07-23 00:00:00
EPAC,200404E,-124.9,16.1,2004072309,38.0,31.3,1003.0,4060,2004-07-23 09:00:00
EPAC,200404E,-125.7,16.1,2004072315,35.0,30.0,1004.0,4061,2004-07-23 15:00:00
EPAC,200404E,-126.1,16.1,2004072318,35.0,35.0,1004.0,4062,2004-07-23 18:00:00
EPAC,200404E,-126.5,16.3,2004072321,35.0,35.0,1004.0,4063,2004-07-23 21:00:00
EPAC,200404E,-126.9,16.4,2004072400,35.0,35.0,1004.0,4064,2004-07-24 00:00:00
EPAC,200404E,-128.0,16.9,2004072409,33.0,6.3,1005.0,4065,2004-07-24 09:00:00
EPAC,200404E,-129.0,17.1,2004072415,30.0,0.0,1005.0,4066,2004-07-24 15:00:00
EPAC,200404E,-129.6,17.3,2004072418,30.0,0.0,1005.0,4067,2004-07-24 18:00:00
EPAC,200404E,-130.1,17.5,2004072421,30.0,0.0,1006.0,4068,2004-07-24 21:00:00
EPAC,200404E,-130.7,17.6,2004072500,30.0,0.0,1006.0,4069,2004-07-25 00:00:00
EPAC,200404E,-131.3,17.8,2004072503,30.0,0.0,1006.0,4070,2004-07-25 03:00:00
EPAC,200404E,-132.4,18.1,2004072509,30.0,0.0,1006.0,4071,2004-07-25 09:00:00
EPAC,200404E,-133.0,18.4,2004072512,30.0,0.0,1006.0,4072,2004-07-25 12:00:00
EPAC,200404E,-133.6,18.5,2004072515,28.0,0.0,1007.0,4073,2004-07-25 15:00:00
EPAC,200404E,-134.1,18.7,2004072518,25.0,0.0,1007.0,4074,2004-07-25 18:00:00
EPAC,200404E,-134.6,18.9,2004072521,25.0,0.0,1008.0,4075,2004-07-25 21:00:00
EPAC,200404E,-135.2,19.1,2004072600,25.0,0.0,1009.0,4076,2004-07-26 00:00:00
EPAC,200404E,-135.9,19.1,2004072603,25.0,0.0,1010.0,4077,2004-07-26 03:00:00
ATLN,200404L,-21.8,12.3,2004081312,30.0,0.0,1009.0,678,2004-08-13 12:00:00
ATLN,200404L,-22.4,12.4,2004081315,30.0,0.0,1009.0,679,2004-08-13 15:00:00
ATLN,200404L,-23.0,12.4,2004081318,30.0,0.0,1009.0,680,2004-08-13 18:00:00
ATLN,200404L,-24.2,12.6,2004081400,35.0,45.0,1009.0,681,2004-08-14 00:00:00
ATLN,200404L,-26.1,13.1,2004081409,43.0,51.3,1004.0,682,2004-08-14 09:00:00
ATLN,200404L,-26.8,13.2,2004081412,45.0,52.5,1004.0,683,2004-08-14 12:00:00
ATLN,200404L,-27.5,13.4,2004081415,50.0,65.6,999.0,684,2004-08-14 15:00:00
ATLN,200404L,-28.1,13.5,2004081418,55.0,78.8,994.0,685,2004-08-14 18:00:00
ATLN,200404L,-31.5,14.4,2004081509,78.0,95.0,980.0,686,2004-08-15 09:00:00
ATLN,200404L,-32.1,14.7,2004081512,80.0,97.5,978.0,687,2004-08-15 12:00:00
ATLN,200404L,-32.8,14.9,2004081515,83.0,97.5,977.0,688,2004-08-15 15:00:00
ATLN,200404L,-33.5,15.2,2004081518,85.0,97.5,975.0,689,2004-08-15 18:00:00
ATLN,200404L,-36.6,17.3,2004081609,90.0,78.8,970.0,690,2004-08-16 09:00:00
ATLN,200404L,-37.2,17.7,2004081612,90.0,75.0,970.0,691,2004-08-16 12:00:00
ATLN,200404L,-37.7,18.4,2004081615,93.0,73.1,967.0,692,2004-08-16 15:00:00
ATLN,200404L,-38.2,19.0,2004081618,95.0,71.3,964.0,693,2004-08-16 18:00:00
ATLN,200404L,-38.5,19.6,2004081621,95.0,73.1,965.0,694,2004-08-16 21:00:00
ATLN,200404L,-39.8,22.5,2004081709,90.0,75.0,970.0,695,2004-08-17 09:00:00
ATLN,200404L,-40.0,23.3,2004081712,90.0,75.0,970.0,696,2004-08-17 12:00:00
ATLN,200404L,-40.1,24.0,2004081715,88.0,75.0,972.0,697,2004-08-17 15:00:00
ATLN,200404L,-40.3,24.6,2004081718,85.0,75.0,974.0,698,2004-08-17 18:00:00
ATLN,200404L,-40.0,27.7,2004081809,60.0,57.5,990.0,699,2004-08-18 09:00:00
ATLN,200404L,-39.8,28.1,2004081812,55.0,52.5,994.0,700,2004-08-18 12:00:00
ATLN,200404L,-39.3,28.5,2004081815,50.0,48.1,1000.0,701,2004-08-18 15:00:00
ATLN,200404L,-38.9,28.9,2004081818,45.0,43.8,1005.0,702,2004-08-18 18:00:00
ATLN,200404L,-38.3,29.1,2004081821,43.0,48.1,1006.0,703,2004-08-18 21:00:00
ATLN,200404L,-37.7,29.8,2004081909,38.0,33.8,1007.0,704,2004-08-19 09:00:00
ATLN,200404L,-37.7,29.9,2004081912,35.0,22.5,1007.0,705,2004-08-19 12:00:00
ATLN,200404L,-37.5,29.9,2004081915,35.0,22.5,1007.0,706,2004-08-19 15:00:00
ATLN,200404L,-37.2,29.9,2004081918,35.0,22.5,1007.0,707,2004-08-19 18:00:00
ATLN,200404L,-37.1,30.4,2004082009,35.0,22.5,1011.0,708,2004-08-20 09:00:00
ATLN,200404L,-37.2,30.5,2004082012,35.0,22.5,1011.0,709,2004-08-20 12:00:00
ATLN,200404L,-37.4,30.7,2004082015,33.0,11.3,1012.0,710,2004-08-20 15:00:00
ATLN,200404L,-37.6,30.9,2004082018,30.0,0.0,1012.0,711,2004-08-20 18:00:00
ATLN,200404L,-37.8,30.9,2004082021,30.0,0.0,1012.0,712,2004-08-20 21:00:00
ATLN,200404L,-38.8,30.6,2004082109,28.0,0.0,1014.0,713,2004-08-21 09:00:00
ATLN,200404L,-38.9,30.7,2004082112,25.0,0.0,1014.0,714,2004-08-21 12:00:00
ATLN,200404L,-39.0,30.6,2004082115,25.0,0.0,1014.0,715,2004-08-21 15:00:00
ATLN,200404L,-39.2,30.5,2004082118,25.0,0.0,1014.0,716,2004-08-21 18:00:00
ATLN,200404L,-39.5,30.4,2004082121,25.0,0.0,1015.0,717,2004-08-21 21:00:00
ATLN,200404L,-40.5,30.3,2004082209,25.0,0.0,1015.0,718,2004-08-22 09:00:00
ATLN,200404L,-40.8,30.3,2004082212,25.0,0.0,1015.0,719,2004-08-22 12:00:00
ATLN,200404L,-41.0,30.4,2004082215,25.0,0.0,1016.0,720,2004-08-22 15:00:00
ATLN,200404L,-41.2,30.4,2004082218,25.0,0.0,1016.0,721,2004-08-22 18:00:00
ATLN,200404L,-41.6,30.6,2004082221,25.0,0.0,1016.0,722,2004-08-22 21:00:00
ATLN,200404L,-42.9,32.0,2004082309,25.0,0.0,1017.0,723,2004-08-23 09:00:00
ATLN,200404L,-43.3,32.3,2004082312,25.0,0.0,1017.0,724,2004-08-23 12:00:00
ATLN,200404L,-43.5,32.7,2004082315,25.0,0.0,1017.0,725,2004-08-23 15:00:00
ATLN,200404L,-43.8,33.1,2004082318,25.0,0.0,1017.0,726,2004-08-23 18:00:00
ATLN,200404L,-44.0,33.5,2004082321,23.0,0.0,1018.0,727,2004-08-23 21:00:00
ATLN,200404L,-44.2,33.9,2004082400,20.0,0.0,1018.0,728,2004-08-24 00:00:00
ATLN,200404L,-44.8,35.1,2004082409,20.0,0.0,1019.0,729,2004-08-24 09:00:00
ATLN,200404L,-45.0,35.5,2004082412,20.0,0.0,1019.0,730,2004-08-24 12:00:00
ATLN,200404L,-45.1,36.0,2004082415,20.0,0.0,1019.0,731,2004-08-24 15:00:00
ATLN,200404L,-45.2,36.4,2004082418,20.0,0.0,1019.0,732,2004-08-24 18:00:00
WPAC,200404W,132.0,7.5,2004051306,20.0,0.0,1004.0,7020,2004-05-13 06:00:00
WPAC,200404W,132.1,7.7,2004051309,23.0,0.0,1003.0,7021,2004-05-13 09:00:00
WPAC,200404W,131.7,8.4,2004051400,45.0,112.5,991.0,7022,2004-05-14 00:00:00
WPAC,200404W,131.5,8.5,2004051403,50.0,112.5,988.0,7023,2004-05-14 03:00:00
WPAC,200404W,131.3,8.6,2004051406,55.0,112.5,984.0,7024,2004-05-14 06:00:00
WPAC,200404W,131.2,8.8,2004051409,60.0,112.5,980.0,7025,2004-05-14 09:00:00
WPAC,200404W,129.9,9.5,2004051500,80.0,135.0,963.0,7026,2004-05-15 00:00:00
WPAC,200404W,129.5,9.7,2004051503,85.0,146.2,959.0,7027,2004-05-15 03:00:00
WPAC,200404W,129.1,9.8,2004051506,90.0,157.5,954.0,7028,2004-05-15 06:00:00
WPAC,200404W,128.8,10.0,2004051509,90.0,157.5,954.0,7029,2004-05-15 09:00:00
WPAC,200404W,127.0,11.2,2004051600,115.0,145.0,927.0,7030,2004-05-16 00:00:00
WPAC,200404W,126.7,11.6,2004051603,120.0,145.0,922.0,7031,2004-05-16 03:00:00
WPAC,200404W,126.4,11.9,2004051606,125.0,145.0,916.0,7032,2004-05-16 06:00:00
WPAC,200404W,126.1,12.2,2004051609,133.0,145.0,907.0,7033,2004-05-16 09:00:00
WPAC,200404W,124.3,13.9,2004051700,130.0,140.0,910.0,7034,2004-05-17 00:00:00
WPAC,200404W,124.1,14.2,2004051703,130.0,135.0,910.0,7035,2004-05-17 03:00:00
WPAC,200404W,123.9,14.6,2004051706,130.0,130.0,910.0,7036,2004-05-17 06:00:00
WPAC,200404W,123.8,15.0,2004051709,128.0,130.0,913.0,7037,2004-05-17 09:00:00
WPAC,200404W,123.6,16.9,2004051800,125.0,140.0,916.0,7038,2004-05-18 00:00:00
WPAC,200404W,123.7,17.2,2004051803,125.0,140.0,916.0,7039,2004-05-18 03:00:00
WPAC,200404W,123.7,17.6,2004051806,125.0,140.0,916.0,7040,2004-05-18 06:00:00
WPAC,200404W,123.8,18.0,2004051809,123.0,135.0,919.0,7041,2004-05-18 09:00:00
WPAC,200404W,125.2,20.2,2004051900,105.0,125.0,938.0,7042,2004-05-19 00:00:00
WPAC,200404W,125.9,20.8,2004051903,103.0,126.2,941.0,7043,2004-05-19 03:00:00
WPAC,200404W,126.6,21.3,2004051906,100.0,127.5,944.0,7044,2004-05-19 06:00:00
WPAC,200404W,127.3,21.9,2004051909,98.0,127.5,947.0,7045,2004-05-19 09:00:00
WPAC,200404W,131.8,25.3,2004052000,80.0,112.5,963.0,7046,2004-05-20 00:00:00
WPAC,200404W,133.1,26.1,2004052003,78.0,112.5,965.0,7047,2004-05-20 03:00:00
WPAC,200404W,134.4,26.9,2004052006,75.0,112.5,967.0,7048,2004-05-20 06:00:00
WPAC,200404W,135.7,27.9,2004052009,73.0,112.5,970.0,7049,2004-05-20 09:00:00
WPAC,200404W,141.8,32.1,2004052021,55.0,97.5,984.0,7050,2004-05-20 21:00:00
WPAC,200404W,143.3,33.8,2004052100,55.0,97.5,984.0,7051,2004-05-21 00:00:00
WPAC,200404W,144.7,35.8,2004052103,50.0,97.5,988.0,7052,2004-05-21 03:00:00
WPAC,200404W,146.0,37.7,2004052106,45.0,97.5,991.0,7053,2004-05-21 06:00:00
EPAC,200405E,-112.8,12.2,2004072612,25.0,0.0,1008.0,4078,2004-07-26 12:00:00
EPAC,200405E,-113.5,12.3,2004072615,28.0,0.0,1008.0,4079,2004-07-26 15:00:00
EPAC,200405E,-114.2,12.3,2004072618,30.0,0.0,1007.0,4080,2004-07-26 18:00:00
EPAC,200405E,-114.8,12.4,2004072621,33.0,32.5,1005.0,4081,2004-07-26 21:00:00
EPAC,200405E,-115.5,12.5,2004072700,35.0,65.0,1003.0,4082,2004-07-27 00:00:00
EPAC,200405E,-117.4,13.1,2004072709,50.0,65.0,997.0,4083,2004-07-27 09:00:00
EPAC,200405E,-118.0,13.2,2004072712,55.0,65.0,993.0,4084,2004-07-27 12:00:00
EPAC,200405E,-118.6,13.4,2004072715,58.0,66.9,992.0,4085,2004-07-27 15:00:00
EPAC,200405E,-119.1,13.6,2004072718,60.0,68.8,990.0,4086,2004-07-27 18:00:00
EPAC,200405E,-119.8,13.9,2004072721,63.0,68.8,989.0,4087,2004-07-27 21:00:00
EPAC,200405E,-120.5,14.1,2004072800,65.0,68.8,987.0,4088,2004-07-28 00:00:00
EPAC,200405E,-122.8,15.2,2004072812,80.0,77.5,977.0,4089,2004-07-28 12:00:00
EPAC,200405E,-123.4,15.5,2004072815,85.0,80.0,974.0,4090,2004-07-28 15:00:00
EPAC,200405E,-124.0,15.8,2004072818,90.0,82.5,970.0,4091,2004-07-28 18:00:00
EPAC,200405E,-125.2,16.3,2004072900,95.0,86.3,964.0,4092,2004-07-29 00:00:00
EPAC,200405E,-126.7,17.1,2004072909,103.0,101.3,959.0,4093,2004-07-29 09:00:00
EPAC,200405E,-127.2,17.4,2004072912,100.0,105.0,960.0,4094,2004-07-29 12:00:00
EPAC,200405E,-127.7,17.6,2004072915,98.0,105.0,962.0,4095,2004-07-29 15:00:00
EPAC,200405E,-128.2,17.8,2004072918,95.0,105.0,964.0,4096,2004-07-29 18:00:00
EPAC,200405E,-128.7,18.0,2004072921,85.0,99.4,972.0,4097,2004-07-29 21:00:00
EPAC,200405E,-129.2,18.1,2004073000,75.0,93.8,980.0,4098,2004-07-30 00:00:00
EPAC,200405E,-129.8,18.2,2004073003,70.0,88.8,984.0,4099,2004-07-30 03:00:00
EPAC,200405E,-132.4,18.5,2004073015,50.0,75.0,996.0,4100,2004-07-30 15:00:00
EPAC,200405E,-133.2,18.6,2004073018,45.0,72.5,998.0,4101,2004-07-30 18:00:00
EPAC,200405E,-133.9,18.6,2004073021,43.0,68.8,999.0,4102,2004-07-30 21:00:00
EPAC,200405E,-134.6,18.7,2004073100,40.0,65.0,1000.0,4103,2004-07-31 00:00:00
EPAC,200405E,-135.3,18.8,2004073103,38.0,55.0,1001.0,4104,2004-07-31 03:00:00
EPAC,200405E,-138.1,18.9,2004073115,28.0,0.0,1006.0,4105,2004-07-31 15:00:00
EPAC,200405E,-138.8,18.9,2004073118,25.0,0.0,1007.0,4106,2004-07-31 18:00:00
EPAC,200405E,-139.6,18.9,2004073121,25.0,0.0,1007.0,4107,2004-07-31 21:00:00
EPAC,200405E,-140.4,19.0,2004080100,25.0,0.0,1007.0,4108,2004-08-01 00:00:00
EPAC,200405E,-141.2,19.1,2004080103,25.0,0.0,1007.0,4109,2004-08-01 03:00:00
ATLN,200405L,-45.6,9.0,2004081318,30.0,0.0,1011.0,733,2004-08-13 18:00:00
ATLN,200405L,-46.5,9.1,2004081321,30.0,0.0,1011.0,734,2004-08-13 21:00:00
ATLN,200405L,-51.4,10.1,2004081412,30.0,0.0,1011.0,735,2004-08-14 12:00:00
ATLN,200405L,-52.5,10.3,2004081415,33.0,18.8,1011.0,736,2004-08-14 15:00:00
ATLN,200405L,-53.5,10.5,2004081418,35.0,37.5,1010.0,737,2004-08-14 18:00:00
ATLN,200405L,-54.7,10.8,2004081421,35.0,37.5,1010.0,738,2004-08-14 21:00:00
ATLN,200405L,-60.8,11.8,2004081512,45.0,41.3,1009.0,739,2004-08-15 12:00:00
ATLN,200405L,-61.8,11.9,2004081515,40.0,39.4,1010.0,740,2004-08-15 15:00:00
ATLN,200405L,-62.8,12.1,2004081518,35.0,37.5,1010.0,741,2004-08-15 18:00:00
WPAC,200405W,113.2,9.4,2004051406,25.0,0.0,1002.0,7054,2004-05-14 06:00:00
WPAC,200405W,112.9,9.5,2004051409,25.0,0.0,1002.0,7055,2004-05-14 09:00:00
WPAC,200405W,111.4,9.7,2004051500,25.0,0.0,1002.0,7056,2004-05-15 00:00:00
WPAC,200405W,111.2,9.6,2004051503,25.0,0.0,1002.0,7057,2004-05-15 03:00:00
WPAC,200405W,110.9,9.5,2004051506,25.0,0.0,1002.0,7058,2004-05-15 06:00:00
WPAC,200405W,110.7,9.5,2004051509,25.0,0.0,1002.0,7059,2004-05-15 09:00:00
WPAC,200405W,109.5,9.9,2004051600,30.0,0.0,1000.0,7060,2004-05-16 00:00:00
WPAC,200405W,109.2,9.8,2004051603,33.0,22.5,999.0,7061,2004-05-16 03:00:00
WPAC,200405W,108.9,9.7,2004051606,35.0,45.0,997.0,7062,2004-05-16 06:00:00
WPAC,200405W,108.6,9.7,2004051609,33.0,22.5,999.0,7063,2004-05-16 09:00:00
WPAC,200405W,109.1,10.3,2004051700,30.0,0.0,1000.0,7064,2004-05-17 00:00:00
WPAC,200405W,109.2,10.2,2004051703,28.0,0.0,1001.0,7065,2004-05-17 03:00:00
WPAC,200405W,109.4,10.0,2004051706,25.0,0.0,1002.0,7066,2004-05-17 06:00:00
WPAC,200405W,109.6,10.1,2004051709,25.0,0.0,1002.0,7067,2004-05-17 09:00:00
WPAC,200405W,110.4,10.5,2004051800,25.0,0.0,1002.0,7068,2004-05-18 00:00:00
WPAC,200405W,110.6,10.6,2004051803,25.0,0.0,1002.0,7069,2004-05-18 03:00:00
WPAC,200405W,110.7,10.7,2004051806,25.0,0.0,1002.0,7070,2004-05-18 06:00:00
WPAC,200405W,110.8,10.8,2004051809,25.0,0.0,1002.0,7071,2004-05-18 09:00:00
EPAC,200406E,-127.2,12.0,2004080115,25.0,0.0,1008.0,4110,2004-08-01 15:00:00
EPAC,200406E,-127.5,12.0,2004080118,25.0,0.0,1008.0,4111,2004-08-01 18:00:00
EPAC,200406E,-127.7,12.0,2004080121,25.0,0.0,1008.0,4112,2004-08-01 21:00:00
EPAC,200406E,-127.8,12.0,2004080200,25.0,0.0,1008.0,4113,2004-08-02 00:00:00
ATLN,200406L,-37.5,11.3,2004082509,30.0,0.0,1008.0,742,2004-08-25 09:00:00
ATLN,200406L,-38.3,11.3,2004082512,30.0,0.0,1007.0,743,2004-08-25 12:00:00
ATLN,200406L,-39.0,11.4,2004082515,33.0,15.0,1006.0,744,2004-08-25 15:00:00
ATLN,200406L,-39.8,11.5,2004082518,35.0,30.0,1005.0,745,2004-08-25 18:00:00
ATLN,200406L,-43.7,12.6,2004082609,50.0,53.8,997.0,746,2004-08-26 09:00:00
ATLN,200406L,-44.5,12.8,2004082612,55.0,57.5,994.0,747,2004-08-26 12:00:00
ATLN,200406L,-45.1,13.1,2004082615,60.0,60.0,991.0,748,2004-08-26 15:00:00
ATLN,200406L,-45.8,13.3,2004082618,65.0,62.5,987.0,749,2004-08-26 18:00:00
ATLN,200406L,-46.3,13.5,2004082621,68.0,65.0,986.0,750,2004-08-26 21:00:00
ATLN,200406L,-46.8,13.7,2004082700,70.0,67.5,984.0,751,2004-08-27 00:00:00
ATLN,200406L,-48.1,14.4,2004082709,83.0,70.0,975.0,752,2004-08-27 09:00:00
ATLN,200406L,-48.5,14.7,2004082712,90.0,72.5,970.0,753,2004-08-27 12:00:00
ATLN,200406L,-48.9,15.1,2004082715,95.0,78.8,966.0,754,2004-08-27 15:00:00
ATLN,200406L,-49.3,15.4,2004082718,100.0,85.0,962.0,755,2004-08-27 18:00:00
ATLN,200406L,-49.6,15.7,2004082721,100.0,85.0,962.0,756,2004-08-27 21:00:00
ATLN,200406L,-51.6,17.2,2004082812,105.0,90.0,958.0,757,2004-08-28 12:00:00
ATLN,200406L,-52.0,17.4,2004082815,110.0,91.3,953.0,758,2004-08-28 15:00:00
ATLN,200406L,-52.3,17.7,2004082818,115.0,92.5,948.0,759,2004-08-28 18:00:00
ATLN,200406L,-52.6,17.9,2004082821,115.0,98.8,948.0,760,2004-08-28 21:00:00
ATLN,200406L,-54.4,18.6,2004082912,115.0,122.5,948.0,761,2004-08-29 12:00:00
ATLN,200406L,-54.7,18.7,2004082915,113.0,126.3,948.0,762,2004-08-29 15:00:00
ATLN,200406L,-55.0,18.8,2004082918,110.0,130.0,948.0,763,2004-08-29 18:00:00
ATLN,200406L,-55.4,18.9,2004082921,108.0,130.0,951.0,764,2004-08-29 21:00:00
ATLN,200406L,-58.1,19.2,2004083012,100.0,132.5,956.0,765,2004-08-30 12:00:00
ATLN,200406L,-58.7,19.3,2004083015,105.0,136.3,952.0,766,2004-08-30 15:00:00
ATLN,200406L,-59.3,19.4,2004083018,110.0,140.0,948.0,767,2004-08-30 18:00:00
ATLN,200406L,-60.0,19.5,2004083021,110.0,141.3,947.0,768,2004-08-30 21:00:00
ATLN,200406L,-63.5,20.0,2004083112,120.0,142.5,949.0,769,2004-08-31 12:00:00
ATLN,200406L,-64.3,20.1,2004083115,123.0,142.5,946.0,770,2004-08-31 15:00:00
ATLN,200406L,-65.0,20.3,2004083118,125.0,142.5,942.0,771,2004-08-31 18:00:00
ATLN,200406L,-65.7,20.5,2004083121,123.0,142.5,942.0,772,2004-08-31 21:00:00
ATLN,200406L,-69.1,21.4,2004090112,120.0,142.5,937.0,773,2004-09-01 12:00:00
ATLN,200406L,-69.8,21.6,2004090115,120.0,142.5,939.0,774,2004-09-01 15:00:00
ATLN,200406L,-70.4,21.8,2004090118,120.0,142.5,941.0,775,2004-09-01 18:00:00
ATLN,200406L,-70.9,22.0,2004090121,120.0,142.5,940.0,776,2004-09-01 21:00:00
ATLN,200406L,-73.5,23.2,2004090212,120.0,142.5,939.0,777,2004-09-02 12:00:00
ATLN,200406L,-73.9,23.5,2004090215,118.0,143.8,944.0,778,2004-09-02 15:00:00
ATLN,200406L,-74.3,23.8,2004090218,115.0,145.0,948.0,779,2004-09-02 18:00:00
ATLN,200406L,-74.7,24.0,2004090221,110.0,146.3,948.0,780,2004-09-02 21:00:00
ATLN,200406L,-76.3,25.3,2004090312,95.0,148.8,958.0,781,2004-09-03 12:00:00
ATLN,200406L,-76.7,25.5,2004090315,93.0,149.4,959.0,782,2004-09-03 15:00:00
ATLN,200406L,-77.1,25.7,2004090318,90.0,150.0,960.0,783,2004-09-03 18:00:00
ATLN,200406L,-77.3,25.9,2004090321,88.0,151.9,960.0,784,2004-09-03 21:00:00
ATLN,200406L,-78.5,26.8,2004090412,90.0,153.8,962.0,785,2004-09-04 12:00:00
ATLN,200406L,-78.8,26.8,2004090415,90.0,154.4,962.0,786,2004-09-04 15:00:00
ATLN,200406L,-79.1,26.8,2004090418,90.0,155.0,962.0,787,2004-09-04 18:00:00
ATLN,200406L,-79.3,26.9,2004090421,93.0,155.0,960.0,788,2004-09-04 21:00:00
ATLN,200406L,-80.7,27.4,2004090512,80.0,143.8,969.0,789,2004-09-05 12:00:00
ATLN,200406L,-81.2,27.6,2004090515,70.0,140.6,972.0,790,2004-09-05 15:00:00
ATLN,200406L,-81.7,27.8,2004090518,60.0,137.5,975.0,791,2004-09-05 18:00:00
ATLN,200406L,-82.0,28.0,2004090521,58.0,143.8,977.0,792,2004-09-05 21:00:00
ATLN,200406L,-83.7,29.2,2004090612,55.0,82.5,982.0,793,2004-09-06 12:00:00
ATLN,200406L,-83.8,29.6,2004090615,53.0,71.3,982.0,794,2004-09-06 15:00:00
ATLN,200406L,-84.0,30.1,2004090618,50.0,60.0,982.0,795,2004-09-06 18:00:00
ATLN,200406L,-84.3,30.6,2004090621,43.0,52.5,983.0,796,2004-09-06 21:00:00
ATLN,200406L,-84.6,31.0,2004090700,35.0,45.0,984.0,797,2004-09-07 00:00:00
ATLN,200406L,-85.2,32.0,2004090712,25.0,0.0,992.0,798,2004-09-07 12:00:00
ATLN,200406L,-85.2,32.3,2004090715,25.0,0.0,994.0,799,2004-09-07 15:00:00
ATLN,200406L,-85.1,32.5,2004090718,25.0,0.0,996.0,800,2004-09-07 18:00:00
ATLN,200406L,-84.9,33.0,2004090721,25.0,0.0,997.0,801,2004-09-07 21:00:00
ATLN,200406L,-84.7,33.4,2004090800,25.0,0.0,998.0,802,2004-09-08 00:00:00
ATLN,200406L,-83.2,36.1,2004090812,25.0,0.0,1001.0,803,2004-09-08 12:00:00
ATLN,200406L,-82.7,37.0,2004090815,25.0,0.0,1002.0,804,2004-09-08 15:00:00
ATLN,200406L,-82.1,37.8,2004090818,25.0,0.0,1002.0,805,2004-09-08 18:00:00
ATLN,200406L,-81.7,38.3,2004090821,25.0,0.0,1002.0,806,2004-09-08 21:00:00
ATLN,200406L,-76.7,43.5,2004090915,33.0,18.8,1002.0,807,2004-09-09 15:00:00
ATLN,200406L,-75.7,44.3,2004090918,30.0,0.0,1002.0,808,2004-09-09 18:00:00
ATLN,200406L,-74.5,44.8,2004090921,28.0,0.0,1003.0,809,2004-09-09 21:00:00
ATLN,200406L,-67.3,46.6,2004091012,20.0,0.0,1005.0,810,2004-09-10 12:00:00
ATLN,200406L,-65.8,46.9,2004091015,20.0,0.0,1005.0,811,2004-09-10 15:00:00
WPAC,200406W,146.8,5.6,2004051506,20.0,0.0,1004.0,7072,2004-05-15 06:00:00
WPAC,200406W,144.1,6.0,2004051521,25.0,0.0,1002.0,7073,2004-05-15 21:00:00
WPAC,200406W,143.6,6.1,2004051600,25.0,0.0,1002.0,7074,2004-05-16 00:00:00
WPAC,200406W,143.1,6.2,2004051603,28.0,0.0,1001.0,7075,2004-05-16 03:00:00
WPAC,200406W,142.6,6.3,2004051606,30.0,0.0,1000.0,7076,2004-05-16 06:00:00
WPAC,200406W,142.1,6.4,2004051609,33.0,0.0,999.0,7077,2004-05-16 09:00:00
WPAC,200406W,140.6,6.9,2004051621,38.0,22.5,996.0,7078,2004-05-16 21:00:00
WPAC,200406W,140.3,7.1,2004051700,40.0,45.0,994.0,7079,2004-05-17 00:00:00
WPAC,200406W,139.7,7.4,2004051706,45.0,45.0,991.0,7080,2004-05-17 06:00:00
WPAC,200406W,139.4,7.6,2004051709,48.0,45.0,989.0,7081,2004-05-17 09:00:00
WPAC,200406W,138.3,8.6,2004051721,55.0,50.0,984.0,7082,2004-05-17 21:00:00
WPAC,200406W,138.0,8.8,2004051800,55.0,50.0,984.0,7083,2004-05-18 00:00:00
WPAC,200406W,137.6,8.9,2004051803,55.0,55.0,984.0,7084,2004-05-18 03:00:00
WPAC,200406W,137.1,9.1,2004051806,55.0,60.0,984.0,7085,2004-05-18 06:00:00
WPAC,200406W,136.7,9.3,2004051809,55.0,60.0,984.0,7086,2004-05-18 09:00:00
WPAC,200406W,135.1,10.2,2004051821,58.0,65.0,982.0,7087,2004-05-18 21:00:00
WPAC,200406W,134.7,10.4,2004051900,60.0,70.0,980.0,7088,2004-05-19 00:00:00
WPAC,200406W,134.3,10.7,2004051903,60.0,70.0,980.0,7089,2004-05-19 03:00:00
WPAC,200406W,134.0,10.9,2004051906,60.0,70.0,980.0,7090,2004-05-19 06:00:00
WPAC,200406W,133.6,11.2,2004051909,60.0,65.0,980.0,7091,2004-05-19 09:00:00
WPAC,200406W,133.0,12.4,2004052000,60.0,60.0,980.0,7092,2004-05-20 00:00:00
WPAC,200406W,133.3,12.9,2004052003,58.0,57.5,980.0,7093,2004-05-20 03:00:00
WPAC,200406W,133.6,13.4,2004052006,55.0,55.0,980.0,7094,2004-05-20 06:00:00
WPAC,200406W,134.3,16.0,2004052021,38.0,20.0,996.0,7095,2004-05-20 21:00:00
WPAC,200406W,134.5,16.4,2004052100,35.0,0.0,997.0,7096,2004-05-21 00:00:00
WPAC,200406W,134.7,16.8,2004052103,35.0,0.0,997.0,7097,2004-05-21 03:00:00
WPAC,200406W,135.6,19.3,2004052121,33.0,16.9,999.0,7098,2004-05-21 21:00:00
WPAC,200406W,135.8,19.9,2004052200,30.0,0.0,1000.0,7099,2004-05-22 00:00:00
EPAC,200407E,-133.3,11.8,2004081915,30.0,0.0,1008.0,4114,2004-08-19 15:00:00
EPAC,200407E,-134.0,12.0,2004081918,30.0,0.0,1008.0,4115,2004-08-19 18:00:00
EPAC,200407E,-134.5,12.4,2004081921,30.0,0.0,1008.0,4116,2004-08-19 21:00:00
EPAC,200407E,-135.0,12.9,2004082000,30.0,0.0,1007.0,4117,2004-08-20 00:00:00
EPAC,200407E,-135.7,13.3,2004082003,33.0,31.3,1007.0,4118,2004-08-20 03:00:00
EPAC,200407E,-137.8,13.9,2004082015,40.0,62.5,1003.0,4119,2004-08-20 15:00:00
EPAC,200407E,-138.3,14.0,2004082018,45.0,62.5,1000.0,4120,2004-08-20 18:00:00
EPAC,200407E,-138.8,14.2,2004082021,50.0,81.3,997.0,4121,2004-08-20 21:00:00
EPAC,200407E,-139.3,14.3,2004082100,55.0,100.0,994.0,4122,2004-08-21 00:00:00
EPAC,200407E,-139.7,14.4,2004082103,55.0,100.0,993.0,4123,2004-08-21 03:00:00
EPAC,200407E,-141.0,15.2,2004082115,60.0,102.5,990.0,4124,2004-08-21 15:00:00
EPAC,200407E,-141.2,15.4,2004082118,60.0,102.5,990.0,4125,2004-08-21 18:00:00
EPAC,200407E,-141.4,15.6,2004082121,58.0,97.5,993.0,4126,2004-08-21 21:00:00
EPAC,200407E,-141.6,15.8,2004082200,55.0,92.5,995.0,4127,2004-08-22 00:00:00
EPAC,200407E,-141.8,15.9,2004082203,53.0,96.3,996.0,4128,2004-08-22 03:00:00
EPAC,200407E,-142.6,16.1,2004082215,35.0,75.0,998.0,4129,2004-08-22 15:00:00
EPAC,200407E,-142.8,16.2,2004082218,35.0,75.0,998.0,4130,2004-08-22 18:00:00
EPAC,200407E,-143.1,16.3,2004082221,33.0,37.5,998.0,4131,2004-08-22 21:00:00
EPAC,200407E,-143.4,16.4,2004082300,30.0,0.0,998.0,4132,2004-08-23 00:00:00
EPAC,200407E,-143.8,16.4,2004082303,30.0,0.0,1000.0,4133,2004-08-23 03:00:00
EPAC,200407E,-145.9,16.2,2004082318,30.0,0.0,1008.0,4134,2004-08-23 18:00:00
EPAC,200407E,-146.4,16.1,2004082321,28.0,0.0,1009.0,4135,2004-08-23 21:00:00
EPAC,200407E,-147.0,16.0,2004082400,25.0,0.0,1010.0,4136,2004-08-24 00:00:00
EPAC,200407E,-147.6,15.9,2004082403,25.0,0.0,1011.0,4137,2004-08-24 03:00:00
EPAC,200407E,-150.5,15.0,2004082418,20.0,0.0,1012.0,4138,2004-08-24 18:00:00
EPAC,200407E,-151.0,14.8,2004082421,20.0,0.0,1012.0,4139,2004-08-24 21:00:00
EPAC,200407E,-151.5,14.5,2004082500,20.0,0.0,1012.0,4140,2004-08-25 00:00:00
EPAC,200407E,-152.0,14.4,2004082503,20.0,0.0,1012.0,4141,2004-08-25 03:00:00
EPAC,200407E,-154.0,14.0,2004082518,20.0,0.0,1012.0,4142,2004-08-25 18:00:00
ATLN,200407L,-78.1,31.8,2004082712,25.0,0.0,1015.0,812,2004-08-27 12:00:00
ATLN,200407L,-78.0,31.7,2004082715,25.0,0.0,1015.0,813,2004-08-27 15:00:00
ATLN,200407L,-78.0,31.6,2004082718,25.0,0.0,1014.0,814,2004-08-27 18:00:00
ATLN,200407L,-78.0,31.5,2004082721,28.0,0.0,1013.0,815,2004-08-27 21:00:00
ATLN,200407L,-78.5,31.3,2004082812,45.0,25.0,1000.0,816,2004-08-28 12:00:00
ATLN,200407L,-78.7,31.3,2004082815,48.0,41.3,999.0,817,2004-08-28 15:00:00
ATLN,200407L,-78.8,31.3,2004082818,50.0,57.5,997.0,818,2004-08-28 18:00:00
ATLN,200407L,-78.9,31.4,2004082821,53.0,53.8,996.0,819,2004-08-28 21:00:00
ATLN,200407L,-79.5,32.8,2004082912,65.0,40.0,986.0,820,2004-08-29 12:00:00
ATLN,200407L,-79.5,33.1,2004082915,55.0,27.5,989.0,821,2004-08-29 15:00:00
ATLN,200407L,-79.6,33.5,2004082918,45.0,15.0,992.0,822,2004-08-29 18:00:00
ATLN,200407L,-79.5,33.9,2004082921,38.0,7.5,994.0,823,2004-08-29 21:00:00
ATLN,200407L,-78.3,36.0,2004083015,28.0,0.0,1001.0,824,2004-08-30 15:00:00
ATLN,200407L,-77.8,36.4,2004083018,30.0,0.0,1002.0,825,2004-08-30 18:00:00
ATLN,200407L,-77.2,36.8,2004083021,33.0,5.6,1002.0,826,2004-08-30 21:00:00
ATLN,200407L,-72.9,39.1,2004083112,35.0,11.3,1001.0,827,2004-08-31 12:00:00
ATLN,200407L,-71.7,39.7,2004083115,35.0,31.9,1000.0,828,2004-08-31 15:00:00
ATLN,200407L,-70.5,40.2,2004083118,35.0,52.5,999.0,829,2004-08-31 18:00:00
ATLN,200407L,-69.0,40.6,2004083121,38.0,60.0,999.0,830,2004-08-31 21:00:00
ATLN,200407L,-59.6,43.0,2004090112,45.0,75.0,999.0,831,2004-09-01 12:00:00
ATLN,200407L,-57.3,44.0,2004090115,45.0,108.8,999.0,832,2004-09-01 15:00:00
ATLN,200407L,-55.0,45.0,2004090118,45.0,142.5,998.0,833,2004-09-01 18:00:00
ATLN,200407L,-41.0,49.3,2004090209,45.0,120.0,995.0,834,2004-09-02 09:00:00
WPAC,200407W,116.3,15.1,2004060500,30.0,0.0,1000.0,7100,2004-06-05 00:00:00
WPAC,200407W,116.3,15.0,2004060503,30.0,0.0,1000.0,7101,2004-06-05 03:00:00
WPAC,200407W,116.4,14.9,2004060506,30.0,0.0,1000.0,7102,2004-06-05 06:00:00
WPAC,200407W,116.6,14.9,2004060509,33.0,0.0,999.0,7103,2004-06-05 09:00:00
WPAC,200407W,117.9,15.3,2004060600,45.0,45.0,997.0,7104,2004-06-06 00:00:00
WPAC,200407W,118.1,15.4,2004060603,45.0,45.0,994.0,7105,2004-06-06 03:00:00
WPAC,200407W,118.3,15.6,2004060606,45.0,45.0,991.0,7106,2004-06-06 06:00:00
WPAC,200407W,118.4,15.8,2004060609,45.0,45.0,991.0,7107,2004-06-06 09:00:00
WPAC,200407W,118.9,16.6,2004060700,50.0,60.0,987.0,7108,2004-06-07 00:00:00
WPAC,200407W,119.0,16.8,2004060703,53.0,62.5,986.0,7109,2004-06-07 03:00:00
WPAC,200407W,119.0,16.9,2004060706,55.0,65.0,984.0,7110,2004-06-07 06:00:00
WPAC,200407W,119.1,17.1,2004060709,58.0,67.5,982.0,7111,2004-06-07 09:00:00
WPAC,200407W,119.4,18.7,2004060800,65.0,70.0,976.0,7112,2004-06-08 00:00:00
WPAC,200407W,119.6,19.0,2004060803,70.0,71.2,972.0,7113,2004-06-08 03:00:00
WPAC,200407W,119.7,19.3,2004060806,75.0,72.5,967.0,7114,2004-06-08 06:00:00
WPAC,200407W,119.9,19.6,2004060809,80.0,72.5,963.0,7115,2004-06-08 09:00:00
WPAC,200407W,121.4,21.1,2004060900,90.0,72.5,954.0,7116,2004-06-09 00:00:00
WPAC,200407W,122.0,21.7,2004060903,90.0,72.5,954.0,7117,2004-06-09 03:00:00
WPAC,200407W,122.5,22.3,2004060906,90.0,72.5,954.0,7118,2004-06-09 06:00:00
WPAC,200407W,123.1,22.9,2004060909,95.0,75.0,949.0,7119,2004-06-09 09:00:00
WPAC,200407W,126.2,25.9,2004061000,100.0,75.0,944.0,7120,2004-06-10 00:00:00
WPAC,200407W,126.8,26.5,2004061003,93.0,75.0,951.0,7121,2004-06-10 03:00:00
WPAC,200407W,127.5,27.1,2004061006,85.0,75.0,958.0,7122,2004-06-10 06:00:00
WPAC,200407W,128.3,27.7,2004061009,83.0,68.8,961.0,7123,2004-06-10 09:00:00
WPAC,200407W,131.4,30.4,2004061021,60.0,60.0,980.0,7124,2004-06-10 21:00:00
WPAC,200407W,132.2,31.1,2004061100,55.0,57.5,984.0,7125,2004-06-11 00:00:00
WPAC,200407W,133.1,32.0,2004061103,50.0,57.5,988.0,7126,2004-06-11 03:00:00
EPAC,200408E,-111.7,17.6,2004082315,55.0,60.0,997.0,4143,2004-08-23 15:00:00
EPAC,200408E,-112.2,18.0,2004082318,65.0,60.0,990.0,4144,2004-08-23 18:00:00
EPAC,200408E,-112.6,18.4,2004082321,65.0,60.0,989.0,4145,2004-08-23 21:00:00
EPAC,200408E,-113.0,18.8,2004082400,65.0,60.0,987.0,4146,2004-08-24 00:00:00
EPAC,200408E,-114.7,20.5,2004082415,73.0,75.0,981.0,4147,2004-08-24 15:00:00
EPAC,200408E,-115.0,20.8,2004082418,70.0,75.0,983.0,4148,2004-08-24 18:00:00
EPAC,200408E,-115.3,21.1,2004082421,68.0,75.0,985.0,4149,2004-08-24 21:00:00
EPAC,200408E,-115.6,21.3,2004082500,65.0,75.0,987.0,4150,2004-08-25 00:00:00
EPAC,200408E,-117.3,21.9,2004082515,43.0,65.0,1001.0,4151,2004-08-25 15:00:00
EPAC,200408E,-117.6,22.0,2004082518,40.0,60.0,1002.0,4152,2004-08-25 18:00:00
EPAC,200408E,-117.9,22.1,2004082521,35.0,30.0,1004.0,4153,2004-08-25 21:00:00
EPAC,200408E,-118.3,22.1,2004082600,30.0,0.0,1006.0,4154,2004-08-26 00:00:00
EPAC,200408E,-119.8,22.6,2004082615,25.0,0.0,1007.0,4155,2004-08-26 15:00:00
EPAC,200408E,-120.0,22.5,2004082618,25.0,0.0,1007.0,4156,2004-08-26 18:00:00
EPAC,200408E,-120.3,22.4,2004082621,25.0,0.0,1007.0,4157,2004-08-26 21:00:00
EPAC,200408E,-120.5,22.3,2004082700,25.0,0.0,1007.0,4158,2004-08-27 00:00:00
ATLN,200408L,-65.2,29.0,2004082718,25.0,0.0,1016.0,835,2004-08-27 18:00:00
ATLN,200408L,-66.6,29.2,2004082812,30.0,0.0,1015.0,836,2004-08-28 12:00:00
ATLN,200408L,-66.9,29.4,2004082815,30.0,0.0,1015.0,837,2004-08-28 15:00:00
ATLN,200408L,-67.2,29.7,2004082818,30.0,0.0,1015.0,838,2004-08-28 18:00:00
ATLN,200408L,-67.8,29.9,2004082821,30.0,0.0,1015.0,839,2004-08-28 21:00:00
ATLN,200408L,-69.8,31.1,2004082912,35.0,31.3,1012.0,840,2004-08-29 12:00:00
ATLN,200408L,-70.2,31.5,2004082915,38.0,31.3,1009.0,841,2004-08-29 15:00:00
ATLN,200408L,-70.5,31.8,2004082918,40.0,31.3,1005.0,842,2004-08-29 18:00:00
ATLN,200408L,-70.8,32.2,2004082921,40.0,40.6,1005.0,843,2004-08-29 21:00:00
ATLN,200408L,-71.5,36.7,2004083015,45.0,34.4,1008.0,844,2004-08-30 15:00:00
ATLN,200408L,-71.4,37.6,2004083018,45.0,31.3,1008.0,845,2004-08-30 18:00:00
ATLN,200408L,-71.3,38.8,2004083021,40.0,20.6,1010.0,846,2004-08-30 21:00:00
ATLN,200408L,-70.5,43.1,2004083112,25.0,0.0,1014.0,847,2004-08-31 12:00:00
WPAC,200408W,140.9,6.5,2004060521,20.0,0.0,1004.0,7127,2004-06-05 21:00:00
WPAC,200408W,140.7,6.4,2004060600,20.0,0.0,1004.0,7128,2004-06-06 00:00:00
WPAC,200408W,140.4,6.5,2004060603,20.0,0.0,1004.0,7129,2004-06-06 03:00:00
WPAC,200408W,140.2,6.5,2004060606,20.0,0.0,1004.0,7130,2004-06-06 06:00:00
WPAC,200408W,139.9,6.5,2004060609,20.0,0.0,1004.0,7131,2004-06-06 09:00:00
WPAC,200408W,138.1,7.1,2004060621,20.0,0.0,1004.0,7132,2004-06-06 21:00:00
WPAC,200408W,137.6,7.3,2004060700,20.0,0.0,1004.0,7133,2004-06-07 00:00:00
WPAC,200408W,136.8,7.4,2004060703,20.0,0.0,1004.0,7134,2004-06-07 03:00:00
WPAC,200408W,136.0,7.6,2004060706,20.0,0.0,1004.0,7135,2004-06-07 06:00:00
WPAC,200408W,135.2,7.8,2004060709,20.0,0.0,1004.0,7136,2004-06-07 09:00:00
WPAC,200408W,130.6,9.0,2004060800,20.0,0.0,1004.0,7137,2004-06-08 00:00:00
WPAC,200408W,129.7,9.1,2004060803,20.0,0.0,1004.0,7138,2004-06-08 03:00:00
WPAC,200408W,128.8,9.1,2004060806,20.0,0.0,1004.0,7139,2004-06-08 06:00:00
WPAC,200408W,128.1,9.1,2004060809,25.0,0.0,1002.0,7140,2004-06-08 09:00:00
WPAC,200408W,125.4,10.6,2004060900,35.0,50.0,997.0,7141,2004-06-09 00:00:00
WPAC,200408W,124.8,10.8,2004060903,35.0,50.0,997.0,7142,2004-06-09 03:00:00
WPAC,200408W,124.1,10.9,2004060906,35.0,50.0,997.0,7143,2004-06-09 06:00:00
WPAC,200408W,123.4,10.9,2004060909,38.0,52.5,996.0,7144,2004-06-09 09:00:00
WPAC,200408W,120.2,11.4,2004061000,45.0,60.0,991.0,7145,2004-06-10 00:00:00
WPAC,200408W,119.7,11.5,2004061003,45.0,60.0,991.0,7146,2004-06-10 03:00:00
WPAC,200408W,119.1,11.6,2004061006,45.0,60.0,991.0,7147,2004-06-10 06:00:00
WPAC,200408W,118.7,11.8,2004061009,45.0,60.0,991.0,7148,2004-06-10 09:00:00
WPAC,200408W,116.2,12.7,2004061100,45.0,60.0,991.0,7149,2004-06-11 00:00:00
WPAC,200408W,115.7,12.9,2004061103,48.0,63.8,989.0,7150,2004-06-11 03:00:00
WPAC,200408W,115.2,13.1,2004061106,50.0,67.5,987.0,7151,2004-06-11 06:00:00
WPAC,200408W,114.7,13.2,2004061109,53.0,68.8,986.0,7152,2004-06-11 09:00:00
WPAC,200408W,111.6,13.9,2004061200,65.0,72.5,976.0,7153,2004-06-12 00:00:00
WPAC,200408W,110.9,13.9,2004061203,70.0,72.5,972.0,7154,2004-06-12 03:00:00
WPAC,200408W,110.2,14.0,2004061206,75.0,72.5,967.0,7155,2004-06-12 06:00:00
WPAC,200408W,109.5,13.9,2004061209,70.0,70.0,972.0,7156,2004-06-12 09:00:00
WPAC,200408W,106.1,14.0,2004061300,35.0,67.5,997.0,7157,2004-06-13 00:00:00
EPAC,200409E,-123.6,17.3,2004082318,25.0,0.0,1008.0,4159,2004-08-23 18:00:00
EPAC,200409E,-123.7,17.6,2004082321,28.0,0.0,1007.0,4160,2004-08-23 21:00:00
EPAC,200409E,-123.7,17.8,2004082400,30.0,0.0,1006.0,4161,2004-08-24 00:00:00
EPAC,200409E,-124.5,18.5,2004082415,30.0,0.0,1005.0,4162,2004-08-24 15:00:00
EPAC,200409E,-124.8,18.6,2004082418,30.0,0.0,1005.0,4163,2004-08-24 18:00:00
EPAC,200409E,-125.1,18.8,2004082421,30.0,0.0,1005.0,4164,2004-08-24 21:00:00
EPAC,200409E,-125.4,18.9,2004082500,30.0,0.0,1005.0,4165,2004-08-25 00:00:00
EPAC,200409E,-127.3,19.5,2004082515,25.0,0.0,1008.0,4166,2004-08-25 15:00:00
EPAC,200409E,-127.7,19.7,2004082518,25.0,0.0,1009.0,4167,2004-08-25 18:00:00
EPAC,200409E,-128.2,19.8,2004082521,25.0,0.0,1009.0,4168,2004-08-25 21:00:00
EPAC,200409E,-128.7,19.9,2004082600,25.0,0.0,1009.0,4169,2004-08-26 00:00:00
EPAC,200409E,-131.4,19.9,2004082615,25.0,0.0,1009.0,4170,2004-08-26 15:00:00
EPAC,200409E,-131.9,19.9,2004082618,25.0,0.0,1009.0,4171,2004-08-26 18:00:00
EPAC,200409E,-132.6,19.9,2004082621,23.0,0.0,1009.0,4172,2004-08-26 21:00:00
EPAC,200409E,-133.2,19.8,2004082700,20.0,0.0,1009.0,4173,2004-08-27 00:00:00
EPAC,200409E,-133.6,19.8,2004082703,20.0,0.0,1009.0,4174,2004-08-27 03:00:00
EPAC,200409E,-135.5,19.3,2004082715,20.0,0.0,1010.0,4175,2004-08-27 15:00:00
EPAC,200409E,-136.0,19.0,2004082718,20.0,0.0,1010.0,4176,2004-08-27 18:00:00
EPAC,200409E,-136.5,18.8,2004082721,20.0,0.0,1010.0,4177,2004-08-27 21:00:00
EPAC,200409E,-137.0,18.5,2004082800,20.0,0.0,1010.0,4178,2004-08-28 00:00:00
EPAC,200409E,-137.8,18.3,2004082803,20.0,0.0,1010.0,4179,2004-08-28 03:00:00
ATLN,200409L,-27.6,9.7,2004090218,25.0,0.0,1009.0,848,2004-09-02 18:00:00
ATLN,200409L,-31.2,9.6,2004090309,38.0,25.0,1004.0,849,2004-09-03 09:00:00
ATLN,200409L,-32.1,9.5,2004090312,40.0,25.0,1003.0,850,2004-09-03 12:00:00
ATLN,200409L,-32.9,9.4,2004090315,42.0,58.8,1002.0,851,2004-09-03 15:00:00
ATLN,200409L,-33.6,9.3,2004090318,45.0,92.5,1000.0,852,2004-09-03 18:00:00
ATLN,200409L,-37.4,8.9,2004090409,50.0,80.0,997.0,853,2004-09-04 09:00:00
ATLN,200409L,-38.2,8.9,2004090412,50.0,80.0,997.0,854,2004-09-04 12:00:00
ATLN,200409L,-39.0,8.9,2004090415,52.0,75.0,996.0,855,2004-09-04 15:00:00
ATLN,200409L,-39.9,9.0,2004090418,55.0,70.0,994.0,856,2004-09-04 18:00:00
ATLN,200409L,-44.2,9.7,2004090509,75.0,92.5,982.0,857,2004-09-05 09:00:00
ATLN,200409L,-45.1,9.8,2004090512,85.0,95.0,977.0,858,2004-09-05 12:00:00
ATLN,200409L,-46.0,10.0,2004090515,98.0,97.5,966.0,859,2004-09-05 15:00:00
ATLN,200409L,-46.8,10.2,2004090518,110.0,100.0,955.0,860,2004-09-05 18:00:00
ATLN,200409L,-47.6,10.4,2004090521,112.0,105.0,952.0,861,2004-09-05 21:00:00
ATLN,200409L,-52.5,11.0,2004090612,110.0,115.0,955.0,862,2004-09-06 12:00:00
ATLN,200409L,-53.5,11.2,2004090615,100.0,100.0,962.0,863,2004-09-06 15:00:00
ATLN,200409L,-54.4,11.3,2004090618,90.0,85.0,969.0,864,2004-09-06 18:00:00
ATLN,200409L,-55.2,11.2,2004090621,90.0,90.0,966.0,865,2004-09-06 21:00:00
ATLN,200409L,-59.4,11.6,2004090712,100.0,100.0,963.0,866,2004-09-07 12:00:00
ATLN,200409L,-60.2,11.7,2004090715,102.0,104.4,960.0,867,2004-09-07 15:00:00
ATLN,200409L,-61.1,11.8,2004090718,105.0,108.8,956.0,868,2004-09-07 18:00:00
ATLN,200409L,-61.9,11.9,2004090721,110.0,111.2,953.0,869,2004-09-07 21:00:00
ATLN,200409L,-62.6,12.0,2004090800,115.0,113.8,950.0,870,2004-09-08 00:00:00
ATLN,200409L,-65.5,12.6,2004090812,120.0,113.8,955.0,871,2004-09-08 12:00:00
ATLN,200409L,-66.2,12.8,2004090815,120.0,113.8,952.0,872,2004-09-08 15:00:00
ATLN,200409L,-67.0,13.0,2004090818,120.0,113.8,950.0,873,2004-09-08 18:00:00
ATLN,200409L,-71.3,14.4,2004090915,135.0,113.1,920.0,874,2004-09-09 15:00:00
ATLN,200409L,-71.9,14.7,2004090918,130.0,106.2,921.0,875,2004-09-09 18:00:00
ATLN,200409L,-72.3,14.9,2004090921,130.0,113.1,922.0,876,2004-09-09 21:00:00
ATLN,200409L,-75.2,16.5,2004091015,122.0,120.0,937.0,877,2004-09-10 15:00:00
ATLN,200409L,-75.8,16.8,2004091018,120.0,120.0,940.0,878,2004-09-10 18:00:00
ATLN,200409L,-76.2,17.1,2004091021,128.0,120.0,933.0,879,2004-09-10 21:00:00
ATLN,200409L,-78.4,17.7,2004091112,125.0,125.0,925.0,880,2004-09-11 12:00:00
ATLN,200409L,-78.7,17.9,2004091115,135.0,125.0,922.0,881,2004-09-11 15:00:00
ATLN,200409L,-79.0,18.0,2004091118,145.0,125.0,920.0,882,2004-09-11 18:00:00
ATLN,200409L,-79.3,18.1,2004091121,145.0,125.0,915.0,883,2004-09-11 21:00:00
ATLN,200409L,-81.2,18.8,2004091212,135.0,130.0,919.0,884,2004-09-12 12:00:00
ATLN,200409L,-81.7,19.0,2004091215,132.0,130.0,920.0,885,2004-09-12 15:00:00
ATLN,200409L,-82.1,19.1,2004091218,130.0,130.0,920.0,886,2004-09-12 18:00:00
ATLN,200409L,-82.4,19.3,2004091221,135.0,140.0,918.0,887,2004-09-12 21:00:00
ATLN,200409L,-84.1,20.4,2004091312,140.0,145.0,915.0,888,2004-09-13 12:00:00
ATLN,200409L,-84.4,20.6,2004091315,140.0,154.4,914.0,889,2004-09-13 15:00:00
ATLN,200409L,-84.7,20.9,2004091318,140.0,163.8,912.0,890,2004-09-13 18:00:00
ATLN,200409L,-84.9,21.2,2004091321,140.0,160.0,913.0,891,2004-09-13 21:00:00
ATLN,200409L,-86.2,23.4,2004091415,122.0,187.5,930.0,892,2004-09-14 15:00:00
ATLN,200409L,-86.5,23.7,2004091418,120.0,187.5,931.0,893,2004-09-14 18:00:00
ATLN,200409L,-86.8,24.2,2004091421,120.0,187.5,930.0,894,2004-09-14 21:00:00
ATLN,200409L,-87.9,26.7,2004091512,115.0,200.0,939.0,895,2004-09-15 12:00:00
ATLN,200409L,-88.1,27.3,2004091515,115.0,193.8,938.0,896,2004-09-15 15:00:00
ATLN,200409L,-88.2,27.9,2004091518,115.0,187.5,937.0,897,2004-09-15 18:00:00
ATLN,200409L,-88.2,28.4,2004091521,112.0,187.5,934.0,898,2004-09-15 21:00:00
ATLN,200409L,-87.7,31.4,2004091612,70.0,137.5,965.0,899,2004-09-16 12:00:00
ATLN,200409L,-87.6,31.9,2004091615,60.0,93.8,970.0,900,2004-09-16 15:00:00
ATLN,200409L,-87.4,32.5,2004091618,50.0,50.0,975.0,901,2004-09-16 18:00:00
ATLN,200409L,-87.0,33.1,2004091621,40.0,25.0,980.0,902,2004-09-16 21:00:00
ATLN,200409L,-84.0,35.4,2004091712,20.0,0.0,994.0,903,2004-09-17 12:00:00
ATLN,200409L,-83.2,35.8,2004091715,20.0,0.0,995.0,904,2004-09-17 15:00:00
ATLN,200409L,-82.3,36.2,2004091718,20.0,0.0,996.0,905,2004-09-17 18:00:00
ATLN,200409L,-77.6,38.0,2004091809,15.0,0.0,999.0,906,2004-09-18 09:00:00
ATLN,200409L,-76.7,38.4,2004091812,15.0,0.0,1000.0,907,2004-09-18 12:00:00
ATLN,200409L,-76.1,38.2,2004091815,20.0,0.0,1001.0,908,2004-09-18 15:00:00
ATLN,200409L,-75.5,38.0,2004091818,25.0,0.0,1002.0,909,2004-09-18 18:00:00
ATLN,200409L,-74.8,37.8,2004091821,30.0,7.5,1002.0,910,2004-09-18 21:00:00
ATLN,200409L,-74.0,37.5,2004091900,35.0,15.0,1003.0,911,2004-09-19 00:00:00
ATLN,200409L,-74.2,35.2,2004091909,35.0,18.8,1006.0,912,2004-09-19 09:00:00
ATLN,200409L,-74.5,34.5,2004091912,35.0,18.8,1008.0,913,2004-09-19 12:00:00
ATLN,200409L,-75.2,33.6,2004091915,35.0,18.8,1008.0,914,2004-09-19 15:00:00
ATLN,200409L,-75.8,32.8,2004091918,35.0,18.8,1008.0,915,2004-09-19 18:00:00
ATLN,200409L,-76.7,31.9,2004091921,35.0,18.8,1008.0,916,2004-09-19 21:00:00
ATLN,200409L,-77.5,31.0,2004092000,35.0,18.8,1008.0,917,2004-09-20 00:00:00
ATLN,200409L,-78.7,27.5,2004092012,30.0,0.0,1009.0,918,2004-09-20 12:00:00
ATLN,200409L,-78.9,26.9,2004092015,28.0,0.0,1009.0,919,2004-09-20 15:00:00
ATLN,200409L,-79.1,26.4,2004092018,25.0,0.0,1009.0,920,2004-09-20 18:00:00
ATLN,200409L,-79.4,26.2,2004092021,25.0,0.0,1009.0,921,2004-09-20 21:00:00
ATLN,200409L,-82.2,25.5,2004092115,25.0,0.0,1010.0,922,2004-09-21 15:00:00
ATLN,200409L,-82.8,25.2,2004092118,25.0,0.0,1010.0,923,2004-09-21 18:00:00
ATLN,200409L,-83.4,25.0,2004092121,25.0,0.0,1010.0,924,2004-09-21 21:00:00
ATLN,200409L,-87.3,26.0,2004092212,25.0,0.0,1010.0,925,2004-09-22 12:00:00
ATLN,200409L,-87.9,26.2,2004092215,28.0,0.0,1009.0,926,2004-09-22 15:00:00
ATLN,200409L,-88.6,26.5,2004092218,30.0,0.0,1008.0,927,2004-09-22 18:00:00
ATLN,200409L,-89.0,26.8,2004092221,32.0,13.1,1008.0,928,2004-09-22 21:00:00
ATLN,200409L,-89.5,27.1,2004092300,35.0,26.2,1007.0,929,2004-09-23 00:00:00
ATLN,200409L,-92.5,29.0,2004092315,45.0,42.5,1000.0,930,2004-09-23 15:00:00
ATLN,200409L,-92.7,29.2,2004092318,40.0,40.0,1003.0,931,2004-09-23 18:00:00
ATLN,200409L,-93.0,29.4,2004092321,35.0,20.0,1003.0,932,2004-09-23 21:00:00
ATLN,200409L,-93.2,29.6,2004092400,30.0,0.0,1003.0,933,2004-09-24 00:00:00
WPAC,200409W,139.3,6.9,2004061200,15.0,0.0,1006.0,7158,2004-06-12 00:00:00
WPAC,200409W,138.9,7.1,2004061203,15.0,0.0,1006.0,7159,2004-06-12 03:00:00
WPAC,200409W,138.5,7.3,2004061206,15.0,0.0,1006.0,7160,2004-06-12 06:00:00
WPAC,200409W,137.2,7.9,2004061221,28.0,0.0,1001.0,7161,2004-06-12 21:00:00
WPAC,200409W,136.9,8.1,2004061300,30.0,0.0,1000.0,7162,2004-06-13 00:00:00
WPAC,200409W,136.7,8.3,2004061303,30.0,0.0,1000.0,7163,2004-06-13 03:00:00
WPAC,200409W,136.4,8.5,2004061306,30.0,0.0,1000.0,7164,2004-06-13 06:00:00
WPAC,200409W,136.2,8.7,2004061309,30.0,0.0,1000.0,7165,2004-06-13 09:00:00
WPAC,200409W,136.4,9.3,2004061321,40.0,40.0,994.0,7166,2004-06-13 21:00:00
WPAC,200409W,136.6,9.4,2004061400,45.0,80.0,991.0,7167,2004-06-14 00:00:00
WPAC,200409W,136.8,9.5,2004061403,50.0,85.0,988.0,7168,2004-06-14 03:00:00
WPAC,200409W,137.4,11.1,2004061421,68.0,102.5,974.0,7169,2004-06-14 21:00:00
WPAC,200409W,137.4,11.4,2004061500,70.0,102.5,972.0,7170,2004-06-15 00:00:00
WPAC,200409W,137.2,11.7,2004061503,80.0,105.0,963.0,7171,2004-06-15 03:00:00
WPAC,200409W,137.0,12.3,2004061509,105.0,126.2,938.0,7172,2004-06-15 09:00:00
WPAC,200409W,136.7,13.9,2004061521,148.0,135.6,889.0,7173,2004-06-15 21:00:00
WPAC,200409W,136.5,14.4,2004061600,150.0,138.8,885.0,7174,2004-06-16 00:00:00
WPAC,200409W,136.0,15.2,2004061606,155.0,142.5,879.0,7175,2004-06-16 06:00:00
WPAC,200409W,135.8,15.6,2004061609,155.0,142.5,879.0,7176,2004-06-16 09:00:00
WPAC,200409W,134.8,16.9,2004061621,153.0,142.5,882.0,7177,2004-06-16 21:00:00
WPAC,200409W,134.6,17.2,2004061700,150.0,142.5,885.0,7178,2004-06-17 00:00:00
WPAC,200409W,134.1,17.3,2004061703,145.0,146.2,892.0,7179,2004-06-17 03:00:00
WPAC,200409W,133.7,17.4,2004061706,140.0,150.0,898.0,7180,2004-06-17 06:00:00
WPAC,200409W,133.2,17.5,2004061709,135.0,155.0,904.0,7181,2004-06-17 09:00:00
WPAC,200409W,131.8,18.4,2004061721,120.0,160.0,922.0,7182,2004-06-17 21:00:00
WPAC,200409W,131.5,18.7,2004061800,120.0,160.0,922.0,7183,2004-06-18 00:00:00
WPAC,200409W,131.2,19.0,2004061803,123.0,158.8,919.0,7184,2004-06-18 03:00:00
WPAC,200409W,130.7,19.8,2004061809,128.0,157.5,913.0,7185,2004-06-18 09:00:00
WPAC,200409W,129.4,22.3,2004061900,120.0,200.0,922.0,7186,2004-06-19 00:00:00
WPAC,200409W,129.2,22.9,2004061903,120.0,197.5,922.0,7187,2004-06-19 03:00:00
WPAC,200409W,129.1,23.4,2004061906,120.0,195.0,922.0,7188,2004-06-19 06:00:00
WPAC,200409W,129.1,23.9,2004061909,118.0,195.0,925.0,7189,2004-06-19 09:00:00
WPAC,200409W,129.6,26.3,2004061921,95.0,172.5,949.0,7190,2004-06-19 21:00:00
WPAC,200409W,130.1,27.5,2004062003,85.0,172.5,959.0,7191,2004-06-20 03:00:00
WPAC,200409W,130.4,28.2,2004062006,80.0,175.0,963.0,7192,2004-06-20 06:00:00
WPAC,200409W,132.9,31.8,2004062021,63.0,95.0,978.0,7193,2004-06-20 21:00:00
WPAC,200409W,133.7,32.8,2004062100,60.0,95.0,980.0,7194,2004-06-21 00:00:00
WPAC,200409W,134.6,34.1,2004062103,55.0,100.0,984.0,7195,2004-06-21 03:00:00
WPAC,200409W,135.6,35.4,2004062106,50.0,105.0,987.0,7196,2004-06-21 06:00:00
WPAC,200409W,137.0,37.0,2004062109,45.0,105.0,991.0,7197,2004-06-21 09:00:00
EPAC,200410E,-106.5,15.1,2004082615,33.0,15.6,1006.0,4180,2004-08-26 15:00:00
EPAC,200410E,-107.0,15.6,2004082618,35.0,31.3,1005.0,4181,2004-08-26 18:00:00
EPAC,200410E,-107.7,16.1,2004082621,38.0,37.5,1004.0,4182,2004-08-26 21:00:00
EPAC,200410E,-108.4,16.5,2004082700,40.0,43.8,1002.0,4183,2004-08-27 00:00:00
EPAC,200410E,-112.1,18.1,2004082715,53.0,65.0,997.0,4184,2004-08-27 15:00:00
EPAC,200410E,-112.8,18.3,2004082718,50.0,65.0,998.0,4185,2004-08-27 18:00:00
EPAC,200410E,-113.5,18.4,2004082721,48.0,63.1,999.0,4186,2004-08-27 21:00:00
EPAC,200410E,-114.2,18.5,2004082800,45.0,61.3,1000.0,4187,2004-08-28 00:00:00
EPAC,200410E,-117.1,18.8,2004082815,48.0,65.6,999.0,4188,2004-08-28 15:00:00
EPAC,200410E,-117.5,18.8,2004082818,50.0,67.5,998.0,4189,2004-08-28 18:00:00
EPAC,200410E,-118.0,18.9,2004082821,50.0,67.5,998.0,4190,2004-08-28 21:00:00
EPAC,200410E,-118.5,19.0,2004082900,50.0,67.5,997.0,4191,2004-08-29 00:00:00
EPAC,200410E,-120.8,19.4,2004082915,45.0,63.8,1001.0,4192,2004-08-29 15:00:00
EPAC,200410E,-121.3,19.5,2004082918,45.0,60.0,1001.0,4193,2004-08-29 18:00:00
EPAC,200410E,-121.8,19.6,2004082921,40.0,55.0,1003.0,4194,2004-08-29 21:00:00
EPAC,200410E,-122.4,19.7,2004083000,35.0,50.0,1004.0,4195,2004-08-30 00:00:00
EPAC,200410E,-125.0,20.2,2004083015,23.0,0.0,1008.0,4196,2004-08-30 15:00:00
EPAC,200410E,-125.6,20.3,2004083018,20.0,0.0,1008.0,4197,2004-08-30 18:00:00
EPAC,200410E,-126.3,20.4,2004083021,20.0,0.0,1009.0,4198,2004-08-30 21:00:00
EPAC,200410E,-127.0,20.5,2004083100,20.0,0.0,1009.0,4199,2004-08-31 00:00:00
EPAC,200410E,-130.8,21.1,2004083115,20.0,0.0,1010.0,4200,2004-08-31 15:00:00
EPAC,200410E,-131.5,21.1,2004083118,20.0,0.0,1010.0,4201,2004-08-31 18:00:00
EPAC,200410E,-132.3,21.1,2004083121,20.0,0.0,1010.0,4202,2004-08-31 21:00:00
EPAC,200410E,-133.0,21.2,2004090100,20.0,0.0,1010.0,4203,2004-09-01 00:00:00
EPAC,200410E,-133.5,21.3,2004090103,20.0,0.0,1010.0,4204,2004-09-01 03:00:00
EPAC,200410E,-135.5,21.3,2004090115,20.0,0.0,1010.0,4205,2004-09-01 15:00:00
EPAC,200410E,-136.0,21.3,2004090118,20.0,0.0,1010.0,4206,2004-09-01 18:00:00
EPAC,200410E,-136.6,21.3,2004090121,20.0,0.0,1010.0,4207,2004-09-01 21:00:00
EPAC,200410E,-137.2,21.3,2004090200,20.0,0.0,1010.0,4208,2004-09-02 00:00:00
EPAC,200410E,-137.9,21.4,2004090203,18.0,0.0,1011.0,4209,2004-09-02 03:00:00
EPAC,200410E,-140.9,22.0,2004090215,15.0,0.0,1011.0,4210,2004-09-02 15:00:00
EPAC,200410E,-141.7,22.3,2004090218,15.0,0.0,1011.0,4211,2004-09-02 18:00:00
EPAC,200410E,-142.4,22.6,2004090221,15.0,0.0,1011.0,4212,2004-09-02 21:00:00
EPAC,200410E,-143.1,22.9,2004090300,15.0,0.0,1011.0,4213,2004-09-03 00:00:00
EPAC,200410E,-143.8,23.0,2004090303,15.0,0.0,1012.0,4214,2004-09-03 03:00:00
ATLN,200410L,-39.7,31.5,2004090712,25.0,0.0,1009.0,934,2004-09-07 12:00:00
ATLN,200410L,-39.5,31.6,2004090715,25.0,0.0,1009.0,935,2004-09-07 15:00:00
ATLN,200410L,-39.3,31.7,2004090718,25.0,0.0,1009.0,936,2004-09-07 18:00:00
ATLN,200410L,-38.7,32.0,2004090800,25.0,0.0,1010.0,937,2004-09-08 00:00:00
ATLN,200410L,-37.6,32.5,2004090809,25.0,0.0,1012.0,938,2004-09-08 09:00:00
ATLN,200410L,-37.1,32.8,2004090812,25.0,0.0,1012.0,939,2004-09-08 12:00:00
ATLN,200410L,-36.5,33.3,2004090815,25.0,0.0,1012.0,940,2004-09-08 15:00:00
ATLN,200410L,-36.0,33.8,2004090818,25.0,0.0,1012.0,941,2004-09-08 18:00:00
ATLN,200410L,-34.0,36.4,2004090909,30.0,0.0,1013.0,942,2004-09-09 09:00:00
ATLN,200410L,-33.6,36.5,2004090912,30.0,0.0,1013.0,943,2004-09-09 12:00:00
ATLN,200410L,-33.5,36.2,2004090915,30.0,0.0,1014.0,944,2004-09-09 15:00:00
ATLN,200410L,-33.4,36.0,2004090918,30.0,0.0,1014.0,945,2004-09-09 18:00:00
ATLN,200410L,-30.2,35.4,2004091009,22.0,0.0,1016.0,946,2004-09-10 09:00:00
ATLN,200410L,-29.5,35.3,2004091012,20.0,0.0,1016.0,947,2004-09-10 12:00:00
WPAC,200410W,147.2,13.7,2004062200,15.0,0.0,1006.0,7198,2004-06-22 00:00:00
WPAC,200410W,147.0,14.0,2004062203,15.0,0.0,1006.0,7199,2004-06-22 03:00:00
WPAC,200410W,146.8,14.3,2004062206,15.0,0.0,1006.0,7200,2004-06-22 06:00:00
WPAC,200410W,146.5,14.5,2004062209,15.0,0.0,1006.0,7201,2004-06-22 09:00:00
WPAC,200410W,145.0,15.3,2004062221,18.0,0.0,1005.0,7202,2004-06-22 21:00:00
WPAC,200410W,144.5,15.6,2004062300,20.0,0.0,1004.0,7203,2004-06-23 00:00:00
WPAC,200410W,144.0,15.9,2004062303,23.0,0.0,1003.0,7204,2004-06-23 03:00:00
WPAC,200410W,143.5,16.2,2004062306,25.0,0.0,1002.0,7205,2004-06-23 06:00:00
WPAC,200410W,143.0,16.5,2004062309,30.0,0.0,1000.0,7206,2004-06-23 09:00:00
WPAC,200410W,139.2,16.8,2004062403,48.0,115.0,989.0,7207,2004-06-24 03:00:00
WPAC,200410W,138.5,16.4,2004062406,50.0,115.0,987.0,7208,2004-06-24 06:00:00
WPAC,200410W,137.8,16.1,2004062409,50.0,115.0,987.0,7209,2004-06-24 09:00:00
WPAC,200410W,135.4,15.2,2004062421,53.0,103.8,986.0,7210,2004-06-24 21:00:00
WPAC,200410W,134.9,15.1,2004062500,55.0,90.0,984.0,7211,2004-06-25 00:00:00
WPAC,200410W,134.4,15.1,2004062503,55.0,90.0,984.0,7212,2004-06-25 03:00:00
WPAC,200410W,133.9,15.1,2004062506,55.0,90.0,984.0,7213,2004-06-25 06:00:00
WPAC,200410W,133.5,15.1,2004062509,55.0,90.0,984.0,7214,2004-06-25 09:00:00
WPAC,200410W,131.8,15.0,2004062521,48.0,90.0,989.0,7215,2004-06-25 21:00:00
WPAC,200410W,131.3,15.0,2004062600,45.0,90.0,991.0,7216,2004-06-26 00:00:00
WPAC,200410W,130.9,15.1,2004062603,45.0,90.0,991.0,7217,2004-06-26 03:00:00
WPAC,200410W,130.4,15.1,2004062606,45.0,90.0,991.0,7218,2004-06-26 06:00:00
WPAC,200410W,130.1,15.2,2004062609,48.0,90.0,989.0,7219,2004-06-26 09:00:00
WPAC,200410W,128.5,16.3,2004062700,60.0,90.0,980.0,7220,2004-06-27 00:00:00
WPAC,200410W,128.2,16.6,2004062703,63.0,110.0,978.0,7221,2004-06-27 03:00:00
WPAC,200410W,127.8,16.8,2004062706,65.0,130.0,976.0,7222,2004-06-27 06:00:00
WPAC,200410W,127.4,17.1,2004062709,70.0,140.0,972.0,7223,2004-06-27 09:00:00
WPAC,200410W,126.0,18.1,2004062800,100.0,172.5,944.0,7224,2004-06-28 00:00:00
WPAC,200410W,125.8,18.2,2004062803,108.0,175.0,936.0,7225,2004-06-28 03:00:00
WPAC,200410W,125.5,18.3,2004062806,115.0,177.5,927.0,7226,2004-06-28 06:00:00
WPAC,200410W,125.2,18.4,2004062809,115.0,175.0,927.0,7227,2004-06-28 09:00:00
WPAC,200410W,124.0,18.7,2004062900,125.0,177.5,916.0,7228,2004-06-29 00:00:00
WPAC,200410W,123.8,18.8,2004062903,125.0,170.0,916.0,7229,2004-06-29 03:00:00
WPAC,200410W,123.5,18.8,2004062906,125.0,162.5,916.0,7230,2004-06-29 06:00:00
WPAC,200410W,123.3,18.9,2004062909,125.0,162.5,916.0,7231,2004-06-29 09:00:00
WPAC,200410W,122.3,19.1,2004063000,110.0,135.0,933.0,7232,2004-06-30 00:00:00
WPAC,200410W,122.1,19.2,2004063003,108.0,135.0,936.0,7233,2004-06-30 03:00:00
WPAC,200410W,121.9,19.3,2004063006,105.0,135.0,938.0,7234,2004-06-30 06:00:00
WPAC,200410W,122.0,19.6,2004063009,98.0,135.0,946.0,7235,2004-06-30 09:00:00
WPAC,200410W,121.8,21.6,2004070100,75.0,136.2,967.0,7236,2004-07-01 00:00:00
WPAC,200410W,121.8,22.0,2004070103,70.0,126.9,972.0,7237,2004-07-01 03:00:00
WPAC,200410W,121.7,22.4,2004070106,65.0,117.5,976.0,7238,2004-07-01 06:00:00
WPAC,200410W,121.8,22.9,2004070109,65.0,117.5,976.0,7239,2004-07-01 09:00:00
WPAC,200410W,121.5,24.8,2004070200,45.0,81.2,991.0,7240,2004-07-02 00:00:00
WPAC,200410W,121.2,25.0,2004070203,45.0,73.1,991.0,7241,2004-07-02 03:00:00
WPAC,200410W,121.0,25.2,2004070206,45.0,65.0,991.0,7242,2004-07-02 06:00:00
WPAC,200410W,121.0,25.6,2004070209,43.0,65.0,993.0,7243,2004-07-02 09:00:00
WPAC,200410W,121.3,27.9,2004070300,35.0,61.2,997.0,7244,2004-07-03 00:00:00
WPAC,200410W,121.6,28.3,2004070303,35.0,61.2,997.0,7245,2004-07-03 03:00:00
WPAC,200410W,121.9,28.7,2004070306,35.0,61.2,997.0,7246,2004-07-03 06:00:00
WPAC,200410W,122.1,29.5,2004070309,35.0,61.2,997.0,7247,2004-07-03 09:00:00
WPAC,200410W,124.5,33.5,2004070400,30.0,0.0,1000.0,7248,2004-07-04 00:00:00
WPAC,200410W,124.8,34.2,2004070403,28.0,0.0,1001.0,7249,2004-07-04 03:00:00
WPAC,200410W,125.2,34.9,2004070406,25.0,0.0,1002.0,7250,2004-07-04 06:00:00
EPAC,200411E,-103.4,12.3,2004083015,28.0,0.0,1008.0,4215,2004-08-30 15:00:00
EPAC,200411E,-103.7,12.7,2004083018,30.0,0.0,1007.0,4216,2004-08-30 18:00:00
EPAC,200411E,-104.2,13.0,2004083021,33.0,15.0,1006.0,4217,2004-08-30 21:00:00
EPAC,200411E,-104.6,13.3,2004083100,35.0,30.0,1005.0,4218,2004-08-31 00:00:00
EPAC,200411E,-107.2,14.4,2004083115,48.0,62.5,999.0,4219,2004-08-31 15:00:00
EPAC,200411E,-107.7,14.6,2004083118,50.0,62.5,997.0,4220,2004-08-31 18:00:00
EPAC,200411E,-108.1,14.8,2004083121,53.0,62.5,996.0,4221,2004-08-31 21:00:00
EPAC,200411E,-108.5,15.0,2004090100,55.0,62.5,994.0,4222,2004-09-01 00:00:00
EPAC,200411E,-111.0,16.3,2004090115,73.0,71.3,982.0,4223,2004-09-01 15:00:00
EPAC,200411E,-111.4,16.5,2004090118,75.0,71.3,980.0,4224,2004-09-01 18:00:00
EPAC,200411E,-111.7,16.6,2004090121,78.0,76.9,978.0,4225,2004-09-01 21:00:00
EPAC,200411E,-112.0,16.8,2004090200,80.0,82.5,976.0,4226,2004-09-02 00:00:00
EPAC,200411E,-113.6,18.1,2004090215,120.0,100.6,943.0,4227,2004-09-02 15:00:00
EPAC,200411E,-113.9,18.3,2004090218,120.0,102.5,943.0,4228,2004-09-02 18:00:00
EPAC,200411E,-114.2,18.6,2004090221,118.0,103.8,946.0,4229,2004-09-02 21:00:00
EPAC,200411E,-114.5,18.8,2004090300,115.0,105.0,948.0,4230,2004-09-03 00:00:00
EPAC,200411E,-115.7,20.4,2004090315,85.0,90.0,973.0,4231,2004-09-03 15:00:00
EPAC,200411E,-115.9,20.8,2004090318,80.0,90.0,976.0,4232,2004-09-03 18:00:00
EPAC,200411E,-116.2,21.2,2004090321,75.0,90.0,980.0,4233,2004-09-03 21:00:00
EPAC,200411E,-116.5,21.6,2004090400,70.0,90.0,984.0,4234,2004-09-04 00:00:00
EPAC,200411E,-117.8,23.5,2004090415,55.0,75.0,993.0,4235,2004-09-04 15:00:00
EPAC,200411E,-118.0,23.9,2004090418,50.0,75.0,995.0,4236,2004-09-04 18:00:00
EPAC,200411E,-118.2,24.1,2004090421,45.0,68.8,997.0,4237,2004-09-04 21:00:00
EPAC,200411E,-118.3,24.4,2004090500,40.0,62.5,999.0,4238,2004-09-05 00:00:00
EPAC,200411E,-118.8,25.8,2004090515,28.0,0.0,1003.0,4239,2004-09-05 15:00:00
EPAC,200411E,-118.8,26.0,2004090518,25.0,0.0,1004.0,4240,2004-09-05 18:00:00
EPAC,200411E,-118.9,26.3,2004090521,25.0,0.0,1005.0,4241,2004-09-05 21:00:00
EPAC,200411E,-119.0,26.6,2004090600,25.0,0.0,1005.0,4242,2004-09-06 00:00:00
EPAC,200411E,-119.8,27.5,2004090615,20.0,0.0,1009.0,4243,2004-09-06 15:00:00
EPAC,200411E,-120.1,27.5,2004090618,20.0,0.0,1010.0,4244,2004-09-06 18:00:00
EPAC,200411E,-120.4,27.4,2004090621,20.0,0.0,1010.0,4245,2004-09-06 21:00:00
EPAC,200411E,-120.8,27.3,2004090700,20.0,0.0,1010.0,4246,2004-09-07 00:00:00
EPAC,200411E,-121.8,25.8,2004090715,20.0,0.0,1011.0,4247,2004-09-07 15:00:00
EPAC,200411E,-122.0,25.5,2004090718,20.0,0.0,1011.0,4248,2004-09-07 18:00:00
EPAC,200411E,-122.2,25.2,2004090721,20.0,0.0,1010.0,4249,2004-09-07 21:00:00
EPAC,200411E,-122.4,24.9,2004090800,20.0,0.0,1009.0,4250,2004-09-08 00:00:00
EPAC,200411E,-123.7,23.3,2004090815,20.0,0.0,1009.0,4251,2004-09-08 15:00:00
EPAC,200411E,-124.0,23.0,2004090818,20.0,0.0,1009.0,4252,2004-09-08 18:00:00
EPAC,200411E,-124.3,22.8,2004090821,20.0,0.0,1009.0,4253,2004-09-08 21:00:00
EPAC,200411E,-124.5,22.6,2004090900,20.0,0.0,1009.0,4254,2004-09-09 00:00:00
EPAC,200411E,-126.2,21.5,2004090915,20.0,0.0,1009.0,4255,2004-09-09 15:00:00
EPAC,200411E,-126.5,21.1,2004090918,20.0,0.0,1009.0,4256,2004-09-09 18:00:00
EPAC,200411E,-126.8,20.8,2004090921,20.0,0.0,1010.0,4257,2004-09-09 21:00:00
EPAC,200411E,-127.1,20.4,2004091000,20.0,0.0,1010.0,4258,2004-09-10 00:00:00
ATLN,200411L,-60.0,15.9,2004091318,25.0,0.0,1010.0,948,2004-09-13 18:00:00
ATLN,200411L,-60.4,15.9,2004091321,25.0,0.0,1010.0,949,2004-09-13 21:00:00
ATLN,200411L,-62.6,16.4,2004091412,35.0,18.8,1006.0,950,2004-09-14 12:00:00
ATLN,200411L,-63.0,16.5,2004091415,42.0,26.9,1001.0,951,2004-09-14 15:00:00
ATLN,200411L,-63.5,16.7,2004091418,50.0,35.0,996.0,952,2004-09-14 18:00:00
ATLN,200411L,-63.8,16.9,2004091421,52.0,35.0,996.0,953,2004-09-14 21:00:00
ATLN,200411L,-65.4,17.6,2004091512,60.0,50.0,991.0,954,2004-09-15 12:00:00
ATLN,200411L,-65.8,17.9,2004091515,60.0,55.0,991.0,955,2004-09-15 15:00:00
ATLN,200411L,-66.2,18.1,2004091518,60.0,60.0,991.0,956,2004-09-15 18:00:00
ATLN,200411L,-68.5,18.6,2004091612,70.0,27.5,984.0,957,2004-09-16 12:00:00
ATLN,200411L,-68.8,18.7,2004091615,68.0,40.0,986.0,958,2004-09-16 15:00:00
ATLN,200411L,-69.0,18.8,2004091618,65.0,52.5,988.0,959,2004-09-16 18:00:00
ATLN,200411L,-69.2,19.0,2004091621,62.0,52.5,989.0,960,2004-09-16 21:00:00
ATLN,200411L,-70.7,19.7,2004091712,50.0,100.0,990.0,961,2004-09-17 12:00:00
ATLN,200411L,-71.2,19.9,2004091715,40.0,50.0,996.0,962,2004-09-17 15:00:00
ATLN,200411L,-71.6,20.0,2004091718,30.0,0.0,1002.0,963,2004-09-17 18:00:00
ATLN,200411L,-72.7,20.8,2004091809,45.0,30.0,1000.0,964,2004-09-18 09:00:00
ATLN,200411L,-72.8,21.2,2004091812,45.0,36.2,1000.0,965,2004-09-18 12:00:00
ATLN,200411L,-72.5,21.4,2004091815,42.0,36.9,1002.0,966,2004-09-18 15:00:00
ATLN,200411L,-72.3,21.7,2004091818,40.0,37.5,1005.0,967,2004-09-18 18:00:00
ATLN,200411L,-72.2,21.9,2004091821,40.0,37.5,1004.0,968,2004-09-18 21:00:00
ATLN,200411L,-72.2,22.2,2004091900,40.0,37.5,1002.0,969,2004-09-19 00:00:00
ATLN,200411L,-72.4,23.1,2004091909,40.0,37.5,1001.0,970,2004-09-19 09:00:00
ATLN,200411L,-72.5,23.5,2004091912,40.0,37.5,1000.0,971,2004-09-19 12:00:00
ATLN,200411L,-72.4,23.9,2004091915,42.0,56.2,998.0,972,2004-09-19 15:00:00
ATLN,200411L,-72.3,24.2,2004091918,45.0,75.0,996.0,973,2004-09-19 18:00:00
ATLN,200411L,-72.2,24.5,2004091921,48.0,75.0,995.0,974,2004-09-19 21:00:00
ATLN,200411L,-72.1,24.8,2004092000,50.0,75.0,994.0,975,2004-09-20 00:00:00
ATLN,200411L,-71.7,26.6,2004092012,60.0,82.5,989.0,976,2004-09-20 12:00:00
ATLN,200411L,-71.6,26.9,2004092015,68.0,83.8,986.0,977,2004-09-20 15:00:00
ATLN,200411L,-71.4,27.2,2004092018,75.0,85.0,984.0,978,2004-09-20 18:00:00
ATLN,200411L,-71.1,27.3,2004092021,75.0,87.5,983.0,979,2004-09-20 21:00:00
ATLN,200411L,-69.3,27.5,2004092115,75.0,93.8,972.0,980,2004-09-21 15:00:00
ATLN,200411L,-69.2,27.4,2004092118,75.0,93.8,972.0,981,2004-09-21 18:00:00
ATLN,200411L,-69.1,27.3,2004092121,78.0,93.1,972.0,982,2004-09-21 21:00:00
ATLN,200411L,-68.5,26.5,2004092212,85.0,105.0,968.0,983,2004-09-22 12:00:00
ATLN,200411L,-68.7,26.4,2004092215,85.0,105.0,968.0,984,2004-09-22 15:00:00
ATLN,200411L,-68.8,26.2,2004092218,85.0,105.0,967.0,985,2004-09-22 18:00:00
ATLN,200411L,-68.9,25.9,2004092221,85.0,105.0,966.0,986,2004-09-22 21:00:00
ATLN,200411L,-69.6,25.5,2004092312,80.0,105.0,966.0,987,2004-09-23 12:00:00
ATLN,200411L,-69.8,25.6,2004092315,78.0,105.0,966.0,988,2004-09-23 15:00:00
ATLN,200411L,-70.0,25.8,2004092318,75.0,105.0,966.0,989,2004-09-23 18:00:00
ATLN,200411L,-70.2,25.9,2004092321,72.0,105.0,966.0,990,2004-09-23 21:00:00
ATLN,200411L,-72.2,26.2,2004092412,80.0,115.0,969.0,991,2004-09-24 12:00:00
ATLN,200411L,-72.7,26.3,2004092415,82.0,115.0,968.0,992,2004-09-24 15:00:00
ATLN,200411L,-73.1,26.4,2004092418,85.0,115.0,968.0,993,2004-09-24 18:00:00
ATLN,200411L,-73.7,26.4,2004092421,85.0,124.4,966.0,994,2004-09-24 21:00:00
ATLN,200411L,-76.9,26.6,2004092512,100.0,126.2,957.0,995,2004-09-25 12:00:00
ATLN,200411L,-77.6,26.8,2004092515,102.0,130.0,954.0,996,2004-09-25 15:00:00
ATLN,200411L,-78.2,26.9,2004092518,105.0,133.8,952.0,997,2004-09-25 18:00:00
ATLN,200411L,-78.8,27.0,2004092521,105.0,142.5,952.0,998,2004-09-25 21:00:00
ATLN,200411L,-81.6,27.7,2004092612,75.0,137.5,965.0,999,2004-09-26 12:00:00
ATLN,200411L,-81.9,28.0,2004092615,65.0,134.4,968.0,1000,2004-09-26 15:00:00
ATLN,200411L,-82.3,28.3,2004092618,55.0,131.2,970.0,1001,2004-09-26 18:00:00
ATLN,200411L,-82.5,28.8,2004092621,50.0,119.4,974.0,1002,2004-09-26 21:00:00
ATLN,200411L,-83.8,31.8,2004092715,32.0,62.5,990.0,1003,2004-09-27 15:00:00
ATLN,200411L,-83.6,32.5,2004092718,30.0,0.0,993.0,1004,2004-09-27 18:00:00
ATLN,200411L,-83.4,32.9,2004092721,28.0,0.0,996.0,1005,2004-09-27 21:00:00
ATLN,200411L,-81.0,35.4,2004092812,20.0,0.0,1000.0,1006,2004-09-28 12:00:00
ATLN,200411L,-79.7,36.3,2004092815,22.0,0.0,1000.0,1007,2004-09-28 15:00:00
ATLN,200411L,-78.4,37.3,2004092818,25.0,0.0,999.0,1008,2004-09-28 18:00:00
ATLN,200411L,-77.4,37.8,2004092821,25.0,0.0,999.0,1009,2004-09-28 21:00:00
ATLN,200411L,-72.5,38.5,2004092912,35.0,37.5,999.0,1010,2004-09-29 12:00:00
WPAC,200411W,153.3,11.6,2004062500,25.0,0.0,1001.0,7251,2004-06-25 00:00:00
WPAC,200411W,153.1,11.6,2004062503,25.0,0.0,1002.0,7252,2004-06-25 03:00:00
WPAC,200411W,152.8,11.6,2004062506,25.0,0.0,1002.0,7253,2004-06-25 06:00:00
WPAC,200411W,151.5,11.8,2004062521,30.0,0.0,1000.0,7254,2004-06-25 21:00:00
WPAC,200411W,150.9,12.0,2004062603,33.0,0.0,999.0,7255,2004-06-26 03:00:00
WPAC,200411W,150.7,12.1,2004062606,35.0,0.0,997.0,7256,2004-06-26 06:00:00
WPAC,200411W,149.6,13.6,2004062621,48.0,73.1,989.0,7257,2004-06-26 21:00:00
WPAC,200411W,149.2,13.9,2004062700,50.0,73.8,987.0,7258,2004-06-27 00:00:00
WPAC,200411W,148.8,14.1,2004062703,53.0,84.4,986.0,7259,2004-06-27 03:00:00
WPAC,200411W,148.4,14.3,2004062706,55.0,95.0,984.0,7260,2004-06-27 06:00:00
WPAC,200411W,148.1,14.6,2004062709,55.0,100.0,984.0,7261,2004-06-27 09:00:00
WPAC,200411W,146.8,15.9,2004062721,63.0,105.0,978.0,7262,2004-06-27 21:00:00
WPAC,200411W,146.4,16.2,2004062800,65.0,105.0,976.0,7263,2004-06-28 00:00:00
WPAC,200411W,146.1,16.5,2004062803,70.0,110.0,972.0,7264,2004-06-28 03:00:00
WPAC,200411W,145.7,16.8,2004062806,75.0,115.0,967.0,7265,2004-06-28 06:00:00
WPAC,200411W,145.3,17.2,2004062809,78.0,135.0,965.0,7266,2004-06-28 09:00:00
WPAC,200411W,143.9,19.0,2004062821,80.0,155.0,963.0,7267,2004-06-28 21:00:00
WPAC,200411W,143.3,19.8,2004062903,80.0,155.0,963.0,7268,2004-06-29 03:00:00
WPAC,200411W,143.1,20.2,2004062906,80.0,155.0,963.0,7269,2004-06-29 06:00:00
WPAC,200411W,142.9,20.7,2004062909,78.0,160.0,965.0,7270,2004-06-29 09:00:00
WPAC,200411W,142.4,23.7,2004063000,70.0,175.0,972.0,7271,2004-06-30 00:00:00
WPAC,200411W,142.4,24.4,2004063003,68.0,171.9,974.0,7272,2004-06-30 03:00:00
WPAC,200411W,142.4,25.0,2004063006,65.0,168.8,976.0,7273,2004-06-30 06:00:00
WPAC,200411W,142.4,25.6,2004063009,65.0,168.8,976.0,7274,2004-06-30 09:00:00
WPAC,200411W,142.9,27.9,2004063021,63.0,169.4,978.0,7275,2004-06-30 21:00:00
WPAC,200411W,143.2,28.4,2004070100,60.0,170.0,980.0,7276,2004-07-01 00:00:00
WPAC,200411W,143.7,29.3,2004070106,50.0,166.2,987.0,7277,2004-07-01 06:00:00
WPAC,200411W,144.1,29.6,2004070109,48.0,161.9,989.0,7278,2004-07-01 09:00:00
WPAC,200411W,145.6,30.9,2004070121,45.0,157.5,991.0,7279,2004-07-01 21:00:00
WPAC,200411W,145.9,31.2,2004070200,45.0,157.5,991.0,7280,2004-07-02 00:00:00
WPAC,200411W,146.2,31.5,2004070203,45.0,158.8,991.0,7281,2004-07-02 03:00:00
WPAC,200411W,146.5,31.9,2004070206,45.0,160.0,991.0,7282,2004-07-02 06:00:00
WPAC,200411W,147.0,32.1,2004070209,45.0,160.0,991.0,7283,2004-07-02 09:00:00
WPAC,200411W,149.6,33.0,2004070221,45.0,150.0,991.0,7284,2004-07-02 21:00:00
WPAC,200411W,150.3,33.3,2004070300,45.0,147.5,991.0,7285,2004-07-03 00:00:00
WPAC,200411W,151.1,33.8,2004070303,43.0,145.0,993.0,7286,2004-07-03 03:00:00
WPAC,200411W,151.8,34.3,2004070306,40.0,142.5,994.0,7287,2004-07-03 06:00:00
WPAC,200411W,152.7,34.7,2004070309,40.0,143.8,994.0,7288,2004-07-03 09:00:00
WPAC,200411W,157.8,37.8,2004070400,35.0,0.0,997.0,7289,2004-07-04 00:00:00
EPAC,200412E,-110.6,15.3,2004090815,33.0,31.3,1004.0,4259,2004-09-08 15:00:00
EPAC,200412E,-110.8,15.4,2004090818,35.0,62.5,1004.0,4260,2004-09-08 18:00:00
EPAC,200412E,-111.1,15.7,2004090821,35.0,62.5,1004.0,4261,2004-09-08 21:00:00
EPAC,200412E,-111.3,16.0,2004090900,35.0,62.5,1003.0,4262,2004-09-09 00:00:00
EPAC,200412E,-112.8,17.0,2004090915,35.0,59.4,1003.0,4263,2004-09-09 15:00:00
EPAC,200412E,-113.3,17.2,2004090918,35.0,56.3,1003.0,4264,2004-09-09 18:00:00
EPAC,200412E,-113.7,17.3,2004090921,38.0,53.1,1003.0,4265,2004-09-09 21:00:00
EPAC,200412E,-114.1,17.3,2004091000,40.0,50.0,1002.0,4266,2004-09-10 00:00:00
EPAC,200412E,-116.2,17.4,2004091015,30.0,0.0,1004.0,4267,2004-09-10 15:00:00
EPAC,200412E,-116.6,17.4,2004091018,30.0,0.0,1004.0,4268,2004-09-10 18:00:00
EPAC,200412E,-117.2,17.4,2004091021,30.0,0.0,1004.0,4269,2004-09-10 21:00:00
EPAC,200412E,-117.7,17.4,2004091100,30.0,0.0,1004.0,4270,2004-09-11 00:00:00
EPAC,200412E,-120.1,17.4,2004091115,30.0,0.0,1004.0,4271,2004-09-11 15:00:00
EPAC,200412E,-120.5,17.4,2004091118,30.0,0.0,1004.0,4272,2004-09-11 18:00:00
EPAC,200412E,-120.9,17.4,2004091121,33.0,7.5,1004.0,4273,2004-09-11 21:00:00
EPAC,200412E,-121.3,17.4,2004091200,35.0,15.0,1003.0,4274,2004-09-12 00:00:00
EPAC,200412E,-123.6,17.4,2004091215,45.0,37.5,1000.0,4275,2004-09-12 15:00:00
EPAC,200412E,-124.0,17.3,2004091218,45.0,15.0,1000.0,4276,2004-09-12 18:00:00
EPAC,200412E,-124.5,17.3,2004091221,45.0,15.0,1000.0,4277,2004-09-12 21:00:00
EPAC,200412E,-125.0,17.2,2004091300,45.0,15.0,1000.0,4278,2004-09-13 00:00:00
EPAC,200412E,-127.5,16.6,2004091315,45.0,45.0,1000.0,4279,2004-09-13 15:00:00
EPAC,200412E,-128.0,16.6,2004091318,45.0,60.0,1000.0,4280,2004-09-13 18:00:00
EPAC,200412E,-128.4,16.6,2004091321,45.0,60.0,1000.0,4281,2004-09-13 21:00:00
EPAC,200412E,-128.9,16.6,2004091400,45.0,60.0,1000.0,4282,2004-09-14 00:00:00
EPAC,200412E,-130.2,16.9,2004091415,38.0,41.3,1002.0,4283,2004-09-14 15:00:00
EPAC,200412E,-130.4,17.0,2004091418,40.0,52.5,1000.0,4284,2004-09-14 18:00:00
EPAC,200412E,-130.7,17.1,2004091421,45.0,61.3,999.0,4285,2004-09-14 21:00:00
EPAC,200412E,-130.9,17.2,2004091500,50.0,70.0,997.0,4286,2004-09-15 00:00:00
EPAC,200412E,-131.9,18.0,2004091515,63.0,70.0,989.0,4287,2004-09-15 15:00:00
EPAC,200412E,-132.0,18.2,2004091518,60.0,70.0,991.0,4288,2004-09-15 18:00:00
EPAC,200412E,-132.0,18.3,2004091521,58.0,65.0,993.0,4289,2004-09-15 21:00:00
EPAC,200412E,-132.0,18.4,2004091600,55.0,60.0,994.0,4290,2004-09-16 00:00:00
EPAC,200412E,-132.3,18.1,2004091615,30.0,0.0,1005.0,4291,2004-09-16 15:00:00
EPAC,200412E,-132.3,18.0,2004091618,30.0,0.0,1006.0,4292,2004-09-16 18:00:00
EPAC,200412E,-132.4,17.9,2004091621,30.0,0.0,1006.0,4293,2004-09-16 21:00:00
EPAC,200412E,-132.5,17.9,2004091700,30.0,0.0,1006.0,4294,2004-09-17 00:00:00
EPAC,200412E,-133.2,17.5,2004091715,30.0,0.0,1008.0,4295,2004-09-17 15:00:00
EPAC,200412E,-133.3,17.4,2004091718,30.0,0.0,1008.0,4296,2004-09-17 18:00:00
EPAC,200412E,-133.6,17.2,2004091800,30.0,0.0,1008.0,4297,2004-09-18 00:00:00
EPAC,200412E,-134.1,16.9,2004091809,25.0,0.0,1009.0,4298,2004-09-18 09:00:00
EPAC,200412E,-134.2,16.8,2004091812,25.0,0.0,1009.0,4299,2004-09-18 12:00:00
EPAC,200412E,-134.4,16.7,2004091815,25.0,0.0,1009.0,4300,2004-09-18 15:00:00
EPAC,200412E,-134.7,16.6,2004091818,25.0,0.0,1009.0,4301,2004-09-18 18:00:00
EPAC,200412E,-134.9,16.5,2004091821,28.0,0.0,1009.0,4302,2004-09-18 21:00:00
EPAC,200412E,-135.2,16.4,2004091900,30.0,0.0,1009.0,4303,2004-09-19 00:00:00
EPAC,200412E,-135.9,16.3,2004091909,30.0,0.0,1009.0,4304,2004-09-19 09:00:00
EPAC,200412E,-136.2,16.2,2004091912,30.0,0.0,1009.0,4305,2004-09-19 12:00:00
EPAC,200412E,-136.4,16.1,2004091915,30.0,0.0,1009.0,4306,2004-09-19 15:00:00
EPAC,200412E,-136.7,16.1,2004091918,30.0,0.0,1009.0,4307,2004-09-19 18:00:00
EPAC,200412E,-137.1,16.1,2004091921,30.0,0.0,1009.0,4308,2004-09-19 21:00:00
EPAC,200412E,-137.4,16.0,2004092000,30.0,0.0,1009.0,4309,2004-09-20 00:00:00
EPAC,200412E,-137.8,16.0,2004092003,30.0,0.0,1009.0,4310,2004-09-20 03:00:00
EPAC,200412E,-139.3,16.0,2004092015,30.0,0.0,1011.0,4311,2004-09-20 15:00:00
EPAC,200412E,-139.5,16.0,2004092018,30.0,0.0,1011.0,4312,2004-09-20 18:00:00
EPAC,200412E,-139.8,16.0,2004092021,30.0,0.0,1011.0,4313,2004-09-20 21:00:00
EPAC,200412E,-140.0,16.0,2004092100,30.0,0.0,1011.0,4314,2004-09-21 00:00:00
ATLN,200412L,-29.9,11.2,2004091609,30.0,0.0,1008.0,1011,2004-09-16 09:00:00
ATLN,200412L,-30.7,11.2,2004091612,30.0,0.0,1007.0,1012,2004-09-16 12:00:00
ATLN,200412L,-31.4,11.2,2004091615,32.0,11.2,1006.0,1013,2004-09-16 15:00:00
ATLN,200412L,-32.1,11.2,2004091618,35.0,22.5,1005.0,1014,2004-09-16 18:00:00
ATLN,200412L,-34.8,11.8,2004091709,52.0,55.0,996.0,1015,2004-09-17 09:00:00
ATLN,200412L,-35.3,12.1,2004091712,55.0,57.5,994.0,1016,2004-09-17 12:00:00
ATLN,200412L,-35.6,12.6,2004091715,55.0,63.1,993.0,1017,2004-09-17 15:00:00
ATLN,200412L,-36.0,13.0,2004091718,55.0,68.8,992.0,1018,2004-09-17 18:00:00
ATLN,200412L,-38.4,14.8,2004091809,88.0,85.0,972.0,1019,2004-09-18 09:00:00
ATLN,200412L,-38.8,15.0,2004091812,90.0,90.0,970.0,1020,2004-09-18 12:00:00
ATLN,200412L,-39.2,15.3,2004091815,92.0,93.8,968.0,1021,2004-09-18 15:00:00
ATLN,200412L,-39.7,15.6,2004091818,95.0,97.5,965.0,1022,2004-09-18 18:00:00
ATLN,200412L,-40.2,15.8,2004091821,95.0,97.5,965.0,1023,2004-09-18 21:00:00
ATLN,200412L,-40.8,15.9,2004091900,95.0,97.5,965.0,1024,2004-09-19 00:00:00
ATLN,200412L,-42.0,16.1,2004091909,102.0,103.1,958.0,1025,2004-09-19 09:00:00
ATLN,200412L,-42.4,16.3,2004091912,105.0,105.0,955.0,1026,2004-09-19 12:00:00
ATLN,200412L,-42.9,16.5,2004091915,108.0,108.8,953.0,1027,2004-09-19 15:00:00
ATLN,200412L,-43.4,16.7,2004091918,110.0,112.5,951.0,1028,2004-09-19 18:00:00
ATLN,200412L,-44.5,16.8,2004092000,110.0,116.2,951.0,1029,2004-09-20 00:00:00
ATLN,200412L,-45.6,17.2,2004092009,112.0,142.5,950.0,1030,2004-09-20 09:00:00
ATLN,200412L,-46.0,17.5,2004092012,110.0,151.2,951.0,1031,2004-09-20 12:00:00
ATLN,200412L,-46.2,17.8,2004092015,110.0,156.9,951.0,1032,2004-09-20 15:00:00
ATLN,200412L,-46.5,18.1,2004092018,110.0,162.5,951.0,1033,2004-09-20 18:00:00
ATLN,200412L,-47.5,20.2,2004092109,122.0,203.1,940.0,1034,2004-09-21 09:00:00
ATLN,200412L,-47.8,20.8,2004092112,120.0,206.2,943.0,1035,2004-09-21 12:00:00
ATLN,200412L,-48.0,21.6,2004092115,112.0,209.4,946.0,1036,2004-09-21 15:00:00
ATLN,200412L,-48.3,22.3,2004092118,105.0,212.5,948.0,1037,2004-09-21 18:00:00
ATLN,200412L,-48.5,23.0,2004092121,102.0,212.5,952.0,1038,2004-09-21 21:00:00
ATLN,200412L,-49.5,26.2,2004092212,90.0,212.5,967.0,1039,2004-09-22 12:00:00
ATLN,200412L,-49.1,26.9,2004092215,90.0,215.6,968.0,1040,2004-09-22 15:00:00
ATLN,200412L,-48.7,27.5,2004092218,90.0,218.8,970.0,1041,2004-09-22 18:00:00
ATLN,200412L,-48.2,28.2,2004092221,92.0,228.1,968.0,1042,2004-09-22 21:00:00
ATLN,200412L,-45.3,31.6,2004092309,108.0,253.1,952.0,1043,2004-09-23 09:00:00
ATLN,200412L,-44.4,32.5,2004092312,105.0,256.2,953.0,1044,2004-09-23 12:00:00
ATLN,200412L,-43.7,33.5,2004092315,98.0,259.4,954.0,1045,2004-09-23 15:00:00
ATLN,200412L,-43.0,34.5,2004092318,90.0,262.5,955.0,1046,2004-09-23 18:00:00
ATLN,200412L,-40.9,41.0,2004092409,72.0,281.2,960.0,1047,2004-09-24 09:00:00
ATLN,200412L,-40.5,42.6,2004092412,70.0,287.5,961.0,1048,2004-09-24 12:00:00
ATLN,200412L,-40.5,44.0,2004092415,68.0,303.1,962.0,1049,2004-09-24 15:00:00
ATLN,200412L,-40.5,45.5,2004092418,65.0,318.8,962.0,1050,2004-09-24 18:00:00
WPAC,200412W,130.3,20.9,2004071300,25.0,0.0,1008.0,7290,2004-07-13 00:00:00
WPAC,200412W,129.8,20.9,2004071303,25.0,0.0,1005.0,7291,2004-07-13 03:00:00
WPAC,200412W,129.2,20.9,2004071306,25.0,0.0,1002.0,7292,2004-07-13 06:00:00
WPAC,200412W,128.6,20.9,2004071309,28.0,0.0,1003.0,7293,2004-07-13 09:00:00
WPAC,200412W,124.7,21.4,2004071400,30.0,0.0,1000.0,7294,2004-07-14 00:00:00
WPAC,200412W,123.9,21.4,2004071403,33.0,0.0,999.0,7295,2004-07-14 03:00:00
WPAC,200412W,123.1,21.4,2004071406,35.0,0.0,997.0,7296,2004-07-14 06:00:00
WPAC,200412W,122.3,20.9,2004071409,38.0,17.5,996.0,7297,2004-07-14 09:00:00
WPAC,200412W,118.8,20.2,2004071500,45.0,45.0,991.0,7298,2004-07-15 00:00:00
WPAC,200412W,118.3,20.3,2004071503,45.0,37.5,991.0,7299,2004-07-15 03:00:00
WPAC,200412W,117.8,20.4,2004071506,45.0,30.0,991.0,7300,2004-07-15 06:00:00
WPAC,200412W,117.3,20.5,2004071509,45.0,32.5,991.0,7301,2004-07-15 09:00:00
WPAC,200412W,114.8,21.2,2004071600,40.0,42.5,994.0,7302,2004-07-16 00:00:00
WPAC,200412W,114.5,21.6,2004071603,38.0,41.2,996.0,7303,2004-07-16 03:00:00
WPAC,200412W,114.3,22.1,2004071606,35.0,40.0,997.0,7304,2004-07-16 06:00:00
WPAC,200412W,114.3,22.6,2004071609,35.0,40.0,997.0,7305,2004-07-16 09:00:00
EPAC,200413E,-93.5,11.2,2004091018,30.0,0.0,1005.0,4315,2004-09-10 18:00:00
EPAC,200413E,-94.4,11.3,2004091021,30.0,0.0,1005.0,4316,2004-09-10 21:00:00
EPAC,200413E,-95.3,11.4,2004091100,30.0,0.0,1004.0,4317,2004-09-11 00:00:00
EPAC,200413E,-98.5,11.8,2004091115,38.0,52.5,1002.0,4318,2004-09-11 15:00:00
EPAC,200413E,-99.2,11.9,2004091118,40.0,52.5,1001.0,4319,2004-09-11 18:00:00
EPAC,200413E,-99.8,11.9,2004091121,43.0,52.5,1001.0,4320,2004-09-11 21:00:00
EPAC,200413E,-100.4,12.0,2004091200,45.0,52.5,1000.0,4321,2004-09-12 00:00:00
EPAC,200413E,-102.9,12.8,2004091215,63.0,70.0,989.0,4322,2004-09-12 15:00:00
EPAC,200413E,-103.4,13.1,2004091218,65.0,70.0,987.0,4323,2004-09-12 18:00:00
EPAC,200413E,-103.7,13.4,2004091221,70.0,75.0,983.0,4324,2004-09-12 21:00:00
EPAC,200413E,-104.0,13.6,2004091300,75.0,80.0,979.0,4325,2004-09-13 00:00:00
EPAC,200413E,-105.8,14.9,2004091315,113.0,95.0,950.0,4326,2004-09-13 15:00:00
EPAC,200413E,-106.1,15.2,2004091318,120.0,100.0,942.0,4327,2004-09-13 18:00:00
EPAC,200413E,-106.4,15.6,2004091321,125.0,100.0,936.0,4328,2004-09-13 21:00:00
EPAC,200413E,-106.8,15.9,2004091400,130.0,100.0,930.0,4329,2004-09-14 00:00:00
EPAC,200413E,-107.6,16.8,2004091415,125.0,110.0,936.0,4330,2004-09-14 15:00:00
EPAC,200413E,-107.7,17.0,2004091418,125.0,110.0,936.0,4331,2004-09-14 18:00:00
EPAC,200413E,-107.8,17.2,2004091421,125.0,106.3,936.0,4332,2004-09-14 21:00:00
EPAC,200413E,-108.0,17.4,2004091500,125.0,102.5,936.0,4333,2004-09-15 00:00:00
EPAC,200413E,-108.8,18.3,2004091515,115.0,100.0,948.0,4334,2004-09-15 15:00:00
EPAC,200413E,-109.0,18.5,2004091518,115.0,100.0,948.0,4335,2004-09-15 18:00:00
EPAC,200413E,-109.3,18.7,2004091521,113.0,100.0,949.0,4336,2004-09-15 21:00:00
EPAC,200413E,-109.5,18.9,2004091600,110.0,100.0,950.0,4337,2004-09-16 00:00:00
EPAC,200413E,-110.7,19.6,2004091615,100.0,95.0,960.0,4338,2004-09-16 15:00:00
EPAC,200413E,-110.9,19.8,2004091618,100.0,95.0,960.0,4339,2004-09-16 18:00:00
EPAC,200413E,-111.1,20.1,2004091621,100.0,95.0,960.0,4340,2004-09-16 21:00:00
EPAC,200413E,-111.2,20.5,2004091700,100.0,95.0,960.0,4341,2004-09-17 00:00:00
EPAC,200413E,-112.0,21.7,2004091715,93.0,87.5,964.0,4342,2004-09-17 15:00:00
EPAC,200413E,-112.1,21.9,2004091718,90.0,75.0,965.0,4343,2004-09-17 18:00:00
EPAC,200413E,-112.4,22.4,2004091800,75.0,75.0,970.0,4344,2004-09-18 00:00:00
EPAC,200413E,-113.0,23.1,2004091809,58.0,75.0,981.0,4345,2004-09-18 09:00:00
EPAC,200413E,-113.2,23.3,2004091812,50.0,75.0,987.0,4346,2004-09-18 12:00:00
EPAC,200413E,-113.3,23.6,2004091815,48.0,63.8,991.0,4347,2004-09-18 15:00:00
EPAC,200413E,-113.4,23.9,2004091818,45.0,52.5,995.0,4348,2004-09-18 18:00:00
EPAC,200413E,-113.5,24.4,2004091821,38.0,26.3,998.0,4349,2004-09-18 21:00:00
EPAC,200413E,-113.5,24.8,2004091900,30.0,0.0,1001.0,4350,2004-09-19 00:00:00
EPAC,200413E,-113.0,26.3,2004091909,28.0,0.0,1002.0,4351,2004-09-19 09:00:00
EPAC,200413E,-112.7,26.9,2004091912,25.0,0.0,1003.0,4352,2004-09-19 12:00:00
EPAC,200413E,-112.3,27.7,2004091915,23.0,0.0,1003.0,4353,2004-09-19 15:00:00
EPAC,200413E,-112.0,28.5,2004091918,20.0,0.0,1003.0,4354,2004-09-19 18:00:00
EPAC,200413E,-111.7,29.3,2004091921,20.0,0.0,1004.0,4355,2004-09-19 21:00:00
EPAC,200413E,-111.3,30.0,2004092000,20.0,0.0,1004.0,4356,2004-09-20 00:00:00
ATLN,200413L,-32.4,13.3,2004091918,30.0,0.0,1004.0,1051,2004-09-19 18:00:00
ATLN,200413L,-33.3,13.3,2004092000,30.0,0.0,1004.0,1052,2004-09-20 00:00:00
ATLN,200413L,-34.8,13.4,2004092009,35.0,20.0,1003.0,1053,2004-09-20 09:00:00
ATLN,200413L,-35.4,13.5,2004092012,40.0,40.0,1002.0,1054,2004-09-20 12:00:00
ATLN,200413L,-35.9,13.6,2004092015,45.0,42.5,1000.0,1055,2004-09-20 15:00:00
ATLN,200413L,-36.4,13.7,2004092018,50.0,45.0,997.0,1056,2004-09-20 18:00:00
ATLN,200413L,-38.7,14.0,2004092109,60.0,45.0,990.0,1057,2004-09-21 09:00:00
ATLN,200413L,-39.1,14.1,2004092112,60.0,45.0,990.0,1058,2004-09-21 12:00:00
ATLN,200413L,-39.4,14.2,2004092115,60.0,45.0,990.0,1059,2004-09-21 15:00:00
ATLN,200413L,-39.7,14.3,2004092118,60.0,45.0,990.0,1060,2004-09-21 18:00:00
ATLN,200413L,-40.9,14.3,2004092209,48.0,42.5,998.0,1061,2004-09-22 09:00:00
ATLN,200413L,-41.1,14.2,2004092212,45.0,40.0,1000.0,1062,2004-09-22 12:00:00
ATLN,200413L,-41.3,14.1,2004092215,45.0,40.0,1000.0,1063,2004-09-22 15:00:00
ATLN,200413L,-41.5,13.9,2004092218,45.0,40.0,1000.0,1064,2004-09-22 18:00:00
ATLN,200413L,-40.3,13.1,2004092309,38.0,50.0,1002.0,1065,2004-09-23 09:00:00
ATLN,200413L,-40.0,13.1,2004092312,35.0,50.0,1003.0,1066,2004-09-23 12:00:00
ATLN,200413L,-40.2,13.7,2004092315,32.0,25.0,1004.0,1067,2004-09-23 15:00:00
ATLN,200413L,-40.5,14.3,2004092318,30.0,0.0,1005.0,1068,2004-09-23 18:00:00
ATLN,200413L,-42.8,13.9,2004092409,38.0,15.0,1002.0,1069,2004-09-24 09:00:00
ATLN,200413L,-43.2,13.9,2004092412,35.0,15.0,1003.0,1070,2004-09-24 12:00:00
ATLN,200413L,-43.5,13.9,2004092415,32.0,7.5,1004.0,1071,2004-09-24 15:00:00
ATLN,200413L,-43.8,14.0,2004092418,30.0,0.0,1005.0,1072,2004-09-24 18:00:00
ATLN,200413L,-45.1,15.3,2004092509,40.0,37.5,1002.0,1073,2004-09-25 09:00:00
ATLN,200413L,-45.4,15.7,2004092512,45.0,37.5,1000.0,1074,2004-09-25 12:00:00
ATLN,200413L,-45.5,16.2,2004092515,45.0,37.5,1000.0,1075,2004-09-25 15:00:00
ATLN,200413L,-45.7,16.7,2004092518,45.0,37.5,1000.0,1076,2004-09-25 18:00:00
ATLN,200413L,-46.0,18.4,2004092609,52.0,75.0,996.0,1077,2004-09-26 09:00:00
ATLN,200413L,-46.0,18.7,2004092612,55.0,75.0,994.0,1078,2004-09-26 12:00:00
ATLN,200413L,-46.0,18.9,2004092615,52.0,75.0,996.0,1079,2004-09-26 15:00:00
ATLN,200413L,-46.0,19.2,2004092618,50.0,75.0,997.0,1080,2004-09-26 18:00:00
ATLN,200413L,-46.0,19.4,2004092621,48.0,75.0,998.0,1081,2004-09-26 21:00:00
ATLN,200413L,-46.2,20.3,2004092709,45.0,68.8,1000.0,1082,2004-09-27 09:00:00
ATLN,200413L,-46.2,20.6,2004092712,45.0,62.5,1000.0,1083,2004-09-27 12:00:00
ATLN,200413L,-46.2,21.0,2004092715,42.0,48.1,1001.0,1084,2004-09-27 15:00:00
ATLN,200413L,-46.2,21.3,2004092718,40.0,33.8,1002.0,1085,2004-09-27 18:00:00
ATLN,200413L,-46.5,23.6,2004092809,42.0,53.8,1001.0,1086,2004-09-28 09:00:00
ATLN,200413L,-46.5,24.3,2004092812,45.0,53.8,1000.0,1087,2004-09-28 12:00:00
ATLN,200413L,-46.5,24.9,2004092815,50.0,51.9,997.0,1088,2004-09-28 15:00:00
ATLN,200413L,-46.5,25.4,2004092818,55.0,50.0,994.0,1089,2004-09-28 18:00:00
ATLN,200413L,-46.0,28.2,2004092909,60.0,111.2,990.0,1090,2004-09-29 09:00:00
ATLN,200413L,-45.8,28.9,2004092912,60.0,118.8,990.0,1091,2004-09-29 12:00:00
ATLN,200413L,-45.8,29.5,2004092915,60.0,118.8,990.0,1092,2004-09-29 15:00:00
ATLN,200413L,-45.8,30.1,2004092918,60.0,118.8,990.0,1093,2004-09-29 18:00:00
ATLN,200413L,-47.0,32.2,2004093009,52.0,138.8,996.0,1094,2004-09-30 09:00:00
ATLN,200413L,-47.3,32.4,2004093012,50.0,115.0,997.0,1095,2004-09-30 12:00:00
ATLN,200413L,-47.5,32.8,2004093015,48.0,103.8,998.0,1096,2004-09-30 15:00:00
ATLN,200413L,-47.8,33.1,2004093018,45.0,92.5,1000.0,1097,2004-09-30 18:00:00
ATLN,200413L,-47.0,36.3,2004100112,60.0,75.0,990.0,1098,2004-10-01 12:00:00
ATLN,200413L,-46.4,37.0,2004100115,60.0,68.8,990.0,1099,2004-10-01 15:00:00
ATLN,200413L,-45.8,37.7,2004100118,60.0,62.5,990.0,1100,2004-10-01 18:00:00
ATLN,200413L,-40.4,41.0,2004100209,65.0,62.5,987.0,1101,2004-10-02 09:00:00
ATLN,200413L,-39.1,41.6,2004100212,65.0,62.5,987.0,1102,2004-10-02 12:00:00
ATLN,200413L,-37.5,42.2,2004100215,60.0,61.9,990.0,1103,2004-10-02 15:00:00
ATLN,200413L,-36.0,42.8,2004100218,55.0,61.2,994.0,1104,2004-10-02 18:00:00
WPAC,200413W,150.4,21.8,2004072421,23.0,0.0,1003.0,7306,2004-07-24 21:00:00
WPAC,200413W,150.3,22.1,2004072500,25.0,0.0,1002.0,7307,2004-07-25 00:00:00
WPAC,200413W,150.2,22.5,2004072503,28.0,0.0,1001.0,7308,2004-07-25 03:00:00
WPAC,200413W,150.0,22.8,2004072506,30.0,0.0,1000.0,7309,2004-07-25 06:00:00
WPAC,200413W,149.8,23.2,2004072509,33.0,0.0,999.0,7310,2004-07-25 09:00:00
WPAC,200413W,148.7,24.5,2004072521,58.0,68.8,982.0,7311,2004-07-25 21:00:00
WPAC,200413W,148.4,24.8,2004072600,65.0,72.5,976.0,7312,2004-07-26 00:00:00
WPAC,200413W,148.1,25.1,2004072603,78.0,78.8,965.0,7313,2004-07-26 03:00:00
WPAC,200413W,147.8,25.4,2004072606,90.0,85.0,954.0,7314,2004-07-26 06:00:00
WPAC,200413W,147.5,25.8,2004072609,98.0,85.0,946.0,7315,2004-07-26 09:00:00
WPAC,200413W,146.0,27.8,2004072700,115.0,100.0,927.0,7316,2004-07-27 00:00:00
WPAC,200413W,145.6,28.2,2004072703,113.0,108.1,930.0,7317,2004-07-27 03:00:00
WPAC,200413W,144.9,29.2,2004072709,108.0,116.2,936.0,7318,2004-07-27 09:00:00
WPAC,200413W,142.5,30.8,2004072800,90.0,105.0,954.0,7319,2004-07-28 00:00:00
WPAC,200413W,141.6,31.2,2004072806,90.0,105.0,954.0,7320,2004-07-28 06:00:00
WPAC,200413W,141.2,31.3,2004072809,85.0,105.6,959.0,7321,2004-07-28 09:00:00
WPAC,200413W,140.1,31.5,2004072821,80.0,106.2,963.0,7322,2004-07-28 21:00:00
WPAC,200413W,139.8,31.5,2004072900,80.0,106.2,963.0,7323,2004-07-29 00:00:00
WPAC,200413W,139.6,31.5,2004072903,78.0,133.1,965.0,7324,2004-07-29 03:00:00
WPAC,200413W,139.3,31.5,2004072906,75.0,160.0,967.0,7325,2004-07-29 06:00:00
WPAC,200413W,137.5,31.8,2004073000,65.0,150.0,976.0,7326,2004-07-30 00:00:00
WPAC,200413W,137.2,31.9,2004073003,63.0,150.0,978.0,7327,2004-07-30 03:00:00
WPAC,200413W,136.8,31.9,2004073006,60.0,150.0,980.0,7328,2004-07-30 06:00:00
WPAC,200413W,136.4,31.9,2004073009,58.0,150.0,982.0,7329,2004-07-30 09:00:00
WPAC,200413W,134.4,32.6,2004073100,55.0,122.5,984.0,7330,2004-07-31 00:00:00
WPAC,200413W,133.9,32.9,2004073103,53.0,122.5,986.0,7331,2004-07-31 03:00:00
WPAC,200413W,133.0,33.5,2004073109,48.0,114.4,989.0,7332,2004-07-31 09:00:00
WPAC,200413W,131.7,34.6,2004073121,35.0,75.0,997.0,7333,2004-07-31 21:00:00
WPAC,200413W,131.5,34.9,2004080100,35.0,67.5,997.0,7334,2004-08-01 00:00:00
WPAC,200413W,131.3,35.2,2004080103,35.0,68.8,997.0,7335,2004-08-01 03:00:00
WPAC,200413W,131.2,35.6,2004080106,35.0,70.0,997.0,7336,2004-08-01 06:00:00
EPAC,200414E,-111.3,13.8,2004100418,30.0,0.0,1006.0,4357,2004-10-04 18:00:00
EPAC,200414E,-112.0,13.9,2004100421,30.0,0.0,1006.0,4358,2004-10-04 21:00:00
EPAC,200414E,-112.7,13.9,2004100500,30.0,0.0,1006.0,4359,2004-10-05 00:00:00
EPAC,200414E,-115.6,14.7,2004100515,35.0,20.0,1005.0,4360,2004-10-05 15:00:00
EPAC,200414E,-116.0,15.0,2004100518,30.0,0.0,1005.0,4361,2004-10-05 18:00:00
EPAC,200414E,-116.3,15.2,2004100521,28.0,0.0,1006.0,4362,2004-10-05 21:00:00
EPAC,200414E,-116.5,15.3,2004100600,25.0,0.0,1006.0,4363,2004-10-06 00:00:00
EPAC,200414E,-117.6,16.1,2004100615,25.0,0.0,1007.0,4364,2004-10-06 15:00:00
EPAC,200414E,-117.9,16.0,2004100618,25.0,0.0,1007.0,4365,2004-10-06 18:00:00
EPAC,200414E,-118.2,15.8,2004100621,23.0,0.0,1007.0,4366,2004-10-06 21:00:00
EPAC,200414E,-118.5,15.5,2004100700,20.0,0.0,1007.0,4367,2004-10-07 00:00:00
ATLN,200414L,-94.8,24.1,2004100815,32.0,31.2,1006.0,1105,2004-10-08 15:00:00
ATLN,200414L,-94.2,24.1,2004100818,35.0,62.5,1004.0,1106,2004-10-08 18:00:00
ATLN,200414L,-93.7,24.6,2004100900,40.0,62.5,1000.0,1107,2004-10-09 00:00:00
ATLN,200414L,-92.4,26.6,2004100915,38.0,52.5,1000.0,1108,2004-10-09 15:00:00
ATLN,200414L,-92.0,26.8,2004100918,40.0,55.0,997.0,1109,2004-10-09 18:00:00
ATLN,200414L,-91.7,27.1,2004100921,40.0,57.5,998.0,1110,2004-10-09 21:00:00
ATLN,200414L,-90.9,29.9,2004101015,28.0,0.0,1001.0,1111,2004-10-10 15:00:00
ATLN,200414L,-90.9,30.4,2004101018,25.0,0.0,1002.0,1112,2004-10-10 18:00:00
ATLN,200414L,-91.0,31.2,2004101021,25.0,0.0,1002.0,1113,2004-10-10 21:00:00
WPAC,200414W,166.1,16.7,2004080300,25.0,0.0,1002.0,7337,2004-08-03 00:00:00
WPAC,200414W,166.2,17.1,2004080303,25.0,0.0,1002.0,7338,2004-08-03 03:00:00
WPAC,200414W,166.4,17.6,2004080306,25.0,0.0,1002.0,7339,2004-08-03 06:00:00
WPAC,200414W,166.1,20.0,2004080321,33.0,0.0,999.0,7340,2004-08-03 21:00:00
WPAC,200414W,166.0,20.6,2004080400,35.0,0.0,997.0,7341,2004-08-04 00:00:00
WPAC,200414W,165.9,21.2,2004080403,35.0,0.0,997.0,7342,2004-08-04 03:00:00
WPAC,200414W,165.8,21.9,2004080406,35.0,0.0,997.0,7343,2004-08-04 06:00:00
WPAC,200414W,165.7,24.9,2004080421,40.0,25.0,994.0,7344,2004-08-04 21:00:00
WPAC,200414W,165.8,25.5,2004080500,45.0,50.0,991.0,7345,2004-08-05 00:00:00
WPAC,200414W,166.1,25.9,2004080503,50.0,52.5,988.0,7346,2004-08-05 03:00:00
WPAC,200414W,166.3,26.3,2004080506,55.0,55.0,984.0,7347,2004-08-05 06:00:00
WPAC,200414W,167.5,27.9,2004080518,90.0,85.0,954.0,7348,2004-08-05 18:00:00
WPAC,200414W,167.8,28.3,2004080521,90.0,89.4,954.0,7349,2004-08-05 21:00:00
WPAC,200414W,168.1,28.7,2004080600,90.0,93.8,954.0,7350,2004-08-06 00:00:00
WPAC,200414W,168.4,29.1,2004080603,90.0,93.8,954.0,7351,2004-08-06 03:00:00
WPAC,200414W,168.8,29.5,2004080606,90.0,93.8,954.0,7352,2004-08-06 06:00:00
WPAC,200414W,170.2,31.2,2004080618,65.0,85.0,976.0,7353,2004-08-06 18:00:00
WPAC,200414W,170.6,31.6,2004080621,63.0,85.0,978.0,7354,2004-08-06 21:00:00
WPAC,200414W,171.0,32.1,2004080700,60.0,85.0,980.0,7355,2004-08-07 00:00:00
WPAC,200414W,171.3,32.5,2004080703,58.0,77.5,982.0,7356,2004-08-07 03:00:00
WPAC,200414W,171.7,32.9,2004080706,55.0,70.0,984.0,7357,2004-08-07 06:00:00
WPAC,200414W,171.4,34.9,2004080718,45.0,85.0,991.0,7358,2004-08-07 18:00:00
WPAC,200414W,171.5,35.4,2004080721,45.0,85.0,991.0,7359,2004-08-07 21:00:00
WPAC,200414W,171.6,35.9,2004080800,45.0,85.0,991.0,7360,2004-08-08 00:00:00
WPAC,200414W,171.6,36.5,2004080803,40.0,75.0,994.0,7361,2004-08-08 03:00:00
WPAC,200414W,172.7,38.4,2004080818,25.0,0.0,1002.0,7362,2004-08-08 18:00:00
WPAC,200414W,172.6,38.8,2004080821,25.0,0.0,1002.0,7363,2004-08-08 21:00:00
WPAC,200414W,172.6,39.2,2004080900,25.0,0.0,1002.0,7364,2004-08-09 00:00:00
WPAC,200414W,172.6,39.6,2004080903,23.0,0.0,1003.0,7365,2004-08-09 03:00:00
WPAC,200414W,172.6,40.0,2004080906,20.0,0.0,1004.0,7366,2004-08-09 06:00:00
EPAC,200415E,-96.7,14.4,2004101118,30.0,0.0,1006.0,4368,2004-10-11 18:00:00
EPAC,200415E,-97.0,14.6,2004101121,30.0,0.0,1006.0,4369,2004-10-11 21:00:00
EPAC,200415E,-97.2,14.8,2004101200,30.0,0.0,1006.0,4370,2004-10-12 00:00:00
EPAC,200415E,-99.0,15.9,2004101215,33.0,20.0,1005.0,4371,2004-10-12 15:00:00
EPAC,200415E,-99.2,16.2,2004101218,35.0,40.0,1004.0,4372,2004-10-12 18:00:00
EPAC,200415E,-99.6,16.4,2004101300,45.0,30.0,1000.0,4373,2004-10-13 00:00:00
ATLN,200415L,-66.5,31.5,2004101012,40.0,156.2,1000.0,1114,2004-10-10 12:00:00
ATLN,200415L,-66.5,31.8,2004101015,40.0,146.9,999.0,1115,2004-10-10 15:00:00
ATLN,200415L,-66.5,32.1,2004101018,40.0,137.5,998.0,1116,2004-10-10 18:00:00
ATLN,200415L,-66.0,32.5,2004101021,40.0,112.5,996.0,1117,2004-10-10 21:00:00
ATLN,200415L,-61.8,36.0,2004101112,45.0,181.2,986.0,1118,2004-10-11 12:00:00
ATLN,200415L,-61.1,37.2,2004101115,45.0,215.6,986.0,1119,2004-10-11 15:00:00
ATLN,200415L,-60.5,38.5,2004101118,45.0,250.0,986.0,1120,2004-10-11 18:00:00
WPAC,200415W,147.6,22.9,2004080206,20.0,0.0,1004.0,7367,2004-08-02 06:00:00
WPAC,200415W,147.4,23.2,2004080209,20.0,0.0,1004.0,7368,2004-08-02 09:00:00
WPAC,200415W,144.8,24.7,2004080300,20.0,0.0,1004.0,7369,2004-08-03 00:00:00
WPAC,200415W,144.0,25.2,2004080303,20.0,0.0,1004.0,7370,2004-08-03 03:00:00
WPAC,200415W,142.3,26.4,2004080309,23.0,0.0,1003.0,7371,2004-08-03 09:00:00
WPAC,200415W,137.9,30.1,2004080400,35.0,0.0,997.0,7372,2004-08-04 00:00:00
WPAC,200415W,136.0,32.0,2004080406,35.0,0.0,997.0,7373,2004-08-04 06:00:00
WPAC,200415W,135.4,32.8,2004080409,33.0,0.0,998.0,7374,2004-08-04 09:00:00
WPAC,200415W,135.0,37.6,2004080500,30.0,0.0,1000.0,7375,2004-08-05 00:00:00
WPAC,200415W,135.6,38.3,2004080503,30.0,0.0,1000.0,7376,2004-08-05 03:00:00
WPAC,200415W,136.2,39.0,2004080506,30.0,0.0,1000.0,7377,2004-08-05 06:00:00
EPAC,200416E,-109.2,18.3,2004102500,25.0,0.0,1006.0,4374,2004-10-25 00:00:00
EPAC,200416E,-108.9,21.4,2004102515,30.0,0.0,1005.0,4375,2004-10-25 15:00:00
EPAC,200416E,-108.8,22.2,2004102518,30.0,0.0,1005.0,4376,2004-10-25 18:00:00
EPAC,200416E,-108.7,22.9,2004102521,30.0,0.0,1005.0,4377,2004-10-25 21:00:00
EPAC,200416E,-108.6,23.6,2004102600,30.0,0.0,1004.0,4378,2004-10-26 00:00:00
ATLN,200416L,-41.9,26.5,2004112612,35.0,162.5,1002.0,1121,2004-11-26 12:00:00
ATLN,200416L,-42.2,26.6,2004112615,35.0,193.8,1001.0,1122,2004-11-26 15:00:00
ATLN,200416L,-42.5,26.8,2004112618,35.0,225.0,1000.0,1123,2004-11-26 18:00:00
ATLN,200416L,-44.3,26.4,2004112712,35.0,237.5,1000.0,1124,2004-11-27 12:00:00
ATLN,200416L,-44.3,26.3,2004112715,35.0,221.9,1000.0,1125,2004-11-27 15:00:00
ATLN,200416L,-44.4,26.2,2004112718,35.0,206.2,1000.0,1126,2004-11-27 18:00:00
ATLN,200416L,-44.0,28.2,2004112812,35.0,165.0,1000.0,1127,2004-11-28 12:00:00
ATLN,200416L,-44.5,28.4,2004112815,35.0,165.0,1000.0,1128,2004-11-28 15:00:00
ATLN,200416L,-45.1,28.7,2004112818,35.0,165.0,999.0,1129,2004-11-28 18:00:00
ATLN,200416L,-47.9,29.6,2004112912,40.0,143.8,998.0,1130,2004-11-29 12:00:00
ATLN,200416L,-48.3,29.9,2004112915,42.0,137.5,998.0,1131,2004-11-29 15:00:00
ATLN,200416L,-48.8,30.2,2004112918,45.0,131.2,998.0,1132,2004-11-29 18:00:00
ATLN,200416L,-51.0,31.3,2004113012,40.0,100.0,997.0,1133,2004-11-30 12:00:00
ATLN,200416L,-51.0,31.5,2004113015,40.0,93.8,997.0,1134,2004-11-30 15:00:00
ATLN,200416L,-51.0,31.7,2004113018,40.0,87.5,997.0,1135,2004-11-30 18:00:00
ATLN,200416L,-50.4,31.6,2004120112,40.0,70.0,997.0,1136,2004-12-01 12:00:00
ATLN,200416L,-50.2,31.3,2004120115,38.0,63.1,997.0,1137,2004-12-01 15:00:00
ATLN,200416L,-50.1,31.0,2004120118,35.0,56.2,997.0,1138,2004-12-01 18:00:00
ATLN,200416L,-50.4,29.1,2004120212,30.0,0.0,995.0,1139,2004-12-02 12:00:00
ATLN,200416L,-50.2,28.8,2004120215,30.0,0.0,996.0,1140,2004-12-02 15:00:00
ATLN,200416L,-50.1,28.5,2004120218,30.0,0.0,996.0,1141,2004-12-02 18:00:00
ATLN,200416L,-50.3,26.5,2004120312,30.0,0.0,1000.0,1142,2004-12-03 12:00:00
ATLN,200416L,-50.5,26.4,2004120315,28.0,0.0,1001.0,1143,2004-12-03 15:00:00
ATLN,200416L,-50.6,26.2,2004120318,25.0,0.0,1002.0,1144,2004-12-03 18:00:00
ATLN,200416L,-50.4,25.0,2004120412,25.0,0.0,1010.0,1145,2004-12-04 12:00:00
ATLN,200416L,-50.6,25.1,2004120415,25.0,0.0,1010.0,1146,2004-12-04 15:00:00
ATLN,200416L,-50.9,25.1,2004120418,25.0,0.0,1011.0,1147,2004-12-04 18:00:00
ATLN,200416L,-51.4,26.1,2004120512,20.0,0.0,1014.0,1148,2004-12-05 12:00:00
WPAC,200416W,130.1,15.4,2004080706,25.0,0.0,1002.0,7378,2004-08-07 06:00:00
WPAC,200416W,130.1,15.8,2004080709,25.0,0.0,1002.0,7379,2004-08-07 09:00:00
WPAC,200416W,130.3,17.6,2004080803,35.0,0.0,997.0,7380,2004-08-08 03:00:00
WPAC,200416W,130.4,17.9,2004080806,35.0,0.0,997.0,7381,2004-08-08 06:00:00
WPAC,200416W,130.4,18.1,2004080809,35.0,0.0,997.0,7382,2004-08-08 09:00:00
WPAC,200416W,130.4,19.5,2004080900,45.0,75.0,991.0,7383,2004-08-09 00:00:00
WPAC,200416W,130.2,19.8,2004080903,48.0,77.5,989.0,7384,2004-08-09 03:00:00
WPAC,200416W,130.0,20.0,2004080906,50.0,80.0,987.0,7385,2004-08-09 06:00:00
WPAC,200416W,129.8,20.2,2004080909,50.0,80.0,987.0,7386,2004-08-09 09:00:00
WPAC,200416W,128.1,21.4,2004081000,55.0,95.0,984.0,7387,2004-08-10 00:00:00
WPAC,200416W,128.1,21.8,2004081003,58.0,95.0,982.0,7388,2004-08-10 03:00:00
WPAC,200416W,128.0,22.1,2004081006,60.0,95.0,980.0,7389,2004-08-10 06:00:00
WPAC,200416W,127.7,22.2,2004081009,63.0,95.0,978.0,7390,2004-08-10 09:00:00
WPAC,200416W,126.2,23.3,2004081100,80.0,100.0,963.0,7391,2004-08-11 00:00:00
WPAC,200416W,125.8,23.6,2004081103,83.0,100.0,961.0,7392,2004-08-11 03:00:00
WPAC,200416W,125.5,23.8,2004081106,85.0,100.0,958.0,7393,2004-08-11 06:00:00
WPAC,200416W,125.2,24.1,2004081109,88.0,100.0,956.0,7394,2004-08-11 09:00:00
WPAC,200416W,123.8,26.4,2004081200,90.0,105.0,954.0,7395,2004-08-12 00:00:00
WPAC,200416W,123.2,26.9,2004081203,90.0,107.5,954.0,7396,2004-08-12 03:00:00
WPAC,200416W,122.6,27.3,2004081206,90.0,110.0,954.0,7397,2004-08-12 06:00:00
WPAC,200416W,121.9,27.6,2004081209,88.0,98.8,956.0,7398,2004-08-12 09:00:00
WPAC,200416W,118.9,28.5,2004081300,60.0,50.0,980.0,7399,2004-08-13 00:00:00
WPAC,200417W,158.1,26.8,2004081100,35.0,0.0,997.0,7400,2004-08-11 00:00:00
WPAC,200417W,158.8,27.4,2004081103,35.0,0.0,997.0,7401,2004-08-11 03:00:00
WPAC,200417W,159.6,28.0,2004081106,35.0,0.0,997.0,7402,2004-08-11 06:00:00
WPAC,200417W,162.8,31.1,2004081121,33.0,0.0,999.0,7403,2004-08-11 21:00:00
WPAC,200417W,163.3,31.7,2004081200,30.0,0.0,1000.0,7404,2004-08-12 00:00:00
WPAC,200417W,164.0,32.0,2004081203,30.0,0.0,1000.0,7405,2004-08-12 03:00:00
WPAC,200417W,164.7,32.4,2004081206,30.0,0.0,1000.0,7406,2004-08-12 06:00:00
WPAC,200417W,169.7,33.3,2004081221,25.0,0.0,1002.0,7407,2004-08-12 21:00:00
WPAC,200417W,170.9,33.5,2004081300,25.0,0.0,1002.0,7408,2004-08-13 00:00:00
WPAC,200417W,172.0,34.1,2004081303,25.0,0.0,1002.0,7409,2004-08-13 03:00:00
WPAC,200417W,173.1,34.8,2004081306,25.0,0.0,1002.0,7410,2004-08-13 06:00:00
WPAC,200418W,142.9,15.3,2004081400,25.0,0.0,1002.0,7411,2004-08-14 00:00:00
WPAC,200418W,142.4,15.8,2004081403,25.0,0.0,1002.0,7412,2004-08-14 03:00:00
WPAC,200418W,141.9,16.3,2004081406,25.0,0.0,1002.0,7413,2004-08-14 06:00:00
WPAC,200418W,137.4,17.4,2004081421,25.0,0.0,1002.0,7414,2004-08-14 21:00:00
WPAC,200418W,135.8,17.9,2004081503,25.0,0.0,1002.0,7415,2004-08-15 03:00:00
WPAC,200418W,135.0,18.1,2004081506,25.0,0.0,1002.0,7416,2004-08-15 06:00:00
WPAC,200418W,134.2,18.1,2004081509,25.0,0.0,1002.0,7417,2004-08-15 09:00:00
WPAC,200418W,131.3,18.3,2004081600,30.0,0.0,998.0,7418,2004-08-16 00:00:00
WPAC,200418W,130.8,18.5,2004081603,33.0,0.0,998.0,7419,2004-08-16 03:00:00
WPAC,200418W,130.3,18.7,2004081606,35.0,0.0,997.0,7420,2004-08-16 06:00:00
WPAC,200418W,129.9,19.4,2004081609,35.0,0.0,997.0,7421,2004-08-16 09:00:00
WPAC,200418W,127.9,23.2,2004081700,45.0,102.5,991.0,7422,2004-08-17 00:00:00
WPAC,200418W,127.5,24.0,2004081703,45.0,102.5,991.0,7423,2004-08-17 03:00:00
WPAC,200418W,127.0,24.8,2004081706,45.0,102.5,991.0,7424,2004-08-17 06:00:00
WPAC,200418W,126.6,25.6,2004081709,50.0,109.4,988.0,7425,2004-08-17 09:00:00
WPAC,200418W,125.0,28.7,2004081800,65.0,118.8,976.0,7426,2004-08-18 00:00:00
WPAC,200418W,125.2,29.4,2004081803,65.0,123.1,976.0,7427,2004-08-18 03:00:00
WPAC,200418W,125.4,30.1,2004081806,65.0,127.5,976.0,7428,2004-08-18 06:00:00
WPAC,200418W,125.9,30.7,2004081809,65.0,123.8,976.0,7429,2004-08-18 09:00:00
WPAC,200418W,129.6,35.5,2004081900,55.0,120.0,984.0,7430,2004-08-19 00:00:00
WPAC,200418W,130.9,36.5,2004081903,55.0,120.0,984.0,7431,2004-08-19 03:00:00
WPAC,200418W,132.3,37.6,2004081906,55.0,120.0,984.0,7432,2004-08-19 06:00:00
WPAC,200418W,133.3,38.6,2004081909,50.0,120.0,988.0,7433,2004-08-19 09:00:00
WPAC,200419W,170.8,9.7,2004081706,15.0,0.0,1006.0,7434,2004-08-17 06:00:00
WPAC,200419W,167.2,10.7,2004081721,20.0,0.0,1004.0,7435,2004-08-17 21:00:00
WPAC,200419W,166.4,10.9,2004081800,20.0,0.0,1004.0,7436,2004-08-18 00:00:00
WPAC,200419W,165.7,11.0,2004081803,23.0,0.0,1003.0,7437,2004-08-18 03:00:00
WPAC,200419W,162.5,12.2,2004081821,30.0,0.0,1000.0,7438,2004-08-18 21:00:00
WPAC,200419W,162.0,12.4,2004081900,30.0,0.0,1000.0,7439,2004-08-19 00:00:00
WPAC,200419W,161.5,12.7,2004081903,35.0,26.2,997.0,7440,2004-08-19 03:00:00
WPAC,200419W,158.4,13.9,2004081921,58.0,75.0,982.0,7441,2004-08-19 21:00:00
WPAC,200419W,157.8,14.1,2004082000,60.0,80.0,980.0,7442,2004-08-20 00:00:00
WPAC,200419W,157.2,14.2,2004082003,60.0,80.0,980.0,7443,2004-08-20 03:00:00
WPAC,200419W,156.7,14.4,2004082006,60.0,80.0,980.0,7444,2004-08-20 06:00:00
WPAC,200419W,153.6,14.4,2004082021,65.0,85.0,976.0,7445,2004-08-20 21:00:00
WPAC,200419W,153.0,14.3,2004082100,65.0,80.0,976.0,7446,2004-08-21 00:00:00
WPAC,200419W,152.3,14.2,2004082103,68.0,98.8,974.0,7447,2004-08-21 03:00:00
WPAC,200419W,151.7,14.2,2004082106,70.0,117.5,972.0,7448,2004-08-21 06:00:00
WPAC,200419W,148.2,14.2,2004082121,93.0,155.0,952.0,7449,2004-08-21 21:00:00
WPAC,200419W,147.5,14.2,2004082200,95.0,170.0,949.0,7450,2004-08-22 00:00:00
WPAC,200419W,146.9,14.2,2004082203,105.0,165.0,938.0,7451,2004-08-22 03:00:00
WPAC,200419W,146.4,14.3,2004082206,115.0,160.0,927.0,7452,2004-08-22 06:00:00
WPAC,200419W,144.1,15.1,2004082221,150.0,190.0,886.0,7453,2004-08-22 21:00:00
WPAC,200419W,143.7,15.2,2004082300,155.0,190.0,879.0,7454,2004-08-23 00:00:00
WPAC,200419W,143.2,15.4,2004082303,155.0,195.0,879.0,7455,2004-08-23 03:00:00
WPAC,200419W,142.8,15.7,2004082306,155.0,200.0,879.0,7456,2004-08-23 06:00:00
WPAC,200419W,142.4,16.0,2004082309,155.0,192.5,879.0,7457,2004-08-23 09:00:00
WPAC,200419W,140.3,17.4,2004082400,155.0,185.0,879.0,7458,2004-08-24 00:00:00
WPAC,200419W,139.9,17.8,2004082403,153.0,185.0,882.0,7459,2004-08-24 03:00:00
WPAC,200419W,139.3,18.5,2004082409,148.0,182.5,889.0,7460,2004-08-24 09:00:00
WPAC,200419W,138.3,20.0,2004082421,153.0,165.0,882.0,7461,2004-08-24 21:00:00
WPAC,200419W,138.1,20.4,2004082500,150.0,165.0,885.0,7462,2004-08-25 00:00:00
WPAC,200419W,137.8,20.8,2004082503,145.0,165.0,892.0,7463,2004-08-25 03:00:00
WPAC,200419W,136.1,23.5,2004082600,130.0,165.0,910.0,7464,2004-08-26 00:00:00
WPAC,200419W,135.9,23.9,2004082603,128.0,165.0,913.0,7465,2004-08-26 03:00:00
WPAC,200419W,135.5,24.5,2004082609,120.0,175.0,922.0,7466,2004-08-26 09:00:00
WPAC,200419W,134.9,25.9,2004082621,110.0,138.8,933.0,7467,2004-08-26 21:00:00
WPAC,200419W,134.8,26.2,2004082700,105.0,137.5,938.0,7468,2004-08-27 00:00:00
WPAC,200419W,134.7,26.4,2004082703,103.0,137.5,941.0,7469,2004-08-27 03:00:00
WPAC,200419W,134.6,26.6,2004082706,100.0,137.5,944.0,7470,2004-08-27 06:00:00
WPAC,200419W,134.4,26.8,2004082709,103.0,148.8,941.0,7471,2004-08-27 09:00:00
WPAC,200419W,133.8,27.3,2004082800,115.0,200.0,927.0,7472,2004-08-28 00:00:00
WPAC,200419W,133.6,27.4,2004082803,115.0,187.5,927.0,7473,2004-08-28 03:00:00
WPAC,200419W,133.4,27.4,2004082806,115.0,175.0,927.0,7474,2004-08-28 06:00:00
WPAC,200419W,133.1,27.5,2004082809,113.0,187.5,930.0,7475,2004-08-28 09:00:00
WPAC,200419W,131.2,28.2,2004082900,105.0,197.5,938.0,7476,2004-08-29 00:00:00
WPAC,200419W,130.8,28.4,2004082903,105.0,191.2,938.0,7477,2004-08-29 03:00:00
WPAC,200419W,130.5,28.7,2004082906,105.0,185.0,938.0,7478,2004-08-29 06:00:00
WPAC,200419W,130.2,29.0,2004082909,100.0,185.0,944.0,7479,2004-08-29 09:00:00
WPAC,200419W,130.2,31.6,2004083000,90.0,167.5,954.0,7480,2004-08-30 00:00:00
WPAC,200419W,130.8,32.5,2004083003,88.0,151.2,956.0,7481,2004-08-30 03:00:00
WPAC,200419W,131.3,33.4,2004083006,85.0,135.0,958.0,7482,2004-08-30 06:00:00
WPAC,200419W,137.4,38.6,2004083021,63.0,122.5,978.0,7483,2004-08-30 21:00:00
WPAC,200419W,139.2,40.1,2004083100,55.0,122.5,984.0,7484,2004-08-31 00:00:00
WPAC,200419W,141.1,41.6,2004083103,53.0,122.5,986.0,7485,2004-08-31 03:00:00
WPAC,200419W,143.1,43.1,2004083106,50.0,122.5,987.0,7486,2004-08-31 06:00:00
WPAC,200420W,144.7,9.2,2004081800,20.0,0.0,1004.0,7487,2004-08-18 00:00:00
WPAC,200420W,143.8,9.6,2004081803,20.0,0.0,1004.0,7488,2004-08-18 03:00:00
WPAC,200420W,142.2,10.2,2004081809,20.0,0.0,1004.0,7489,2004-08-18 09:00:00
WPAC,200420W,139.1,10.8,2004081821,23.0,0.0,1003.0,7490,2004-08-18 21:00:00
WPAC,200420W,138.3,10.9,2004081900,25.0,0.0,1002.0,7491,2004-08-19 00:00:00
WPAC,200420W,137.6,11.1,2004081903,25.0,0.0,1002.0,7492,2004-08-19 03:00:00
WPAC,200420W,135.9,13.7,2004081921,33.0,0.0,999.0,7493,2004-08-19 21:00:00
WPAC,200420W,135.8,14.2,2004082000,35.0,0.0,997.0,7494,2004-08-20 00:00:00
WPAC,200420W,135.9,14.7,2004082003,38.0,20.0,996.0,7495,2004-08-20 03:00:00
WPAC,200420W,135.9,15.2,2004082006,40.0,40.0,994.0,7496,2004-08-20 06:00:00
WPAC,200420W,135.6,15.6,2004082009,43.0,47.5,993.0,7497,2004-08-20 09:00:00
WPAC,200420W,134.2,17.1,2004082021,53.0,60.0,986.0,7498,2004-08-20 21:00:00
WPAC,200420W,133.8,17.5,2004082100,55.0,65.0,984.0,7499,2004-08-21 00:00:00
WPAC,200420W,133.3,17.9,2004082103,55.0,97.5,984.0,7500,2004-08-21 03:00:00
WPAC,200420W,132.8,18.2,2004082106,55.0,130.0,984.0,7501,2004-08-21 06:00:00
WPAC,200420W,132.3,18.5,2004082109,60.0,140.0,980.0,7502,2004-08-21 09:00:00
WPAC,200420W,129.7,20.3,2004082200,65.0,120.0,976.0,7503,2004-08-22 00:00:00
WPAC,200420W,129.2,20.6,2004082203,65.0,130.0,976.0,7504,2004-08-22 03:00:00
WPAC,200420W,128.7,21.0,2004082206,65.0,140.0,976.0,7505,2004-08-22 06:00:00
WPAC,200420W,128.2,21.3,2004082209,65.0,145.0,976.0,7506,2004-08-22 09:00:00
WPAC,200420W,126.2,22.8,2004082300,60.0,130.0,980.0,7507,2004-08-23 00:00:00
WPAC,200420W,125.8,23.1,2004082303,63.0,155.0,978.0,7508,2004-08-23 03:00:00
WPAC,200420W,125.5,23.3,2004082306,65.0,180.0,976.0,7509,2004-08-23 06:00:00
WPAC,200420W,125.2,23.6,2004082309,68.0,180.0,974.0,7510,2004-08-23 09:00:00
WPAC,200420W,124.0,24.9,2004082400,80.0,175.0,963.0,7511,2004-08-24 00:00:00
WPAC,200420W,123.8,25.1,2004082403,80.0,170.6,963.0,7512,2004-08-24 03:00:00
WPAC,200420W,123.5,25.3,2004082406,80.0,166.2,963.0,7513,2004-08-24 06:00:00
WPAC,200420W,123.2,25.4,2004082409,83.0,161.2,961.0,7514,2004-08-24 09:00:00
WPAC,200420W,121.4,25.6,2004082500,90.0,147.5,954.0,7515,2004-08-25 00:00:00
WPAC,200420W,120.9,25.6,2004082503,88.0,145.0,956.0,7516,2004-08-25 03:00:00
WPAC,200420W,120.4,25.6,2004082506,85.0,142.5,958.0,7517,2004-08-25 06:00:00
WPAC,200420W,119.8,25.5,2004082509,80.0,130.0,963.0,7518,2004-08-25 09:00:00
WPAC,200420W,117.2,24.2,2004082600,60.0,117.5,980.0,7519,2004-08-26 00:00:00
WPAC,200420W,116.8,24.0,2004082603,50.0,117.5,987.0,7520,2004-08-26 03:00:00
WPAC,200420W,116.4,23.9,2004082606,40.0,117.5,994.0,7521,2004-08-26 06:00:00
WPAC,200420W,116.0,23.9,2004082609,35.0,58.8,997.0,7522,2004-08-26 09:00:00
WPAC,200421W,152.5,13.3,2004082600,20.0,0.0,1004.0,7523,2004-08-26 00:00:00
WPAC,200421W,152.2,13.4,2004082603,23.0,0.0,1003.0,7524,2004-08-26 03:00:00
WPAC,200421W,150.3,14.1,2004082621,30.0,0.0,1000.0,7525,2004-08-26 21:00:00
WPAC,200421W,150.0,14.2,2004082700,30.0,0.0,1000.0,7526,2004-08-27 00:00:00
WPAC,200421W,149.7,14.4,2004082703,30.0,0.0,1000.0,7527,2004-08-27 03:00:00
WPAC,200421W,149.3,14.6,2004082706,30.0,0.0,1000.0,7528,2004-08-27 06:00:00
WPAC,200421W,146.3,16.0,2004082800,25.0,0.0,1002.0,7529,2004-08-28 00:00:00
WPAC,200421W,145.9,15.9,2004082803,23.0,0.0,1003.0,7530,2004-08-28 03:00:00
WPAC,200421W,145.4,15.9,2004082806,20.0,0.0,1004.0,7531,2004-08-28 06:00:00
WPAC,200422W,170.2,10.8,2004082606,20.0,0.0,1004.0,7532,2004-08-26 06:00:00
WPAC,200422W,168.4,10.5,2004082621,23.0,0.0,1003.0,7533,2004-08-26 21:00:00
WPAC,200422W,168.1,10.4,2004082700,25.0,0.0,1002.0,7534,2004-08-27 00:00:00
WPAC,200422W,167.8,10.6,2004082703,28.0,0.0,1001.0,7535,2004-08-27 03:00:00
WPAC,200422W,165.4,11.2,2004082721,40.0,20.0,997.0,7536,2004-08-27 21:00:00
WPAC,200422W,164.9,11.4,2004082800,45.0,40.0,991.0,7537,2004-08-28 00:00:00
WPAC,200422W,164.4,11.7,2004082803,50.0,57.5,988.0,7538,2004-08-28 03:00:00
WPAC,200422W,163.9,12.0,2004082806,55.0,75.0,984.0,7539,2004-08-28 06:00:00
WPAC,200422W,160.9,13.0,2004082821,58.0,90.0,982.0,7540,2004-08-28 21:00:00
WPAC,200422W,160.2,13.2,2004082900,60.0,90.0,980.0,7541,2004-08-29 00:00:00
WPAC,200422W,159.4,13.4,2004082903,63.0,90.0,978.0,7542,2004-08-29 03:00:00
WPAC,200422W,155.0,14.8,2004082921,73.0,90.0,970.0,7543,2004-08-29 21:00:00
WPAC,200422W,154.3,15.0,2004083000,75.0,90.0,967.0,7544,2004-08-30 00:00:00
WPAC,200422W,153.6,15.2,2004083003,78.0,130.0,965.0,7545,2004-08-30 03:00:00
WPAC,200422W,152.9,15.4,2004083006,80.0,170.0,963.0,7546,2004-08-30 06:00:00
WPAC,200422W,150.0,16.1,2004083021,98.0,158.8,946.0,7547,2004-08-30 21:00:00
WPAC,200422W,149.5,16.3,2004083100,105.0,142.5,938.0,7548,2004-08-31 00:00:00
WPAC,200422W,149.0,16.5,2004083103,113.0,149.4,930.0,7549,2004-08-31 03:00:00
WPAC,200422W,148.5,16.7,2004083106,120.0,156.2,922.0,7550,2004-08-31 06:00:00
WPAC,200422W,146.4,18.2,2004083121,125.0,155.0,916.0,7551,2004-08-31 21:00:00
WPAC,200422W,146.1,18.6,2004090100,125.0,152.5,916.0,7552,2004-09-01 00:00:00
WPAC,200422W,145.6,19.1,2004090103,125.0,136.2,916.0,7553,2004-09-01 03:00:00
WPAC,200422W,145.2,19.7,2004090106,125.0,120.0,916.0,7554,2004-09-01 06:00:00
WPAC,200422W,144.4,19.9,2004090109,125.0,135.0,916.0,7555,2004-09-01 09:00:00
WPAC,200422W,141.7,21.0,2004090121,123.0,150.0,919.0,7556,2004-09-01 21:00:00
WPAC,200422W,140.4,21.4,2004090203,118.0,132.5,925.0,7557,2004-09-02 03:00:00
WPAC,200422W,139.8,21.5,2004090206,115.0,115.0,927.0,7558,2004-09-02 06:00:00
WPAC,200422W,139.2,21.6,2004090209,115.0,122.5,927.0,7559,2004-09-02 09:00:00
WPAC,200422W,136.9,21.9,2004090221,115.0,131.2,927.0,7560,2004-09-02 21:00:00
WPAC,200422W,136.3,22.0,2004090300,115.0,132.5,927.0,7561,2004-09-03 00:00:00
WPAC,200422W,135.2,22.2,2004090306,115.0,137.5,927.0,7562,2004-09-03 06:00:00
WPAC,200422W,134.6,22.2,2004090309,113.0,135.0,930.0,7563,2004-09-03 09:00:00
WPAC,200422W,132.1,23.3,2004090400,115.0,190.0,927.0,7564,2004-09-04 00:00:00
WPAC,200422W,131.6,23.6,2004090403,120.0,185.0,922.0,7565,2004-09-04 03:00:00
WPAC,200422W,131.2,24.0,2004090406,125.0,180.0,916.0,7566,2004-09-04 06:00:00
WPAC,200422W,130.8,24.2,2004090409,125.0,172.5,916.0,7567,2004-09-04 09:00:00
WPAC,200422W,129.0,25.6,2004090500,115.0,157.5,927.0,7568,2004-09-05 00:00:00
WPAC,200422W,128.7,25.9,2004090503,115.0,161.2,927.0,7569,2004-09-05 03:00:00
WPAC,200422W,128.3,26.2,2004090506,115.0,165.0,927.0,7570,2004-09-05 06:00:00
WPAC,200422W,128.1,26.6,2004090509,113.0,165.0,930.0,7571,2004-09-05 09:00:00
WPAC,200422W,127.1,28.4,2004090600,100.0,170.0,944.0,7572,2004-09-06 00:00:00
WPAC,200422W,127.0,28.8,2004090603,98.0,171.2,947.0,7573,2004-09-06 03:00:00
WPAC,200422W,126.9,29.2,2004090606,95.0,172.5,949.0,7574,2004-09-06 06:00:00
WPAC,200422W,127.2,29.6,2004090609,93.0,161.2,952.0,7575,2004-09-06 09:00:00
WPAC,200422W,129.4,32.6,2004090700,90.0,147.5,954.0,7576,2004-09-07 00:00:00
WPAC,200422W,130.8,34.0,2004090703,88.0,143.8,956.0,7577,2004-09-07 03:00:00
WPAC,200422W,132.2,35.3,2004090706,85.0,140.0,958.0,7578,2004-09-07 06:00:00
WPAC,200422W,134.1,37.0,2004090709,78.0,126.9,965.0,7579,2004-09-07 09:00:00
WPAC,200422W,140.2,44.7,2004090800,45.0,113.8,991.0,7580,2004-09-08 00:00:00
WPAC,200423W,152.7,15.8,2004090406,25.0,0.0,1002.0,7581,2004-09-04 06:00:00
WPAC,200423W,149.3,17.1,2004090421,40.0,32.5,994.0,7582,2004-09-04 21:00:00
WPAC,200423W,148.5,17.4,2004090500,45.0,65.0,991.0,7583,2004-09-05 00:00:00
WPAC,200423W,147.8,17.8,2004090503,50.0,66.2,988.0,7584,2004-09-05 03:00:00
WPAC,200423W,142.7,19.4,2004090600,60.0,80.0,980.0,7585,2004-09-06 00:00:00
WPAC,200423W,142.1,19.6,2004090603,60.0,75.0,980.0,7586,2004-09-06 03:00:00
WPAC,200423W,141.5,19.8,2004090606,60.0,70.0,980.0,7587,2004-09-06 06:00:00
WPAC,200423W,140.9,20.1,2004090609,60.0,65.0,980.0,7588,2004-09-06 09:00:00
WPAC,200423W,139.0,21.6,2004090621,53.0,65.0,986.0,7589,2004-09-06 21:00:00
WPAC,200423W,138.7,22.0,2004090700,50.0,65.0,987.0,7590,2004-09-07 00:00:00
WPAC,200423W,138.4,22.5,2004090703,48.0,65.0,989.0,7591,2004-09-07 03:00:00
WPAC,200423W,138.1,23.0,2004090706,45.0,65.0,991.0,7592,2004-09-07 06:00:00
WPAC,200423W,138.0,23.5,2004090709,40.0,51.9,994.0,7593,2004-09-07 09:00:00
WPAC,200423W,137.5,25.5,2004090721,25.0,0.0,1002.0,7594,2004-09-07 21:00:00
WPAC,200423W,137.4,26.0,2004090800,20.0,0.0,1004.0,7595,2004-09-08 00:00:00
WPAC,200423W,137.4,26.5,2004090803,20.0,0.0,1004.0,7596,2004-09-08 03:00:00
WPAC,200423W,137.3,27.0,2004090806,20.0,0.0,1004.0,7597,2004-09-08 06:00:00
WPAC,200424W,120.1,23.0,2004091100,25.0,0.0,1002.0,7598,2004-09-11 00:00:00
WPAC,200424W,120.4,23.0,2004091103,25.0,0.0,1002.0,7599,2004-09-11 03:00:00
WPAC,200424W,120.8,23.0,2004091106,25.0,0.0,1002.0,7600,2004-09-11 06:00:00
WPAC,200424W,121.3,23.2,2004091109,25.0,0.0,1002.0,7601,2004-09-11 09:00:00
WPAC,200424W,122.2,24.8,2004091200,35.0,0.0,997.0,7602,2004-09-12 00:00:00
WPAC,200424W,122.2,25.1,2004091203,33.0,0.0,999.0,7603,2004-09-12 03:00:00
WPAC,200424W,122.2,25.5,2004091206,30.0,0.0,1000.0,7604,2004-09-12 06:00:00
WPAC,200424W,122.2,25.8,2004091209,30.0,0.0,1000.0,7605,2004-09-12 09:00:00
WPAC,200424W,121.6,27.3,2004091300,30.0,0.0,1000.0,7606,2004-09-13 00:00:00
WPAC,200424W,121.2,27.6,2004091303,30.0,0.0,1000.0,7607,2004-09-13 03:00:00
WPAC,200424W,120.9,28.0,2004091306,30.0,0.0,1000.0,7608,2004-09-13 06:00:00
WPAC,200424W,120.5,28.2,2004091309,30.0,0.0,1000.0,7609,2004-09-13 09:00:00
WPAC,200425W,151.0,13.1,2004091821,15.0,0.0,1006.0,7610,2004-09-18 21:00:00
WPAC,200425W,150.2,13.1,2004091900,15.0,0.0,1006.0,7611,2004-09-19 00:00:00
WPAC,200425W,149.4,13.1,2004091903,18.0,0.0,1005.0,7612,2004-09-19 03:00:00
WPAC,200425W,148.6,13.0,2004091906,20.0,0.0,1004.0,7613,2004-09-19 06:00:00
WPAC,200425W,145.5,12.8,2004091921,25.0,0.0,1002.0,7614,2004-09-19 21:00:00
WPAC,200425W,145.1,12.6,2004092000,25.0,0.0,1002.0,7615,2004-09-20 00:00:00
WPAC,200425W,144.7,12.6,2004092003,28.0,0.0,1001.0,7616,2004-09-20 03:00:00
WPAC,200425W,144.3,12.6,2004092006,30.0,0.0,1000.0,7617,2004-09-20 06:00:00
WPAC,200425W,142.2,13.0,2004092021,38.0,22.5,996.0,7618,2004-09-20 21:00:00
WPAC,200425W,141.9,13.2,2004092100,40.0,45.0,994.0,7619,2004-09-21 00:00:00
WPAC,200425W,141.6,13.4,2004092103,43.0,51.2,993.0,7620,2004-09-21 03:00:00
WPAC,200425W,141.3,13.7,2004092106,45.0,57.5,991.0,7621,2004-09-21 06:00:00
WPAC,200425W,141.0,13.9,2004092109,48.0,58.8,989.0,7622,2004-09-21 09:00:00
WPAC,200425W,139.2,15.3,2004092203,58.0,62.5,982.0,7623,2004-09-22 03:00:00
WPAC,200425W,139.0,15.6,2004092206,60.0,62.5,980.0,7624,2004-09-22 06:00:00
WPAC,200425W,138.8,15.9,2004092209,63.0,65.0,978.0,7625,2004-09-22 09:00:00
WPAC,200425W,137.8,16.9,2004092221,70.0,97.5,972.0,7626,2004-09-22 21:00:00
WPAC,200425W,137.2,17.5,2004092303,83.0,105.0,961.0,7627,2004-09-23 03:00:00
WPAC,200425W,136.8,17.8,2004092306,90.0,107.5,954.0,7628,2004-09-23 06:00:00
WPAC,200425W,136.4,18.1,2004092309,95.0,110.0,949.0,7629,2004-09-23 09:00:00
WPAC,200425W,134.6,19.1,2004092321,113.0,121.2,930.0,7630,2004-09-23 21:00:00
WPAC,200425W,134.2,19.4,2004092400,120.0,120.0,922.0,7631,2004-09-24 00:00:00
WPAC,200425W,133.8,19.8,2004092403,123.0,108.1,919.0,7632,2004-09-24 03:00:00
WPAC,200425W,133.3,20.1,2004092406,125.0,96.2,916.0,7633,2004-09-24 06:00:00
WPAC,200425W,130.6,23.0,2004092503,118.0,90.0,925.0,7634,2004-09-25 03:00:00
WPAC,200425W,130.2,23.6,2004092506,115.0,92.5,927.0,7635,2004-09-25 06:00:00
WPAC,200425W,129.6,24.1,2004092509,113.0,88.8,930.0,7636,2004-09-25 09:00:00
WPAC,200425W,126.6,25.6,2004092600,105.0,80.0,938.0,7637,2004-09-26 00:00:00
WPAC,200425W,126.1,25.7,2004092603,103.0,83.8,941.0,7638,2004-09-26 03:00:00
WPAC,200425W,125.6,25.8,2004092606,100.0,87.5,944.0,7639,2004-09-26 06:00:00
WPAC,200425W,125.3,25.8,2004092609,100.0,83.8,944.0,7640,2004-09-26 09:00:00
WPAC,200425W,124.9,26.1,2004092700,105.0,80.0,938.0,7641,2004-09-27 00:00:00
WPAC,200425W,125.0,26.2,2004092703,105.0,86.2,938.0,7642,2004-09-27 03:00:00
WPAC,200425W,125.0,26.4,2004092706,105.0,92.5,938.0,7643,2004-09-27 06:00:00
WPAC,200425W,125.2,26.6,2004092709,98.0,93.8,946.0,7644,2004-09-27 09:00:00
WPAC,200425W,126.5,28.0,2004092800,80.0,67.5,963.0,7645,2004-09-28 00:00:00
WPAC,200425W,126.8,28.5,2004092803,78.0,78.8,965.0,7646,2004-09-28 03:00:00
WPAC,200425W,127.1,29.0,2004092806,75.0,90.0,967.0,7647,2004-09-28 06:00:00
WPAC,200425W,127.5,29.6,2004092809,75.0,95.0,967.0,7648,2004-09-28 09:00:00
WPAC,200425W,131.7,32.4,2004092903,63.0,96.9,978.0,7649,2004-09-29 03:00:00
WPAC,200425W,132.9,32.9,2004092906,60.0,98.8,980.0,7650,2004-09-29 06:00:00
WPAC,200425W,133.9,33.7,2004092909,58.0,97.5,982.0,7651,2004-09-29 09:00:00
WPAC,200425W,142.5,38.5,2004093000,35.0,96.2,997.0,7652,2004-09-30 00:00:00
WPAC,200426W,137.3,14.9,2004100121,15.0,0.0,1006.0,7653,2004-10-01 21:00:00
WPAC,200426W,137.1,15.1,2004100200,15.0,0.0,1006.0,7654,2004-10-02 00:00:00
WPAC,200426W,137.0,15.4,2004100203,15.0,0.0,1006.0,7655,2004-10-02 03:00:00
WPAC,200426W,136.9,15.7,2004100206,15.0,0.0,1006.0,7656,2004-10-02 06:00:00
WPAC,200426W,136.7,15.9,2004100209,15.0,0.0,1006.0,7657,2004-10-02 09:00:00
WPAC,200426W,135.5,16.1,2004100221,15.0,0.0,1006.0,7658,2004-10-02 21:00:00
WPAC,200426W,134.9,16.1,2004100303,15.0,0.0,1006.0,7659,2004-10-03 03:00:00
WPAC,200426W,134.4,16.4,2004100309,18.0,0.0,1005.0,7660,2004-10-03 09:00:00
WPAC,200426W,134.4,16.8,2004100403,33.0,25.0,999.0,7661,2004-10-04 03:00:00
WPAC,200426W,134.3,17.0,2004100406,35.0,50.0,997.0,7662,2004-10-04 06:00:00
WPAC,200426W,134.3,17.2,2004100409,35.0,62.5,997.0,7663,2004-10-04 09:00:00
WPAC,200426W,134.4,18.1,2004100421,35.0,80.0,997.0,7664,2004-10-04 21:00:00
WPAC,200426W,134.4,18.4,2004100500,35.0,80.0,997.0,7665,2004-10-05 00:00:00
WPAC,200426W,134.6,18.7,2004100503,40.0,76.2,994.0,7666,2004-10-05 03:00:00
WPAC,200426W,134.8,19.0,2004100506,45.0,72.5,991.0,7667,2004-10-05 06:00:00
WPAC,200426W,134.7,19.3,2004100509,45.0,77.5,991.0,7668,2004-10-05 09:00:00
WPAC,200426W,133.4,20.5,2004100600,55.0,82.5,984.0,7669,2004-10-06 00:00:00
WPAC,200426W,133.1,20.6,2004100603,60.0,82.5,980.0,7670,2004-10-06 03:00:00
WPAC,200426W,132.7,20.7,2004100606,65.0,82.5,976.0,7671,2004-10-06 06:00:00
WPAC,200426W,132.4,20.9,2004100609,70.0,82.5,972.0,7672,2004-10-06 09:00:00
WPAC,200426W,130.9,21.8,2004100700,80.0,105.0,963.0,7673,2004-10-07 00:00:00
WPAC,200426W,130.8,22.0,2004100703,85.0,112.5,959.0,7674,2004-10-07 03:00:00
WPAC,200426W,130.6,22.2,2004100706,90.0,120.0,954.0,7675,2004-10-07 06:00:00
WPAC,200426W,130.6,22.4,2004100709,103.0,127.5,941.0,7676,2004-10-07 09:00:00
WPAC,200426W,131.4,23.8,2004100800,140.0,100.0,898.0,7677,2004-10-08 00:00:00
WPAC,200426W,131.9,24.5,2004100803,140.0,90.0,898.0,7678,2004-10-08 03:00:00
WPAC,200426W,132.3,25.1,2004100806,140.0,80.0,898.0,7679,2004-10-08 06:00:00
WPAC,200426W,132.8,26.1,2004100809,140.0,86.2,898.0,7680,2004-10-08 09:00:00
WPAC,200426W,136.0,31.6,2004100900,130.0,105.0,910.0,7681,2004-10-09 00:00:00
WPAC,200426W,138.2,34.3,2004100906,105.0,97.5,938.0,7682,2004-10-09 06:00:00
WPAC,200427W,154.8,10.4,2004101100,15.0,0.0,1006.0,7683,2004-10-11 00:00:00
WPAC,200427W,154.2,10.9,2004101103,15.0,0.0,1006.0,7684,2004-10-11 03:00:00
WPAC,200427W,153.7,11.4,2004101106,15.0,0.0,1006.0,7685,2004-10-11 06:00:00
WPAC,200427W,151.0,12.2,2004101121,25.0,0.0,1002.0,7686,2004-10-11 21:00:00
WPAC,200427W,150.5,12.3,2004101200,25.0,0.0,1002.0,7687,2004-10-12 00:00:00
WPAC,200427W,149.9,12.7,2004101203,25.0,0.0,1002.0,7688,2004-10-12 03:00:00
WPAC,200427W,149.4,13.0,2004101206,25.0,0.0,1002.0,7689,2004-10-12 06:00:00
WPAC,200427W,144.7,14.2,2004101221,40.0,61.2,994.0,7690,2004-10-12 21:00:00
WPAC,200427W,143.8,14.3,2004101300,45.0,122.5,991.0,7691,2004-10-13 00:00:00
WPAC,200427W,142.9,14.2,2004101303,50.0,121.2,988.0,7692,2004-10-13 03:00:00
WPAC,200427W,142.0,14.2,2004101306,55.0,120.0,984.0,7693,2004-10-13 06:00:00
WPAC,200427W,138.1,13.6,2004101400,75.0,157.5,967.0,7694,2004-10-14 00:00:00
WPAC,200427W,137.8,13.7,2004101403,78.0,157.5,965.0,7695,2004-10-14 03:00:00
WPAC,200427W,137.4,13.8,2004101406,80.0,157.5,963.0,7696,2004-10-14 06:00:00
WPAC,200427W,137.0,13.9,2004101409,83.0,154.4,961.0,7697,2004-10-14 09:00:00
WPAC,200427W,135.8,14.5,2004101421,95.0,161.9,949.0,7698,2004-10-14 21:00:00
WPAC,200427W,135.5,14.7,2004101500,100.0,163.8,944.0,7699,2004-10-15 00:00:00
WPAC,200427W,135.2,14.9,2004101503,100.0,163.8,944.0,7700,2004-10-15 03:00:00
WPAC,200427W,135.0,15.1,2004101506,100.0,163.8,944.0,7701,2004-10-15 06:00:00
WPAC,200427W,134.7,15.3,2004101509,100.0,160.0,944.0,7702,2004-10-15 09:00:00
WPAC,200427W,134.1,16.5,2004101521,103.0,148.8,941.0,7703,2004-10-15 21:00:00
WPAC,200427W,134.1,16.8,2004101600,105.0,147.5,938.0,7704,2004-10-16 00:00:00
WPAC,200427W,134.1,17.2,2004101603,108.0,151.2,936.0,7705,2004-10-16 03:00:00
WPAC,200427W,134.0,17.7,2004101606,110.0,155.0,933.0,7706,2004-10-16 06:00:00
WPAC,200427W,131.8,19.4,2004101700,125.0,185.0,916.0,7707,2004-10-17 00:00:00
WPAC,200427W,130.9,19.7,2004101706,120.0,185.0,922.0,7708,2004-10-17 06:00:00
WPAC,200427W,130.4,19.9,2004101709,118.0,185.0,925.0,7709,2004-10-17 09:00:00
WPAC,200427W,128.2,21.7,2004101800,105.0,200.0,938.0,7710,2004-10-18 00:00:00
WPAC,200427W,127.8,21.9,2004101803,100.0,188.8,944.0,7711,2004-10-18 03:00:00
WPAC,200427W,127.4,22.2,2004101806,95.0,177.5,949.0,7712,2004-10-18 06:00:00
WPAC,200427W,127.2,22.6,2004101809,95.0,165.0,949.0,7713,2004-10-18 09:00:00
WPAC,200427W,127.2,24.8,2004101900,80.0,162.5,963.0,7714,2004-10-19 00:00:00
WPAC,200427W,127.6,25.4,2004101903,80.0,160.0,963.0,7715,2004-10-19 03:00:00
WPAC,200427W,128.0,26.0,2004101906,80.0,157.5,963.0,7716,2004-10-19 06:00:00
WPAC,200427W,128.4,26.7,2004101909,75.0,157.5,968.0,7717,2004-10-19 09:00:00
WPAC,200427W,131.8,31.1,2004102000,65.0,140.0,976.0,7718,2004-10-20 00:00:00
WPAC,200427W,132.7,32.2,2004102003,60.0,136.2,980.0,7719,2004-10-20 03:00:00
WPAC,200427W,133.5,33.2,2004102006,55.0,132.5,984.0,7720,2004-10-20 06:00:00
WPAC,200428W,162.4,9.2,2004101400,25.0,0.0,1002.0,7721,2004-10-14 00:00:00
WPAC,200428W,161.9,9.6,2004101403,28.0,0.0,1001.0,7722,2004-10-14 03:00:00
WPAC,200428W,161.4,10.1,2004101406,30.0,0.0,1000.0,7723,2004-10-14 06:00:00
WPAC,200428W,160.1,11.3,2004101421,30.0,0.0,1000.0,7724,2004-10-14 21:00:00
WPAC,200428W,159.8,11.6,2004101503,30.0,0.0,1000.0,7725,2004-10-15 03:00:00
WPAC,200428W,159.5,11.5,2004101506,30.0,0.0,1000.0,7726,2004-10-15 06:00:00
WPAC,200428W,157.8,11.1,2004101521,30.0,0.0,1000.0,7727,2004-10-15 21:00:00
WPAC,200428W,157.4,11.1,2004101600,30.0,0.0,1000.0,7728,2004-10-16 00:00:00
WPAC,200428W,156.9,11.1,2004101603,33.0,0.0,999.0,7729,2004-10-16 03:00:00
WPAC,200428W,156.5,11.0,2004101606,35.0,0.0,997.0,7730,2004-10-16 06:00:00
WPAC,200428W,154.7,10.8,2004101621,48.0,95.0,989.0,7731,2004-10-16 21:00:00
WPAC,200428W,154.4,10.8,2004101700,50.0,110.0,987.0,7732,2004-10-17 00:00:00
WPAC,200428W,154.2,10.8,2004101703,53.0,110.0,986.0,7733,2004-10-17 03:00:00
WPAC,200428W,153.9,10.8,2004101706,55.0,110.0,984.0,7734,2004-10-17 06:00:00
WPAC,200428W,152.6,10.4,2004101721,65.0,128.8,976.0,7735,2004-10-17 21:00:00
WPAC,200428W,152.3,10.4,2004101800,65.0,130.0,976.0,7736,2004-10-18 00:00:00
WPAC,200428W,151.7,10.2,2004101806,70.0,127.5,972.0,7737,2004-10-18 06:00:00
WPAC,200428W,149.2,9.8,2004101821,83.0,122.5,961.0,7738,2004-10-18 21:00:00
WPAC,200428W,148.6,9.7,2004101900,85.0,122.5,958.0,7739,2004-10-19 00:00:00
WPAC,200428W,148.2,9.7,2004101903,88.0,140.0,956.0,7740,2004-10-19 03:00:00
WPAC,200428W,147.8,9.7,2004101906,90.0,157.5,954.0,7741,2004-10-19 06:00:00
WPAC,200428W,145.6,10.4,2004101921,93.0,127.5,952.0,7742,2004-10-19 21:00:00
WPAC,200428W,145.1,10.7,2004102000,95.0,127.5,949.0,7743,2004-10-20 00:00:00
WPAC,200428W,144.6,11.1,2004102003,95.0,128.8,949.0,7744,2004-10-20 03:00:00
WPAC,200428W,144.1,11.6,2004102006,95.0,130.0,949.0,7745,2004-10-20 06:00:00
WPAC,200428W,141.1,13.1,2004102021,95.0,96.2,949.0,7746,2004-10-20 21:00:00
WPAC,200428W,140.6,13.4,2004102100,95.0,97.5,949.0,7747,2004-10-21 00:00:00
WPAC,200428W,140.0,13.6,2004102103,95.0,106.2,949.0,7748,2004-10-21 03:00:00
WPAC,200428W,139.4,13.7,2004102106,95.0,115.0,949.0,7749,2004-10-21 06:00:00
WPAC,200428W,136.9,15.0,2004102121,95.0,120.0,949.0,7750,2004-10-21 21:00:00
WPAC,200428W,136.5,15.3,2004102200,95.0,97.5,949.0,7751,2004-10-22 00:00:00
WPAC,200428W,136.1,15.6,2004102203,98.0,113.8,947.0,7752,2004-10-22 03:00:00
WPAC,200428W,135.6,15.9,2004102206,100.0,130.0,944.0,7753,2004-10-22 06:00:00
WPAC,200428W,135.1,16.1,2004102209,100.0,120.0,944.0,7754,2004-10-22 09:00:00
WPAC,200428W,133.1,17.1,2004102221,105.0,106.2,939.0,7755,2004-10-22 21:00:00
WPAC,200428W,130.9,18.0,2004102306,110.0,106.2,933.0,7756,2004-10-23 06:00:00
WPAC,200428W,130.1,18.3,2004102309,110.0,105.6,933.0,7757,2004-10-23 09:00:00
WPAC,200428W,126.0,20.0,2004102400,110.0,107.5,933.0,7758,2004-10-24 00:00:00
WPAC,200428W,125.2,20.4,2004102403,110.0,107.5,933.0,7759,2004-10-24 03:00:00
WPAC,200428W,124.5,20.7,2004102406,110.0,107.5,933.0,7760,2004-10-24 06:00:00
WPAC,200428W,123.8,21.2,2004102409,110.0,110.0,933.0,7761,2004-10-24 09:00:00
WPAC,200428W,122.3,24.2,2004102500,100.0,102.5,944.0,7762,2004-10-25 00:00:00
WPAC,200428W,122.1,24.8,2004102503,95.0,95.6,949.0,7763,2004-10-25 03:00:00
WPAC,200428W,121.9,25.4,2004102506,90.0,88.8,954.0,7764,2004-10-25 06:00:00
WPAC,200428W,122.2,26.0,2004102509,83.0,86.2,961.0,7765,2004-10-25 09:00:00
WPAC,200428W,126.1,28.4,2004102600,60.0,91.2,980.0,7766,2004-10-26 00:00:00
WPAC,200428W,127.8,28.8,2004102603,53.0,85.6,986.0,7767,2004-10-26 03:00:00
WPAC,200428W,129.5,29.1,2004102606,45.0,80.0,991.0,7768,2004-10-26 06:00:00
WPAC,200428W,131.2,29.4,2004102609,45.0,70.0,991.0,7769,2004-10-26 09:00:00
WPAC,200429W,131.8,11.1,2004111400,30.0,0.0,1000.0,7770,2004-11-14 00:00:00
WPAC,200429W,130.9,11.1,2004111403,30.0,0.0,1000.0,7771,2004-11-14 03:00:00
WPAC,200429W,130.1,11.2,2004111406,30.0,0.0,1000.0,7772,2004-11-14 06:00:00
WPAC,200429W,129.3,11.3,2004111409,33.0,0.0,999.0,7773,2004-11-14 09:00:00
WPAC,200429W,127.0,12.2,2004111500,35.0,0.0,997.0,7774,2004-11-15 00:00:00
WPAC,200429W,127.0,12.6,2004111503,35.0,0.0,997.0,7775,2004-11-15 03:00:00
WPAC,200429W,127.1,13.0,2004111506,35.0,0.0,997.0,7776,2004-11-15 06:00:00
WPAC,200429W,126.8,13.2,2004111509,35.0,0.0,997.0,7777,2004-11-15 09:00:00
WPAC,200429W,125.7,14.5,2004111600,40.0,80.0,994.0,7778,2004-11-16 00:00:00
WPAC,200429W,125.3,14.5,2004111603,43.0,89.4,993.0,7779,2004-11-16 03:00:00
WPAC,200429W,124.9,14.5,2004111606,45.0,98.8,991.0,7780,2004-11-16 06:00:00
WPAC,200429W,124.6,14.5,2004111609,50.0,98.8,988.0,7781,2004-11-16 09:00:00
WPAC,200429W,123.6,14.6,2004111700,60.0,117.5,980.0,7782,2004-11-17 00:00:00
WPAC,200429W,123.6,14.7,2004111703,63.0,116.2,978.0,7783,2004-11-17 03:00:00
WPAC,200429W,123.6,14.8,2004111706,65.0,115.0,976.0,7784,2004-11-17 06:00:00
WPAC,200429W,123.7,15.0,2004111709,70.0,115.0,972.0,7785,2004-11-17 09:00:00
WPAC,200429W,123.8,15.7,2004111800,105.0,83.8,938.0,7786,2004-11-18 00:00:00
WPAC,200429W,123.8,15.8,2004111803,110.0,86.9,933.0,7787,2004-11-18 03:00:00
WPAC,200429W,123.9,15.9,2004111806,115.0,90.0,927.0,7788,2004-11-18 06:00:00
WPAC,200429W,124.1,15.9,2004111809,115.0,91.2,927.0,7789,2004-11-18 09:00:00
WPAC,200429W,124.2,15.2,2004111900,105.0,58.8,938.0,7790,2004-11-19 00:00:00
WPAC,200429W,124.2,14.9,2004111903,98.0,66.9,946.0,7791,2004-11-19 03:00:00
WPAC,200429W,124.1,14.7,2004111906,90.0,75.0,954.0,7792,2004-11-19 06:00:00
WPAC,200429W,123.9,14.4,2004111909,88.0,76.2,956.0,7793,2004-11-19 09:00:00
WPAC,200429W,121.6,12.8,2004112000,75.0,73.8,967.0,7794,2004-11-20 00:00:00
WPAC,200429W,120.9,12.7,2004112003,70.0,73.8,972.0,7795,2004-11-20 03:00:00
WPAC,200429W,120.3,12.5,2004112006,65.0,73.8,976.0,7796,2004-11-20 06:00:00
WPAC,200429W,119.8,12.4,2004112009,63.0,68.1,978.0,7797,2004-11-20 09:00:00
WPAC,200429W,117.2,11.9,2004112100,65.0,68.8,976.0,7798,2004-11-21 00:00:00
WPAC,200429W,116.7,11.9,2004112103,68.0,75.6,974.0,7799,2004-11-21 03:00:00
WPAC,200429W,116.1,11.9,2004112106,70.0,82.5,972.0,7800,2004-11-21 06:00:00
WPAC,200429W,115.7,11.9,2004112109,75.0,82.5,968.0,7801,2004-11-21 09:00:00
WPAC,200429W,113.6,11.4,2004112200,85.0,82.5,958.0,7802,2004-11-22 00:00:00
WPAC,200429W,113.3,11.2,2004112203,85.0,75.0,958.0,7803,2004-11-22 03:00:00
WPAC,200429W,113.1,11.1,2004112206,85.0,67.5,958.0,7804,2004-11-22 06:00:00
WPAC,200429W,112.8,10.9,2004112209,80.0,66.2,963.0,7805,2004-11-22 09:00:00
WPAC,200429W,111.7,10.1,2004112300,65.0,65.0,976.0,7806,2004-11-23 00:00:00
WPAC,200429W,111.4,10.0,2004112303,65.0,62.5,976.0,7807,2004-11-23 03:00:00
WPAC,200429W,111.1,9.9,2004112306,65.0,60.0,976.0,7808,2004-11-23 06:00:00
WPAC,200429W,110.8,9.8,2004112309,63.0,59.4,978.0,7809,2004-11-23 09:00:00
WPAC,200429W,109.7,9.1,2004112400,55.0,57.5,984.0,7810,2004-11-24 00:00:00
WPAC,200429W,109.2,8.9,2004112403,53.0,61.2,986.0,7811,2004-11-24 03:00:00
WPAC,200429W,108.8,8.8,2004112406,50.0,65.0,987.0,7812,2004-11-24 06:00:00
WPAC,200429W,108.1,8.7,2004112409,45.0,60.0,991.0,7813,2004-11-24 09:00:00
WPAC,200429W,103.6,8.7,2004112500,40.0,50.0,994.0,7814,2004-11-25 00:00:00
WPAC,200429W,102.7,8.7,2004112503,38.0,51.2,996.0,7815,2004-11-25 03:00:00
WPAC,200429W,101.7,8.7,2004112506,35.0,52.5,997.0,7816,2004-11-25 06:00:00
WPAC,200429W,101.1,8.8,2004112509,33.0,26.2,999.0,7817,2004-11-25 09:00:00
WPAC,200429W,99.9,11.3,2004112600,25.0,0.0,1002.0,7818,2004-11-26 00:00:00
WPAC,200430W,151.8,5.6,2004112806,25.0,0.0,1002.0,7819,2004-11-28 06:00:00
WPAC,200430W,148.5,6.2,2004112821,33.0,0.0,999.0,7820,2004-11-28 21:00:00
WPAC,200430W,147.8,6.3,2004112900,35.0,0.0,997.0,7821,2004-11-29 00:00:00
WPAC,200430W,146.9,6.6,2004112903,45.0,35.0,991.0,7822,2004-11-29 03:00:00
WPAC,200430W,146.0,6.9,2004112906,55.0,70.0,984.0,7823,2004-11-29 06:00:00
WPAC,200430W,141.8,8.1,2004112921,75.0,115.6,967.0,7824,2004-11-29 21:00:00
WPAC,200430W,141.0,8.5,2004113000,75.0,127.5,967.0,7825,2004-11-30 00:00:00
WPAC,200430W,139.1,9.3,2004113006,80.0,143.8,963.0,7826,2004-11-30 06:00:00
WPAC,200430W,132.8,11.6,2004120100,105.0,146.2,938.0,7827,2004-12-01 00:00:00
WPAC,200430W,131.8,11.9,2004120103,110.0,146.2,933.0,7828,2004-12-01 03:00:00
WPAC,200430W,130.7,12.3,2004120106,115.0,146.2,927.0,7829,2004-12-01 06:00:00
WPAC,200430W,129.6,12.7,2004120109,120.0,145.6,922.0,7830,2004-12-01 09:00:00
WPAC,200430W,125.0,14.3,2004120200,130.0,255.0,910.0,7831,2004-12-02 00:00:00
WPAC,200430W,124.2,14.6,2004120203,125.0,226.2,916.0,7832,2004-12-02 03:00:00
WPAC,200430W,123.4,14.9,2004120206,120.0,197.5,922.0,7833,2004-12-02 06:00:00
WPAC,200430W,122.7,15.4,2004120209,118.0,193.8,925.0,7834,2004-12-02 09:00:00
WPAC,200430W,119.0,17.9,2004120300,95.0,180.0,949.0,7835,2004-12-03 00:00:00
WPAC,200430W,118.8,18.6,2004120303,85.0,167.5,958.0,7836,2004-12-03 03:00:00
WPAC,200430W,118.5,19.3,2004120306,75.0,155.0,967.0,7837,2004-12-03 06:00:00
WPAC,200430W,118.4,19.8,2004120309,70.0,137.5,972.0,7838,2004-12-03 09:00:00
WPAC,200430W,120.2,22.4,2004120400,45.0,113.8,991.0,7839,2004-12-04 00:00:00
WPAC,200431W,175.7,5.9,2004120906,20.0,0.0,1005.0,7840,2004-12-09 06:00:00
WPAC,200431W,172.2,7.2,2004120921,28.0,0.0,1001.0,7841,2004-12-09 21:00:00
WPAC,200431W,171.5,7.7,2004121000,30.0,0.0,1000.0,7842,2004-12-10 00:00:00
WPAC,200431W,170.6,8.1,2004121003,30.0,0.0,1000.0,7843,2004-12-10 03:00:00
WPAC,200431W,169.7,8.4,2004121006,30.0,0.0,1000.0,7844,2004-12-10 06:00:00
WPAC,200431W,164.9,8.5,2004121021,40.0,22.5,994.0,7845,2004-12-10 21:00:00
WPAC,200431W,163.9,8.6,2004121100,45.0,45.0,991.0,7846,2004-12-11 00:00:00
WPAC,200431W,162.9,8.8,2004121103,45.0,57.5,991.0,7847,2004-12-11 03:00:00
WPAC,200431W,161.9,9.1,2004121106,45.0,70.0,991.0,7848,2004-12-11 06:00:00
WPAC,200431W,155.3,10.0,2004121200,50.0,78.8,987.0,7849,2004-12-12 00:00:00
WPAC,200431W,154.2,9.9,2004121203,50.0,78.8,987.0,7850,2004-12-12 03:00:00
WPAC,200431W,153.2,9.9,2004121206,50.0,78.8,987.0,7851,2004-12-12 06:00:00
WPAC,200431W,147.2,10.1,2004121300,45.0,75.0,991.0,7852,2004-12-13 00:00:00
WPAC,200431W,146.3,10.2,2004121303,45.0,80.0,991.0,7853,2004-12-13 03:00:00
WPAC,200431W,145.5,10.3,2004121306,45.0,85.0,991.0,7854,2004-12-13 06:00:00
WPAC,200431W,141.6,11.2,2004121321,43.0,76.2,993.0,7855,2004-12-13 21:00:00
WPAC,200431W,140.8,11.3,2004121400,40.0,77.5,994.0,7856,2004-12-14 00:00:00
WPAC,200431W,140.1,11.4,2004121403,40.0,77.5,994.0,7857,2004-12-14 03:00:00
WPAC,200431W,139.3,11.6,2004121406,40.0,77.5,994.0,7858,2004-12-14 06:00:00
WPAC,200431W,136.2,11.4,2004121500,35.0,67.5,997.0,7859,2004-12-15 00:00:00
WPAC,200431W,135.8,11.6,2004121503,35.0,67.5,997.0,7860,2004-12-15 03:00:00
WPAC,200431W,135.4,11.7,2004121506,35.0,67.5,997.0,7861,2004-12-15 06:00:00
WPAC,200431W,135.0,11.8,2004121509,33.0,33.8,999.0,7862,2004-12-15 09:00:00
WPAC,200431W,132.8,12.1,2004121603,30.0,0.0,1000.0,7863,2004-12-16 03:00:00
WPAC,200431W,132.5,12.1,2004121606,30.0,0.0,1000.0,7864,2004-12-16 06:00:00
WPAC,200431W,131.4,13.2,2004121700,35.0,0.0,997.0,7865,2004-12-17 00:00:00
WPAC,200431W,131.4,13.4,2004121703,40.0,22.5,994.0,7866,2004-12-17 03:00:00
WPAC,200431W,131.4,13.9,2004121709,45.0,45.0,991.0,7867,2004-12-17 09:00:00
WPAC,200431W,131.4,14.9,2004121803,38.0,50.0,996.0,7868,2004-12-18 03:00:00
WPAC,200431W,130.9,15.2,2004121806,35.0,50.0,997.0,7869,2004-12-18 06:00:00
WPAC,200431W,131.3,17.8,2004121900,35.0,50.0,997.0,7870,2004-12-19 00:00:00
WPAC,200431W,131.0,18.1,2004121903,33.0,25.0,999.0,7871,2004-12-19 03:00:00
WPAC,200431W,130.7,18.4,2004121906,30.0,0.0,1000.0,7872,2004-12-19 06:00:00
WPAC,200431W,130.6,18.8,2004121909,28.0,0.0,1001.0,7873,2004-12-19 09:00:00
WPAC,200431W,131.5,19.9,2004122000,20.0,0.0,1004.0,7874,2004-12-20 00:00:00
WPAC,200432W,154.0,11.1,2004121700,20.0,0.0,1004.0,7875,2004-12-17 00:00:00
WPAC,200432W,153.8,11.6,2004121703,20.0,0.0,1004.0,7876,2004-12-17 03:00:00
WPAC,200432W,151.5,13.3,2004121721,30.0,0.0,1000.0,7877,2004-12-17 21:00:00
WPAC,200432W,150.6,13.4,2004121803,33.0,0.0,999.0,7878,2004-12-18 03:00:00
WPAC,200432W,150.1,13.4,2004121806,35.0,0.0,997.0,7879,2004-12-18 06:00:00
WPAC,200432W,147.7,13.3,2004121900,35.0,0.0,997.0,7880,2004-12-19 00:00:00
WPAC,200432W,147.4,13.7,2004121903,35.0,0.0,997.0,7881,2004-12-19 03:00:00
WPAC,200432W,147.2,14.0,2004121906,35.0,0.0,997.0,7882,2004-12-19 06:00:00
WPAC,200432W,146.4,17.1,2004121921,53.0,61.2,986.0,7883,2004-12-19 21:00:00
WPAC,200432W,146.4,17.6,2004122000,55.0,72.5,984.0,7884,2004-12-20 00:00:00
WPAC,200432W,146.4,18.1,2004122003,55.0,71.2,984.0,7885,2004-12-20 03:00:00
WPAC,200432W,146.5,18.7,2004122006,55.0,70.0,984.0,7886,2004-12-20 06:00:00
WPAC,200432W,149.1,22.2,2004122021,53.0,75.0,986.0,7887,2004-12-20 21:00:00
WPAC,200432W,151.4,23.8,2004122103,50.0,76.2,987.0,7888,2004-12-21 03:00:00
WPAC,200432W,152.7,24.5,2004122106,50.0,75.0,987.0,7889,2004-12-21 06:00:00
WPAC,200432W,159.4,26.6,2004122121,30.0,0.0,1000.0,7890,2004-12-21 21:00:00
WPAC,200432W,160.9,26.8,2004122200,30.0,0.0,1000.0,7891,2004-12-22 00:00:00
EPAC,200501E,-95.2,9.8,2005051718,30.0,0.0,1005.0,4379,2005-05-17 18:00:00
EPAC,200501E,-95.1,9.9,2005051721,32.0,20.0,1004.0,4380,2005-05-17 21:00:00
EPAC,200501E,-94.9,10.1,2005051800,35.0,40.0,1004.0,4381,2005-05-18 00:00:00
EPAC,200501E,-93.6,10.7,2005051812,45.0,40.0,1000.0,4382,2005-05-18 12:00:00
EPAC,200501E,-93.2,10.8,2005051815,48.0,42.5,998.0,4383,2005-05-18 15:00:00
EPAC,200501E,-92.9,10.8,2005051818,50.0,45.0,997.0,4384,2005-05-18 18:00:00
EPAC,200501E,-92.6,10.9,2005051821,50.0,42.5,997.0,4385,2005-05-18 21:00:00
EPAC,200501E,-92.3,11.0,2005051900,50.0,40.0,997.0,4386,2005-05-19 00:00:00
EPAC,200501E,-91.2,12.1,2005051912,60.0,45.0,990.0,4387,2005-05-19 12:00:00
EPAC,200501E,-90.9,12.3,2005051915,65.0,48.8,986.0,4388,2005-05-19 15:00:00
EPAC,200501E,-90.6,12.5,2005051918,70.0,52.5,983.0,4389,2005-05-19 18:00:00
EPAC,200501E,-90.2,12.6,2005051921,65.0,52.5,986.0,4390,2005-05-19 21:00:00
EPAC,200501E,-89.9,12.6,2005052000,60.0,52.5,990.0,4391,2005-05-20 00:00:00
EPAC,200501E,-88.5,12.7,2005052012,35.0,32.5,1003.0,4392,2005-05-20 12:00:00
EPAC,200501E,-88.2,12.8,2005052015,30.0,16.2,1004.0,4393,2005-05-20 15:00:00
EPAC,200501E,-87.9,13.0,2005052018,25.0,0.0,1006.0,4394,2005-05-20 18:00:00
EPAC,200501E,-87.7,13.2,2005052021,22.0,0.0,1007.0,4395,2005-05-20 21:00:00
EPAC,200501E,-87.4,13.4,2005052100,20.0,0.0,1008.0,4396,2005-05-21 00:00:00
ATLN,200501L,-84.0,16.9,2005060818,25.0,0.0,1004.0,1149,2005-06-08 18:00:00
ATLN,200501L,-84.0,17.1,2005060821,28.0,0.0,1004.0,1150,2005-06-08 21:00:00
ATLN,200501L,-83.9,17.4,2005060900,30.0,0.0,1003.0,1151,2005-06-09 00:00:00
ATLN,200501L,-84.0,19.0,2005060912,35.0,32.5,1002.0,1152,2005-06-09 12:00:00
ATLN,200501L,-84.0,19.4,2005060915,35.0,31.2,1002.0,1153,2005-06-09 15:00:00
ATLN,200501L,-84.1,19.7,2005060918,35.0,30.0,1002.0,1154,2005-06-09 18:00:00
ATLN,200501L,-84.2,20.0,2005060921,38.0,27.5,1002.0,1155,2005-06-09 21:00:00
ATLN,200501L,-84.2,20.4,2005061000,40.0,25.0,1001.0,1156,2005-06-10 00:00:00
ATLN,200501L,-84.9,23.9,2005061015,52.0,61.2,998.0,1157,2005-06-10 15:00:00
ATLN,200501L,-85.1,24.9,2005061018,55.0,67.5,995.0,1158,2005-06-10 18:00:00
ATLN,200501L,-85.3,25.7,2005061021,58.0,75.6,992.0,1159,2005-06-10 21:00:00
ATLN,200501L,-85.6,26.5,2005061100,60.0,83.8,990.0,1160,2005-06-11 00:00:00
ATLN,200501L,-87.3,29.5,2005061115,52.0,56.9,990.0,1161,2005-06-11 15:00:00
ATLN,200501L,-87.5,30.1,2005061118,50.0,32.5,991.0,1162,2005-06-11 18:00:00
ATLN,200501L,-87.5,30.8,2005061121,40.0,16.2,992.0,1163,2005-06-11 21:00:00
ATLN,200501L,-87.6,31.4,2005061200,30.0,0.0,994.0,1164,2005-06-12 00:00:00
ATLN,200501L,-88.0,35.0,2005061212,20.0,0.0,1003.0,1165,2005-06-12 12:00:00
ATLN,200501L,-87.9,36.0,2005061215,20.0,0.0,1004.0,1166,2005-06-12 15:00:00
ATLN,200501L,-87.8,37.0,2005061218,20.0,0.0,1005.0,1167,2005-06-12 18:00:00
ATLN,200501L,-87.7,37.8,2005061221,20.0,0.0,1006.0,1168,2005-06-12 21:00:00
ATLN,200501L,-87.5,38.5,2005061300,20.0,0.0,1006.0,1169,2005-06-13 00:00:00
ATLN,200501L,-85.0,42.0,2005061312,20.0,0.0,1005.0,1170,2005-06-13 12:00:00
ATLN,200501L,-84.5,42.5,2005061315,20.0,0.0,1005.0,1171,2005-06-13 15:00:00
ATLN,200501L,-84.0,43.0,2005061318,20.0,0.0,1005.0,1172,2005-06-13 18:00:00
ATLN,200501L,-82.5,43.4,2005061321,20.0,0.0,1004.0,1173,2005-06-13 21:00:00
ATLN,200501L,-81.1,43.7,2005061400,20.0,0.0,1003.0,1174,2005-06-14 00:00:00
WPAC,200501W,152.1,5.2,2005011306,15.0,0.0,1006.0,7892,2005-01-13 06:00:00
WPAC,200501W,148.8,5.1,2005011400,25.0,0.0,1002.0,7893,2005-01-14 00:00:00
WPAC,200501W,148.4,5.2,2005011403,28.0,0.0,1001.0,7894,2005-01-14 03:00:00
WPAC,200501W,147.9,5.4,2005011406,30.0,0.0,1000.0,7895,2005-01-14 06:00:00
WPAC,200501W,147.4,6.9,2005011421,35.0,0.0,997.0,7896,2005-01-14 21:00:00
WPAC,200501W,147.5,7.3,2005011500,35.0,0.0,997.0,7897,2005-01-15 00:00:00
WPAC,200501W,147.5,7.8,2005011503,38.0,32.5,996.0,7898,2005-01-15 03:00:00
WPAC,200501W,147.0,10.9,2005011521,45.0,65.0,991.0,7899,2005-01-15 21:00:00
WPAC,200501W,146.9,11.4,2005011600,45.0,70.0,991.0,7900,2005-01-16 00:00:00
WPAC,200501W,146.9,11.8,2005011603,45.0,70.0,991.0,7901,2005-01-16 03:00:00
WPAC,200501W,146.9,12.2,2005011606,45.0,70.0,991.0,7902,2005-01-16 06:00:00
WPAC,200501W,147.7,13.9,2005011621,45.0,67.5,991.0,7903,2005-01-16 21:00:00
WPAC,200501W,147.9,14.3,2005011700,45.0,65.0,991.0,7904,2005-01-17 00:00:00
WPAC,200501W,148.4,14.6,2005011703,50.0,65.0,988.0,7905,2005-01-17 03:00:00
WPAC,200501W,148.8,14.9,2005011706,55.0,65.0,984.0,7906,2005-01-17 06:00:00
WPAC,200501W,151.2,16.6,2005011721,65.0,67.5,976.0,7907,2005-01-17 21:00:00
WPAC,200501W,151.7,16.9,2005011800,65.0,65.0,976.0,7908,2005-01-18 00:00:00
WPAC,200501W,152.7,17.4,2005011806,60.0,57.5,980.0,7909,2005-01-18 06:00:00
EPAC,200502E,-101.7,13.6,2005062118,25.0,0.0,1006.0,4397,2005-06-21 18:00:00
EPAC,200502E,-102.8,13.9,2005062200,30.0,0.0,1005.0,4398,2005-06-22 00:00:00
EPAC,200502E,-105.5,15.0,2005062215,38.0,77.5,1003.0,4399,2005-06-22 15:00:00
EPAC,200502E,-106.0,15.2,2005062218,40.0,77.5,1002.0,4400,2005-06-22 18:00:00
EPAC,200502E,-106.6,15.4,2005062221,43.0,78.8,1001.0,4401,2005-06-22 21:00:00
EPAC,200502E,-107.1,15.7,2005062300,45.0,80.0,1000.0,4402,2005-06-23 00:00:00
EPAC,200502E,-109.9,16.8,2005062315,38.0,76.3,1003.0,4403,2005-06-23 15:00:00
EPAC,200502E,-110.4,16.9,2005062318,35.0,70.0,1004.0,4404,2005-06-23 18:00:00
EPAC,200502E,-110.8,17.0,2005062321,33.0,35.0,1005.0,4405,2005-06-23 21:00:00
EPAC,200502E,-111.3,17.1,2005062400,30.0,0.0,1005.0,4406,2005-06-24 00:00:00
EPAC,200502E,-113.3,18.0,2005062415,20.0,0.0,1008.0,4407,2005-06-24 15:00:00
EPAC,200502E,-113.6,18.2,2005062418,20.0,0.0,1008.0,4408,2005-06-24 18:00:00
EPAC,200502E,-113.9,18.4,2005062421,20.0,0.0,1009.0,4409,2005-06-24 21:00:00
EPAC,200502E,-114.3,18.7,2005062500,20.0,0.0,1009.0,4410,2005-06-25 00:00:00
EPAC,200502E,-114.7,18.5,2005062515,20.0,0.0,1009.0,4411,2005-06-25 15:00:00
EPAC,200502E,-114.7,18.3,2005062521,20.0,0.0,1009.0,4412,2005-06-25 21:00:00
EPAC,200502E,-114.7,18.2,2005062600,20.0,0.0,1009.0,4413,2005-06-26 00:00:00
ATLN,200502L,-95.4,19.7,2005062818,30.0,0.0,1006.0,1175,2005-06-28 18:00:00
ATLN,200502L,-95.6,19.9,2005062821,32.0,12.5,1006.0,1176,2005-06-28 21:00:00
ATLN,200502L,-95.8,20.0,2005062900,35.0,25.0,1005.0,1177,2005-06-29 00:00:00
ATLN,200502L,-97.3,20.8,2005062912,35.0,30.0,1005.0,1178,2005-06-29 12:00:00
ATLN,200502L,-97.7,21.1,2005062915,30.0,15.0,1006.0,1179,2005-06-29 15:00:00
ATLN,200502L,-98.1,21.4,2005062918,25.0,0.0,1007.0,1180,2005-06-29 18:00:00
ATLN,200502L,-98.3,21.7,2005062921,25.0,0.0,1008.0,1181,2005-06-29 21:00:00
ATLN,200502L,-98.5,22.0,2005063000,25.0,0.0,1008.0,1182,2005-06-30 00:00:00
WPAC,200502W,151.8,6.0,2005031206,15.0,0.0,1006.0,7910,2005-03-12 06:00:00
WPAC,200502W,148.8,7.1,2005031221,20.0,0.0,1004.0,7911,2005-03-12 21:00:00
WPAC,200502W,148.2,7.4,2005031300,20.0,0.0,1004.0,7912,2005-03-13 00:00:00
WPAC,200502W,147.6,7.7,2005031303,23.0,0.0,1003.0,7913,2005-03-13 03:00:00
WPAC,200502W,146.9,8.0,2005031306,25.0,0.0,1002.0,7914,2005-03-13 06:00:00
WPAC,200502W,143.3,9.6,2005031321,30.0,0.0,1000.0,7915,2005-03-13 21:00:00
WPAC,200502W,142.6,10.1,2005031400,30.0,0.0,1000.0,7916,2005-03-14 00:00:00
WPAC,200502W,141.9,10.1,2005031403,33.0,0.0,999.0,7917,2005-03-14 03:00:00
WPAC,200502W,141.2,10.2,2005031406,35.0,0.0,997.0,7918,2005-03-14 06:00:00
WPAC,200502W,140.6,10.3,2005031409,40.0,23.8,994.0,7919,2005-03-14 09:00:00
WPAC,200502W,137.5,11.6,2005031500,55.0,47.5,984.0,7920,2005-03-15 00:00:00
WPAC,200502W,136.8,11.8,2005031503,55.0,50.0,984.0,7921,2005-03-15 03:00:00
WPAC,200502W,136.0,11.9,2005031506,55.0,52.5,984.0,7922,2005-03-15 06:00:00
WPAC,200502W,135.2,12.0,2005031509,58.0,58.8,982.0,7923,2005-03-15 09:00:00
WPAC,200502W,131.1,11.9,2005031600,80.0,75.0,963.0,7924,2005-03-16 00:00:00
WPAC,200502W,130.1,11.8,2005031603,80.0,77.5,963.0,7925,2005-03-16 03:00:00
WPAC,200502W,129.0,11.7,2005031606,80.0,80.0,963.0,7926,2005-03-16 06:00:00
WPAC,200502W,127.9,11.6,2005031609,80.0,78.8,963.0,7927,2005-03-16 09:00:00
WPAC,200502W,123.1,11.0,2005031700,55.0,60.0,984.0,7928,2005-03-17 00:00:00
WPAC,200502W,122.2,11.3,2005031703,50.0,60.0,988.0,7929,2005-03-17 03:00:00
WPAC,200502W,121.3,11.6,2005031706,45.0,60.0,991.0,7930,2005-03-17 06:00:00
WPAC,200502W,120.7,11.9,2005031709,43.0,60.0,993.0,7931,2005-03-17 09:00:00
EPAC,200503E,-97.8,13.3,2005062615,30.0,15.0,1004.0,4414,2005-06-26 15:00:00
EPAC,200503E,-97.9,13.5,2005062618,35.0,30.0,1003.0,4415,2005-06-26 18:00:00
EPAC,200503E,-98.0,13.8,2005062621,35.0,30.0,1003.0,4416,2005-06-26 21:00:00
EPAC,200503E,-98.0,14.0,2005062700,35.0,30.0,1003.0,4417,2005-06-27 00:00:00
EPAC,200503E,-99.8,14.9,2005062715,45.0,43.8,1000.0,4418,2005-06-27 15:00:00
EPAC,200503E,-100.2,15.1,2005062718,45.0,45.0,1000.0,4419,2005-06-27 18:00:00
EPAC,200503E,-100.7,15.3,2005062721,43.0,40.0,1001.0,4420,2005-06-27 21:00:00
EPAC,200503E,-101.1,15.5,2005062800,40.0,35.0,1002.0,4421,2005-06-28 00:00:00
EPAC,200503E,-104.0,15.7,2005062815,28.0,0.0,1006.0,4422,2005-06-28 15:00:00
EPAC,200503E,-104.4,15.5,2005062818,25.0,0.0,1006.0,4423,2005-06-28 18:00:00
EPAC,200503E,-104.8,15.3,2005062821,25.0,0.0,1006.0,4424,2005-06-28 21:00:00
EPAC,200503E,-105.1,15.1,2005062900,25.0,0.0,1006.0,4425,2005-06-29 00:00:00
EPAC,200503E,-106.3,14.5,2005062915,20.0,0.0,1005.0,4426,2005-06-29 15:00:00
EPAC,200503E,-106.7,14.5,2005062918,20.0,0.0,1004.0,4427,2005-06-29 18:00:00
EPAC,200503E,-107.1,14.6,2005062921,23.0,0.0,1004.0,4428,2005-06-29 21:00:00
EPAC,200503E,-107.5,14.7,2005063000,25.0,0.0,1003.0,4429,2005-06-30 00:00:00
EPAC,200503E,-108.5,15.2,2005063015,25.0,0.0,1006.0,4430,2005-06-30 15:00:00
EPAC,200503E,-108.7,15.4,2005063018,25.0,0.0,1006.0,4431,2005-06-30 18:00:00
EPAC,200503E,-109.0,15.7,2005063021,25.0,0.0,1006.0,4432,2005-06-30 21:00:00
EPAC,200503E,-109.3,15.9,2005070100,25.0,0.0,1006.0,4433,2005-07-01 00:00:00
EPAC,200503E,-111.6,18.4,2005070115,23.0,0.0,1006.0,4434,2005-07-01 15:00:00
EPAC,200503E,-112.2,18.7,2005070118,20.0,0.0,1006.0,4435,2005-07-01 18:00:00
EPAC,200503E,-112.8,19.0,2005070121,20.0,0.0,1006.0,4436,2005-07-01 21:00:00
EPAC,200503E,-113.5,19.3,2005070200,20.0,0.0,1006.0,4437,2005-07-02 00:00:00
EPAC,200503E,-116.3,21.1,2005070215,20.0,0.0,1008.0,4438,2005-07-02 15:00:00
EPAC,200503E,-117.1,21.2,2005070218,20.0,0.0,1008.0,4439,2005-07-02 18:00:00
EPAC,200503E,-117.9,21.2,2005070221,20.0,0.0,1008.0,4440,2005-07-02 21:00:00
EPAC,200503E,-118.7,21.2,2005070300,20.0,0.0,1008.0,4441,2005-07-03 00:00:00
ATLN,200503L,-86.7,18.3,2005070318,30.0,0.0,1009.0,1183,2005-07-03 18:00:00
ATLN,200503L,-87.0,18.5,2005070321,30.0,0.0,1008.0,1184,2005-07-03 21:00:00
ATLN,200503L,-87.2,18.6,2005070400,30.0,0.0,1007.0,1185,2005-07-04 00:00:00
ATLN,200503L,-88.5,20.9,2005070412,25.0,0.0,1011.0,1186,2005-07-04 12:00:00
ATLN,200503L,-88.8,21.6,2005070415,28.0,0.0,1010.0,1187,2005-07-04 15:00:00
ATLN,200503L,-89.0,22.3,2005070418,30.0,0.0,1010.0,1188,2005-07-04 18:00:00
ATLN,200503L,-89.3,23.1,2005070421,30.0,0.0,1010.0,1189,2005-07-04 21:00:00
ATLN,200503L,-89.7,23.9,2005070500,30.0,0.0,1009.0,1190,2005-07-05 00:00:00
ATLN,200503L,-90.4,26.4,2005070512,45.0,50.0,1002.0,1191,2005-07-05 12:00:00
ATLN,200503L,-90.5,27.0,2005070515,52.0,58.8,1000.0,1192,2005-07-05 15:00:00
ATLN,200503L,-90.5,27.6,2005070518,60.0,67.5,997.0,1193,2005-07-05 18:00:00
ATLN,200503L,-90.4,28.1,2005070521,62.0,68.8,994.0,1194,2005-07-05 21:00:00
ATLN,200503L,-90.3,28.5,2005070600,65.0,70.0,992.0,1195,2005-07-06 00:00:00
ATLN,200503L,-88.9,30.8,2005070612,40.0,17.5,998.0,1196,2005-07-06 12:00:00
ATLN,200503L,-88.5,31.2,2005070615,35.0,8.8,999.0,1197,2005-07-06 15:00:00
ATLN,200503L,-88.1,31.6,2005070618,30.0,0.0,1000.0,1198,2005-07-06 18:00:00
ATLN,200503L,-87.7,32.0,2005070621,28.0,0.0,1002.0,1199,2005-07-06 21:00:00
ATLN,200503L,-87.2,32.4,2005070700,25.0,0.0,1004.0,1200,2005-07-07 00:00:00
ATLN,200503L,-84.1,34.6,2005070712,20.0,0.0,1009.0,1201,2005-07-07 12:00:00
ATLN,200503L,-82.9,35.1,2005070715,20.0,0.0,1010.0,1202,2005-07-07 15:00:00
ATLN,200503L,-81.8,35.6,2005070718,20.0,0.0,1010.0,1203,2005-07-07 18:00:00
ATLN,200503L,-80.9,36.4,2005070721,20.0,0.0,1010.0,1204,2005-07-07 21:00:00
ATLN,200503L,-80.0,37.1,2005070800,20.0,0.0,1010.0,1205,2005-07-08 00:00:00
ATLN,200503L,-76.7,38.4,2005070812,25.0,0.0,1009.0,1206,2005-07-08 12:00:00
ATLN,200503L,-75.8,38.8,2005070815,25.0,0.0,1009.0,1207,2005-07-08 15:00:00
ATLN,200503L,-74.8,39.1,2005070818,25.0,0.0,1009.0,1208,2005-07-08 18:00:00
ATLN,200503L,-72.0,39.5,2005070900,25.0,0.0,1009.0,1209,2005-07-09 00:00:00
ATLN,200503L,-69.8,41.6,2005070912,30.0,0.0,1007.0,1210,2005-07-09 12:00:00
ATLN,200503L,-69.7,42.5,2005070915,30.0,0.0,1006.0,1211,2005-07-09 15:00:00
ATLN,200503L,-69.6,43.5,2005070918,30.0,0.0,1006.0,1212,2005-07-09 18:00:00
ATLN,200503L,-69.7,44.2,2005070921,30.0,0.0,1006.0,1213,2005-07-09 21:00:00
ATLN,200503L,-69.8,44.9,2005071000,30.0,0.0,1006.0,1214,2005-07-10 00:00:00
ATLN,200503L,-67.6,46.5,2005071012,25.0,0.0,1006.0,1215,2005-07-10 12:00:00
ATLN,200503L,-67.0,47.2,2005071015,22.0,0.0,1006.0,1216,2005-07-10 15:00:00
ATLN,200503L,-66.4,48.0,2005071018,20.0,0.0,1006.0,1217,2005-07-10 18:00:00
ATLN,200503L,-65.5,48.2,2005071021,20.0,0.0,1006.0,1218,2005-07-10 21:00:00
ATLN,200503L,-64.5,48.5,2005071100,20.0,0.0,1006.0,1219,2005-07-11 00:00:00
WPAC,200503W,150.2,7.2,2005041703,15.0,0.0,1006.0,7932,2005-04-17 03:00:00
WPAC,200503W,150.0,7.3,2005041706,15.0,0.0,1006.0,7933,2005-04-17 06:00:00
WPAC,200503W,148.7,9.2,2005041800,25.0,0.0,1002.0,7934,2005-04-18 00:00:00
WPAC,200503W,148.3,9.5,2005041803,25.0,0.0,1002.0,7935,2005-04-18 03:00:00
WPAC,200503W,145.1,9.8,2005041900,25.0,0.0,1002.0,7936,2005-04-19 00:00:00
WPAC,200503W,144.8,9.7,2005041903,25.0,0.0,1002.0,7937,2005-04-19 03:00:00
WPAC,200503W,144.5,9.5,2005041906,25.0,0.0,1002.0,7938,2005-04-19 06:00:00
WPAC,200503W,143.3,8.3,2005042000,25.0,0.0,1002.0,7939,2005-04-20 00:00:00
WPAC,200503W,143.1,8.2,2005042003,25.0,0.0,1002.0,7940,2005-04-20 03:00:00
WPAC,200503W,142.9,8.0,2005042006,25.0,0.0,1002.0,7941,2005-04-20 06:00:00
WPAC,200503W,142.6,8.0,2005042009,25.0,0.0,1002.0,7942,2005-04-20 09:00:00
WPAC,200503W,141.0,8.1,2005042100,25.0,0.0,1002.0,7943,2005-04-21 00:00:00
WPAC,200503W,140.6,8.3,2005042103,25.0,0.0,1002.0,7944,2005-04-21 03:00:00
WPAC,200503W,139.8,8.8,2005042109,25.0,0.0,1002.0,7945,2005-04-21 09:00:00
WPAC,200503W,137.2,10.7,2005042200,25.0,0.0,1004.0,7946,2005-04-22 00:00:00
WPAC,200503W,136.5,10.9,2005042203,28.0,0.0,1002.0,7947,2005-04-22 03:00:00
WPAC,200503W,135.8,11.2,2005042206,30.0,0.0,1000.0,7948,2005-04-22 06:00:00
WPAC,200503W,135.2,11.3,2005042209,30.0,0.0,1000.0,7949,2005-04-22 09:00:00
WPAC,200503W,132.7,11.8,2005042300,35.0,0.0,997.0,7950,2005-04-23 00:00:00
WPAC,200503W,132.3,11.9,2005042303,45.0,25.0,991.0,7951,2005-04-23 03:00:00
WPAC,200503W,132.0,12.1,2005042306,55.0,50.0,984.0,7952,2005-04-23 06:00:00
WPAC,200503W,131.8,12.3,2005042309,60.0,57.5,980.0,7953,2005-04-23 09:00:00
WPAC,200503W,130.9,13.5,2005042400,90.0,110.0,954.0,7954,2005-04-24 00:00:00
WPAC,200503W,130.9,13.8,2005042403,100.0,110.0,944.0,7955,2005-04-24 03:00:00
WPAC,200503W,130.8,14.0,2005042406,110.0,110.0,933.0,7956,2005-04-24 06:00:00
WPAC,200503W,130.8,14.3,2005042409,113.0,106.2,930.0,7957,2005-04-24 09:00:00
WPAC,200503W,131.3,16.0,2005042500,115.0,110.0,927.0,7958,2005-04-25 00:00:00
WPAC,200503W,131.5,16.4,2005042503,115.0,110.0,927.0,7959,2005-04-25 03:00:00
WPAC,200503W,131.7,16.7,2005042506,115.0,110.0,927.0,7960,2005-04-25 06:00:00
WPAC,200503W,131.9,17.1,2005042509,113.0,111.9,930.0,7961,2005-04-25 09:00:00
WPAC,200503W,134.2,20.2,2005042600,100.0,110.0,944.0,7962,2005-04-26 00:00:00
WPAC,200503W,135.1,21.0,2005042603,98.0,101.2,947.0,7963,2005-04-26 03:00:00
WPAC,200503W,135.9,21.8,2005042606,95.0,92.5,949.0,7964,2005-04-26 06:00:00
WPAC,200503W,137.0,22.6,2005042609,93.0,90.0,952.0,7965,2005-04-26 09:00:00
WPAC,200503W,141.8,25.4,2005042621,55.0,82.5,984.0,7966,2005-04-26 21:00:00
WPAC,200503W,143.1,26.0,2005042700,55.0,82.5,984.0,7967,2005-04-27 00:00:00
EPAC,200504E,-99.2,14.9,2005070400,30.0,0.0,1008.0,4442,2005-07-04 00:00:00
EPAC,200504E,-100.1,16.4,2005070415,40.0,29.4,1003.0,4443,2005-07-04 15:00:00
EPAC,200504E,-100.4,16.7,2005070418,40.0,28.8,1003.0,4444,2005-07-04 18:00:00
EPAC,200504E,-100.9,16.9,2005070421,38.0,28.1,1004.0,4445,2005-07-04 21:00:00
EPAC,200504E,-101.4,17.2,2005070500,35.0,27.5,1005.0,4446,2005-07-05 00:00:00
EPAC,200504E,-104.3,18.3,2005070515,33.0,13.8,1008.0,4447,2005-07-05 15:00:00
EPAC,200504E,-104.8,18.4,2005070518,30.0,0.0,1008.0,4448,2005-07-05 18:00:00
EPAC,200504E,-105.3,18.4,2005070521,30.0,0.0,1009.0,4449,2005-07-05 21:00:00
EPAC,200504E,-105.8,18.5,2005070600,30.0,0.0,1009.0,4450,2005-07-06 00:00:00
EPAC,200504E,-107.5,18.8,2005070615,18.0,0.0,1011.0,4451,2005-07-06 15:00:00
EPAC,200504E,-107.6,18.9,2005070618,15.0,0.0,1011.0,4452,2005-07-06 18:00:00
ATLN,200504L,-60.8,12.0,2005070418,25.0,0.0,1010.0,1220,2005-07-04 18:00:00
ATLN,200504L,-61.6,12.1,2005070421,28.0,0.0,1010.0,1221,2005-07-04 21:00:00
ATLN,200504L,-65.9,13.0,2005070512,35.0,35.0,1007.0,1222,2005-07-05 12:00:00
ATLN,200504L,-66.6,13.3,2005070515,38.0,35.0,1006.0,1223,2005-07-05 15:00:00
ATLN,200504L,-67.3,13.6,2005070518,40.0,35.0,1005.0,1224,2005-07-05 18:00:00
ATLN,200504L,-67.9,13.9,2005070521,42.0,37.5,1002.0,1225,2005-07-05 21:00:00
ATLN,200504L,-70.9,15.1,2005070612,55.0,63.8,991.0,1226,2005-07-06 12:00:00
ATLN,200504L,-71.4,15.3,2005070615,58.0,66.9,990.0,1227,2005-07-06 15:00:00
ATLN,200504L,-71.9,15.6,2005070618,60.0,70.0,989.0,1228,2005-07-06 18:00:00
ATLN,200504L,-72.5,15.9,2005070621,65.0,76.9,986.0,1229,2005-07-06 21:00:00
ATLN,200504L,-74.9,17.6,2005070712,90.0,100.0,967.0,1230,2005-07-07 12:00:00
ATLN,200504L,-75.5,18.1,2005070715,95.0,100.6,962.0,1231,2005-07-07 15:00:00
ATLN,200504L,-76.1,18.5,2005070718,100.0,101.2,957.0,1232,2005-07-07 18:00:00
ATLN,200504L,-76.6,18.9,2005070721,110.0,101.2,954.0,1233,2005-07-07 21:00:00
ATLN,200504L,-80.0,21.4,2005070815,125.0,113.8,940.0,1234,2005-07-08 15:00:00
ATLN,200504L,-80.6,22.0,2005070818,120.0,118.8,941.0,1235,2005-07-08 18:00:00
ATLN,200504L,-81.1,22.4,2005070821,110.0,123.8,950.0,1236,2005-07-08 21:00:00
ATLN,200504L,-81.6,22.7,2005070900,100.0,128.8,960.0,1237,2005-07-09 00:00:00
ATLN,200504L,-83.4,24.3,2005070912,80.0,135.0,967.0,1238,2005-07-09 12:00:00
ATLN,200504L,-83.8,24.8,2005070915,85.0,140.0,964.0,1239,2005-07-09 15:00:00
ATLN,200504L,-84.2,25.2,2005070918,90.0,145.0,962.0,1240,2005-07-09 18:00:00
ATLN,200504L,-84.6,25.6,2005070921,100.0,148.1,952.0,1241,2005-07-09 21:00:00
ATLN,200504L,-85.0,26.1,2005071000,110.0,151.2,942.0,1242,2005-07-10 00:00:00
ATLN,200504L,-86.3,28.5,2005071012,120.0,145.0,930.0,1243,2005-07-10 12:00:00
ATLN,200504L,-86.6,29.2,2005071015,115.0,128.8,936.0,1244,2005-07-10 15:00:00
ATLN,200504L,-86.9,29.9,2005071018,110.0,112.5,942.0,1245,2005-07-10 18:00:00
ATLN,200504L,-87.3,30.7,2005071021,78.0,82.5,956.0,1246,2005-07-10 21:00:00
ATLN,200504L,-87.7,31.5,2005071100,45.0,52.5,970.0,1247,2005-07-11 00:00:00
ATLN,200504L,-88.8,33.9,2005071112,25.0,0.0,997.0,1248,2005-07-11 12:00:00
ATLN,200504L,-88.9,34.6,2005071115,22.0,0.0,1000.0,1249,2005-07-11 15:00:00
ATLN,200504L,-89.1,35.3,2005071118,20.0,0.0,1002.0,1250,2005-07-11 18:00:00
ATLN,200504L,-89.2,35.8,2005071121,20.0,0.0,1002.0,1251,2005-07-11 21:00:00
ATLN,200504L,-89.2,36.4,2005071200,20.0,0.0,1003.0,1252,2005-07-12 00:00:00
ATLN,200504L,-88.7,37.7,2005071212,15.0,0.0,1007.0,1253,2005-07-12 12:00:00
ATLN,200504L,-88.5,37.9,2005071215,15.0,0.0,1008.0,1254,2005-07-12 15:00:00
ATLN,200504L,-88.3,38.1,2005071218,15.0,0.0,1008.0,1255,2005-07-12 18:00:00
ATLN,200504L,-87.8,38.5,2005071300,15.0,0.0,1009.0,1256,2005-07-13 00:00:00
ATLN,200504L,-86.2,39.2,2005071315,15.0,0.0,1010.0,1257,2005-07-13 15:00:00
ATLN,200504L,-85.8,39.2,2005071318,15.0,0.0,1010.0,1258,2005-07-13 18:00:00
ATLN,200504L,-85.8,39.2,2005071321,12.0,0.0,1010.0,1259,2005-07-13 21:00:00
ATLN,200504L,-85.7,39.2,2005071400,10.0,0.0,1009.0,1260,2005-07-14 00:00:00
ATLN,200504L,-85.6,38.7,2005071412,10.0,0.0,1010.0,1261,2005-07-14 12:00:00
ATLN,200504L,-85.6,38.5,2005071415,10.0,0.0,1010.0,1262,2005-07-14 15:00:00
ATLN,200504L,-85.6,38.4,2005071418,10.0,0.0,1010.0,1263,2005-07-14 18:00:00
ATLN,200504L,-85.7,38.2,2005071421,10.0,0.0,1010.0,1264,2005-07-14 21:00:00
ATLN,200504L,-85.8,38.1,2005071500,10.0,0.0,1009.0,1265,2005-07-15 00:00:00
ATLN,200504L,-86.4,38.1,2005071512,10.0,0.0,1012.0,1266,2005-07-15 12:00:00
ATLN,200504L,-86.5,38.2,2005071515,10.0,0.0,1012.0,1267,2005-07-15 15:00:00
ATLN,200504L,-86.6,38.4,2005071518,10.0,0.0,1012.0,1268,2005-07-15 18:00:00
ATLN,200504L,-86.7,38.5,2005071521,10.0,0.0,1012.0,1269,2005-07-15 21:00:00
ATLN,200504L,-86.8,38.6,2005071600,10.0,0.0,1011.0,1270,2005-07-16 00:00:00
ATLN,200504L,-86.2,40.2,2005071612,10.0,0.0,1013.0,1271,2005-07-16 12:00:00
ATLN,200504L,-85.7,40.5,2005071615,10.0,0.0,1014.0,1272,2005-07-16 15:00:00
ATLN,200504L,-85.2,40.8,2005071618,10.0,0.0,1014.0,1273,2005-07-16 18:00:00
ATLN,200504L,-84.7,41.0,2005071621,10.0,0.0,1014.0,1274,2005-07-16 21:00:00
ATLN,200504L,-84.1,41.3,2005071700,10.0,0.0,1013.0,1275,2005-07-17 00:00:00
ATLN,200504L,-81.8,43.5,2005071715,10.0,0.0,1012.0,1276,2005-07-17 15:00:00
ATLN,200504L,-81.4,43.9,2005071718,10.0,0.0,1012.0,1277,2005-07-17 18:00:00
ATLN,200504L,-81.0,44.2,2005071721,10.0,0.0,1011.0,1278,2005-07-17 21:00:00
ATLN,200504L,-80.5,44.6,2005071800,10.0,0.0,1010.0,1279,2005-07-18 00:00:00
WPAC,200504W,155.3,5.6,2005052721,15.0,0.0,1006.0,7968,2005-05-27 21:00:00
WPAC,200504W,155.0,5.6,2005052800,15.0,0.0,1006.0,7969,2005-05-28 00:00:00
WPAC,200504W,154.5,5.7,2005052803,15.0,0.0,1006.0,7970,2005-05-28 03:00:00
WPAC,200504W,154.0,5.8,2005052806,15.0,0.0,1006.0,7971,2005-05-28 06:00:00
WPAC,200504W,151.6,7.2,2005052821,18.0,0.0,1005.0,7972,2005-05-28 21:00:00
WPAC,200504W,150.8,7.8,2005052903,20.0,0.0,1004.0,7973,2005-05-29 03:00:00
WPAC,200504W,150.4,8.0,2005052906,20.0,0.0,1004.0,7974,2005-05-29 06:00:00
WPAC,200504W,148.4,8.9,2005052921,23.0,0.0,1003.0,7975,2005-05-29 21:00:00
WPAC,200504W,148.1,9.1,2005053000,25.0,0.0,1002.0,7976,2005-05-30 00:00:00
WPAC,200504W,147.8,9.2,2005053003,28.0,0.0,1001.0,7977,2005-05-30 03:00:00
WPAC,200504W,147.6,9.3,2005053006,30.0,0.0,1000.0,7978,2005-05-30 06:00:00
WPAC,200504W,146.2,9.8,2005053021,35.0,0.0,997.0,7979,2005-05-30 21:00:00
WPAC,200504W,146.0,9.9,2005053100,35.0,0.0,997.0,7980,2005-05-31 00:00:00
WPAC,200504W,145.6,10.2,2005053106,35.0,0.0,997.0,7981,2005-05-31 06:00:00
WPAC,200504W,145.2,10.3,2005053109,35.0,0.0,997.0,7982,2005-05-31 09:00:00
WPAC,200504W,142.9,10.6,2005060100,50.0,57.5,987.0,7983,2005-06-01 00:00:00
WPAC,200504W,142.2,10.6,2005060103,58.0,58.8,982.0,7984,2005-06-01 03:00:00
WPAC,200504W,141.0,10.8,2005060109,70.0,60.0,972.0,7985,2005-06-01 09:00:00
WPAC,200504W,138.4,11.1,2005060200,110.0,85.0,933.0,7986,2005-06-02 00:00:00
WPAC,200504W,137.9,11.2,2005060203,113.0,90.0,930.0,7987,2005-06-02 03:00:00
WPAC,200504W,137.4,11.4,2005060206,115.0,95.0,927.0,7988,2005-06-02 06:00:00
WPAC,200504W,134.4,12.4,2005060300,105.0,90.0,938.0,7989,2005-06-03 00:00:00
WPAC,200504W,133.2,13.4,2005060309,105.0,88.8,938.0,7990,2005-06-03 09:00:00
WPAC,200504W,131.3,14.5,2005060400,125.0,100.0,916.0,7991,2005-06-04 00:00:00
WPAC,200504W,131.1,14.8,2005060403,125.0,100.0,916.0,7992,2005-06-04 03:00:00
WPAC,200504W,130.8,15.1,2005060406,125.0,100.0,916.0,7993,2005-06-04 06:00:00
WPAC,200504W,130.6,17.6,2005060500,105.0,97.5,938.0,7994,2005-06-05 00:00:00
WPAC,200504W,130.8,18.0,2005060503,103.0,93.8,941.0,7995,2005-06-05 03:00:00
WPAC,200504W,130.9,18.3,2005060506,100.0,90.0,944.0,7996,2005-06-05 06:00:00
WPAC,200504W,131.1,18.6,2005060509,95.0,91.2,949.0,7997,2005-06-05 09:00:00
WPAC,200504W,132.3,20.2,2005060521,100.0,97.5,944.0,7998,2005-06-05 21:00:00
WPAC,200504W,132.6,20.6,2005060600,105.0,102.5,938.0,7999,2005-06-06 00:00:00
WPAC,200504W,133.0,20.9,2005060603,110.0,101.2,933.0,8000,2005-06-06 03:00:00
WPAC,200504W,133.4,21.2,2005060606,115.0,100.0,927.0,8001,2005-06-06 06:00:00
WPAC,200504W,133.7,21.5,2005060609,115.0,100.0,927.0,8002,2005-06-06 09:00:00
WPAC,200504W,134.2,22.9,2005060700,105.0,92.5,938.0,8003,2005-06-07 00:00:00
WPAC,200504W,134.1,23.1,2005060703,103.0,92.5,941.0,8004,2005-06-07 03:00:00
WPAC,200504W,134.0,23.4,2005060706,100.0,92.5,944.0,8005,2005-06-07 06:00:00
WPAC,200504W,133.9,23.6,2005060709,95.0,89.4,949.0,8006,2005-06-07 09:00:00
WPAC,200504W,133.8,24.7,2005060721,88.0,92.5,956.0,8007,2005-06-07 21:00:00
WPAC,200504W,133.9,25.0,2005060800,85.0,92.5,958.0,8008,2005-06-08 00:00:00
WPAC,200504W,134.1,25.3,2005060803,83.0,92.5,961.0,8009,2005-06-08 03:00:00
WPAC,200504W,134.7,25.9,2005060809,75.0,87.5,968.0,8010,2005-06-08 09:00:00
WPAC,200504W,136.5,27.4,2005060900,65.0,77.5,976.0,8011,2005-06-09 00:00:00
WPAC,200504W,136.8,27.8,2005060903,63.0,83.8,978.0,8012,2005-06-09 03:00:00
WPAC,200504W,137.4,28.6,2005060909,58.0,83.8,982.0,8013,2005-06-09 09:00:00
WPAC,200504W,139.0,30.6,2005061000,35.0,30.0,997.0,8014,2005-06-10 00:00:00
WPAC,200504W,139.5,31.0,2005061003,35.0,30.0,997.0,8015,2005-06-10 03:00:00
WPAC,200504W,140.0,31.4,2005061006,35.0,30.0,997.0,8016,2005-06-10 06:00:00
WPAC,200504W,140.7,31.9,2005061009,33.0,15.0,999.0,8017,2005-06-10 09:00:00
WPAC,200504W,145.3,34.3,2005061100,25.0,0.0,1002.0,8018,2005-06-11 00:00:00
EPAC,200505E,-104.7,15.6,2005071815,35.0,36.9,1000.0,4453,2005-07-18 15:00:00
EPAC,200505E,-105.0,15.9,2005071818,35.0,45.0,1000.0,4454,2005-07-18 18:00:00
EPAC,200505E,-105.4,16.4,2005071821,38.0,45.0,999.0,4455,2005-07-18 21:00:00
EPAC,200505E,-105.8,16.8,2005071900,40.0,45.0,998.0,4456,2005-07-19 00:00:00
EPAC,200505E,-108.2,19.1,2005071915,55.0,75.0,992.0,4457,2005-07-19 15:00:00
EPAC,200505E,-108.7,19.5,2005071918,60.0,76.3,989.0,4458,2005-07-19 18:00:00
EPAC,200505E,-109.2,19.9,2005071921,55.0,73.1,992.0,4459,2005-07-19 21:00:00
EPAC,200505E,-109.6,20.2,2005072000,50.0,70.0,994.0,4460,2005-07-20 00:00:00
EPAC,200505E,-111.2,21.8,2005072015,28.0,0.0,1004.0,4461,2005-07-20 15:00:00
EPAC,200505E,-111.5,22.0,2005072018,25.0,0.0,1005.0,4462,2005-07-20 18:00:00
EPAC,200505E,-111.8,22.3,2005072021,25.0,0.0,1005.0,4463,2005-07-20 21:00:00
EPAC,200505E,-112.1,22.5,2005072100,25.0,0.0,1005.0,4464,2005-07-21 00:00:00
EPAC,200505E,-113.6,23.7,2005072115,20.0,0.0,1007.0,4465,2005-07-21 15:00:00
EPAC,200505E,-113.8,23.9,2005072118,20.0,0.0,1007.0,4466,2005-07-21 18:00:00
ATLN,200505L,-43.9,10.9,2005071109,30.0,0.0,1009.0,1280,2005-07-11 09:00:00
ATLN,200505L,-44.4,10.9,2005071112,30.0,0.0,1009.0,1281,2005-07-11 12:00:00
ATLN,200505L,-44.9,10.9,2005071115,30.0,0.0,1008.0,1282,2005-07-11 15:00:00
ATLN,200505L,-45.4,11.0,2005071118,30.0,0.0,1007.0,1283,2005-07-11 18:00:00
ATLN,200505L,-46.1,11.0,2005071121,32.0,12.5,1006.0,1284,2005-07-11 21:00:00
ATLN,200505L,-49.4,11.0,2005071209,42.0,28.8,1004.0,1285,2005-07-12 09:00:00
ATLN,200505L,-50.2,11.0,2005071212,45.0,32.5,1004.0,1286,2005-07-12 12:00:00
ATLN,200505L,-51.1,11.0,2005071215,45.0,32.5,1004.0,1287,2005-07-12 15:00:00
ATLN,200505L,-52.0,11.0,2005071218,45.0,32.5,1004.0,1288,2005-07-12 18:00:00
ATLN,200505L,-52.9,11.0,2005071221,45.0,38.1,1004.0,1289,2005-07-12 21:00:00
ATLN,200505L,-57.2,11.2,2005071312,50.0,61.2,1003.0,1290,2005-07-13 12:00:00
ATLN,200505L,-58.0,11.3,2005071315,52.0,71.9,1003.0,1291,2005-07-13 15:00:00
ATLN,200505L,-58.9,11.4,2005071318,55.0,82.5,1003.0,1292,2005-07-13 18:00:00
ATLN,200505L,-59.5,11.5,2005071321,62.0,82.5,1001.0,1293,2005-07-13 21:00:00
ATLN,200505L,-63.2,12.4,2005071412,85.0,80.0,980.0,1294,2005-07-14 12:00:00
ATLN,200505L,-64.1,12.7,2005071415,92.0,78.1,976.0,1295,2005-07-14 15:00:00
ATLN,200505L,-64.9,12.9,2005071418,100.0,76.2,971.0,1296,2005-07-14 18:00:00
ATLN,200505L,-70.9,14.3,2005071515,105.0,88.8,966.0,1297,2005-07-15 15:00:00
ATLN,200505L,-71.8,14.5,2005071518,95.0,87.5,969.0,1298,2005-07-15 18:00:00
ATLN,200505L,-76.5,15.9,2005071612,130.0,90.0,944.0,1299,2005-07-16 12:00:00
ATLN,200505L,-77.2,16.1,2005071615,132.0,91.2,940.0,1300,2005-07-16 15:00:00
ATLN,200505L,-78.0,16.4,2005071618,135.0,92.5,937.0,1301,2005-07-16 18:00:00
ATLN,200505L,-78.8,16.8,2005071621,138.0,92.5,933.0,1302,2005-07-16 21:00:00
ATLN,200505L,-82.8,18.3,2005071712,130.0,92.5,946.0,1303,2005-07-17 12:00:00
ATLN,200505L,-83.5,18.6,2005071715,128.0,92.5,947.0,1304,2005-07-17 15:00:00
ATLN,200505L,-84.3,18.9,2005071718,125.0,92.5,948.0,1305,2005-07-17 18:00:00
ATLN,200505L,-85.0,19.2,2005071721,122.0,95.0,950.0,1306,2005-07-17 21:00:00
ATLN,200505L,-85.8,19.5,2005071800,120.0,97.5,951.0,1307,2005-07-18 00:00:00
ATLN,200505L,-88.9,21.3,2005071812,65.0,96.2,975.0,1308,2005-07-18 12:00:00
ATLN,200505L,-89.6,21.6,2005071815,65.0,85.6,980.0,1309,2005-07-18 15:00:00
ATLN,200505L,-90.3,22.0,2005071818,65.0,75.0,984.0,1310,2005-07-18 18:00:00
ATLN,200505L,-90.9,22.3,2005071821,70.0,80.0,982.0,1311,2005-07-18 21:00:00
ATLN,200505L,-91.5,22.6,2005071900,75.0,85.0,981.0,1312,2005-07-19 00:00:00
ATLN,200505L,-94.0,23.7,2005071912,80.0,95.0,977.0,1313,2005-07-19 12:00:00
ATLN,200505L,-94.5,23.9,2005071915,82.0,101.2,968.0,1314,2005-07-19 15:00:00
ATLN,200505L,-95.1,24.1,2005071918,85.0,107.5,959.0,1315,2005-07-19 18:00:00
ATLN,200505L,-95.6,24.2,2005071921,98.0,110.0,954.0,1316,2005-07-19 21:00:00
ATLN,200505L,-96.1,24.4,2005072000,110.0,112.5,948.0,1317,2005-07-20 00:00:00
ATLN,200505L,-98.2,24.9,2005072015,90.0,96.9,960.0,1318,2005-07-20 15:00:00
ATLN,200505L,-98.7,25.0,2005072018,70.0,90.0,975.0,1319,2005-07-20 18:00:00
ATLN,200505L,-99.2,25.0,2005072021,58.0,71.2,985.0,1320,2005-07-20 21:00:00
ATLN,200505L,-99.7,25.0,2005072100,45.0,52.5,995.0,1321,2005-07-21 00:00:00
WPAC,200505W,153.6,22.1,2005071100,20.0,0.0,1004.0,8019,2005-07-11 00:00:00
WPAC,200505W,153.3,22.2,2005071103,23.0,0.0,1003.0,8020,2005-07-11 03:00:00
WPAC,200505W,153.0,22.3,2005071106,25.0,0.0,1002.0,8021,2005-07-11 06:00:00
WPAC,200505W,152.8,22.5,2005071109,28.0,0.0,1001.0,8022,2005-07-11 09:00:00
WPAC,200505W,151.7,23.1,2005071121,35.0,0.0,997.0,8023,2005-07-11 21:00:00
WPAC,200505W,151.5,23.3,2005071200,35.0,0.0,997.0,8024,2005-07-12 00:00:00
WPAC,200505W,151.2,23.4,2005071203,35.0,0.0,997.0,8025,2005-07-12 03:00:00
WPAC,200505W,151.0,23.4,2005071206,35.0,0.0,997.0,8026,2005-07-12 06:00:00
WPAC,200505W,150.7,23.4,2005071209,35.0,0.0,997.0,8027,2005-07-12 09:00:00
WPAC,200505W,149.2,22.9,2005071300,35.0,0.0,997.0,8028,2005-07-13 00:00:00
WPAC,200505W,148.8,22.6,2005071303,43.0,20.0,992.0,8029,2005-07-13 03:00:00
WPAC,200505W,148.3,22.4,2005071306,50.0,40.0,987.0,8030,2005-07-13 06:00:00
WPAC,200505W,147.7,22.1,2005071309,58.0,48.8,982.0,8031,2005-07-13 09:00:00
WPAC,200505W,144.2,20.6,2005071400,75.0,97.5,967.0,8032,2005-07-14 00:00:00
WPAC,200505W,143.3,20.3,2005071403,75.0,100.0,967.0,8033,2005-07-14 03:00:00
WPAC,200505W,142.5,20.0,2005071406,75.0,102.5,967.0,8034,2005-07-14 06:00:00
WPAC,200505W,141.6,19.9,2005071409,80.0,101.2,963.0,8035,2005-07-14 09:00:00
WPAC,200505W,136.7,19.4,2005071500,90.0,91.2,954.0,8036,2005-07-15 00:00:00
WPAC,200505W,135.8,19.3,2005071503,95.0,95.6,949.0,8037,2005-07-15 03:00:00
WPAC,200505W,135.0,19.2,2005071506,100.0,100.0,944.0,8038,2005-07-15 06:00:00
WPAC,200505W,134.2,19.2,2005071509,108.0,105.0,936.0,8039,2005-07-15 09:00:00
WPAC,200505W,129.7,20.1,2005071603,133.0,122.5,907.0,8040,2005-07-16 03:00:00
WPAC,200505W,129.0,20.3,2005071606,135.0,135.0,904.0,8041,2005-07-16 06:00:00
WPAC,200505W,128.3,20.5,2005071609,138.0,135.0,901.0,8042,2005-07-16 09:00:00
WPAC,200505W,126.1,21.2,2005071621,140.0,132.5,898.0,8043,2005-07-16 21:00:00
WPAC,200505W,125.7,21.5,2005071700,140.0,130.0,898.0,8044,2005-07-17 00:00:00
WPAC,200505W,125.3,21.9,2005071703,133.0,141.2,907.0,8045,2005-07-17 03:00:00
WPAC,200505W,124.9,22.2,2005071706,125.0,152.5,916.0,8046,2005-07-17 06:00:00
WPAC,200505W,124.5,22.6,2005071709,120.0,148.8,922.0,8047,2005-07-17 09:00:00
WPAC,200505W,121.7,23.4,2005071800,105.0,135.0,922.0,8048,2005-07-18 00:00:00
WPAC,200505W,121.7,23.6,2005071803,100.0,132.5,936.0,8049,2005-07-18 03:00:00
WPAC,200505W,121.7,23.9,2005071806,95.0,130.0,949.0,8050,2005-07-18 06:00:00
WPAC,200505W,121.4,24.1,2005071809,93.0,125.0,952.0,8051,2005-07-18 09:00:00
WPAC,200505W,120.4,25.0,2005071900,75.0,105.0,967.0,8052,2005-07-19 00:00:00
WPAC,200505W,120.2,25.4,2005071903,68.0,101.9,974.0,8053,2005-07-19 03:00:00
WPAC,200505W,120.1,25.7,2005071906,60.0,98.8,980.0,8054,2005-07-19 06:00:00
WPAC,200505W,119.8,26.1,2005071909,60.0,98.8,980.0,8055,2005-07-19 09:00:00
EPAC,200506E,-114.3,14.2,2005080915,28.0,0.0,1006.0,4467,2005-08-09 15:00:00
EPAC,200506E,-114.8,14.3,2005080918,30.0,0.0,1005.0,4468,2005-08-09 18:00:00
EPAC,200506E,-115.3,14.6,2005080921,33.0,18.8,1005.0,4469,2005-08-09 21:00:00
EPAC,200506E,-115.8,14.8,2005081000,35.0,37.5,1005.0,4470,2005-08-10 00:00:00
EPAC,200506E,-118.3,15.5,2005081015,55.0,50.0,994.0,4471,2005-08-10 15:00:00
EPAC,200506E,-118.6,15.6,2005081018,55.0,55.0,994.0,4472,2005-08-10 18:00:00
EPAC,200506E,-119.1,15.9,2005081021,55.0,55.0,994.0,4473,2005-08-10 21:00:00
EPAC,200506E,-119.6,16.1,2005081100,55.0,55.0,994.0,4474,2005-08-11 00:00:00
EPAC,200506E,-121.2,16.9,2005081115,65.0,74.4,988.0,4475,2005-08-11 15:00:00
EPAC,200506E,-121.6,17.1,2005081118,65.0,93.8,986.0,4476,2005-08-11 18:00:00
EPAC,200506E,-121.9,17.4,2005081121,68.0,93.8,984.0,4477,2005-08-11 21:00:00
EPAC,200506E,-122.2,17.6,2005081200,70.0,93.8,982.0,4478,2005-08-12 00:00:00
EPAC,200506E,-123.9,18.5,2005081215,75.0,93.8,979.0,4479,2005-08-12 15:00:00
EPAC,200506E,-124.3,18.6,2005081218,75.0,93.8,979.0,4480,2005-08-12 18:00:00
EPAC,200506E,-124.7,18.7,2005081221,75.0,93.8,979.0,4481,2005-08-12 21:00:00
EPAC,200506E,-125.1,18.8,2005081300,75.0,93.8,979.0,4482,2005-08-13 00:00:00
EPAC,200506E,-127.1,19.2,2005081315,70.0,89.4,981.0,4483,2005-08-13 15:00:00
EPAC,200506E,-127.5,19.2,2005081318,65.0,85.0,983.0,4484,2005-08-13 18:00:00
EPAC,200506E,-127.9,19.2,2005081321,65.0,75.6,985.0,4485,2005-08-13 21:00:00
EPAC,200506E,-128.3,19.2,2005081400,65.0,66.3,987.0,4486,2005-08-14 00:00:00
EPAC,200506E,-129.9,18.5,2005081415,60.0,65.6,990.0,4487,2005-08-14 15:00:00
EPAC,200506E,-130.3,18.3,2005081418,60.0,63.8,990.0,4488,2005-08-14 18:00:00
EPAC,200506E,-130.7,18.1,2005081421,60.0,63.8,990.0,4489,2005-08-14 21:00:00
EPAC,200506E,-131.0,17.9,2005081500,60.0,63.8,990.0,4490,2005-08-15 00:00:00
EPAC,200506E,-131.4,17.8,2005081503,55.0,60.6,992.0,4491,2005-08-15 03:00:00
EPAC,200506E,-133.1,17.2,2005081515,35.0,23.8,1003.0,4492,2005-08-15 15:00:00
EPAC,200506E,-133.7,17.1,2005081518,30.0,0.0,1004.0,4493,2005-08-15 18:00:00
EPAC,200506E,-134.1,17.1,2005081521,28.0,0.0,1006.0,4494,2005-08-15 21:00:00
EPAC,200506E,-134.6,17.2,2005081600,25.0,0.0,1008.0,4495,2005-08-16 00:00:00
EPAC,200506E,-135.2,17.1,2005081603,23.0,0.0,1008.0,4496,2005-08-16 03:00:00
EPAC,200506E,-137.5,16.9,2005081615,20.0,0.0,1008.0,4497,2005-08-16 15:00:00
EPAC,200506E,-138.0,16.8,2005081618,20.0,0.0,1008.0,4498,2005-08-16 18:00:00
EPAC,200506E,-138.5,16.7,2005081621,20.0,0.0,1009.0,4499,2005-08-16 21:00:00
EPAC,200506E,-139.0,16.6,2005081700,20.0,0.0,1010.0,4500,2005-08-17 00:00:00
EPAC,200506E,-139.5,16.6,2005081703,20.0,0.0,1010.0,4501,2005-08-17 03:00:00
ATLN,200506L,-75.0,25.0,2005072118,30.0,0.0,1010.0,1322,2005-07-21 18:00:00
ATLN,200506L,-75.5,25.4,2005072121,35.0,6.9,1010.0,1323,2005-07-21 21:00:00
ATLN,200506L,-76.8,26.6,2005072212,45.0,15.0,1007.0,1324,2005-07-22 12:00:00
ATLN,200506L,-76.8,27.0,2005072215,45.0,16.9,1006.0,1325,2005-07-22 15:00:00
ATLN,200506L,-76.7,27.4,2005072218,45.0,18.8,1006.0,1326,2005-07-22 18:00:00
ATLN,200506L,-76.7,27.8,2005072221,45.0,23.8,1004.0,1327,2005-07-22 21:00:00
ATLN,200506L,-76.6,28.1,2005072300,45.0,28.8,1003.0,1328,2005-07-23 00:00:00
ATLN,200506L,-75.4,29.2,2005072312,60.0,52.5,1001.0,1329,2005-07-23 12:00:00
ATLN,200506L,-75.1,29.4,2005072315,60.0,53.1,1001.0,1330,2005-07-23 15:00:00
ATLN,200506L,-74.7,29.7,2005072318,60.0,53.8,1001.0,1331,2005-07-23 18:00:00
ATLN,200506L,-74.1,29.9,2005072321,58.0,51.9,1001.0,1332,2005-07-23 21:00:00
ATLN,200506L,-71.9,30.7,2005072412,45.0,43.8,1001.0,1333,2005-07-24 12:00:00
ATLN,200506L,-71.6,30.9,2005072415,45.0,40.6,1000.0,1334,2005-07-24 15:00:00
ATLN,200506L,-71.2,31.1,2005072418,45.0,37.5,1000.0,1335,2005-07-24 18:00:00
ATLN,200506L,-71.2,31.1,2005072421,42.0,38.1,1000.0,1336,2005-07-24 21:00:00
ATLN,200506L,-69.8,30.9,2005072512,40.0,37.5,999.0,1337,2005-07-25 12:00:00
ATLN,200506L,-69.7,30.9,2005072515,40.0,37.5,999.0,1338,2005-07-25 15:00:00
ATLN,200506L,-69.6,30.9,2005072518,40.0,37.5,999.0,1339,2005-07-25 18:00:00
ATLN,200506L,-68.2,32.0,2005072615,35.0,22.5,1002.0,1340,2005-07-26 15:00:00
ATLN,200506L,-68.3,32.2,2005072618,35.0,22.5,1001.0,1341,2005-07-26 18:00:00
ATLN,200506L,-69.1,33.2,2005072712,45.0,45.0,999.0,1342,2005-07-27 12:00:00
ATLN,200506L,-69.2,33.4,2005072715,45.0,50.0,999.0,1343,2005-07-27 15:00:00
ATLN,200506L,-69.3,33.6,2005072718,45.0,55.0,999.0,1344,2005-07-27 18:00:00
ATLN,200506L,-69.3,33.9,2005072721,48.0,60.0,998.0,1345,2005-07-27 21:00:00
ATLN,200506L,-68.5,36.5,2005072815,48.0,52.5,998.0,1346,2005-07-28 15:00:00
ATLN,200506L,-67.3,37.8,2005072821,50.0,57.5,997.0,1347,2005-07-28 21:00:00
ATLN,200506L,-62.8,40.8,2005072912,50.0,78.8,997.0,1348,2005-07-29 12:00:00
ATLN,200506L,-61.5,41.5,2005072915,50.0,78.1,998.0,1349,2005-07-29 15:00:00
ATLN,200506L,-53.2,45.2,2005073009,42.0,61.2,1004.0,1350,2005-07-30 09:00:00
ATLN,200506L,-51.7,45.8,2005073012,40.0,62.5,1005.0,1351,2005-07-30 12:00:00
ATLN,200506L,-50.2,46.1,2005073015,40.0,62.5,1006.0,1352,2005-07-30 15:00:00
ATLN,200506L,-48.8,46.4,2005073018,40.0,62.5,1006.0,1353,2005-07-30 18:00:00
ATLN,200506L,-47.4,47.0,2005073021,40.0,62.5,1006.0,1354,2005-07-30 21:00:00
WPAC,200506W,167.7,21.9,2005071806,15.0,0.0,1006.0,8056,2005-07-18 06:00:00
WPAC,200506W,167.1,22.8,2005071818,15.0,0.0,1006.0,8057,2005-07-18 18:00:00
WPAC,200506W,166.8,22.7,2005071821,15.0,0.0,1006.0,8058,2005-07-18 21:00:00
WPAC,200506W,166.6,22.6,2005071900,15.0,0.0,1006.0,8059,2005-07-19 00:00:00
WPAC,200506W,166.2,22.6,2005071903,15.0,0.0,1006.0,8060,2005-07-19 03:00:00
WPAC,200506W,165.8,22.6,2005071906,15.0,0.0,1006.0,8061,2005-07-19 06:00:00
WPAC,200506W,164.0,23.9,2005071921,30.0,0.0,1000.0,8062,2005-07-19 21:00:00
WPAC,200506W,163.7,24.2,2005072000,35.0,0.0,997.0,8063,2005-07-20 00:00:00
WPAC,200506W,163.4,24.5,2005072003,38.0,45.0,996.0,8064,2005-07-20 03:00:00
WPAC,200506W,163.1,24.9,2005072006,40.0,90.0,994.0,8065,2005-07-20 06:00:00
WPAC,200506W,161.4,26.6,2005072021,48.0,107.5,989.0,8066,2005-07-20 21:00:00
WPAC,200506W,161.0,27.0,2005072100,50.0,115.0,987.0,8067,2005-07-21 00:00:00
WPAC,200506W,160.7,27.4,2005072103,53.0,115.0,986.0,8068,2005-07-21 03:00:00
WPAC,200506W,158.6,29.9,2005072200,35.0,115.0,997.0,8069,2005-07-22 00:00:00
WPAC,200506W,158.6,30.2,2005072203,35.0,115.0,997.0,8070,2005-07-22 03:00:00
WPAC,200506W,158.7,30.6,2005072206,35.0,115.0,997.0,8071,2005-07-22 06:00:00
WPAC,200506W,159.6,31.9,2005072221,35.0,36.2,997.0,8072,2005-07-22 21:00:00
WPAC,200506W,159.5,32.2,2005072300,35.0,36.2,997.0,8073,2005-07-23 00:00:00
WPAC,200506W,159.7,32.4,2005072303,35.0,36.2,997.0,8074,2005-07-23 03:00:00
WPAC,200506W,159.9,32.5,2005072306,35.0,36.2,997.0,8075,2005-07-23 06:00:00
EPAC,200507E,-110.2,13.4,2005081115,38.0,60.0,1003.0,4502,2005-08-11 15:00:00
EPAC,200507E,-110.4,13.5,2005081118,40.0,60.0,1002.0,4503,2005-08-11 18:00:00
EPAC,200507E,-111.0,13.6,2005081121,43.0,60.0,1001.0,4504,2005-08-11 21:00:00
EPAC,200507E,-111.5,13.6,2005081200,45.0,60.0,1000.0,4505,2005-08-12 00:00:00
EPAC,200507E,-113.1,14.2,2005081215,40.0,60.0,1000.0,4506,2005-08-12 15:00:00
EPAC,200507E,-113.3,14.4,2005081218,40.0,60.0,1000.0,4507,2005-08-12 18:00:00
EPAC,200507E,-113.4,14.6,2005081221,38.0,52.5,1002.0,4508,2005-08-12 21:00:00
EPAC,200507E,-113.5,14.7,2005081300,35.0,45.0,1003.0,4509,2005-08-13 00:00:00
EPAC,200507E,-114.5,15.4,2005081315,35.0,42.5,1003.0,4510,2005-08-13 15:00:00
EPAC,200507E,-114.8,15.5,2005081318,35.0,50.0,1003.0,4511,2005-08-13 18:00:00
EPAC,200507E,-115.1,15.5,2005081321,38.0,50.0,1003.0,4512,2005-08-13 21:00:00
EPAC,200507E,-115.4,15.5,2005081400,40.0,50.0,1002.0,4513,2005-08-14 00:00:00
EPAC,200507E,-115.7,14.5,2005081415,33.0,15.0,1003.0,4514,2005-08-14 15:00:00
EPAC,200507E,-115.6,14.3,2005081418,30.0,0.0,1004.0,4515,2005-08-14 18:00:00
EPAC,200507E,-115.5,14.4,2005081421,30.0,0.0,1005.0,4516,2005-08-14 21:00:00
EPAC,200507E,-115.4,14.4,2005081500,30.0,0.0,1005.0,4517,2005-08-15 00:00:00
EPAC,200507E,-116.3,14.0,2005081515,28.0,0.0,1007.0,4518,2005-08-15 15:00:00
EPAC,200507E,-116.5,13.9,2005081518,25.0,0.0,1008.0,4519,2005-08-15 18:00:00
ATLN,200507L,-92.9,19.3,2005072318,25.0,0.0,1011.0,1355,2005-07-23 18:00:00
ATLN,200507L,-93.3,19.6,2005072321,28.0,0.0,1010.0,1356,2005-07-23 21:00:00
ATLN,200507L,-93.8,19.8,2005072400,30.0,0.0,1009.0,1357,2005-07-24 00:00:00
ATLN,200507L,-96.2,21.2,2005072415,35.0,62.5,1008.0,1358,2005-07-24 15:00:00
ATLN,200507L,-96.6,21.4,2005072418,35.0,75.0,1007.0,1359,2005-07-24 18:00:00
ATLN,200507L,-97.1,21.6,2005072421,38.0,71.9,1006.0,1360,2005-07-24 21:00:00
ATLN,200507L,-97.6,21.8,2005072500,40.0,68.8,1005.0,1361,2005-07-25 00:00:00
ATLN,200507L,-100.7,22.5,2005072515,22.0,0.0,1006.0,1362,2005-07-25 15:00:00
ATLN,200507L,-101.4,22.5,2005072518,20.0,0.0,1007.0,1363,2005-07-25 18:00:00
WPAC,200507W,137.6,15.8,2005072200,35.0,0.0,997.0,8076,2005-07-22 00:00:00
WPAC,200507W,137.7,16.2,2005072203,35.0,0.0,997.0,8077,2005-07-22 03:00:00
WPAC,200507W,137.8,16.6,2005072206,35.0,0.0,997.0,8078,2005-07-22 06:00:00
WPAC,200507W,137.9,17.0,2005072209,35.0,0.0,997.0,8079,2005-07-22 09:00:00
WPAC,200507W,137.6,19.0,2005072300,45.0,70.0,991.0,8080,2005-07-23 00:00:00
WPAC,200507W,137.4,19.4,2005072303,45.0,82.5,991.0,8081,2005-07-23 03:00:00
WPAC,200507W,137.3,19.7,2005072306,45.0,95.0,991.0,8082,2005-07-23 06:00:00
WPAC,200507W,137.2,22.4,2005072400,55.0,110.0,984.0,8083,2005-07-24 00:00:00
WPAC,200507W,137.2,22.9,2005072403,58.0,108.8,982.0,8084,2005-07-24 03:00:00
WPAC,200507W,137.2,23.5,2005072406,60.0,107.5,980.0,8085,2005-07-24 06:00:00
WPAC,200507W,137.2,24.1,2005072409,60.0,107.5,980.0,8086,2005-07-24 09:00:00
WPAC,200507W,136.9,27.0,2005072500,60.0,97.5,980.0,8087,2005-07-25 00:00:00
WPAC,200507W,136.9,27.7,2005072503,58.0,97.5,982.0,8088,2005-07-25 03:00:00
WPAC,200507W,136.9,28.4,2005072506,55.0,97.5,984.0,8089,2005-07-25 06:00:00
WPAC,200507W,136.8,29.2,2005072509,53.0,95.0,986.0,8090,2005-07-25 09:00:00
WPAC,200507W,137.5,32.3,2005072600,40.0,115.0,994.0,8091,2005-07-26 00:00:00
WPAC,200507W,138.2,32.9,2005072603,38.0,115.0,996.0,8092,2005-07-26 03:00:00
WPAC,200507W,138.8,33.5,2005072606,35.0,115.0,997.0,8093,2005-07-26 06:00:00
WPAC,200507W,139.7,34.3,2005072609,35.0,115.0,997.0,8094,2005-07-26 09:00:00
WPAC,200507W,143.7,37.9,2005072621,35.0,115.0,997.0,8095,2005-07-26 21:00:00
WPAC,200507W,144.9,39.0,2005072700,35.0,115.0,997.0,8096,2005-07-27 00:00:00
WPAC,200507W,145.6,40.2,2005072703,35.0,115.0,997.0,8097,2005-07-27 03:00:00
WPAC,200507W,146.2,41.4,2005072706,35.0,115.0,997.0,8098,2005-07-27 06:00:00
WPAC,200507W,147.1,42.2,2005072709,33.0,57.5,999.0,8099,2005-07-27 09:00:00
WPAC,200507W,149.4,46.1,2005072800,30.0,0.0,1000.0,8100,2005-07-28 00:00:00
EPAC,200508E,-96.6,13.3,2005081918,25.0,0.0,1007.0,4520,2005-08-19 18:00:00
EPAC,200508E,-97.4,13.4,2005081921,28.0,0.0,1007.0,4521,2005-08-19 21:00:00
EPAC,200508E,-98.2,13.5,2005082000,30.0,0.0,1006.0,4522,2005-08-20 00:00:00
EPAC,200508E,-101.9,13.9,2005082015,53.0,55.0,996.0,4523,2005-08-20 15:00:00
EPAC,200508E,-102.5,14.0,2005082018,55.0,60.0,994.0,4524,2005-08-20 18:00:00
EPAC,200508E,-103.1,14.2,2005082021,60.0,65.0,991.0,4525,2005-08-20 21:00:00
EPAC,200508E,-103.7,14.3,2005082100,65.0,70.0,987.0,4526,2005-08-21 00:00:00
EPAC,200508E,-106.3,16.1,2005082115,73.0,128.8,980.0,4527,2005-08-21 15:00:00
EPAC,200508E,-107.1,16.5,2005082118,75.0,152.5,979.0,4528,2005-08-21 18:00:00
EPAC,200508E,-107.8,16.9,2005082121,83.0,162.5,976.0,4529,2005-08-21 21:00:00
EPAC,200508E,-108.5,17.2,2005082200,90.0,172.5,972.0,4530,2005-08-22 00:00:00
EPAC,200508E,-111.9,18.5,2005082215,88.0,218.8,973.0,4531,2005-08-22 15:00:00
EPAC,200508E,-112.3,18.6,2005082218,85.0,212.5,974.0,4532,2005-08-22 18:00:00
EPAC,200508E,-112.8,18.8,2005082221,83.0,203.1,975.0,4533,2005-08-22 21:00:00
EPAC,200508E,-113.2,18.9,2005082300,80.0,193.8,976.0,4534,2005-08-23 00:00:00
EPAC,200508E,-115.3,19.8,2005082315,70.0,134.4,984.0,4535,2005-08-23 15:00:00
EPAC,200508E,-115.6,20.0,2005082318,70.0,131.3,985.0,4536,2005-08-23 18:00:00
EPAC,200508E,-115.8,20.2,2005082321,68.0,118.8,986.0,4537,2005-08-23 21:00:00
EPAC,200508E,-116.1,20.4,2005082400,65.0,106.3,986.0,4538,2005-08-24 00:00:00
EPAC,200508E,-117.5,21.7,2005082415,60.0,82.5,992.0,4539,2005-08-24 15:00:00
EPAC,200508E,-117.7,22.0,2005082418,55.0,75.0,994.0,4540,2005-08-24 18:00:00
EPAC,200508E,-118.1,22.4,2005082421,50.0,71.3,996.0,4541,2005-08-24 21:00:00
EPAC,200508E,-118.4,22.7,2005082500,45.0,67.5,998.0,4542,2005-08-25 00:00:00
EPAC,200508E,-120.3,24.1,2005082515,33.0,33.8,1003.0,4543,2005-08-25 15:00:00
EPAC,200508E,-120.7,24.3,2005082518,30.0,0.0,1003.0,4544,2005-08-25 18:00:00
EPAC,200508E,-121.2,24.5,2005082521,28.0,0.0,1004.0,4545,2005-08-25 21:00:00
EPAC,200508E,-121.6,24.7,2005082600,25.0,0.0,1004.0,4546,2005-08-26 00:00:00
EPAC,200508E,-124.1,25.5,2005082615,25.0,0.0,1007.0,4547,2005-08-26 15:00:00
EPAC,200508E,-124.6,25.6,2005082618,25.0,0.0,1007.0,4548,2005-08-26 18:00:00
EPAC,200508E,-125.1,25.6,2005082621,25.0,0.0,1008.0,4549,2005-08-26 21:00:00
EPAC,200508E,-125.5,25.7,2005082700,25.0,0.0,1008.0,4550,2005-08-27 00:00:00
EPAC,200508E,-128.0,25.6,2005082715,25.0,0.0,1009.0,4551,2005-08-27 15:00:00
EPAC,200508E,-128.5,25.5,2005082718,25.0,0.0,1009.0,4552,2005-08-27 18:00:00
EPAC,200508E,-128.9,25.5,2005082721,25.0,0.0,1010.0,4553,2005-08-27 21:00:00
EPAC,200508E,-129.4,25.5,2005082800,25.0,0.0,1010.0,4554,2005-08-28 00:00:00
ATLN,200508L,-68.8,28.2,2005080218,30.0,0.0,1006.0,1364,2005-08-02 18:00:00
ATLN,200508L,-68.0,30.6,2005080315,48.0,41.2,1000.0,1365,2005-08-03 15:00:00
ATLN,200508L,-67.7,30.9,2005080318,50.0,41.2,999.0,1366,2005-08-03 18:00:00
ATLN,200508L,-63.6,31.9,2005080412,50.0,48.8,995.0,1367,2005-08-04 12:00:00
ATLN,200508L,-62.9,31.9,2005080415,52.0,50.6,994.0,1368,2005-08-04 15:00:00
ATLN,200508L,-62.1,32.0,2005080418,55.0,52.5,994.0,1369,2005-08-04 18:00:00
ATLN,200508L,-58.5,32.5,2005080512,50.0,60.0,995.0,1370,2005-08-05 12:00:00
ATLN,200508L,-58.1,32.5,2005080515,48.0,62.5,996.0,1371,2005-08-05 15:00:00
ATLN,200508L,-57.7,32.5,2005080518,45.0,65.0,997.0,1372,2005-08-05 18:00:00
ATLN,200508L,-57.4,32.5,2005080521,45.0,65.6,997.0,1373,2005-08-05 21:00:00
ATLN,200508L,-56.7,33.5,2005080612,50.0,66.2,995.0,1374,2005-08-06 12:00:00
ATLN,200508L,-56.7,33.5,2005080615,50.0,63.1,995.0,1375,2005-08-06 15:00:00
ATLN,200508L,-56.7,33.5,2005080618,50.0,60.0,995.0,1376,2005-08-06 18:00:00
ATLN,200508L,-56.1,33.8,2005080621,50.0,56.9,995.0,1377,2005-08-06 21:00:00
ATLN,200508L,-54.5,35.5,2005080709,48.0,56.2,996.0,1378,2005-08-07 09:00:00
ATLN,200508L,-54.0,36.0,2005080712,45.0,58.8,998.0,1379,2005-08-07 12:00:00
ATLN,200508L,-53.5,36.4,2005080715,45.0,58.8,998.0,1380,2005-08-07 15:00:00
ATLN,200508L,-52.9,36.8,2005080718,45.0,58.8,998.0,1381,2005-08-07 18:00:00
ATLN,200508L,-49.7,39.1,2005080809,45.0,77.5,998.0,1382,2005-08-08 09:00:00
ATLN,200508L,-48.6,39.6,2005080812,45.0,85.0,998.0,1383,2005-08-08 12:00:00
ATLN,200508L,-47.8,40.0,2005080815,45.0,85.0,998.0,1384,2005-08-08 15:00:00
ATLN,200508L,-46.9,40.4,2005080818,45.0,85.0,998.0,1385,2005-08-08 18:00:00
ATLN,200508L,-46.0,40.8,2005080821,45.0,91.2,998.0,1386,2005-08-08 21:00:00
ATLN,200508L,-42.0,42.0,2005080909,50.0,105.0,995.0,1387,2005-08-09 09:00:00
ATLN,200508L,-41.1,42.3,2005080912,50.0,105.0,995.0,1388,2005-08-09 12:00:00
ATLN,200508L,-40.0,42.6,2005080915,50.0,108.8,994.0,1389,2005-08-09 15:00:00
ATLN,200508L,-39.0,43.0,2005080918,50.0,112.5,994.0,1390,2005-08-09 18:00:00
ATLN,200508L,-38.0,43.5,2005080921,50.0,112.5,994.0,1391,2005-08-09 21:00:00
ATLN,200508L,-34.7,44.5,2005081009,50.0,126.2,994.0,1392,2005-08-10 09:00:00
ATLN,200508L,-34.1,44.5,2005081012,50.0,126.2,994.0,1393,2005-08-10 12:00:00
ATLN,200508L,-33.6,44.5,2005081015,50.0,118.8,994.0,1394,2005-08-10 15:00:00
ATLN,200508L,-33.1,44.4,2005081018,50.0,111.2,994.0,1395,2005-08-10 18:00:00
ATLN,200508L,-32.7,44.3,2005081021,48.0,101.2,996.0,1396,2005-08-10 21:00:00
ATLN,200508L,-31.2,43.7,2005081109,38.0,40.0,1002.0,1397,2005-08-11 09:00:00
ATLN,200508L,-31.0,43.5,2005081112,35.0,30.0,1003.0,1398,2005-08-11 12:00:00
ATLN,200508L,-30.9,43.4,2005081115,32.0,15.0,1004.0,1399,2005-08-11 15:00:00
ATLN,200508L,-30.7,43.3,2005081118,30.0,0.0,1005.0,1400,2005-08-11 18:00:00
ATLN,200508L,-30.6,43.1,2005081121,30.0,0.0,1006.0,1401,2005-08-11 21:00:00
ATLN,200508L,-31.1,42.2,2005081209,30.0,0.0,1008.0,1402,2005-08-12 09:00:00
ATLN,200508L,-31.4,42.0,2005081212,30.0,0.0,1009.0,1403,2005-08-12 12:00:00
ATLN,200508L,-31.4,41.6,2005081215,28.0,0.0,1010.0,1404,2005-08-12 15:00:00
ATLN,200508L,-31.5,41.3,2005081218,25.0,0.0,1010.0,1405,2005-08-12 18:00:00
ATLN,200508L,-31.5,41.0,2005081221,25.0,0.0,1010.0,1406,2005-08-12 21:00:00
ATLN,200508L,-31.5,40.5,2005081309,25.0,0.0,1011.0,1407,2005-08-13 09:00:00
ATLN,200508L,-31.5,40.5,2005081312,25.0,0.0,1011.0,1408,2005-08-13 12:00:00
ATLN,200508L,-31.8,40.9,2005081315,25.0,0.0,1012.0,1409,2005-08-13 15:00:00
ATLN,200508L,-32.0,41.2,2005081318,25.0,0.0,1012.0,1410,2005-08-13 18:00:00
ATLN,200508L,-32.2,41.6,2005081321,25.0,0.0,1014.0,1411,2005-08-13 21:00:00
WPAC,200508W,112.3,18.1,2005072900,35.0,0.0,997.0,8101,2005-07-29 00:00:00
WPAC,200508W,112.2,18.2,2005072903,35.0,0.0,997.0,8102,2005-07-29 03:00:00
WPAC,200508W,111.8,18.4,2005072909,35.0,0.0,997.0,8103,2005-07-29 09:00:00
WPAC,200508W,110.2,18.8,2005073000,45.0,0.0,991.0,8104,2005-07-30 00:00:00
WPAC,200508W,109.8,19.0,2005073003,40.0,0.0,994.0,8105,2005-07-30 03:00:00
WPAC,200508W,109.5,19.1,2005073006,35.0,0.0,997.0,8106,2005-07-30 06:00:00
WPAC,200508W,109.0,19.2,2005073009,40.0,32.5,994.0,8107,2005-07-30 09:00:00
WPAC,200508W,106.7,19.8,2005073100,45.0,56.2,991.0,8108,2005-07-31 00:00:00
WPAC,200508W,106.2,20.0,2005073103,40.0,56.2,994.0,8109,2005-07-31 03:00:00
WPAC,200508W,105.7,20.1,2005073106,35.0,56.2,997.0,8110,2005-07-31 06:00:00
EPAC,200509E,-105.3,16.9,2005082515,28.0,0.0,1006.0,4555,2005-08-25 15:00:00
EPAC,200509E,-105.8,17.0,2005082518,30.0,0.0,1005.0,4556,2005-08-25 18:00:00
EPAC,200509E,-106.3,17.1,2005082521,33.0,22.5,1005.0,4557,2005-08-25 21:00:00
EPAC,200509E,-106.8,17.2,2005082600,35.0,45.0,1004.0,4558,2005-08-26 00:00:00
EPAC,200509E,-109.2,17.6,2005082615,45.0,50.0,1000.0,4559,2005-08-26 15:00:00
EPAC,200509E,-109.6,17.5,2005082618,45.0,50.0,1000.0,4560,2005-08-26 18:00:00
EPAC,200509E,-110.1,17.4,2005082621,43.0,50.0,1001.0,4561,2005-08-26 21:00:00
EPAC,200509E,-110.5,17.4,2005082700,40.0,50.0,1001.0,4562,2005-08-27 00:00:00
EPAC,200509E,-112.7,17.4,2005082715,35.0,22.5,1004.0,4563,2005-08-27 15:00:00
EPAC,200509E,-113.1,17.3,2005082718,35.0,22.5,1004.0,4564,2005-08-27 18:00:00
EPAC,200509E,-113.6,17.2,2005082721,33.0,11.3,1005.0,4565,2005-08-27 21:00:00
EPAC,200509E,-114.0,17.1,2005082800,30.0,0.0,1005.0,4566,2005-08-28 00:00:00
EPAC,200509E,-115.6,16.9,2005082815,25.0,0.0,1006.0,4567,2005-08-28 15:00:00
EPAC,200509E,-115.9,16.9,2005082818,25.0,0.0,1006.0,4568,2005-08-28 18:00:00
EPAC,200509E,-116.2,16.9,2005082821,25.0,0.0,1006.0,4569,2005-08-28 21:00:00
EPAC,200509E,-116.5,17.0,2005082900,25.0,0.0,1006.0,4570,2005-08-29 00:00:00
EPAC,200509E,-117.6,17.0,2005082915,23.0,0.0,1009.0,4571,2005-08-29 15:00:00
EPAC,200509E,-117.7,17.0,2005082918,20.0,0.0,1009.0,4572,2005-08-29 18:00:00
EPAC,200509E,-117.9,17.0,2005082921,20.0,0.0,1009.0,4573,2005-08-29 21:00:00
EPAC,200509E,-118.1,17.0,2005083000,20.0,0.0,1009.0,4574,2005-08-30 00:00:00
EPAC,200509E,-119.5,17.1,2005083015,20.0,0.0,1009.0,4575,2005-08-30 15:00:00
EPAC,200509E,-119.7,17.1,2005083018,20.0,0.0,1009.0,4576,2005-08-30 18:00:00
EPAC,200509E,-119.9,17.1,2005083021,20.0,0.0,1009.0,4577,2005-08-30 21:00:00
EPAC,200509E,-120.1,17.1,2005083100,20.0,0.0,1009.0,4578,2005-08-31 00:00:00
EPAC,200509E,-121.3,16.9,2005083115,20.0,0.0,1010.0,4579,2005-08-31 15:00:00
EPAC,200509E,-121.6,16.9,2005083118,20.0,0.0,1010.0,4580,2005-08-31 18:00:00
EPAC,200509E,-121.8,16.9,2005083121,20.0,0.0,1010.0,4581,2005-08-31 21:00:00
EPAC,200509E,-122.1,16.8,2005090100,20.0,0.0,1010.0,4582,2005-09-01 00:00:00
EPAC,200509E,-123.3,15.6,2005090115,20.0,0.0,1010.0,4583,2005-09-01 15:00:00
EPAC,200509E,-123.6,15.4,2005090118,20.0,0.0,1010.0,4584,2005-09-01 18:00:00
EPAC,200509E,-123.8,15.1,2005090121,20.0,0.0,1010.0,4585,2005-09-01 21:00:00
EPAC,200509E,-123.9,14.8,2005090200,20.0,0.0,1010.0,4586,2005-09-02 00:00:00
EPAC,200509E,-125.8,13.7,2005090215,15.0,0.0,1011.0,4587,2005-09-02 15:00:00
EPAC,200509E,-126.2,13.4,2005090218,15.0,0.0,1011.0,4588,2005-09-02 18:00:00
ATLN,200509L,-33.5,12.9,2005080418,25.0,0.0,1009.0,1412,2005-08-04 18:00:00
ATLN,200509L,-36.1,15.1,2005080509,28.0,0.0,1008.0,1413,2005-08-05 09:00:00
ATLN,200509L,-36.8,15.6,2005080512,30.0,0.0,1008.0,1414,2005-08-05 12:00:00
ATLN,200509L,-37.6,16.1,2005080515,30.0,0.0,1008.0,1415,2005-08-05 15:00:00
ATLN,200509L,-38.4,16.6,2005080518,30.0,0.0,1008.0,1416,2005-08-05 18:00:00
ATLN,200509L,-39.1,16.9,2005080521,30.0,0.0,1008.0,1417,2005-08-05 21:00:00
ATLN,200509L,-41.0,17.9,2005080609,30.0,0.0,1008.0,1418,2005-08-06 09:00:00
ATLN,200509L,-41.6,18.2,2005080612,30.0,0.0,1008.0,1419,2005-08-06 12:00:00
ATLN,200509L,-42.2,18.5,2005080615,30.0,0.0,1008.0,1420,2005-08-06 15:00:00
ATLN,200509L,-42.8,18.8,2005080618,30.0,0.0,1008.0,1421,2005-08-06 18:00:00
ATLN,200509L,-43.1,19.1,2005080621,30.0,0.0,1008.0,1422,2005-08-06 21:00:00
ATLN,200509L,-44.6,19.9,2005080709,32.0,5.0,1006.0,1423,2005-08-07 09:00:00
ATLN,200509L,-45.0,20.2,2005080712,35.0,10.0,1005.0,1424,2005-08-07 12:00:00
ATLN,200509L,-45.5,20.5,2005080715,35.0,10.0,1005.0,1425,2005-08-07 15:00:00
ATLN,200509L,-46.0,20.8,2005080718,35.0,10.0,1005.0,1426,2005-08-07 18:00:00
ATLN,200509L,-49.1,22.0,2005080809,32.0,22.5,1008.0,1427,2005-08-08 09:00:00
ATLN,200509L,-49.9,22.2,2005080812,30.0,0.0,1009.0,1428,2005-08-08 12:00:00
ATLN,200509L,-50.4,22.3,2005080815,30.0,0.0,1009.0,1429,2005-08-08 15:00:00
ATLN,200509L,-50.9,22.4,2005080818,30.0,0.0,1009.0,1430,2005-08-08 18:00:00
ATLN,200509L,-51.5,22.4,2005080821,30.0,0.0,1009.0,1431,2005-08-08 21:00:00
ATLN,200509L,-53.7,22.4,2005080912,30.0,0.0,1009.0,1432,2005-08-09 12:00:00
ATLN,200509L,-54.2,22.4,2005080915,30.0,0.0,1009.0,1433,2005-08-09 15:00:00
ATLN,200509L,-54.8,22.4,2005080918,30.0,0.0,1009.0,1434,2005-08-09 18:00:00
ATLN,200509L,-57.2,22.4,2005081012,30.0,0.0,1009.0,1435,2005-08-10 12:00:00
ATLN,200509L,-57.7,22.6,2005081015,30.0,0.0,1008.0,1436,2005-08-10 15:00:00
ATLN,200509L,-58.1,22.8,2005081018,30.0,0.0,1008.0,1437,2005-08-10 18:00:00
ATLN,200509L,-58.7,23.1,2005081021,32.0,15.0,1006.0,1438,2005-08-10 21:00:00
ATLN,200509L,-61.7,24.7,2005081112,45.0,35.0,1001.0,1439,2005-08-11 12:00:00
ATLN,200509L,-62.3,25.0,2005081115,45.0,35.0,1001.0,1440,2005-08-11 15:00:00
ATLN,200509L,-62.9,25.4,2005081118,45.0,35.0,1001.0,1441,2005-08-11 18:00:00
ATLN,200509L,-63.3,25.9,2005081121,45.0,36.2,1001.0,1442,2005-08-11 21:00:00
ATLN,200509L,-66.3,27.9,2005081212,55.0,42.5,996.0,1443,2005-08-12 12:00:00
ATLN,200509L,-66.7,28.1,2005081215,55.0,55.6,996.0,1444,2005-08-12 15:00:00
ATLN,200509L,-67.1,28.4,2005081218,55.0,68.8,995.0,1445,2005-08-12 18:00:00
ATLN,200509L,-67.4,28.6,2005081221,58.0,70.0,994.0,1446,2005-08-12 21:00:00
ATLN,200509L,-69.0,30.0,2005081312,60.0,67.5,997.0,1447,2005-08-13 12:00:00
ATLN,200509L,-69.2,30.4,2005081315,60.0,69.4,998.0,1448,2005-08-13 15:00:00
ATLN,200509L,-69.4,30.8,2005081318,60.0,71.2,1000.0,1449,2005-08-13 18:00:00
ATLN,200509L,-69.7,31.2,2005081321,60.0,71.2,998.0,1450,2005-08-13 21:00:00
ATLN,200509L,-70.1,33.1,2005081412,55.0,66.2,999.0,1451,2005-08-14 12:00:00
ATLN,200509L,-70.0,33.5,2005081415,58.0,63.8,996.0,1452,2005-08-14 15:00:00
ATLN,200509L,-70.0,34.0,2005081418,60.0,61.2,994.0,1453,2005-08-14 18:00:00
ATLN,200509L,-69.8,34.5,2005081421,65.0,65.6,992.0,1454,2005-08-14 21:00:00
ATLN,200509L,-67.1,36.4,2005081515,78.0,85.0,982.0,1455,2005-08-15 15:00:00
ATLN,200509L,-66.5,36.5,2005081518,80.0,85.0,980.0,1456,2005-08-15 18:00:00
ATLN,200509L,-65.8,36.5,2005081521,80.0,81.2,980.0,1457,2005-08-15 21:00:00
ATLN,200509L,-63.0,36.6,2005081612,85.0,77.5,975.0,1458,2005-08-16 12:00:00
ATLN,200509L,-62.5,36.5,2005081615,88.0,81.2,972.0,1459,2005-08-16 15:00:00
ATLN,200509L,-62.0,36.5,2005081618,90.0,85.0,970.0,1460,2005-08-16 18:00:00
ATLN,200509L,-61.6,36.5,2005081621,85.0,85.0,974.0,1461,2005-08-16 21:00:00
ATLN,200509L,-59.1,36.9,2005081712,65.0,75.0,987.0,1462,2005-08-17 12:00:00
ATLN,200509L,-58.2,37.2,2005081715,65.0,75.0,987.0,1463,2005-08-17 15:00:00
ATLN,200509L,-57.3,37.6,2005081718,65.0,75.0,987.0,1464,2005-08-17 18:00:00
ATLN,200509L,-50.6,41.8,2005081809,55.0,133.1,991.0,1465,2005-08-18 09:00:00
ATLN,200509L,-48.9,43.3,2005081812,50.0,202.5,992.0,1466,2005-08-18 12:00:00
WPAC,200509W,139.9,9.5,2005073000,15.0,0.0,1006.0,8111,2005-07-30 00:00:00
WPAC,200509W,139.4,9.7,2005073003,15.0,0.0,1006.0,8112,2005-07-30 03:00:00
WPAC,200509W,139.0,9.9,2005073006,15.0,0.0,1006.0,8113,2005-07-30 06:00:00
WPAC,200509W,138.4,10.1,2005073009,18.0,0.0,1005.0,8114,2005-07-30 09:00:00
WPAC,200509W,135.7,10.4,2005073100,30.0,0.0,1000.0,8115,2005-07-31 00:00:00
WPAC,200509W,134.7,11.2,2005073106,35.0,0.0,997.0,8116,2005-07-31 06:00:00
WPAC,200509W,134.2,11.6,2005073109,35.0,0.0,997.0,8117,2005-07-31 09:00:00
WPAC,200509W,132.4,13.9,2005080100,45.0,48.8,991.0,8118,2005-08-01 00:00:00
WPAC,200509W,132.1,14.4,2005080103,45.0,49.4,991.0,8119,2005-08-01 03:00:00
WPAC,200509W,131.7,14.9,2005080106,45.0,50.0,991.0,8120,2005-08-01 06:00:00
WPAC,200509W,131.2,15.2,2005080109,45.0,55.0,991.0,8121,2005-08-01 09:00:00
WPAC,200509W,129.0,17.1,2005080200,65.0,103.8,976.0,8122,2005-08-02 00:00:00
WPAC,200509W,128.7,17.6,2005080203,65.0,106.9,976.0,8123,2005-08-02 03:00:00
WPAC,200509W,128.4,18.0,2005080206,65.0,110.0,976.0,8124,2005-08-02 06:00:00
WPAC,200509W,128.1,18.4,2005080209,65.0,111.2,976.0,8125,2005-08-02 09:00:00
WPAC,200509W,126.5,20.7,2005080300,75.0,132.5,967.0,8126,2005-08-03 00:00:00
WPAC,200509W,126.2,20.9,2005080303,78.0,132.5,965.0,8127,2005-08-03 03:00:00
WPAC,200509W,126.0,21.2,2005080306,80.0,132.5,963.0,8128,2005-08-03 06:00:00
WPAC,200509W,125.8,21.5,2005080309,78.0,132.5,965.0,8129,2005-08-03 09:00:00
WPAC,200509W,124.9,23.1,2005080400,80.0,165.0,963.0,8130,2005-08-04 00:00:00
WPAC,200509W,124.8,23.5,2005080403,80.0,167.5,963.0,8131,2005-08-04 03:00:00
WPAC,200509W,124.7,23.9,2005080406,80.0,170.0,963.0,8132,2005-08-04 06:00:00
WPAC,200509W,124.5,24.2,2005080409,85.0,167.5,959.0,8133,2005-08-04 09:00:00
WPAC,200509W,123.4,25.9,2005080500,85.0,162.5,958.0,8134,2005-08-05 00:00:00
WPAC,200509W,123.2,26.4,2005080503,83.0,162.5,961.0,8135,2005-08-05 03:00:00
WPAC,200509W,123.1,26.8,2005080506,80.0,162.5,963.0,8136,2005-08-05 06:00:00
WPAC,200509W,122.7,27.1,2005080509,78.0,162.5,965.0,8137,2005-08-05 09:00:00
WPAC,200509W,120.9,28.6,2005080600,55.0,122.5,984.0,8138,2005-08-06 00:00:00
WPAC,200509W,120.7,28.9,2005080603,55.0,122.5,984.0,8139,2005-08-06 03:00:00
WPAC,200509W,120.5,29.2,2005080606,55.0,122.5,984.0,8140,2005-08-06 06:00:00
EPAC,200510E,-114.5,14.8,2005091200,30.0,0.0,1008.0,4589,2005-09-12 00:00:00
EPAC,200510E,-117.2,14.8,2005091215,30.0,0.0,1008.0,4590,2005-09-12 15:00:00
EPAC,200510E,-117.8,14.8,2005091218,30.0,0.0,1008.0,4591,2005-09-12 18:00:00
EPAC,200510E,-118.3,14.8,2005091221,30.0,0.0,1008.0,4592,2005-09-12 21:00:00
EPAC,200510E,-118.8,14.8,2005091300,30.0,0.0,1008.0,4593,2005-09-13 00:00:00
EPAC,200510E,-121.3,14.3,2005091315,30.0,0.0,1008.0,4594,2005-09-13 15:00:00
EPAC,200510E,-122.0,14.3,2005091318,30.0,0.0,1007.0,4595,2005-09-13 18:00:00
EPAC,200510E,-122.7,14.3,2005091321,30.0,0.0,1007.0,4596,2005-09-13 21:00:00
EPAC,200510E,-123.4,14.2,2005091400,30.0,0.0,1007.0,4597,2005-09-14 00:00:00
EPAC,200510E,-126.1,13.9,2005091415,30.0,0.0,1007.0,4598,2005-09-14 15:00:00
EPAC,200510E,-126.5,13.8,2005091418,30.0,0.0,1007.0,4599,2005-09-14 18:00:00
EPAC,200510E,-127.1,13.8,2005091421,33.0,10.0,1007.0,4600,2005-09-14 21:00:00
EPAC,200510E,-127.6,13.8,2005091500,35.0,20.0,1006.0,4601,2005-09-15 00:00:00
EPAC,200510E,-130.8,13.3,2005091515,50.0,56.3,997.0,4602,2005-09-15 15:00:00
EPAC,200510E,-131.5,13.1,2005091518,55.0,67.5,994.0,4603,2005-09-15 18:00:00
EPAC,200510E,-132.1,13.1,2005091521,58.0,67.5,992.0,4604,2005-09-15 21:00:00
EPAC,200510E,-132.7,13.0,2005091600,60.0,67.5,990.0,4605,2005-09-16 00:00:00
EPAC,200510E,-135.1,12.5,2005091615,73.0,75.0,981.0,4606,2005-09-16 15:00:00
EPAC,200510E,-135.7,12.4,2005091618,75.0,82.5,979.0,4607,2005-09-16 18:00:00
EPAC,200510E,-136.1,12.4,2005091621,78.0,87.5,978.0,4608,2005-09-16 21:00:00
EPAC,200510E,-136.4,12.3,2005091700,80.0,92.5,977.0,4609,2005-09-17 00:00:00
EPAC,200510E,-138.3,12.4,2005091715,85.0,100.0,973.0,4610,2005-09-17 15:00:00
EPAC,200510E,-138.6,12.5,2005091718,85.0,105.0,973.0,4611,2005-09-17 18:00:00
EPAC,200510E,-138.9,12.7,2005091721,85.0,105.0,973.0,4612,2005-09-17 21:00:00
EPAC,200510E,-139.3,12.9,2005091800,85.0,105.0,973.0,4613,2005-09-18 00:00:00
EPAC,200510E,-139.6,13.1,2005091803,85.0,105.0,973.0,4614,2005-09-18 03:00:00
EPAC,200510E,-140.4,13.7,2005091815,90.0,112.5,970.0,4615,2005-09-18 15:00:00
EPAC,200510E,-140.6,13.8,2005091818,90.0,112.5,970.0,4616,2005-09-18 18:00:00
EPAC,200510E,-140.8,14.0,2005091821,90.0,118.8,970.0,4617,2005-09-18 21:00:00
EPAC,200510E,-141.1,14.2,2005091900,90.0,125.0,969.0,4618,2005-09-19 00:00:00
EPAC,200510E,-141.4,14.4,2005091903,93.0,125.0,967.0,4619,2005-09-19 03:00:00
EPAC,200510E,-142.4,15.4,2005091915,103.0,135.0,958.0,4620,2005-09-19 15:00:00
EPAC,200510E,-142.7,15.6,2005091918,105.0,135.0,955.0,4621,2005-09-19 18:00:00
EPAC,200510E,-143.0,15.8,2005091921,108.0,135.0,953.0,4622,2005-09-19 21:00:00
EPAC,200510E,-143.3,16.0,2005092000,110.0,135.0,951.0,4623,2005-09-20 00:00:00
EPAC,200510E,-143.6,16.1,2005092003,110.0,136.3,952.0,4624,2005-09-20 03:00:00
EPAC,200510E,-145.1,16.5,2005092018,105.0,140.0,956.0,4625,2005-09-20 18:00:00
EPAC,200510E,-145.4,16.6,2005092021,105.0,140.0,957.0,4626,2005-09-20 21:00:00
EPAC,200510E,-145.7,16.7,2005092100,105.0,140.0,957.0,4627,2005-09-21 00:00:00
EPAC,200510E,-145.9,16.9,2005092103,105.0,140.0,958.0,4628,2005-09-21 03:00:00
EPAC,200510E,-146.2,17.0,2005092106,105.0,140.0,958.0,4629,2005-09-21 06:00:00
EPAC,200510E,-147.0,17.7,2005092118,100.0,140.0,962.0,4630,2005-09-21 18:00:00
EPAC,200510E,-147.2,17.9,2005092121,98.0,124.4,964.0,4631,2005-09-21 21:00:00
EPAC,200510E,-147.3,18.1,2005092200,95.0,108.8,965.0,4632,2005-09-22 00:00:00
EPAC,200510E,-147.4,18.4,2005092203,93.0,103.1,968.0,4633,2005-09-22 03:00:00
EPAC,200510E,-147.6,18.7,2005092206,90.0,97.5,970.0,4634,2005-09-22 06:00:00
EPAC,200510E,-148.5,20.1,2005092218,70.0,86.3,982.0,4635,2005-09-22 18:00:00
EPAC,200510E,-148.8,20.5,2005092221,65.0,86.3,986.0,4636,2005-09-22 21:00:00
EPAC,200510E,-149.1,20.8,2005092300,60.0,86.3,989.0,4637,2005-09-23 00:00:00
EPAC,200510E,-149.3,21.1,2005092303,58.0,78.1,992.0,4638,2005-09-23 03:00:00
EPAC,200510E,-150.4,22.3,2005092318,35.0,50.0,1005.0,4639,2005-09-23 18:00:00
EPAC,200510E,-150.8,22.6,2005092321,33.0,25.0,1008.0,4640,2005-09-23 21:00:00
EPAC,200510E,-151.1,22.8,2005092400,30.0,0.0,1010.0,4641,2005-09-24 00:00:00
EPAC,200510E,-151.6,22.9,2005092403,30.0,0.0,1010.0,4642,2005-09-24 03:00:00
EPAC,200510E,-153.8,23.3,2005092418,25.0,0.0,1014.0,4643,2005-09-24 18:00:00
EPAC,200510E,-154.2,23.5,2005092421,23.0,0.0,1015.0,4644,2005-09-24 21:00:00
EPAC,200510E,-154.6,23.7,2005092500,20.0,0.0,1015.0,4645,2005-09-25 00:00:00
ATLN,200510L,-43.6,13.3,2005081312,25.0,0.0,1009.0,1467,2005-08-13 12:00:00
ATLN,200510L,-44.2,13.6,2005081315,28.0,0.0,1008.0,1468,2005-08-13 15:00:00
ATLN,200510L,-44.7,13.8,2005081318,30.0,0.0,1008.0,1469,2005-08-13 18:00:00
ATLN,200510L,-45.2,13.8,2005081321,30.0,0.0,1008.0,1470,2005-08-13 21:00:00
ATLN,200510L,-46.2,13.4,2005081409,25.0,0.0,1009.0,1471,2005-08-14 09:00:00
ATLN,200510L,-46.4,13.5,2005081412,25.0,0.0,1009.0,1472,2005-08-14 12:00:00
ATLN,200510L,-46.5,13.7,2005081415,25.0,0.0,1010.0,1473,2005-08-14 15:00:00
ATLN,200510L,-46.7,13.9,2005081418,25.0,0.0,1010.0,1474,2005-08-14 18:00:00
ATLN,200510L,-47.0,14.2,2005081421,25.0,0.0,1010.0,1475,2005-08-14 21:00:00
ATLN,200510L,-48.8,14.6,2005081509,25.0,0.0,1010.0,1476,2005-08-15 09:00:00
ATLN,200510L,-49.3,14.6,2005081512,25.0,0.0,1010.0,1477,2005-08-15 12:00:00
ATLN,200510L,-49.6,14.7,2005081515,25.0,0.0,1010.0,1478,2005-08-15 15:00:00
ATLN,200510L,-49.9,14.8,2005081518,25.0,0.0,1010.0,1479,2005-08-15 18:00:00
ATLN,200510L,-50.1,14.9,2005081521,25.0,0.0,1010.0,1480,2005-08-15 21:00:00
ATLN,200510L,-52.0,16.0,2005081612,25.0,0.0,1010.0,1481,2005-08-16 12:00:00
ATLN,200510L,-52.6,16.1,2005081615,25.0,0.0,1010.0,1482,2005-08-16 15:00:00
ATLN,200510L,-53.2,16.1,2005081618,25.0,0.0,1010.0,1483,2005-08-16 18:00:00
ATLN,200510L,-53.7,16.1,2005081621,25.0,0.0,1010.0,1484,2005-08-16 21:00:00
ATLN,200510L,-55.6,16.7,2005081712,25.0,0.0,1010.0,1485,2005-08-17 12:00:00
ATLN,200510L,-56.1,16.9,2005081715,25.0,0.0,1010.0,1486,2005-08-17 15:00:00
ATLN,200510L,-56.6,17.1,2005081718,25.0,0.0,1010.0,1487,2005-08-17 18:00:00
ATLN,200510L,-57.2,17.2,2005081721,25.0,0.0,1010.0,1488,2005-08-17 21:00:00
ATLN,200510L,-60.1,18.0,2005081812,25.0,0.0,1014.0,1489,2005-08-18 12:00:00
WPAC,200510W,130.6,14.0,2005081000,20.0,0.0,1004.0,8141,2005-08-10 00:00:00
WPAC,200510W,130.1,14.3,2005081003,20.0,0.0,1004.0,8142,2005-08-10 03:00:00
WPAC,200510W,129.7,14.6,2005081006,20.0,0.0,1004.0,8143,2005-08-10 06:00:00
WPAC,200510W,129.2,14.8,2005081009,23.0,0.0,1003.0,8144,2005-08-10 09:00:00
WPAC,200510W,126.4,16.1,2005081100,35.0,0.0,997.0,8145,2005-08-11 00:00:00
WPAC,200510W,125.7,16.5,2005081103,38.0,0.0,996.0,8146,2005-08-11 03:00:00
WPAC,200510W,125.0,16.8,2005081106,40.0,0.0,994.0,8147,2005-08-11 06:00:00
WPAC,200510W,124.3,17.1,2005081109,43.0,2.5,993.0,8148,2005-08-11 09:00:00
WPAC,200510W,121.2,18.9,2005081200,50.0,15.0,987.0,8149,2005-08-12 00:00:00
WPAC,200510W,120.7,19.2,2005081203,53.0,22.5,986.0,8150,2005-08-12 03:00:00
WPAC,200510W,120.1,19.6,2005081206,55.0,30.0,984.0,8151,2005-08-12 06:00:00
WPAC,200510W,119.7,20.1,2005081209,58.0,33.8,982.0,8152,2005-08-12 09:00:00
WPAC,200510W,117.2,23.1,2005081300,65.0,76.2,976.0,8153,2005-08-13 00:00:00
WPAC,200510W,116.9,23.5,2005081303,55.0,76.2,984.0,8154,2005-08-13 03:00:00
WPAC,200510W,116.6,23.9,2005081306,45.0,76.2,991.0,8155,2005-08-13 06:00:00
WPAC,200510W,116.2,24.5,2005081309,40.0,76.2,994.0,8156,2005-08-13 09:00:00
WPAC,200510W,114.8,27.0,2005081400,25.0,0.0,1002.0,8157,2005-08-14 00:00:00
EPAC,200511E,-118.0,12.3,2005091418,30.0,0.0,1009.0,4646,2005-09-14 18:00:00
EPAC,200511E,-118.3,12.6,2005091421,30.0,0.0,1008.0,4647,2005-09-14 21:00:00
EPAC,200511E,-118.7,12.8,2005091500,30.0,0.0,1006.0,4648,2005-09-15 00:00:00
EPAC,200511E,-120.1,12.9,2005091515,53.0,52.5,996.0,4649,2005-09-15 15:00:00
EPAC,200511E,-120.4,12.9,2005091518,55.0,60.0,994.0,4650,2005-09-15 18:00:00
EPAC,200511E,-120.8,12.9,2005091521,60.0,67.5,991.0,4651,2005-09-15 21:00:00
EPAC,200511E,-121.3,13.0,2005091600,65.0,75.0,987.0,4652,2005-09-16 00:00:00
EPAC,200511E,-123.5,13.0,2005091615,75.0,76.9,979.0,4653,2005-09-16 15:00:00
EPAC,200511E,-124.0,13.0,2005091618,75.0,78.8,979.0,4654,2005-09-16 18:00:00
EPAC,200511E,-124.3,13.1,2005091621,80.0,83.8,977.0,4655,2005-09-16 21:00:00
EPAC,200511E,-124.7,13.2,2005091700,85.0,88.8,975.0,4656,2005-09-17 00:00:00
EPAC,200511E,-126.8,13.8,2005091715,110.0,92.5,952.0,4657,2005-09-17 15:00:00
EPAC,200511E,-127.2,13.9,2005091718,110.0,95.0,952.0,4658,2005-09-17 18:00:00
EPAC,200511E,-127.6,14.0,2005091721,110.0,92.5,952.0,4659,2005-09-17 21:00:00
EPAC,200511E,-127.9,14.1,2005091800,110.0,90.0,952.0,4660,2005-09-18 00:00:00
EPAC,200511E,-129.4,14.2,2005091815,115.0,78.8,948.0,4661,2005-09-18 15:00:00
EPAC,200511E,-129.6,14.2,2005091818,115.0,75.0,948.0,4662,2005-09-18 18:00:00
EPAC,200511E,-129.8,14.1,2005091821,115.0,75.0,949.0,4663,2005-09-18 21:00:00
EPAC,200511E,-130.1,14.1,2005091900,115.0,75.0,949.0,4664,2005-09-19 00:00:00
EPAC,200511E,-130.6,13.4,2005091915,98.0,68.8,963.0,4665,2005-09-19 15:00:00
EPAC,200511E,-130.6,13.4,2005091918,90.0,62.5,970.0,4666,2005-09-19 18:00:00
EPAC,200511E,-130.7,13.4,2005091921,85.0,58.8,975.0,4667,2005-09-19 21:00:00
EPAC,200511E,-130.8,13.4,2005092000,80.0,55.0,979.0,4668,2005-09-20 00:00:00
EPAC,200511E,-131.1,13.3,2005092015,60.0,52.5,991.0,4669,2005-09-20 15:00:00
EPAC,200511E,-131.2,13.2,2005092018,55.0,50.0,994.0,4670,2005-09-20 18:00:00
EPAC,200511E,-131.3,13.3,2005092021,55.0,50.0,994.0,4671,2005-09-20 21:00:00
EPAC,200511E,-131.4,13.4,2005092100,55.0,50.0,994.0,4672,2005-09-21 00:00:00
EPAC,200511E,-132.8,14.4,2005092115,48.0,67.5,999.0,4673,2005-09-21 15:00:00
EPAC,200511E,-133.2,14.6,2005092118,45.0,67.5,1000.0,4674,2005-09-21 18:00:00
EPAC,200511E,-133.6,14.8,2005092121,45.0,67.5,1000.0,4675,2005-09-21 21:00:00
EPAC,200511E,-133.9,14.9,2005092200,45.0,67.5,1000.0,4676,2005-09-22 00:00:00
EPAC,200511E,-135.6,15.6,2005092215,55.0,85.0,994.0,4677,2005-09-22 15:00:00
EPAC,200511E,-135.7,15.7,2005092218,55.0,85.0,994.0,4678,2005-09-22 18:00:00
EPAC,200511E,-135.8,15.8,2005092221,55.0,85.0,994.0,4679,2005-09-22 21:00:00
EPAC,200511E,-136.0,15.9,2005092300,55.0,85.0,994.0,4680,2005-09-23 00:00:00
EPAC,200511E,-137.0,16.0,2005092315,53.0,83.1,996.0,4681,2005-09-23 15:00:00
EPAC,200511E,-137.2,16.0,2005092318,50.0,81.3,997.0,4682,2005-09-23 18:00:00
EPAC,200511E,-137.4,16.0,2005092321,50.0,79.4,997.0,4683,2005-09-23 21:00:00
EPAC,200511E,-137.7,16.0,2005092400,50.0,77.5,997.0,4684,2005-09-24 00:00:00
EPAC,200511E,-137.9,16.0,2005092403,48.0,77.5,999.0,4685,2005-09-24 03:00:00
EPAC,200511E,-138.7,16.1,2005092415,53.0,73.8,995.0,4686,2005-09-24 15:00:00
EPAC,200511E,-138.9,16.2,2005092418,55.0,70.0,994.0,4687,2005-09-24 18:00:00
EPAC,200511E,-139.1,16.3,2005092421,60.0,70.0,992.0,4688,2005-09-24 21:00:00
EPAC,200511E,-139.3,16.4,2005092500,65.0,70.0,990.0,4689,2005-09-25 00:00:00
EPAC,200511E,-139.4,16.4,2005092503,65.0,70.0,989.0,4690,2005-09-25 03:00:00
EPAC,200511E,-139.6,16.1,2005092515,65.0,70.0,987.0,4691,2005-09-25 15:00:00
EPAC,200511E,-139.7,15.9,2005092518,65.0,70.0,987.0,4692,2005-09-25 18:00:00
EPAC,200511E,-139.8,15.8,2005092521,65.0,70.0,987.0,4693,2005-09-25 21:00:00
EPAC,200511E,-139.9,15.7,2005092600,65.0,70.0,987.0,4694,2005-09-26 00:00:00
EPAC,200511E,-140.0,15.5,2005092603,65.0,70.0,988.0,4695,2005-09-26 03:00:00
EPAC,200511E,-140.3,14.6,2005092615,58.0,57.5,998.0,4696,2005-09-26 15:00:00
EPAC,200511E,-140.5,14.4,2005092618,55.0,50.0,1000.0,4697,2005-09-26 18:00:00
EPAC,200511E,-140.7,14.3,2005092621,55.0,50.0,1000.0,4698,2005-09-26 21:00:00
EPAC,200511E,-140.9,14.2,2005092700,55.0,50.0,1000.0,4699,2005-09-27 00:00:00
EPAC,200511E,-141.2,14.3,2005092703,55.0,50.0,1000.0,4700,2005-09-27 03:00:00
EPAC,200511E,-142.1,14.9,2005092715,48.0,50.0,1004.0,4701,2005-09-27 15:00:00
EPAC,200511E,-142.4,15.2,2005092718,45.0,50.0,1005.0,4702,2005-09-27 18:00:00
EPAC,200511E,-142.8,15.6,2005092721,45.0,50.0,1005.0,4703,2005-09-27 21:00:00
EPAC,200511E,-143.1,16.0,2005092800,45.0,50.0,1005.0,4704,2005-09-28 00:00:00
EPAC,200511E,-143.5,16.4,2005092803,45.0,50.0,1005.0,4705,2005-09-28 03:00:00
EPAC,200511E,-145.5,18.0,2005092818,40.0,25.0,1008.0,4706,2005-09-28 18:00:00
EPAC,200511E,-146.0,18.2,2005092821,38.0,22.5,1009.0,4707,2005-09-28 21:00:00
EPAC,200511E,-146.5,18.4,2005092900,35.0,20.0,1010.0,4708,2005-09-29 00:00:00
EPAC,200511E,-147.1,18.5,2005092903,35.0,20.0,1010.0,4709,2005-09-29 03:00:00
EPAC,200511E,-147.6,18.7,2005092906,35.0,20.0,1010.0,4710,2005-09-29 06:00:00
EPAC,200511E,-149.8,19.0,2005092918,30.0,0.0,1012.0,4711,2005-09-29 18:00:00
EPAC,200511E,-150.4,19.1,2005092921,30.0,0.0,1012.0,4712,2005-09-29 21:00:00
EPAC,200511E,-150.9,19.1,2005093000,30.0,0.0,1012.0,4713,2005-09-30 00:00:00
EPAC,200511E,-151.4,19.1,2005093003,28.0,0.0,1013.0,4714,2005-09-30 03:00:00
EPAC,200511E,-154.2,19.4,2005093018,25.0,0.0,1013.0,4715,2005-09-30 18:00:00
ATLN,200511L,-94.8,19.5,2005082215,32.0,7.5,1005.0,1490,2005-08-22 15:00:00
ATLN,200511L,-95.0,19.6,2005082218,35.0,15.0,1004.0,1491,2005-08-22 18:00:00
ATLN,200511L,-95.3,19.6,2005082221,40.0,23.8,1002.0,1492,2005-08-22 21:00:00
ATLN,200511L,-95.7,19.7,2005082300,45.0,32.5,1001.0,1493,2005-08-23 00:00:00
WPAC,200511W,143.6,20.3,2005081806,20.0,0.0,1004.0,8158,2005-08-18 06:00:00
WPAC,200511W,143.4,20.3,2005081809,20.0,0.0,1004.0,8159,2005-08-18 09:00:00
WPAC,200511W,143.0,20.6,2005081821,23.0,0.0,1003.0,8160,2005-08-18 21:00:00
WPAC,200511W,142.9,20.6,2005081900,25.0,0.0,1002.0,8161,2005-08-19 00:00:00
WPAC,200511W,142.9,20.7,2005081903,30.0,0.0,1000.0,8162,2005-08-19 03:00:00
WPAC,200511W,142.8,20.8,2005081906,35.0,0.0,997.0,8163,2005-08-19 06:00:00
WPAC,200511W,142.7,20.8,2005081909,38.0,0.0,996.0,8164,2005-08-19 09:00:00
WPAC,200511W,142.2,20.8,2005081921,45.0,35.0,991.0,8165,2005-08-19 21:00:00
WPAC,200511W,142.1,20.9,2005082000,45.0,35.0,991.0,8166,2005-08-20 00:00:00
WPAC,200511W,141.9,21.0,2005082003,48.0,51.9,989.0,8167,2005-08-20 03:00:00
WPAC,200511W,141.8,21.1,2005082006,50.0,68.8,987.0,8168,2005-08-20 06:00:00
WPAC,200511W,141.7,21.2,2005082009,53.0,72.5,986.0,8169,2005-08-20 09:00:00
WPAC,200511W,140.8,22.0,2005082100,80.0,95.0,963.0,8170,2005-08-21 00:00:00
WPAC,200511W,140.6,22.1,2005082103,90.0,103.8,954.0,8171,2005-08-21 03:00:00
WPAC,200511W,140.4,22.3,2005082106,100.0,112.5,944.0,8172,2005-08-21 06:00:00
WPAC,200511W,140.2,22.5,2005082109,110.0,113.8,933.0,8173,2005-08-21 09:00:00
WPAC,200511W,139.4,23.4,2005082200,125.0,115.0,916.0,8174,2005-08-22 00:00:00
WPAC,200511W,139.2,23.6,2005082203,125.0,115.0,916.0,8175,2005-08-22 03:00:00
WPAC,200511W,139.1,23.8,2005082206,125.0,115.0,916.0,8176,2005-08-22 06:00:00
WPAC,200511W,138.9,24.0,2005082209,120.0,110.0,922.0,8177,2005-08-22 09:00:00
WPAC,200511W,138.0,25.0,2005082221,100.0,105.0,944.0,8178,2005-08-22 21:00:00
WPAC,200511W,137.8,25.4,2005082300,100.0,105.0,944.0,8179,2005-08-23 00:00:00
WPAC,200511W,137.7,25.9,2005082303,100.0,107.5,944.0,8180,2005-08-23 03:00:00
WPAC,200511W,137.6,26.3,2005082306,100.0,110.0,944.0,8181,2005-08-23 06:00:00
WPAC,200511W,137.4,26.7,2005082309,100.0,110.0,944.0,8182,2005-08-23 09:00:00
WPAC,200511W,136.8,28.4,2005082321,100.0,111.2,944.0,8183,2005-08-23 21:00:00
WPAC,200511W,136.8,28.8,2005082400,100.0,112.5,944.0,8184,2005-08-24 00:00:00
WPAC,200511W,136.9,29.2,2005082403,100.0,112.5,944.0,8185,2005-08-24 03:00:00
WPAC,200511W,136.9,29.7,2005082406,100.0,112.5,944.0,8186,2005-08-24 06:00:00
WPAC,200511W,136.9,30.2,2005082409,100.0,112.5,944.0,8187,2005-08-24 09:00:00
WPAC,200511W,136.9,32.0,2005082421,95.0,116.2,949.0,8188,2005-08-24 21:00:00
WPAC,200511W,137.0,32.5,2005082500,95.0,120.0,949.0,8189,2005-08-25 00:00:00
WPAC,200511W,137.4,33.0,2005082503,93.0,112.5,952.0,8190,2005-08-25 03:00:00
WPAC,200511W,137.8,33.4,2005082506,90.0,105.0,954.0,8191,2005-08-25 06:00:00
WPAC,200511W,138.2,33.9,2005082509,90.0,108.8,954.0,8192,2005-08-25 09:00:00
WPAC,200511W,141.0,35.9,2005082600,75.0,80.0,967.0,8193,2005-08-26 00:00:00
WPAC,200511W,141.9,36.2,2005082603,68.0,70.0,974.0,8194,2005-08-26 03:00:00
WPAC,200511W,142.8,36.6,2005082606,60.0,60.0,980.0,8195,2005-08-26 06:00:00
WPAC,200511W,143.8,36.9,2005082609,60.0,56.2,980.0,8196,2005-08-26 09:00:00
WPAC,200511W,148.2,37.5,2005082700,50.0,42.5,987.0,8197,2005-08-27 00:00:00
EPAC,200512E,-115.1,12.4,2005091715,30.0,15.0,1007.0,4716,2005-09-17 15:00:00
EPAC,200512E,-115.2,12.4,2005091718,35.0,30.0,1005.0,4717,2005-09-17 18:00:00
EPAC,200512E,-115.3,12.4,2005091721,35.0,30.0,1005.0,4718,2005-09-17 21:00:00
EPAC,200512E,-115.3,12.3,2005091800,35.0,30.0,1005.0,4719,2005-09-18 00:00:00
EPAC,200512E,-114.9,12.9,2005091815,33.0,10.0,1005.0,4720,2005-09-18 15:00:00
EPAC,200512E,-114.6,13.3,2005091818,30.0,0.0,1005.0,4721,2005-09-18 18:00:00
EPAC,200512E,-114.3,13.8,2005091821,28.0,0.0,1006.0,4722,2005-09-18 21:00:00
EPAC,200512E,-114.1,14.2,2005091900,25.0,0.0,1007.0,4723,2005-09-19 00:00:00
ATLN,200512L,-75.1,23.1,2005082318,30.0,0.0,1008.0,1494,2005-08-23 18:00:00
ATLN,200512L,-75.4,23.2,2005082321,30.0,0.0,1008.0,1495,2005-08-23 21:00:00
ATLN,200512L,-76.7,24.9,2005082415,38.0,30.0,1004.0,1496,2005-08-24 15:00:00
ATLN,200512L,-76.9,25.4,2005082418,40.0,30.0,1003.0,1497,2005-08-24 18:00:00
ATLN,200512L,-77.3,25.7,2005082421,42.0,30.0,1002.0,1498,2005-08-24 21:00:00
ATLN,200512L,-79.0,26.2,2005082512,55.0,50.0,994.0,1499,2005-08-25 12:00:00
ATLN,200512L,-79.3,26.2,2005082515,58.0,56.2,991.0,1500,2005-08-25 15:00:00
ATLN,200512L,-79.6,26.2,2005082518,60.0,62.5,988.0,1501,2005-08-25 18:00:00
ATLN,200512L,-79.9,26.0,2005082521,65.0,60.0,986.0,1502,2005-08-25 21:00:00
ATLN,200512L,-82.0,25.1,2005082612,75.0,55.0,979.0,1503,2005-08-26 12:00:00
ATLN,200512L,-82.3,25.0,2005082615,80.0,57.5,974.0,1504,2005-08-26 15:00:00
ATLN,200512L,-82.6,24.9,2005082618,85.0,60.0,968.0,1505,2005-08-26 18:00:00
ATLN,200512L,-82.9,24.8,2005082621,88.0,69.4,964.0,1506,2005-08-26 21:00:00
ATLN,200512L,-83.3,24.6,2005082700,90.0,78.8,959.0,1507,2005-08-27 00:00:00
ATLN,200512L,-84.7,24.4,2005082712,100.0,110.0,942.0,1508,2005-08-27 12:00:00
ATLN,200512L,-85.0,24.4,2005082715,100.0,111.2,945.0,1509,2005-08-27 15:00:00
ATLN,200512L,-85.3,24.5,2005082718,100.0,112.5,948.0,1510,2005-08-27 18:00:00
ATLN,200512L,-85.6,24.6,2005082721,100.0,116.2,944.0,1511,2005-08-27 21:00:00
ATLN,200512L,-85.9,24.8,2005082800,100.0,120.0,941.0,1512,2005-08-28 00:00:00
ATLN,200512L,-87.7,25.7,2005082812,145.0,156.2,909.0,1513,2005-08-28 12:00:00
ATLN,200512L,-88.2,26.0,2005082815,148.0,163.8,906.0,1514,2005-08-28 15:00:00
ATLN,200512L,-88.6,26.3,2005082818,150.0,171.2,902.0,1515,2005-08-28 18:00:00
ATLN,200512L,-88.9,26.8,2005082821,145.0,176.9,904.0,1516,2005-08-28 21:00:00
ATLN,200512L,-89.2,27.2,2005082900,140.0,182.5,905.0,1517,2005-08-29 00:00:00
ATLN,200512L,-89.6,29.5,2005082912,110.0,162.5,923.0,1518,2005-08-29 12:00:00
ATLN,200512L,-89.6,30.3,2005082915,95.0,141.2,936.0,1519,2005-08-29 15:00:00
ATLN,200512L,-89.6,31.1,2005082918,80.0,120.0,948.0,1520,2005-08-29 18:00:00
ATLN,200512L,-89.3,31.9,2005082921,65.0,98.1,954.0,1521,2005-08-29 21:00:00
ATLN,200512L,-89.1,32.6,2005083000,50.0,76.2,961.0,1522,2005-08-30 00:00:00
ATLN,200512L,-88.0,35.6,2005083012,30.0,0.0,985.0,1523,2005-08-30 12:00:00
ATLN,200512L,-87.5,36.3,2005083015,30.0,0.0,988.0,1524,2005-08-30 15:00:00
ATLN,200512L,-87.0,37.0,2005083018,30.0,0.0,990.0,1525,2005-08-30 18:00:00
ATLN,200512L,-86.2,37.8,2005083021,30.0,0.0,992.0,1526,2005-08-30 21:00:00
ATLN,200512L,-85.3,38.6,2005083100,30.0,0.0,994.0,1527,2005-08-31 00:00:00
WPAC,200512W,155.1,21.6,2005081800,15.0,0.0,1006.0,8198,2005-08-18 00:00:00
WPAC,200512W,154.9,21.6,2005081803,15.0,0.0,1006.0,8199,2005-08-18 03:00:00
WPAC,200512W,154.8,21.7,2005081806,15.0,0.0,1006.0,8200,2005-08-18 06:00:00
WPAC,200512W,153.4,21.9,2005081821,20.0,0.0,1004.0,8201,2005-08-18 21:00:00
WPAC,200512W,153.1,22.0,2005081900,20.0,0.0,1004.0,8202,2005-08-19 00:00:00
WPAC,200512W,152.8,22.1,2005081903,20.0,0.0,1004.0,8203,2005-08-19 03:00:00
WPAC,200512W,152.5,22.1,2005081906,20.0,0.0,1004.0,8204,2005-08-19 06:00:00
WPAC,200512W,151.0,22.6,2005081921,25.0,0.0,1002.0,8205,2005-08-19 21:00:00
WPAC,200512W,150.7,22.6,2005082000,25.0,0.0,1002.0,8206,2005-08-20 00:00:00
WPAC,200512W,150.4,22.6,2005082003,28.0,0.0,1001.0,8207,2005-08-20 03:00:00
WPAC,200512W,150.1,22.7,2005082006,30.0,0.0,1000.0,8208,2005-08-20 06:00:00
WPAC,200512W,148.8,24.2,2005082100,40.0,27.5,994.0,8209,2005-08-21 00:00:00
WPAC,200512W,148.6,24.5,2005082103,40.0,27.5,994.0,8210,2005-08-21 03:00:00
WPAC,200512W,148.3,24.9,2005082106,40.0,27.5,994.0,8211,2005-08-21 06:00:00
WPAC,200512W,148.1,25.2,2005082109,43.0,28.1,993.0,8212,2005-08-21 09:00:00
WPAC,200512W,147.2,26.6,2005082121,53.0,46.9,986.0,8213,2005-08-21 21:00:00
WPAC,200512W,147.0,27.0,2005082200,55.0,57.5,984.0,8214,2005-08-22 00:00:00
WPAC,200512W,146.8,27.6,2005082203,55.0,51.2,984.0,8215,2005-08-22 03:00:00
WPAC,200512W,146.7,28.1,2005082206,55.0,45.0,984.0,8216,2005-08-22 06:00:00
WPAC,200512W,146.6,28.6,2005082209,55.0,45.0,984.0,8217,2005-08-22 09:00:00
WPAC,200512W,146.1,30.7,2005082221,55.0,48.8,984.0,8218,2005-08-22 21:00:00
WPAC,200512W,146.1,31.3,2005082300,55.0,50.0,984.0,8219,2005-08-23 00:00:00
WPAC,200512W,146.6,31.8,2005082303,58.0,50.0,982.0,8220,2005-08-23 03:00:00
WPAC,200512W,147.6,32.9,2005082309,63.0,50.0,978.0,8221,2005-08-23 09:00:00
WPAC,200512W,150.3,35.2,2005082321,63.0,47.5,978.0,8222,2005-08-23 21:00:00
WPAC,200512W,151.2,35.7,2005082400,60.0,45.0,980.0,8223,2005-08-24 00:00:00
WPAC,200512W,152.1,36.2,2005082403,58.0,46.2,982.0,8224,2005-08-24 03:00:00
WPAC,200512W,153.1,36.8,2005082406,55.0,47.5,984.0,8225,2005-08-24 06:00:00
WPAC,200512W,154.1,37.4,2005082409,55.0,47.5,984.0,8226,2005-08-24 09:00:00
WPAC,200512W,160.2,41.0,2005082500,50.0,66.2,987.0,8227,2005-08-25 00:00:00
EPAC,200513E,-108.9,13.7,2005091715,20.0,0.0,1009.0,4724,2005-09-17 15:00:00
EPAC,200513E,-110.1,13.9,2005091718,20.0,0.0,1009.0,4725,2005-09-17 18:00:00
EPAC,200513E,-110.8,14.1,2005091721,20.0,0.0,1009.0,4726,2005-09-17 21:00:00
EPAC,200513E,-111.4,14.3,2005091800,20.0,0.0,1009.0,4727,2005-09-18 00:00:00
EPAC,200513E,-113.6,15.1,2005091815,33.0,16.9,1006.0,4728,2005-09-18 15:00:00
EPAC,200513E,-114.1,15.2,2005091818,35.0,33.8,1005.0,4729,2005-09-18 18:00:00
EPAC,200513E,-114.6,15.3,2005091821,35.0,33.8,1005.0,4730,2005-09-18 21:00:00
EPAC,200513E,-115.0,15.4,2005091900,35.0,33.8,1005.0,4731,2005-09-19 00:00:00
EPAC,200513E,-116.7,16.8,2005091915,58.0,83.1,994.0,4732,2005-09-19 15:00:00
EPAC,200513E,-116.9,17.2,2005091918,60.0,103.8,990.0,4733,2005-09-19 18:00:00
EPAC,200513E,-117.2,17.6,2005091921,63.0,103.8,989.0,4734,2005-09-19 21:00:00
EPAC,200513E,-117.4,18.0,2005092000,65.0,103.8,987.0,4735,2005-09-20 00:00:00
EPAC,200513E,-119.1,19.6,2005092015,68.0,87.5,987.0,4736,2005-09-20 15:00:00
EPAC,200513E,-119.3,19.9,2005092018,65.0,87.5,987.0,4737,2005-09-20 18:00:00
EPAC,200513E,-119.5,20.3,2005092021,65.0,87.5,987.0,4738,2005-09-20 21:00:00
EPAC,200513E,-119.7,20.7,2005092100,65.0,87.5,987.0,4739,2005-09-21 00:00:00
EPAC,200513E,-120.7,21.5,2005092115,50.0,76.9,996.0,4740,2005-09-21 15:00:00
EPAC,200513E,-121.0,21.7,2005092118,45.0,75.0,997.0,4741,2005-09-21 18:00:00
EPAC,200513E,-121.2,21.8,2005092121,43.0,75.0,1000.0,4742,2005-09-21 21:00:00
EPAC,200513E,-121.3,21.8,2005092200,40.0,75.0,1002.0,4743,2005-09-22 00:00:00
ATLN,200513L,-45.1,14.0,2005082812,25.0,0.0,1009.0,1528,2005-08-28 12:00:00
ATLN,200513L,-45.8,14.4,2005082815,25.0,0.0,1008.0,1529,2005-08-28 15:00:00
ATLN,200513L,-46.4,14.9,2005082818,25.0,0.0,1007.0,1530,2005-08-28 18:00:00
ATLN,200513L,-47.0,15.3,2005082821,25.0,0.0,1007.0,1531,2005-08-28 21:00:00
ATLN,200513L,-50.6,17.7,2005082912,25.0,0.0,1008.0,1532,2005-08-29 12:00:00
ATLN,200513L,-51.5,18.1,2005082915,22.0,0.0,1008.0,1533,2005-08-29 15:00:00
ATLN,200513L,-52.5,18.5,2005082918,20.0,0.0,1009.0,1534,2005-08-29 18:00:00
ATLN,200513L,-54.2,24.2,2005083012,20.0,0.0,1010.0,1535,2005-08-30 12:00:00
ATLN,200513L,-53.9,24.9,2005083015,22.0,0.0,1010.0,1536,2005-08-30 15:00:00
ATLN,200513L,-53.6,25.5,2005083018,25.0,0.0,1010.0,1537,2005-08-30 18:00:00
ATLN,200513L,-53.2,26.2,2005083021,25.0,0.0,1010.0,1538,2005-08-30 21:00:00
ATLN,200513L,-50.4,29.0,2005083112,35.0,30.0,1006.0,1539,2005-08-31 12:00:00
ATLN,200513L,-50.2,29.6,2005083115,35.0,30.0,1006.0,1540,2005-08-31 15:00:00
ATLN,200513L,-50.1,30.1,2005083118,35.0,30.0,1007.0,1541,2005-08-31 18:00:00
ATLN,200513L,-51.4,31.9,2005090112,30.0,0.0,1010.0,1542,2005-09-01 12:00:00
ATLN,200513L,-51.5,32.1,2005090115,30.0,0.0,1010.0,1543,2005-09-01 15:00:00
ATLN,200513L,-51.5,32.3,2005090118,30.0,0.0,1010.0,1544,2005-09-01 18:00:00
ATLN,200513L,-51.8,32.3,2005090121,28.0,0.0,1010.0,1545,2005-09-01 21:00:00
ATLN,200513L,-52.3,33.2,2005090212,25.0,0.0,1010.0,1546,2005-09-02 12:00:00
ATLN,200513L,-52.5,33.5,2005090215,25.0,0.0,1010.0,1547,2005-09-02 15:00:00
ATLN,200513L,-52.7,33.9,2005090218,25.0,0.0,1010.0,1548,2005-09-02 18:00:00
ATLN,200513L,-53.0,34.3,2005090221,25.0,0.0,1010.0,1549,2005-09-02 21:00:00
ATLN,200513L,-54.2,36.6,2005090312,25.0,0.0,1010.0,1550,2005-09-03 12:00:00
ATLN,200513L,-54.0,37.0,2005090315,25.0,0.0,1010.0,1551,2005-09-03 15:00:00
ATLN,200513L,-53.9,37.4,2005090318,25.0,0.0,1010.0,1552,2005-09-03 18:00:00
WPAC,200513W,147.0,13.7,2005082500,15.0,0.0,1006.0,8228,2005-08-25 00:00:00
WPAC,200513W,146.3,13.2,2005082506,15.0,0.0,1006.0,8229,2005-08-25 06:00:00
WPAC,200513W,145.9,13.1,2005082509,18.0,0.0,1005.0,8230,2005-08-25 09:00:00
WPAC,200513W,144.2,12.6,2005082600,25.0,0.0,1002.0,8231,2005-08-26 00:00:00
WPAC,200513W,143.9,12.8,2005082603,28.0,0.0,1001.0,8232,2005-08-26 03:00:00
WPAC,200513W,143.6,13.1,2005082606,30.0,0.0,1000.0,8233,2005-08-26 06:00:00
WPAC,200513W,143.5,13.4,2005082609,30.0,0.0,1000.0,8234,2005-08-26 09:00:00
WPAC,200513W,142.1,14.9,2005082700,35.0,0.0,997.0,8235,2005-08-27 00:00:00
WPAC,200513W,141.8,15.4,2005082703,35.0,0.0,997.0,8236,2005-08-27 03:00:00
WPAC,200513W,141.6,15.8,2005082706,35.0,0.0,997.0,8237,2005-08-27 06:00:00
WPAC,200513W,141.3,16.4,2005082709,38.0,19.4,996.0,8238,2005-08-27 09:00:00
WPAC,200513W,139.2,17.9,2005082721,55.0,85.0,984.0,8239,2005-08-27 21:00:00
WPAC,200513W,138.7,18.3,2005082800,60.0,90.0,980.0,8240,2005-08-28 00:00:00
WPAC,200513W,138.2,18.8,2005082803,63.0,90.0,978.0,8241,2005-08-28 03:00:00
WPAC,200513W,137.7,19.2,2005082806,65.0,90.0,976.0,8242,2005-08-28 06:00:00
WPAC,200513W,137.2,19.6,2005082809,68.0,97.5,974.0,8243,2005-08-28 09:00:00
WPAC,200513W,134.3,20.8,2005082900,85.0,120.0,958.0,8244,2005-08-29 00:00:00
WPAC,200513W,133.6,20.9,2005082903,90.0,120.0,954.0,8245,2005-08-29 03:00:00
WPAC,200513W,132.9,21.0,2005082906,95.0,120.0,949.0,8246,2005-08-29 06:00:00
WPAC,200513W,132.3,21.0,2005082909,105.0,120.0,938.0,8247,2005-08-29 09:00:00
WPAC,200513W,129.4,21.5,2005083000,125.0,133.8,916.0,8248,2005-08-30 00:00:00
WPAC,200513W,128.9,21.6,2005083003,128.0,132.5,913.0,8249,2005-08-30 03:00:00
WPAC,200513W,128.3,21.8,2005083006,130.0,131.2,910.0,8250,2005-08-30 06:00:00
WPAC,200513W,127.8,21.9,2005083009,130.0,131.9,910.0,8251,2005-08-30 09:00:00
WPAC,200513W,125.1,22.8,2005083100,120.0,135.0,922.0,8252,2005-08-31 00:00:00
WPAC,200513W,124.5,23.1,2005083103,118.0,132.5,925.0,8253,2005-08-31 03:00:00
WPAC,200513W,124.0,23.3,2005083106,115.0,130.0,927.0,8254,2005-08-31 06:00:00
WPAC,200513W,123.5,23.6,2005083109,113.0,130.0,930.0,8255,2005-08-31 09:00:00
WPAC,200513W,120.7,24.6,2005090100,70.0,85.0,972.0,8256,2005-09-01 00:00:00
WPAC,200513W,120.1,24.9,2005090103,65.0,77.5,976.0,8257,2005-09-01 03:00:00
WPAC,200513W,119.5,25.2,2005090106,60.0,70.0,980.0,8258,2005-09-01 06:00:00
WPAC,200513W,118.8,25.5,2005090109,50.0,70.0,987.0,8259,2005-09-01 09:00:00
EPAC,200514E,-108.5,14.8,2005092300,30.0,0.0,1008.0,4744,2005-09-23 00:00:00
EPAC,200514E,-109.8,15.1,2005092315,38.0,32.5,1004.0,4745,2005-09-23 15:00:00
EPAC,200514E,-109.9,15.2,2005092318,40.0,35.0,1003.0,4746,2005-09-23 18:00:00
EPAC,200514E,-110.1,15.3,2005092321,40.0,34.4,1003.0,4747,2005-09-23 21:00:00
EPAC,200514E,-110.2,15.4,2005092400,40.0,33.8,1002.0,4748,2005-09-24 00:00:00
EPAC,200514E,-110.7,16.1,2005092415,48.0,51.3,998.0,4749,2005-09-24 15:00:00
EPAC,200514E,-110.8,16.3,2005092418,50.0,61.3,997.0,4750,2005-09-24 18:00:00
EPAC,200514E,-110.9,16.5,2005092421,48.0,61.3,998.0,4751,2005-09-24 21:00:00
EPAC,200514E,-111.0,16.7,2005092500,45.0,61.3,998.0,4752,2005-09-25 00:00:00
EPAC,200514E,-112.0,17.8,2005092515,45.0,71.3,1000.0,4753,2005-09-25 15:00:00
EPAC,200514E,-112.2,18.0,2005092518,45.0,71.3,1000.0,4754,2005-09-25 18:00:00
EPAC,200514E,-112.5,18.3,2005092521,43.0,71.3,1001.0,4755,2005-09-25 21:00:00
EPAC,200514E,-112.8,18.5,2005092600,40.0,71.3,1001.0,4756,2005-09-26 00:00:00
EPAC,200514E,-114.3,20.0,2005092615,33.0,15.0,1004.0,4757,2005-09-26 15:00:00
EPAC,200514E,-114.7,20.3,2005092618,30.0,0.0,1004.0,4758,2005-09-26 18:00:00
EPAC,200514E,-115.0,20.6,2005092621,30.0,0.0,1005.0,4759,2005-09-26 21:00:00
EPAC,200514E,-115.3,21.0,2005092700,30.0,0.0,1005.0,4760,2005-09-27 00:00:00
EPAC,200514E,-117.0,22.1,2005092715,25.0,0.0,1006.0,4761,2005-09-27 15:00:00
EPAC,200514E,-117.3,22.3,2005092718,25.0,0.0,1006.0,4762,2005-09-27 18:00:00
EPAC,200514E,-117.6,22.3,2005092721,23.0,0.0,1006.0,4763,2005-09-27 21:00:00
EPAC,200514E,-117.8,22.3,2005092800,20.0,0.0,1006.0,4764,2005-09-28 00:00:00
EPAC,200514E,-118.8,21.7,2005092815,20.0,0.0,1006.0,4765,2005-09-28 15:00:00
EPAC,200514E,-119.0,21.5,2005092818,20.0,0.0,1006.0,4766,2005-09-28 18:00:00
EPAC,200514E,-119.2,21.3,2005092821,20.0,0.0,1006.0,4767,2005-09-28 21:00:00
EPAC,200514E,-119.4,21.1,2005092900,20.0,0.0,1006.0,4768,2005-09-29 00:00:00
EPAC,200514E,-120.6,19.8,2005092915,20.0,0.0,1008.0,4769,2005-09-29 15:00:00
EPAC,200514E,-120.7,19.5,2005092918,20.0,0.0,1008.0,4770,2005-09-29 18:00:00
EPAC,200514E,-120.7,19.4,2005092921,20.0,0.0,1008.0,4771,2005-09-29 21:00:00
EPAC,200514E,-120.7,19.2,2005093000,20.0,0.0,1008.0,4772,2005-09-30 00:00:00
EPAC,200514E,-120.1,18.8,2005093015,15.0,0.0,1010.0,4773,2005-09-30 15:00:00
EPAC,200514E,-119.9,18.7,2005093018,15.0,0.0,1010.0,4774,2005-09-30 18:00:00
EPAC,200514E,-119.7,18.6,2005093021,15.0,0.0,1010.0,4775,2005-09-30 21:00:00
EPAC,200514E,-119.5,18.6,2005100100,15.0,0.0,1010.0,4776,2005-10-01 00:00:00
ATLN,200514L,-45.5,18.8,2005090112,30.0,0.0,1008.0,1553,2005-09-01 12:00:00
ATLN,200514L,-45.9,19.1,2005090115,30.0,0.0,1008.0,1554,2005-09-01 15:00:00
ATLN,200514L,-46.2,19.3,2005090118,30.0,0.0,1008.0,1555,2005-09-01 18:00:00
ATLN,200514L,-46.7,19.6,2005090121,30.0,0.0,1008.0,1556,2005-09-01 21:00:00
ATLN,200514L,-49.4,21.1,2005090212,35.0,22.5,1006.0,1557,2005-09-02 12:00:00
ATLN,200514L,-49.8,21.3,2005090215,38.0,26.2,1004.0,1558,2005-09-02 15:00:00
ATLN,200514L,-50.2,21.5,2005090218,40.0,30.0,1003.0,1559,2005-09-02 18:00:00
ATLN,200514L,-50.6,21.8,2005090221,42.0,37.5,1002.0,1560,2005-09-02 21:00:00
ATLN,200514L,-53.1,24.4,2005090312,50.0,47.5,997.0,1561,2005-09-03 12:00:00
ATLN,200514L,-53.5,24.9,2005090315,52.0,53.8,996.0,1562,2005-09-03 15:00:00
ATLN,200514L,-54.0,25.5,2005090318,55.0,60.0,994.0,1563,2005-09-03 18:00:00
ATLN,200514L,-54.3,26.0,2005090321,58.0,61.2,992.0,1564,2005-09-03 21:00:00
ATLN,200514L,-55.5,28.6,2005090412,65.0,72.5,987.0,1565,2005-09-04 12:00:00
ATLN,200514L,-55.8,29.1,2005090415,70.0,72.5,984.0,1566,2005-09-04 15:00:00
ATLN,200514L,-56.0,29.6,2005090418,75.0,72.5,980.0,1567,2005-09-04 18:00:00
ATLN,200514L,-56.2,29.9,2005090421,75.0,72.5,980.0,1568,2005-09-04 21:00:00
ATLN,200514L,-56.8,31.5,2005090512,85.0,85.0,975.0,1569,2005-09-05 12:00:00
ATLN,200514L,-56.8,31.8,2005090515,88.0,85.0,972.0,1570,2005-09-05 15:00:00
ATLN,200514L,-56.7,32.1,2005090518,90.0,85.0,970.0,1571,2005-09-05 18:00:00
ATLN,200514L,-56.0,33.5,2005090612,80.0,95.0,975.0,1572,2005-09-06 12:00:00
ATLN,200514L,-55.7,33.7,2005090615,78.0,95.0,978.0,1573,2005-09-06 15:00:00
ATLN,200514L,-55.4,33.9,2005090618,75.0,95.0,980.0,1574,2005-09-06 18:00:00
ATLN,200514L,-55.0,34.1,2005090621,70.0,95.0,984.0,1575,2005-09-06 21:00:00
ATLN,200514L,-51.8,35.6,2005090712,75.0,168.8,980.0,1576,2005-09-07 12:00:00
ATLN,200514L,-51.3,36.0,2005090715,75.0,168.8,980.0,1577,2005-09-07 15:00:00
ATLN,200514L,-50.8,36.5,2005090718,75.0,168.8,980.0,1578,2005-09-07 18:00:00
ATLN,200514L,-50.3,36.9,2005090721,72.0,175.0,981.0,1579,2005-09-07 21:00:00
ATLN,200514L,-48.5,38.3,2005090809,65.0,187.5,985.0,1580,2005-09-08 09:00:00
ATLN,200514L,-48.0,38.7,2005090812,65.0,193.8,985.0,1581,2005-09-08 12:00:00
ATLN,200514L,-47.6,38.9,2005090815,65.0,193.8,985.0,1582,2005-09-08 15:00:00
ATLN,200514L,-47.2,39.1,2005090818,65.0,193.8,985.0,1583,2005-09-08 18:00:00
ATLN,200514L,-44.1,40.1,2005090909,55.0,171.9,988.0,1584,2005-09-09 09:00:00
ATLN,200514L,-43.4,40.4,2005090912,55.0,162.5,988.0,1585,2005-09-09 12:00:00
ATLN,200514L,-42.8,40.8,2005090915,52.0,162.5,988.0,1586,2005-09-09 15:00:00
ATLN,200514L,-42.1,41.1,2005090918,50.0,162.5,988.0,1587,2005-09-09 18:00:00
ATLN,200514L,-41.4,41.5,2005090921,50.0,162.5,988.0,1588,2005-09-09 21:00:00
ATLN,200514L,-38.5,43.7,2005091009,50.0,197.5,984.0,1589,2005-09-10 09:00:00
ATLN,200514L,-37.7,44.5,2005091012,50.0,220.0,980.0,1590,2005-09-10 12:00:00
ATLN,200514L,-37.0,45.2,2005091015,52.0,241.2,978.0,1591,2005-09-10 15:00:00
ATLN,200514L,-36.3,46.0,2005091018,55.0,262.5,975.0,1592,2005-09-10 18:00:00
WPAC,200514W,154.0,15.0,2005082900,25.0,0.0,1002.0,8260,2005-08-29 00:00:00
WPAC,200514W,153.6,15.1,2005082903,25.0,0.0,1002.0,8261,2005-08-29 03:00:00
WPAC,200514W,153.2,15.1,2005082906,25.0,0.0,1002.0,8262,2005-08-29 06:00:00
WPAC,200514W,150.6,15.1,2005082921,40.0,50.0,994.0,8263,2005-08-29 21:00:00
WPAC,200514W,150.1,15.0,2005083000,45.0,65.0,991.0,8264,2005-08-30 00:00:00
WPAC,200514W,149.6,14.9,2005083003,50.0,67.5,988.0,8265,2005-08-30 03:00:00
WPAC,200514W,149.0,14.9,2005083006,55.0,70.0,984.0,8266,2005-08-30 06:00:00
WPAC,200514W,146.2,15.5,2005083100,90.0,117.5,954.0,8267,2005-08-31 00:00:00
WPAC,200514W,145.6,15.8,2005083103,90.0,121.2,954.0,8268,2005-08-31 03:00:00
WPAC,200514W,145.0,16.1,2005083106,90.0,125.0,954.0,8269,2005-08-31 06:00:00
WPAC,200514W,144.3,16.4,2005083109,98.0,128.8,946.0,8270,2005-08-31 09:00:00
WPAC,200514W,141.5,17.4,2005090100,110.0,192.5,933.0,8271,2005-09-01 00:00:00
WPAC,200514W,140.9,17.6,2005090103,115.0,196.2,928.0,8272,2005-09-01 03:00:00
WPAC,200514W,140.4,17.8,2005090106,120.0,200.0,922.0,8273,2005-09-01 06:00:00
WPAC,200514W,139.9,18.1,2005090109,125.0,196.2,916.0,8274,2005-09-01 09:00:00
WPAC,200514W,138.0,19.0,2005090121,140.0,205.0,898.0,8275,2005-09-01 21:00:00
WPAC,200514W,137.5,19.2,2005090200,140.0,205.0,898.0,8276,2005-09-02 00:00:00
WPAC,200514W,137.1,19.4,2005090203,140.0,205.0,898.0,8277,2005-09-02 03:00:00
WPAC,200514W,136.6,19.7,2005090206,140.0,205.0,898.0,8278,2005-09-02 06:00:00
WPAC,200514W,134.5,21.5,2005090300,130.0,207.5,910.0,8279,2005-09-03 00:00:00
WPAC,200514W,134.2,22.0,2005090303,125.0,206.2,916.0,8280,2005-09-03 03:00:00
WPAC,200514W,133.9,22.5,2005090306,120.0,205.0,922.0,8281,2005-09-03 06:00:00
WPAC,200514W,133.6,22.9,2005090309,118.0,206.2,925.0,8282,2005-09-03 09:00:00
WPAC,200514W,132.1,25.0,2005090400,105.0,222.5,938.0,8283,2005-09-04 00:00:00
WPAC,200514W,131.8,25.5,2005090403,105.0,217.5,938.0,8284,2005-09-04 03:00:00
WPAC,200514W,131.3,26.4,2005090409,105.0,209.4,938.0,8285,2005-09-04 09:00:00
WPAC,200514W,130.8,27.9,2005090500,105.0,198.8,938.0,8286,2005-09-05 00:00:00
WPAC,200514W,130.7,28.3,2005090503,110.0,192.5,933.0,8287,2005-09-05 03:00:00
WPAC,200514W,130.5,28.7,2005090506,115.0,186.2,927.0,8288,2005-09-05 06:00:00
WPAC,200514W,130.4,29.1,2005090509,115.0,189.4,927.0,8289,2005-09-05 09:00:00
WPAC,200514W,130.1,31.5,2005090600,95.0,185.0,949.0,8290,2005-09-06 00:00:00
WPAC,200514W,130.1,32.3,2005090603,88.0,176.2,956.0,8291,2005-09-06 03:00:00
WPAC,200514W,130.2,33.1,2005090606,80.0,167.5,963.0,8292,2005-09-06 06:00:00
WPAC,200514W,130.6,33.9,2005090609,78.0,158.8,965.0,8293,2005-09-06 09:00:00
WPAC,200514W,133.9,37.5,2005090700,50.0,5.0,987.0,8294,2005-09-07 00:00:00
EPAC,200515E,-104.9,17.2,2005092800,25.0,0.0,1007.0,4777,2005-09-28 00:00:00
EPAC,200515E,-105.9,16.8,2005092815,30.0,0.0,1005.0,4778,2005-09-28 15:00:00
EPAC,200515E,-106.1,16.8,2005092818,30.0,0.0,1005.0,4779,2005-09-28 18:00:00
EPAC,200515E,-106.3,16.9,2005092821,30.0,0.0,1005.0,4780,2005-09-28 21:00:00
EPAC,200515E,-106.6,16.9,2005092900,30.0,0.0,1004.0,4781,2005-09-29 00:00:00
EPAC,200515E,-108.4,18.4,2005092915,43.0,50.0,1001.0,4782,2005-09-29 15:00:00
EPAC,200515E,-108.7,18.8,2005092918,45.0,55.0,1000.0,4783,2005-09-29 18:00:00
EPAC,200515E,-109.0,19.2,2005092921,50.0,57.5,997.0,4784,2005-09-29 21:00:00
EPAC,200515E,-109.3,19.6,2005093000,55.0,60.0,994.0,4785,2005-09-30 00:00:00
EPAC,200515E,-110.7,21.0,2005093015,73.0,75.0,982.0,4786,2005-09-30 15:00:00
EPAC,200515E,-110.9,21.2,2005093018,75.0,75.0,980.0,4787,2005-09-30 18:00:00
EPAC,200515E,-111.1,21.3,2005093021,78.0,75.6,979.0,4788,2005-09-30 21:00:00
EPAC,200515E,-111.2,21.4,2005100100,80.0,76.3,977.0,4789,2005-10-01 00:00:00
EPAC,200515E,-111.8,21.8,2005100115,80.0,86.3,975.0,4790,2005-10-01 15:00:00
EPAC,200515E,-111.9,21.8,2005100118,75.0,86.3,976.0,4791,2005-10-01 18:00:00
EPAC,200515E,-111.9,21.9,2005100121,73.0,86.3,978.0,4792,2005-10-01 21:00:00
EPAC,200515E,-111.9,22.0,2005100200,70.0,86.3,979.0,4793,2005-10-02 00:00:00
EPAC,200515E,-112.2,22.5,2005100215,50.0,74.4,995.0,4794,2005-10-02 15:00:00
EPAC,200515E,-112.3,22.6,2005100218,45.0,76.3,998.0,4795,2005-10-02 18:00:00
EPAC,200515E,-112.3,22.9,2005100221,45.0,77.5,999.0,4796,2005-10-02 21:00:00
EPAC,200515E,-112.3,23.1,2005100300,45.0,78.8,1000.0,4797,2005-10-03 00:00:00
EPAC,200515E,-113.0,25.0,2005100315,28.0,0.0,1004.0,4798,2005-10-03 15:00:00
EPAC,200515E,-113.1,25.2,2005100318,25.0,0.0,1004.0,4799,2005-10-03 18:00:00
EPAC,200515E,-113.2,25.4,2005100321,25.0,0.0,1004.0,4800,2005-10-03 21:00:00
EPAC,200515E,-113.3,25.5,2005100400,25.0,0.0,1004.0,4801,2005-10-04 00:00:00
EPAC,200515E,-112.8,25.1,2005100415,20.0,0.0,1005.0,4802,2005-10-04 15:00:00
EPAC,200515E,-112.6,24.9,2005100418,20.0,0.0,1005.0,4803,2005-10-04 18:00:00
EPAC,200515E,-112.3,24.6,2005100421,20.0,0.0,1005.0,4804,2005-10-04 21:00:00
EPAC,200515E,-112.1,24.4,2005100500,20.0,0.0,1005.0,4805,2005-10-05 00:00:00
ATLN,200515L,-67.0,28.4,2005090518,30.0,0.0,1008.0,1593,2005-09-05 18:00:00
ATLN,200515L,-66.8,28.4,2005090521,32.0,20.0,1006.0,1594,2005-09-05 21:00:00
ATLN,200515L,-66.5,28.5,2005090612,50.0,40.0,1000.0,1595,2005-09-06 12:00:00
ATLN,200515L,-66.5,28.6,2005090615,50.0,47.5,998.0,1596,2005-09-06 15:00:00
ATLN,200515L,-66.4,28.6,2005090618,50.0,55.0,997.0,1597,2005-09-06 18:00:00
ATLN,200515L,-66.3,28.6,2005090621,52.0,57.5,996.0,1598,2005-09-06 21:00:00
ATLN,200515L,-66.1,29.1,2005090715,68.0,85.0,986.0,1599,2005-09-07 15:00:00
ATLN,200515L,-66.0,29.3,2005090718,70.0,85.0,985.0,1600,2005-09-07 18:00:00
ATLN,200515L,-65.8,29.5,2005090721,72.0,85.0,984.0,1601,2005-09-07 21:00:00
ATLN,200515L,-63.8,30.5,2005090812,75.0,90.0,982.0,1602,2005-09-08 12:00:00
ATLN,200515L,-63.2,30.9,2005090815,75.0,90.0,982.0,1603,2005-09-08 15:00:00
ATLN,200515L,-62.7,31.4,2005090818,75.0,90.0,982.0,1604,2005-09-08 18:00:00
ATLN,200515L,-61.9,32.0,2005090821,78.0,118.8,980.0,1605,2005-09-08 21:00:00
ATLN,200515L,-55.8,34.0,2005090912,65.0,165.0,986.0,1606,2005-09-09 12:00:00
ATLN,200515L,-54.6,34.2,2005090915,60.0,165.0,988.0,1607,2005-09-09 15:00:00
ATLN,200515L,-53.4,34.5,2005090918,55.0,165.0,991.0,1608,2005-09-09 18:00:00
ATLN,200515L,-52.1,34.6,2005090921,55.0,157.5,994.0,1609,2005-09-09 21:00:00
ATLN,200515L,-47.5,34.5,2005091009,45.0,143.8,997.0,1610,2005-09-10 09:00:00
ATLN,200515L,-45.9,34.5,2005091012,45.0,137.5,997.0,1611,2005-09-10 12:00:00
ATLN,200515L,-45.0,34.7,2005091015,45.0,128.1,997.0,1612,2005-09-10 15:00:00
ATLN,200515L,-44.1,34.9,2005091018,45.0,118.8,997.0,1613,2005-09-10 18:00:00
ATLN,200515L,-43.1,35.0,2005091021,42.0,114.4,998.0,1614,2005-09-10 21:00:00
ATLN,200515L,-39.5,36.7,2005091109,40.0,116.9,1000.0,1615,2005-09-11 09:00:00
ATLN,200515L,-38.3,37.4,2005091112,40.0,125.0,1001.0,1616,2005-09-11 12:00:00
ATLN,200515L,-37.0,38.3,2005091115,40.0,137.5,1001.0,1617,2005-09-11 15:00:00
ATLN,200515L,-35.6,39.2,2005091118,40.0,150.0,1001.0,1618,2005-09-11 18:00:00
ATLN,200515L,-30.1,43.8,2005091209,35.0,187.5,1002.0,1619,2005-09-12 09:00:00
ATLN,200515L,-28.1,44.0,2005091212,35.0,187.5,1003.0,1620,2005-09-12 12:00:00
ATLN,200515L,-26.6,45.0,2005091215,35.0,187.5,1003.0,1621,2005-09-12 15:00:00
ATLN,200515L,-25.0,46.0,2005091218,35.0,187.5,1003.0,1622,2005-09-12 18:00:00
WPAC,200515W,138.4,10.3,2005090521,35.0,0.0,997.0,8295,2005-09-05 21:00:00
WPAC,200515W,137.8,10.6,2005090600,35.0,0.0,997.0,8296,2005-09-06 00:00:00
WPAC,200515W,137.1,10.8,2005090603,35.0,0.0,997.0,8297,2005-09-06 03:00:00
WPAC,200515W,136.4,10.9,2005090606,35.0,0.0,997.0,8298,2005-09-06 06:00:00
WPAC,200515W,136.4,11.6,2005090609,38.0,25.0,996.0,8299,2005-09-06 09:00:00
WPAC,200515W,134.3,13.3,2005090700,45.0,67.5,991.0,8300,2005-09-07 00:00:00
WPAC,200515W,133.9,13.2,2005090703,50.0,66.2,988.0,8301,2005-09-07 03:00:00
WPAC,200515W,133.5,13.0,2005090706,55.0,65.0,984.0,8302,2005-09-07 06:00:00
WPAC,200515W,133.5,13.5,2005090709,55.0,73.8,984.0,8303,2005-09-07 09:00:00
WPAC,200515W,132.4,15.5,2005090800,65.0,87.5,976.0,8304,2005-09-08 00:00:00
WPAC,200515W,132.2,16.0,2005090803,65.0,83.8,976.0,8305,2005-09-08 03:00:00
WPAC,200515W,132.1,16.5,2005090806,65.0,80.0,976.0,8306,2005-09-08 06:00:00
WPAC,200515W,131.8,16.9,2005090809,65.0,77.5,976.0,8307,2005-09-08 09:00:00
WPAC,200515W,130.4,19.2,2005090900,75.0,97.5,967.0,8308,2005-09-09 00:00:00
WPAC,200515W,130.0,19.8,2005090903,78.0,100.0,965.0,8309,2005-09-09 03:00:00
WPAC,200515W,129.6,20.4,2005090906,80.0,102.5,963.0,8310,2005-09-09 06:00:00
WPAC,200515W,129.1,20.9,2005090909,85.0,107.5,959.0,8311,2005-09-09 09:00:00
WPAC,200515W,126.2,23.2,2005091000,95.0,106.2,949.0,8312,2005-09-10 00:00:00
WPAC,200515W,125.7,23.7,2005091003,100.0,102.5,944.0,8313,2005-09-10 03:00:00
WPAC,200515W,125.2,24.2,2005091006,105.0,98.8,938.0,8314,2005-09-10 06:00:00
WPAC,200515W,124.8,24.7,2005091009,108.0,91.9,936.0,8315,2005-09-10 09:00:00
WPAC,200515W,122.7,27.2,2005091100,110.0,85.0,933.0,8316,2005-09-11 00:00:00
WPAC,200515W,122.3,27.8,2005091103,108.0,79.4,936.0,8317,2005-09-11 03:00:00
WPAC,200515W,121.9,28.3,2005091106,105.0,73.8,938.0,8318,2005-09-11 06:00:00
WPAC,200515W,121.5,28.8,2005091109,93.0,66.9,951.0,8319,2005-09-11 09:00:00
EPAC,200516E,-101.2,11.0,2005101500,30.0,0.0,1008.0,4806,2005-10-15 00:00:00
EPAC,200516E,-101.7,11.0,2005101515,30.0,0.0,1007.0,4807,2005-10-15 15:00:00
EPAC,200516E,-101.8,11.0,2005101518,30.0,0.0,1007.0,4808,2005-10-15 18:00:00
EPAC,200516E,-101.9,11.0,2005101521,30.0,0.0,1007.0,4809,2005-10-15 21:00:00
EPAC,200516E,-102.1,11.0,2005101600,30.0,0.0,1006.0,4810,2005-10-16 00:00:00
EPAC,200516E,-103.5,11.6,2005101615,30.0,0.0,1006.0,4811,2005-10-16 15:00:00
EPAC,200516E,-103.8,11.7,2005101618,30.0,0.0,1006.0,4812,2005-10-16 18:00:00
EPAC,200516E,-104.1,11.9,2005101621,30.0,0.0,1006.0,4813,2005-10-16 21:00:00
EPAC,200516E,-104.4,12.0,2005101700,30.0,0.0,1006.0,4814,2005-10-17 00:00:00
EPAC,200516E,-106.2,12.2,2005101715,30.0,0.0,1007.0,4815,2005-10-17 15:00:00
EPAC,200516E,-106.6,12.2,2005101718,30.0,0.0,1007.0,4816,2005-10-17 18:00:00
EPAC,200516E,-107.1,12.1,2005101721,28.0,0.0,1008.0,4817,2005-10-17 21:00:00
EPAC,200516E,-107.5,12.1,2005101800,25.0,0.0,1008.0,4818,2005-10-18 00:00:00
EPAC,200516E,-109.8,11.9,2005101815,25.0,0.0,1008.0,4819,2005-10-18 15:00:00
EPAC,200516E,-110.3,11.9,2005101818,25.0,0.0,1008.0,4820,2005-10-18 18:00:00
EPAC,200516E,-111.3,11.8,2005101900,25.0,0.0,1008.0,4821,2005-10-19 00:00:00
EPAC,200516E,-114.1,12.2,2005101915,30.0,0.0,1007.0,4822,2005-10-19 15:00:00
EPAC,200516E,-114.7,12.3,2005101918,30.0,0.0,1007.0,4823,2005-10-19 18:00:00
EPAC,200516E,-115.2,12.4,2005101921,30.0,0.0,1007.0,4824,2005-10-19 21:00:00
EPAC,200516E,-115.6,12.4,2005102000,30.0,0.0,1007.0,4825,2005-10-20 00:00:00
EPAC,200516E,-118.3,12.6,2005102015,28.0,0.0,1008.0,4826,2005-10-20 15:00:00
EPAC,200516E,-118.9,12.7,2005102018,25.0,0.0,1008.0,4827,2005-10-20 18:00:00
EPAC,200516E,-119.3,12.7,2005102021,25.0,0.0,1009.0,4828,2005-10-20 21:00:00
EPAC,200516E,-119.6,12.7,2005102100,25.0,0.0,1009.0,4829,2005-10-21 00:00:00
ATLN,200516L,-78.3,26.3,2005090612,25.0,0.0,1010.0,1623,2005-09-06 12:00:00
ATLN,200516L,-78.3,26.6,2005090615,25.0,0.0,1010.0,1624,2005-09-06 15:00:00
ATLN,200516L,-78.3,26.8,2005090618,25.0,0.0,1010.0,1625,2005-09-06 18:00:00
ATLN,200516L,-78.4,27.1,2005090621,28.0,0.0,1008.0,1626,2005-09-06 21:00:00
ATLN,200516L,-79.2,28.8,2005090715,42.0,35.6,998.0,1627,2005-09-07 15:00:00
ATLN,200516L,-79.3,28.8,2005090718,45.0,41.2,997.0,1628,2005-09-07 18:00:00
ATLN,200516L,-79.3,28.8,2005090721,45.0,41.2,996.0,1629,2005-09-07 21:00:00
ATLN,200516L,-79.6,28.6,2005090812,55.0,50.0,988.0,1630,2005-09-08 12:00:00
ATLN,200516L,-79.5,28.6,2005090815,58.0,60.0,988.0,1631,2005-09-08 15:00:00
ATLN,200516L,-79.5,28.6,2005090818,60.0,70.0,988.0,1632,2005-09-08 18:00:00
ATLN,200516L,-79.4,28.6,2005090821,62.0,65.0,989.0,1633,2005-09-08 21:00:00
ATLN,200516L,-79.1,29.3,2005090912,55.0,60.0,983.0,1634,2005-09-09 12:00:00
ATLN,200516L,-78.8,29.6,2005090915,60.0,63.8,983.0,1635,2005-09-09 15:00:00
ATLN,200516L,-78.5,29.8,2005090918,65.0,67.5,983.0,1636,2005-09-09 18:00:00
ATLN,200516L,-78.0,30.0,2005090921,62.0,68.8,983.0,1637,2005-09-09 21:00:00
ATLN,200516L,-76.4,31.6,2005091015,68.0,106.9,976.0,1638,2005-09-10 15:00:00
ATLN,200516L,-76.2,31.7,2005091018,70.0,112.5,977.0,1639,2005-09-10 18:00:00
ATLN,200516L,-76.1,31.8,2005091021,70.0,113.8,977.0,1640,2005-09-10 21:00:00
ATLN,200516L,-75.7,31.6,2005091112,70.0,122.5,978.0,1641,2005-09-11 12:00:00
ATLN,200516L,-75.8,31.5,2005091115,68.0,125.0,978.0,1642,2005-09-11 15:00:00
ATLN,200516L,-75.9,31.4,2005091118,65.0,127.5,978.0,1643,2005-09-11 18:00:00
ATLN,200516L,-76.1,31.3,2005091121,62.0,128.8,979.0,1644,2005-09-11 21:00:00
ATLN,200516L,-76.9,31.5,2005091212,55.0,125.0,988.0,1645,2005-09-12 12:00:00
ATLN,200516L,-77.1,31.6,2005091215,58.0,125.0,988.0,1646,2005-09-12 15:00:00
ATLN,200516L,-77.3,31.7,2005091218,60.0,125.0,989.0,1647,2005-09-12 18:00:00
ATLN,200516L,-77.5,31.8,2005091221,60.0,125.0,989.0,1648,2005-09-12 21:00:00
ATLN,200516L,-78.0,32.1,2005091312,60.0,115.0,989.0,1649,2005-09-13 12:00:00
ATLN,200516L,-78.0,32.2,2005091315,60.0,115.0,988.0,1650,2005-09-13 15:00:00
ATLN,200516L,-78.1,32.3,2005091318,60.0,115.0,988.0,1651,2005-09-13 18:00:00
ATLN,200516L,-78.1,32.5,2005091321,62.0,112.5,986.0,1652,2005-09-13 21:00:00
ATLN,200516L,-77.7,33.4,2005091412,75.0,102.5,980.0,1653,2005-09-14 12:00:00
ATLN,200516L,-77.6,33.6,2005091415,75.0,102.5,980.0,1654,2005-09-14 15:00:00
ATLN,200516L,-77.5,33.9,2005091418,75.0,102.5,979.0,1655,2005-09-14 18:00:00
ATLN,200516L,-77.2,34.0,2005091421,75.0,100.0,979.0,1656,2005-09-14 21:00:00
ATLN,200516L,-75.8,34.7,2005091512,65.0,97.5,984.0,1657,2005-09-15 12:00:00
ATLN,200516L,-75.7,34.7,2005091515,65.0,97.5,985.0,1658,2005-09-15 15:00:00
ATLN,200516L,-75.6,34.7,2005091518,65.0,97.5,986.0,1659,2005-09-15 18:00:00
ATLN,200516L,-75.3,34.7,2005091521,62.0,95.0,986.0,1660,2005-09-15 21:00:00
ATLN,200516L,-74.0,35.9,2005091615,52.0,83.8,994.0,1661,2005-09-16 15:00:00
ATLN,200516L,-73.6,36.4,2005091618,55.0,83.8,993.0,1662,2005-09-16 18:00:00
ATLN,200516L,-73.2,36.8,2005091621,55.0,87.5,994.0,1663,2005-09-16 21:00:00
ATLN,200516L,-66.1,42.4,2005091721,48.0,101.2,996.0,1664,2005-09-17 21:00:00
ATLN,200516L,-59.9,46.2,2005091812,45.0,100.0,1000.0,1665,2005-09-18 12:00:00
ATLN,200516L,-58.0,46.8,2005091815,45.0,100.0,1000.0,1666,2005-09-18 15:00:00
ATLN,200516L,-56.2,47.4,2005091818,45.0,100.0,999.0,1667,2005-09-18 18:00:00
ATLN,200516L,-54.2,47.9,2005091821,45.0,100.0,1000.0,1668,2005-09-18 21:00:00
ATLN,200516L,-47.2,49.2,2005091909,45.0,100.0,1000.0,1669,2005-09-19 09:00:00
ATLN,200516L,-45.7,49.5,2005091912,45.0,100.0,1000.0,1670,2005-09-19 12:00:00
ATLN,200516L,-43.9,49.8,2005091915,45.0,100.0,1000.0,1671,2005-09-19 15:00:00
WPAC,200516W,116.1,14.7,2005091500,15.0,0.0,1006.0,8320,2005-09-15 00:00:00
WPAC,200516W,114.7,13.8,2005091509,20.0,0.0,1004.0,8321,2005-09-15 09:00:00
WPAC,200516W,112.8,11.9,2005091600,30.0,0.0,1000.0,8322,2005-09-16 00:00:00
WPAC,200516W,113.1,11.4,2005091603,33.0,0.0,999.0,8323,2005-09-16 03:00:00
WPAC,200516W,113.4,10.9,2005091606,35.0,0.0,997.0,8324,2005-09-16 06:00:00
WPAC,200516W,113.8,11.2,2005091609,33.0,0.0,999.0,8325,2005-09-16 09:00:00
WPAC,200516W,114.5,13.8,2005091700,35.0,0.0,997.0,8326,2005-09-17 00:00:00
WPAC,200516W,114.0,14.6,2005091703,35.0,0.0,997.0,8327,2005-09-17 03:00:00
WPAC,200516W,113.6,15.3,2005091706,35.0,0.0,997.0,8328,2005-09-17 06:00:00
WPAC,200516W,108.1,17.0,2005091800,50.0,85.0,987.0,8329,2005-09-18 00:00:00
WPAC,200516W,107.4,17.4,2005091803,50.0,72.5,987.0,8330,2005-09-18 03:00:00
WPAC,200516W,106.7,17.9,2005091806,50.0,60.0,987.0,8331,2005-09-18 06:00:00
WPAC,200516W,105.9,18.3,2005091809,48.0,30.0,989.0,8332,2005-09-18 09:00:00
ATLN,200517L,-54.5,13.3,2005091712,30.0,0.0,1008.0,1672,2005-09-17 12:00:00
ATLN,200517L,-54.7,13.4,2005091715,32.0,9.4,1008.0,1673,2005-09-17 15:00:00
ATLN,200517L,-54.9,13.5,2005091718,35.0,18.8,1007.0,1674,2005-09-17 18:00:00
ATLN,200517L,-55.5,14.9,2005091812,50.0,37.5,996.0,1675,2005-09-18 12:00:00
ATLN,200517L,-55.6,15.2,2005091815,52.0,45.0,994.0,1676,2005-09-18 15:00:00
ATLN,200517L,-55.7,15.6,2005091818,55.0,52.5,993.0,1677,2005-09-18 18:00:00
ATLN,200517L,-55.8,15.9,2005091821,60.0,52.5,990.0,1678,2005-09-18 21:00:00
ATLN,200517L,-56.2,17.2,2005091912,65.0,50.0,987.0,1679,2005-09-19 12:00:00
ATLN,200517L,-56.4,17.5,2005091918,65.0,52.5,987.0,1680,2005-09-19 18:00:00
ATLN,200517L,-56.5,17.6,2005091921,68.0,52.5,986.0,1681,2005-09-19 21:00:00
ATLN,200517L,-57.0,18.1,2005092012,60.0,62.5,990.0,1682,2005-09-20 12:00:00
ATLN,200517L,-57.1,18.3,2005092015,58.0,59.4,991.0,1683,2005-09-20 15:00:00
ATLN,200517L,-57.2,18.5,2005092018,55.0,56.2,992.0,1684,2005-09-20 18:00:00
ATLN,200517L,-57.2,18.7,2005092021,55.0,56.2,993.0,1685,2005-09-20 21:00:00
ATLN,200517L,-57.0,19.9,2005092112,45.0,60.0,1000.0,1686,2005-09-21 12:00:00
ATLN,200517L,-57.0,20.4,2005092115,42.0,55.0,1000.0,1687,2005-09-21 15:00:00
ATLN,200517L,-56.9,20.8,2005092118,40.0,50.0,1001.0,1688,2005-09-21 18:00:00
ATLN,200517L,-56.8,21.6,2005092121,38.0,47.5,1002.0,1689,2005-09-21 21:00:00
ATLN,200517L,-57.2,25.2,2005092212,35.0,37.5,1003.0,1690,2005-09-22 12:00:00
ATLN,200517L,-57.4,25.9,2005092215,35.0,28.1,1003.0,1691,2005-09-22 15:00:00
ATLN,200517L,-57.6,26.7,2005092218,35.0,18.8,1003.0,1692,2005-09-22 18:00:00
ATLN,200517L,-57.9,27.5,2005092221,35.0,28.1,1003.0,1693,2005-09-22 21:00:00
ATLN,200517L,-62.2,30.5,2005092312,30.0,0.0,1003.0,1694,2005-09-23 12:00:00
ATLN,200517L,-63.0,30.4,2005092315,30.0,0.0,1003.0,1695,2005-09-23 15:00:00
ATLN,200517L,-63.7,30.2,2005092318,30.0,0.0,1003.0,1696,2005-09-23 18:00:00
ATLN,200517L,-63.8,29.7,2005092321,30.0,0.0,1003.0,1697,2005-09-23 21:00:00
WPAC,200517W,123.1,18.3,2005092100,35.0,0.0,997.0,8333,2005-09-21 00:00:00
WPAC,200517W,122.7,18.5,2005092103,38.0,16.9,996.0,8334,2005-09-21 03:00:00
WPAC,200517W,122.3,18.7,2005092106,40.0,33.8,994.0,8335,2005-09-21 06:00:00
WPAC,200517W,121.9,18.9,2005092109,45.0,46.9,991.0,8336,2005-09-21 09:00:00
WPAC,200517W,120.8,19.7,2005092200,55.0,75.0,984.0,8337,2005-09-22 00:00:00
WPAC,200517W,120.6,19.9,2005092203,55.0,63.8,984.0,8338,2005-09-22 03:00:00
WPAC,200517W,120.4,20.1,2005092206,55.0,52.5,984.0,8339,2005-09-22 06:00:00
WPAC,200517W,120.1,20.1,2005092209,55.0,53.8,984.0,8340,2005-09-22 09:00:00
WPAC,200517W,118.0,20.1,2005092300,50.0,65.0,987.0,8341,2005-09-23 00:00:00
WPAC,200517W,117.5,20.1,2005092303,50.0,62.5,987.0,8342,2005-09-23 03:00:00
WPAC,200517W,116.8,20.1,2005092309,50.0,55.0,987.0,8343,2005-09-23 09:00:00
WPAC,200517W,115.5,19.7,2005092400,50.0,117.5,987.0,8344,2005-09-24 00:00:00
WPAC,200517W,114.3,19.4,2005092409,58.0,118.8,982.0,8345,2005-09-24 09:00:00
WPAC,200517W,112.8,18.9,2005092500,80.0,122.5,963.0,8346,2005-09-25 00:00:00
WPAC,200517W,112.5,18.9,2005092503,85.0,133.8,959.0,8347,2005-09-25 03:00:00
WPAC,200517W,112.3,19.0,2005092506,90.0,145.0,954.0,8348,2005-09-25 06:00:00
WPAC,200517W,110.0,18.6,2005092600,70.0,102.5,972.0,8349,2005-09-26 00:00:00
WPAC,200517W,109.5,18.7,2005092603,68.0,100.0,974.0,8350,2005-09-26 03:00:00
WPAC,200517W,109.1,18.8,2005092606,65.0,97.5,976.0,8351,2005-09-26 06:00:00
WPAC,200517W,108.7,19.0,2005092609,63.0,97.5,978.0,8352,2005-09-26 09:00:00
WPAC,200517W,106.2,19.5,2005092700,50.0,60.0,987.0,8353,2005-09-27 00:00:00
WPAC,200517W,104.9,19.7,2005092706,45.0,60.0,991.0,8354,2005-09-27 06:00:00
WPAC,200517W,104.3,19.7,2005092709,40.0,60.0,994.0,8355,2005-09-27 09:00:00
ATLN,200518L,-71.5,21.9,2005091812,30.0,0.0,1007.0,1698,2005-09-18 12:00:00
ATLN,200518L,-71.9,22.0,2005091815,32.0,26.2,1006.0,1699,2005-09-18 15:00:00
ATLN,200518L,-72.3,22.2,2005091818,35.0,52.5,1005.0,1700,2005-09-18 18:00:00
ATLN,200518L,-72.7,22.3,2005091821,40.0,56.2,1004.0,1701,2005-09-18 21:00:00
ATLN,200518L,-74.7,22.8,2005091912,55.0,77.5,997.0,1702,2005-09-19 12:00:00
ATLN,200518L,-75.3,23.0,2005091915,58.0,78.8,996.0,1703,2005-09-19 15:00:00
ATLN,200518L,-75.9,23.1,2005091918,60.0,80.0,994.0,1704,2005-09-19 18:00:00
ATLN,200518L,-76.6,23.2,2005091921,60.0,81.2,993.0,1705,2005-09-19 21:00:00
ATLN,200518L,-80.3,23.7,2005092012,70.0,87.5,985.0,1706,2005-09-20 12:00:00
ATLN,200518L,-80.9,23.8,2005092015,78.0,91.9,980.0,1707,2005-09-20 15:00:00
ATLN,200518L,-81.6,23.9,2005092018,85.0,96.2,975.0,1708,2005-09-20 18:00:00
ATLN,200518L,-82.2,24.0,2005092021,90.0,96.2,971.0,1709,2005-09-20 21:00:00
ATLN,200518L,-85.7,24.2,2005092115,132.0,122.5,930.0,1710,2005-09-21 15:00:00
ATLN,200518L,-86.2,24.3,2005092118,145.0,131.2,920.0,1711,2005-09-21 18:00:00
ATLN,200518L,-86.6,24.4,2005092121,148.0,135.6,908.0,1712,2005-09-21 21:00:00
ATLN,200518L,-88.3,25.2,2005092212,140.0,140.0,908.0,1713,2005-09-22 12:00:00
ATLN,200518L,-88.7,25.4,2005092215,132.0,140.0,910.0,1714,2005-09-22 15:00:00
ATLN,200518L,-89.1,25.6,2005092218,125.0,140.0,913.0,1715,2005-09-22 18:00:00
ATLN,200518L,-89.5,25.8,2005092221,122.0,141.2,914.0,1716,2005-09-22 21:00:00
ATLN,200518L,-91.5,27.1,2005092312,115.0,152.5,927.0,1717,2005-09-23 12:00:00
ATLN,200518L,-91.9,27.5,2005092315,112.0,152.5,928.0,1718,2005-09-23 15:00:00
ATLN,200518L,-92.3,27.8,2005092318,110.0,152.5,930.0,1719,2005-09-23 18:00:00
ATLN,200518L,-92.7,28.2,2005092321,108.0,148.8,930.0,1720,2005-09-23 21:00:00
ATLN,200518L,-93.0,28.6,2005092400,105.0,145.0,931.0,1721,2005-09-24 00:00:00
ATLN,200518L,-94.1,31.1,2005092415,55.0,91.2,962.0,1722,2005-09-24 15:00:00
ATLN,200518L,-94.1,31.6,2005092418,45.0,85.0,974.0,1723,2005-09-24 18:00:00
ATLN,200518L,-94.0,32.2,2005092421,40.0,65.0,978.0,1724,2005-09-24 21:00:00
ATLN,200518L,-94.0,32.7,2005092500,35.0,45.0,982.0,1725,2005-09-25 00:00:00
ATLN,200518L,-92.0,35.2,2005092515,25.0,0.0,998.0,1726,2005-09-25 15:00:00
ATLN,200518L,-91.4,35.8,2005092518,25.0,0.0,1000.0,1727,2005-09-25 18:00:00
ATLN,200518L,-90.8,36.4,2005092521,22.0,0.0,1002.0,1728,2005-09-25 21:00:00
WPAC,200518W,155.0,20.2,2005091906,15.0,0.0,1006.0,8356,2005-09-19 06:00:00
WPAC,200518W,154.6,20.4,2005091909,15.0,0.0,1006.0,8357,2005-09-19 09:00:00
WPAC,200518W,153.1,20.8,2005091921,18.0,0.0,1005.0,8358,2005-09-19 21:00:00
WPAC,200518W,152.8,20.9,2005092000,20.0,0.0,1004.0,8359,2005-09-20 00:00:00
WPAC,200518W,152.5,21.1,2005092003,20.0,0.0,1004.0,8360,2005-09-20 03:00:00
WPAC,200518W,152.2,21.3,2005092006,20.0,0.0,1004.0,8361,2005-09-20 06:00:00
WPAC,200518W,151.9,21.5,2005092009,23.0,0.0,1003.0,8362,2005-09-20 09:00:00
WPAC,200518W,150.8,22.1,2005092021,33.0,0.0,999.0,8363,2005-09-20 21:00:00
WPAC,200518W,150.5,22.4,2005092100,35.0,0.0,997.0,8364,2005-09-21 00:00:00
WPAC,200518W,150.1,22.6,2005092103,38.0,15.0,996.0,8365,2005-09-21 03:00:00
WPAC,200518W,149.7,22.9,2005092106,40.0,30.0,994.0,8366,2005-09-21 06:00:00
WPAC,200518W,149.1,23.2,2005092109,48.0,37.5,989.0,8367,2005-09-21 09:00:00
WPAC,200518W,146.7,24.4,2005092121,63.0,66.9,978.0,8368,2005-09-21 21:00:00
WPAC,200518W,145.9,24.6,2005092200,65.0,83.8,976.0,8369,2005-09-22 00:00:00
WPAC,200518W,145.2,24.9,2005092203,68.0,83.8,974.0,8370,2005-09-22 03:00:00
WPAC,200518W,144.4,25.2,2005092206,70.0,83.8,972.0,8371,2005-09-22 06:00:00
WPAC,200518W,140.7,26.8,2005092221,93.0,88.8,952.0,8372,2005-09-22 21:00:00
WPAC,200518W,140.1,27.1,2005092300,95.0,87.5,949.0,8373,2005-09-23 00:00:00
WPAC,200518W,139.6,27.4,2005092303,95.0,87.5,949.0,8374,2005-09-23 03:00:00
WPAC,200518W,139.1,27.7,2005092306,95.0,87.5,949.0,8375,2005-09-23 06:00:00
WPAC,200518W,138.8,28.0,2005092309,98.0,85.0,947.0,8376,2005-09-23 09:00:00
WPAC,200518W,138.1,29.3,2005092321,100.0,133.8,944.0,8377,2005-09-23 21:00:00
WPAC,200518W,137.9,29.6,2005092400,100.0,132.5,944.0,8378,2005-09-24 00:00:00
WPAC,200518W,137.9,30.1,2005092403,100.0,135.6,944.0,8379,2005-09-24 03:00:00
WPAC,200518W,137.9,30.5,2005092406,100.0,138.8,944.0,8380,2005-09-24 06:00:00
WPAC,200518W,138.1,31.0,2005092409,100.0,140.0,944.0,8381,2005-09-24 09:00:00
WPAC,200518W,140.1,32.7,2005092421,90.0,135.0,954.0,8382,2005-09-24 21:00:00
WPAC,200518W,140.9,33.2,2005092500,90.0,130.0,954.0,8383,2005-09-25 00:00:00
WPAC,200518W,141.8,33.9,2005092503,83.0,128.8,961.0,8384,2005-09-25 03:00:00
WPAC,200518W,142.7,34.5,2005092506,75.0,127.5,967.0,8385,2005-09-25 06:00:00
WPAC,200518W,143.6,35.0,2005092509,70.0,125.6,972.0,8386,2005-09-25 09:00:00
WPAC,200518W,146.9,36.6,2005092521,48.0,104.4,989.0,8387,2005-09-25 21:00:00
WPAC,200518W,147.7,37.0,2005092600,45.0,96.2,991.0,8388,2005-09-26 00:00:00
ATLN,200519L,-32.7,11.8,2005093012,25.0,0.0,1009.0,1729,2005-09-30 12:00:00
ATLN,200519L,-32.9,12.0,2005093015,28.0,0.0,1008.0,1730,2005-09-30 15:00:00
ATLN,200519L,-33.0,12.2,2005093018,30.0,0.0,1007.0,1731,2005-09-30 18:00:00
ATLN,200519L,-33.6,13.6,2005100109,30.0,0.0,1008.0,1732,2005-10-01 09:00:00
ATLN,200519L,-33.7,13.8,2005100112,30.0,0.0,1008.0,1733,2005-10-01 12:00:00
ATLN,200519L,-33.8,14.1,2005100115,30.0,0.0,1008.0,1734,2005-10-01 15:00:00
ATLN,200519L,-33.9,14.4,2005100118,30.0,0.0,1008.0,1735,2005-10-01 18:00:00
ATLN,200519L,-34.8,16.1,2005100209,25.0,0.0,1008.0,1736,2005-10-02 09:00:00
ATLN,200519L,-35.3,16.6,2005100212,25.0,0.0,1009.0,1737,2005-10-02 12:00:00
WPAC,200519W,145.5,19.1,2005092506,20.0,0.0,1004.0,8389,2005-09-25 06:00:00
WPAC,200519W,145.2,19.1,2005092509,20.0,0.0,1004.0,8390,2005-09-25 09:00:00
WPAC,200519W,143.8,19.5,2005092521,30.0,0.0,1000.0,8391,2005-09-25 21:00:00
WPAC,200519W,143.4,19.6,2005092600,30.0,0.0,1000.0,8392,2005-09-26 00:00:00
WPAC,200519W,143.1,19.9,2005092603,33.0,0.0,999.0,8393,2005-09-26 03:00:00
WPAC,200519W,142.8,20.1,2005092606,35.0,0.0,997.0,8394,2005-09-26 06:00:00
WPAC,200519W,142.5,20.3,2005092609,40.0,25.0,994.0,8395,2005-09-26 09:00:00
WPAC,200519W,141.3,21.1,2005092621,65.0,77.5,976.0,8396,2005-09-26 21:00:00
WPAC,200519W,141.0,21.4,2005092700,70.0,86.2,972.0,8397,2005-09-27 00:00:00
WPAC,200519W,140.6,21.5,2005092703,78.0,88.1,965.0,8398,2005-09-27 03:00:00
WPAC,200519W,140.1,21.7,2005092706,85.0,90.0,958.0,8399,2005-09-27 06:00:00
WPAC,200519W,139.6,21.8,2005092709,88.0,88.8,956.0,8400,2005-09-27 09:00:00
WPAC,200519W,137.9,22.2,2005092721,105.0,101.9,939.0,8401,2005-09-27 21:00:00
WPAC,200519W,137.5,22.3,2005092800,110.0,105.0,933.0,8402,2005-09-28 00:00:00
WPAC,200519W,137.1,22.4,2005092803,115.0,105.0,928.0,8403,2005-09-28 03:00:00
WPAC,200519W,136.7,22.5,2005092806,120.0,105.0,922.0,8404,2005-09-28 06:00:00
WPAC,200519W,136.4,22.5,2005092809,123.0,105.0,919.0,8405,2005-09-28 09:00:00
WPAC,200519W,135.1,22.4,2005092900,125.0,100.0,916.0,8406,2005-09-29 00:00:00
WPAC,200519W,134.8,22.4,2005092903,125.0,102.5,916.0,8407,2005-09-29 03:00:00
WPAC,200519W,134.6,22.4,2005092906,125.0,105.0,916.0,8408,2005-09-29 06:00:00
WPAC,200519W,134.2,22.4,2005092909,125.0,111.2,916.0,8409,2005-09-29 09:00:00
WPAC,200519W,132.1,22.0,2005093000,125.0,137.5,916.0,8410,2005-09-30 00:00:00
WPAC,200519W,131.6,22.1,2005093003,123.0,138.8,919.0,8411,2005-09-30 03:00:00
WPAC,200519W,131.0,22.1,2005093006,120.0,140.0,922.0,8412,2005-09-30 06:00:00
WPAC,200519W,130.4,22.1,2005093009,120.0,143.8,922.0,8413,2005-09-30 09:00:00
WPAC,200519W,127.0,22.4,2005100100,120.0,125.0,922.0,8414,2005-10-01 00:00:00
WPAC,200519W,126.2,22.6,2005100103,123.0,125.0,919.0,8415,2005-10-01 03:00:00
WPAC,200519W,125.4,22.8,2005100106,125.0,125.0,916.0,8416,2005-10-01 06:00:00
WPAC,200519W,124.6,23.0,2005100109,123.0,123.8,919.0,8417,2005-10-01 09:00:00
WPAC,200519W,121.0,23.8,2005100200,95.0,110.0,949.0,8418,2005-10-02 00:00:00
WPAC,200519W,120.3,24.0,2005100203,93.0,103.8,952.0,8419,2005-10-02 03:00:00
WPAC,200519W,119.7,24.1,2005100206,90.0,97.5,954.0,8420,2005-10-02 06:00:00
WPAC,200519W,119.2,24.2,2005100209,85.0,91.2,959.0,8421,2005-10-02 09:00:00
WPAC,200519W,116.6,25.5,2005100300,45.0,85.0,991.0,8422,2005-10-03 00:00:00
WPAC,200519W,116.2,25.8,2005100303,40.0,85.0,994.0,8423,2005-10-03 03:00:00
WPAC,200519W,115.7,26.0,2005100306,35.0,85.0,997.0,8424,2005-10-03 06:00:00
WPAC,200519W,115.5,26.2,2005100309,33.0,42.5,999.0,8425,2005-10-03 09:00:00
ATLN,200520L,-85.9,19.0,2005100115,28.0,0.0,1006.0,1738,2005-10-01 15:00:00
ATLN,200520L,-86.2,19.1,2005100118,30.0,0.0,1005.0,1739,2005-10-01 18:00:00
ATLN,200520L,-86.5,19.2,2005100121,30.0,0.0,1004.0,1740,2005-10-01 21:00:00
ATLN,200520L,-87.9,19.8,2005100212,35.0,52.5,1003.0,1741,2005-10-02 12:00:00
ATLN,200520L,-88.3,20.1,2005100215,35.0,39.4,1004.0,1742,2005-10-02 15:00:00
ATLN,200520L,-88.8,20.3,2005100218,35.0,26.2,1004.0,1743,2005-10-02 18:00:00
ATLN,200520L,-89.3,20.4,2005100221,32.0,13.1,1004.0,1744,2005-10-02 21:00:00
ATLN,200520L,-92.0,20.2,2005100315,45.0,46.2,998.0,1745,2005-10-03 15:00:00
ATLN,200520L,-92.2,20.1,2005100318,50.0,48.8,997.0,1746,2005-10-03 18:00:00
ATLN,200520L,-93.2,19.8,2005100400,55.0,48.8,990.0,1747,2005-10-04 00:00:00
ATLN,200520L,-95.2,18.2,2005100415,58.0,61.9,982.0,1748,2005-10-04 15:00:00
ATLN,200520L,-95.6,17.9,2005100418,45.0,45.0,988.0,1749,2005-10-04 18:00:00
ATLN,200520L,-96.0,17.5,2005100421,38.0,22.5,994.0,1750,2005-10-04 21:00:00
ATLN,200520L,-96.4,17.2,2005100500,30.0,0.0,1000.0,1751,2005-10-05 00:00:00
WPAC,200520W,109.6,16.7,2005100700,25.0,0.0,1002.0,8426,2005-10-07 00:00:00
WPAC,200520W,109.2,16.8,2005100703,28.0,0.0,1001.0,8427,2005-10-07 03:00:00
WPAC,200520W,108.9,16.8,2005100706,30.0,0.0,1000.0,8428,2005-10-07 06:00:00
WPAC,200520W,108.5,16.8,2005100709,30.0,0.0,1000.0,8429,2005-10-07 09:00:00
WPAC,200520W,105.7,16.3,2005100800,25.0,0.0,1002.0,8430,2005-10-08 00:00:00
WPAC,200520W,105.0,16.1,2005100803,23.0,0.0,1003.0,8431,2005-10-08 03:00:00
WPAC,200520W,104.3,15.9,2005100806,20.0,0.0,1004.0,8432,2005-10-08 06:00:00
ATLN,200521L,-29.4,35.3,2005100409,32.0,18.8,1006.0,1752,2005-10-04 09:00:00
ATLN,200521L,-28.5,35.9,2005100412,35.0,37.5,1004.0,1753,2005-10-04 12:00:00
ATLN,200521L,-27.6,36.5,2005100415,40.0,41.2,1000.0,1754,2005-10-04 15:00:00
ATLN,200521L,-26.7,37.1,2005100418,45.0,45.0,997.0,1755,2005-10-04 18:00:00
ATLN,200521L,-23.1,42.3,2005100509,40.0,45.0,1001.0,1756,2005-10-05 09:00:00
ATLN,200521L,-23.0,43.6,2005100512,40.0,45.0,1002.0,1757,2005-10-05 12:00:00
WPAC,200521W,133.9,22.6,2005101006,25.0,0.0,1002.0,8433,2005-10-10 06:00:00
WPAC,200521W,133.7,22.4,2005101009,28.0,0.0,1001.0,8434,2005-10-10 09:00:00
WPAC,200521W,133.2,21.3,2005101100,50.0,47.5,987.0,8435,2005-10-11 00:00:00
WPAC,200521W,133.1,21.1,2005101103,58.0,52.5,982.0,8436,2005-10-11 03:00:00
WPAC,200521W,133.1,21.0,2005101106,65.0,57.5,976.0,8437,2005-10-11 06:00:00
WPAC,200521W,133.1,20.9,2005101109,73.0,76.2,970.0,8438,2005-10-11 09:00:00
WPAC,200521W,132.4,20.5,2005101200,90.0,82.5,954.0,8439,2005-10-12 00:00:00
WPAC,200521W,132.3,20.6,2005101203,90.0,91.2,954.0,8440,2005-10-12 03:00:00
WPAC,200521W,132.2,20.7,2005101206,90.0,100.0,954.0,8441,2005-10-12 06:00:00
WPAC,200521W,132.1,20.8,2005101209,100.0,101.9,944.0,8442,2005-10-12 09:00:00
WPAC,200521W,131.7,21.3,2005101300,90.0,110.0,954.0,8443,2005-10-13 00:00:00
WPAC,200521W,131.7,21.5,2005101303,90.0,102.5,954.0,8444,2005-10-13 03:00:00
WPAC,200521W,131.7,21.6,2005101306,90.0,95.0,954.0,8445,2005-10-13 06:00:00
WPAC,200521W,131.7,21.8,2005101309,90.0,97.5,954.0,8446,2005-10-13 09:00:00
WPAC,200521W,131.4,22.5,2005101400,90.0,107.5,954.0,8447,2005-10-14 00:00:00
WPAC,200521W,131.3,22.7,2005101403,90.0,107.5,954.0,8448,2005-10-14 03:00:00
WPAC,200521W,131.2,22.9,2005101406,90.0,107.5,954.0,8449,2005-10-14 06:00:00
WPAC,200521W,131.1,22.9,2005101409,90.0,107.5,954.0,8450,2005-10-14 09:00:00
WPAC,200521W,131.2,23.3,2005101500,100.0,110.0,944.0,8451,2005-10-15 00:00:00
WPAC,200521W,131.3,23.4,2005101503,100.0,110.0,944.0,8452,2005-10-15 03:00:00
WPAC,200521W,131.4,23.5,2005101506,100.0,110.0,944.0,8453,2005-10-15 06:00:00
WPAC,200521W,131.6,23.6,2005101509,100.0,112.5,944.0,8454,2005-10-15 09:00:00
WPAC,200521W,132.9,24.3,2005101600,100.0,110.0,944.0,8455,2005-10-16 00:00:00
WPAC,200521W,133.2,24.5,2005101603,108.0,137.5,936.0,8456,2005-10-16 03:00:00
WPAC,200521W,133.5,24.7,2005101606,115.0,165.0,927.0,8457,2005-10-16 06:00:00
WPAC,200521W,134.7,26.6,2005101700,110.0,117.5,933.0,8458,2005-10-17 00:00:00
WPAC,200521W,134.8,27.1,2005101703,108.0,114.4,936.0,8459,2005-10-17 03:00:00
WPAC,200521W,135.0,27.6,2005101706,105.0,111.2,938.0,8460,2005-10-17 06:00:00
WPAC,200521W,136.4,29.8,2005101721,90.0,98.1,954.0,8461,2005-10-17 21:00:00
WPAC,200521W,136.8,30.2,2005101800,90.0,93.8,954.0,8462,2005-10-18 00:00:00
WPAC,200521W,137.2,30.5,2005101803,83.0,98.1,961.0,8463,2005-10-18 03:00:00
WPAC,200521W,137.7,30.9,2005101806,75.0,102.5,967.0,8464,2005-10-18 06:00:00
WPAC,200521W,141.6,33.0,2005101821,50.0,82.5,988.0,8465,2005-10-18 21:00:00
WPAC,200521W,142.4,33.4,2005101900,45.0,75.0,991.0,8466,2005-10-19 00:00:00
ATLN,200522L,-80.2,28.3,2005100512,40.0,107.5,1004.0,1758,2005-10-05 12:00:00
ATLN,200522L,-80.6,28.9,2005100515,42.0,115.6,1002.0,1759,2005-10-05 15:00:00
ATLN,200522L,-80.9,29.5,2005100518,45.0,123.8,1001.0,1760,2005-10-05 18:00:00
ATLN,200522L,-81.2,30.0,2005100521,45.0,90.6,1002.0,1761,2005-10-05 21:00:00
ATLN,200522L,-84.6,31.8,2005100612,25.0,0.0,1005.0,1762,2005-10-06 12:00:00
ATLN,200522L,-85.2,31.5,2005100615,20.0,0.0,1006.0,1763,2005-10-06 15:00:00
ATLN,200522L,-85.8,31.2,2005100618,15.0,0.0,1006.0,1764,2005-10-06 18:00:00
ATLN,200522L,-85.7,30.8,2005100621,12.0,0.0,1006.0,1765,2005-10-06 21:00:00
WPAC,200522W,116.2,12.9,2005102800,20.0,0.0,1004.0,8467,2005-10-28 00:00:00
WPAC,200522W,115.8,12.8,2005102803,23.0,0.0,1003.0,8468,2005-10-28 03:00:00
WPAC,200522W,115.3,12.7,2005102806,25.0,0.0,1002.0,8469,2005-10-28 06:00:00
WPAC,200522W,114.8,12.6,2005102809,25.0,0.0,1002.0,8470,2005-10-28 09:00:00
WPAC,200522W,113.3,12.6,2005102900,35.0,0.0,997.0,8471,2005-10-29 00:00:00
WPAC,200522W,113.1,12.7,2005102903,40.0,30.0,994.0,8472,2005-10-29 03:00:00
WPAC,200522W,112.9,12.8,2005102906,45.0,60.0,991.0,8473,2005-10-29 06:00:00
WPAC,200522W,112.8,12.9,2005102909,48.0,66.2,989.0,8474,2005-10-29 09:00:00
WPAC,200522W,113.0,13.8,2005103000,60.0,76.2,980.0,8475,2005-10-30 00:00:00
WPAC,200522W,112.7,13.9,2005103003,65.0,79.4,976.0,8476,2005-10-30 03:00:00
WPAC,200522W,112.4,13.9,2005103006,70.0,82.5,972.0,8477,2005-10-30 06:00:00
WPAC,200522W,112.2,14.1,2005103009,73.0,96.2,970.0,8478,2005-10-30 09:00:00
WPAC,200522W,111.6,14.2,2005103100,80.0,110.0,963.0,8479,2005-10-31 00:00:00
WPAC,200522W,111.4,14.3,2005103103,83.0,102.5,961.0,8480,2005-10-31 03:00:00
WPAC,200522W,111.3,14.4,2005103106,85.0,95.0,958.0,8481,2005-10-31 06:00:00
WPAC,200522W,111.1,14.5,2005103109,80.0,95.0,963.0,8482,2005-10-31 09:00:00
WPAC,200522W,109.8,15.3,2005110100,65.0,102.5,976.0,8483,2005-11-01 00:00:00
WPAC,200522W,109.4,15.6,2005110103,63.0,95.0,978.0,8484,2005-11-01 03:00:00
WPAC,200522W,109.1,15.8,2005110106,60.0,87.5,980.0,8485,2005-11-01 06:00:00
WPAC,200522W,108.8,16.1,2005110109,60.0,88.1,980.0,8486,2005-11-01 09:00:00
WPAC,200522W,106.8,17.7,2005110200,50.0,67.5,987.0,8487,2005-11-02 00:00:00
WPAC,200522W,106.3,18.2,2005110203,45.0,60.6,991.0,8488,2005-11-02 03:00:00
WPAC,200522W,105.9,18.8,2005110206,40.0,53.8,994.0,8489,2005-11-02 06:00:00
WPAC,200522W,105.6,19.4,2005110209,35.0,26.9,997.0,8490,2005-11-02 09:00:00
ATLN,200523L,-58.5,27.7,2005100812,30.0,0.0,1008.0,1766,2005-10-08 12:00:00
ATLN,200523L,-59.3,28.2,2005100815,30.0,0.0,1008.0,1767,2005-10-08 15:00:00
ATLN,200523L,-60.1,28.8,2005100818,30.0,0.0,1009.0,1768,2005-10-08 18:00:00
ATLN,200523L,-61.0,29.1,2005100821,28.0,0.0,1009.0,1769,2005-10-08 21:00:00
ATLN,200523L,-64.5,29.5,2005100912,25.0,0.0,1009.0,1770,2005-10-09 12:00:00
ATLN,200523L,-64.8,29.8,2005100915,25.0,0.0,1009.0,1771,2005-10-09 15:00:00
ATLN,200523L,-65.2,30.0,2005100918,25.0,0.0,1009.0,1772,2005-10-09 18:00:00
ATLN,200523L,-68.9,32.5,2005101012,30.0,0.0,1009.0,1773,2005-10-10 12:00:00
ATLN,200523L,-69.5,33.0,2005101015,30.0,0.0,1008.0,1774,2005-10-10 15:00:00
ATLN,200523L,-70.0,33.5,2005101018,30.0,0.0,1008.0,1775,2005-10-10 18:00:00
ATLN,200523L,-70.5,33.9,2005101021,30.0,0.0,1008.0,1776,2005-10-10 21:00:00
ATLN,200523L,-71.8,36.7,2005101112,30.0,0.0,1008.0,1777,2005-10-11 12:00:00
ATLN,200523L,-71.8,37.2,2005101115,30.0,0.0,1008.0,1778,2005-10-11 15:00:00
ATLN,200523L,-71.7,37.8,2005101118,30.0,0.0,1008.0,1779,2005-10-11 18:00:00
ATLN,200523L,-71.8,38.1,2005101121,30.0,0.0,1008.0,1780,2005-10-11 21:00:00
ATLN,200523L,-73.0,38.9,2005101212,35.0,45.0,1011.0,1781,2005-10-12 12:00:00
ATLN,200523L,-73.2,38.8,2005101215,38.0,45.0,1011.0,1782,2005-10-12 15:00:00
ATLN,200523L,-73.5,38.7,2005101218,40.0,45.0,1011.0,1783,2005-10-12 18:00:00
ATLN,200523L,-73.0,37.2,2005101312,40.0,45.0,1008.0,1784,2005-10-13 12:00:00
ATLN,200523L,-73.0,37.5,2005101315,40.0,45.0,1007.0,1785,2005-10-13 15:00:00
ATLN,200523L,-73.0,37.8,2005101318,40.0,45.0,1006.0,1786,2005-10-13 18:00:00
ATLN,200523L,-73.2,37.9,2005101321,40.0,45.0,1006.0,1787,2005-10-13 21:00:00
ATLN,200523L,-73.8,38.6,2005101412,35.0,45.0,1005.0,1788,2005-10-14 12:00:00
ATLN,200523L,-73.8,39.1,2005101415,32.0,22.5,1005.0,1789,2005-10-14 15:00:00
ATLN,200523L,-73.8,39.6,2005101418,30.0,0.0,1005.0,1790,2005-10-14 18:00:00
WPAC,200523W,129.5,13.3,2005110906,35.0,0.0,997.0,8491,2005-11-09 06:00:00
WPAC,200523W,128.6,13.6,2005110909,38.0,22.5,996.0,8492,2005-11-09 09:00:00
WPAC,200523W,124.8,14.8,2005111000,45.0,62.5,991.0,8493,2005-11-10 00:00:00
WPAC,200523W,124.0,14.9,2005111003,45.0,57.5,991.0,8494,2005-11-10 03:00:00
WPAC,200523W,123.3,15.1,2005111006,45.0,52.5,991.0,8495,2005-11-10 06:00:00
WPAC,200523W,122.5,15.4,2005111009,45.0,65.6,991.0,8496,2005-11-10 09:00:00
WPAC,200523W,120.5,16.8,2005111100,35.0,71.2,997.0,8497,2005-11-11 00:00:00
WPAC,200523W,119.8,17.5,2005111103,35.0,35.6,997.0,8498,2005-11-11 03:00:00
WPAC,200523W,119.1,18.1,2005111106,35.0,0.0,997.0,8499,2005-11-11 06:00:00
WPAC,200523W,118.4,18.6,2005111109,30.0,0.0,1000.0,8500,2005-11-11 09:00:00
WPAC,200523W,116.5,19.5,2005111200,25.0,0.0,1002.0,8501,2005-11-12 00:00:00
WPAC,200523W,116.0,19.2,2005111203,23.0,0.0,1003.0,8502,2005-11-12 03:00:00
WPAC,200523W,115.6,19.0,2005111206,20.0,0.0,1004.0,8503,2005-11-12 06:00:00
WPAC,200523W,115.3,18.6,2005111209,20.0,0.0,1004.0,8504,2005-11-12 09:00:00
ATLN,200524L,-20.5,33.0,2005100809,42.0,60.0,1000.0,1791,2005-10-08 09:00:00
ATLN,200524L,-20.3,33.0,2005100812,45.0,57.5,1000.0,1792,2005-10-08 12:00:00
ATLN,200524L,-20.2,33.0,2005100815,45.0,55.0,1000.0,1793,2005-10-08 15:00:00
ATLN,200524L,-20.1,33.1,2005100818,45.0,52.5,1000.0,1794,2005-10-08 18:00:00
ATLN,200524L,-19.5,33.6,2005100909,52.0,55.0,996.0,1795,2005-10-09 09:00:00
ATLN,200524L,-19.3,33.8,2005100912,55.0,60.0,995.0,1796,2005-10-09 12:00:00
ATLN,200524L,-19.1,34.0,2005100915,60.0,65.0,992.0,1797,2005-10-09 15:00:00
ATLN,200524L,-18.9,34.1,2005100918,65.0,70.0,988.0,1798,2005-10-09 18:00:00
ATLN,200524L,-16.2,34.6,2005101009,48.0,45.0,994.0,1799,2005-10-10 09:00:00
ATLN,200524L,-15.3,34.7,2005101012,45.0,45.0,995.0,1800,2005-10-10 12:00:00
ATLN,200524L,-14.1,35.0,2005101015,40.0,42.5,996.0,1801,2005-10-10 15:00:00
ATLN,200524L,-12.8,35.4,2005101018,35.0,40.0,998.0,1802,2005-10-10 18:00:00
ATLN,200524L,-7.2,37.2,2005101109,30.0,0.0,1002.0,1803,2005-10-11 09:00:00
ATLN,200524L,-6.0,37.7,2005101112,30.0,0.0,1003.0,1804,2005-10-11 12:00:00
WPAC,200524W,129.3,8.4,2005111400,35.0,0.0,997.0,8505,2005-11-14 00:00:00
WPAC,200524W,130.2,13.7,2005111606,60.0,80.0,980.0,8506,2005-11-16 06:00:00
WPAC,200524W,129.9,13.3,2005111700,60.0,105.0,980.0,8507,2005-11-17 00:00:00
WPAC,200524W,129.6,13.2,2005111706,65.0,105.0,976.0,8508,2005-11-17 06:00:00
WPAC,200524W,128.9,14.1,2005111800,70.0,100.0,972.0,8509,2005-11-18 00:00:00
WPAC,200524W,128.6,14.3,2005111803,68.0,100.0,974.0,8510,2005-11-18 03:00:00
WPAC,200524W,128.3,14.5,2005111806,65.0,100.0,976.0,8511,2005-11-18 06:00:00
WPAC,200524W,127.8,14.7,2005111809,65.0,100.0,976.0,8512,2005-11-18 09:00:00
WPAC,200524W,125.1,15.4,2005111900,55.0,105.0,984.0,8513,2005-11-19 00:00:00
WPAC,200524W,124.8,15.6,2005111903,58.0,96.2,982.0,8514,2005-11-19 03:00:00
WPAC,200524W,124.4,15.8,2005111906,60.0,87.5,980.0,8515,2005-11-19 06:00:00
WPAC,200524W,124.1,16.0,2005111909,53.0,80.6,986.0,8516,2005-11-19 09:00:00
WPAC,200524W,122.6,17.0,2005112000,35.0,60.0,997.0,8517,2005-11-20 00:00:00
WPAC,200524W,122.2,17.4,2005112003,33.0,30.0,999.0,8518,2005-11-20 03:00:00
WPAC,200524W,121.8,17.7,2005112006,30.0,0.0,1000.0,8519,2005-11-20 06:00:00
WPAC,200524W,121.5,18.1,2005112009,28.0,0.0,1001.0,8520,2005-11-20 09:00:00
ATLN,200525L,-78.5,17.6,2005101518,25.0,0.0,1004.0,1805,2005-10-15 18:00:00
ATLN,200525L,-78.7,17.6,2005101521,25.0,0.0,1004.0,1806,2005-10-15 21:00:00
ATLN,200525L,-79.2,17.5,2005101612,30.0,0.0,1003.0,1807,2005-10-16 12:00:00
ATLN,200525L,-79.3,17.5,2005101615,30.0,0.0,1002.0,1808,2005-10-16 15:00:00
ATLN,200525L,-79.4,17.5,2005101618,30.0,0.0,1002.0,1809,2005-10-16 18:00:00
ATLN,200525L,-79.5,17.4,2005101621,30.0,0.0,1002.0,1810,2005-10-16 21:00:00
ATLN,200525L,-79.7,16.3,2005101712,40.0,25.0,999.0,1811,2005-10-17 12:00:00
ATLN,200525L,-79.8,16.1,2005101715,42.0,35.0,998.0,1812,2005-10-17 15:00:00
ATLN,200525L,-79.8,16.0,2005101718,45.0,45.0,997.0,1813,2005-10-17 18:00:00
ATLN,200525L,-79.8,15.9,2005101721,50.0,52.5,992.0,1814,2005-10-17 21:00:00
ATLN,200525L,-80.3,16.2,2005101812,65.0,83.8,979.0,1815,2005-10-18 12:00:00
ATLN,200525L,-80.7,16.4,2005101815,70.0,88.8,977.0,1816,2005-10-18 15:00:00
ATLN,200525L,-81.1,16.6,2005101818,75.0,93.8,975.0,1817,2005-10-18 18:00:00
ATLN,200525L,-83.1,17.4,2005101915,150.0,146.9,887.0,1818,2005-10-19 15:00:00
ATLN,200525L,-83.4,17.4,2005101918,140.0,162.5,892.0,1819,2005-10-19 18:00:00
ATLN,200525L,-83.7,17.6,2005101921,138.0,163.8,892.0,1820,2005-10-19 21:00:00
ATLN,200525L,-85.2,18.3,2005102012,130.0,158.8,910.0,1821,2005-10-20 12:00:00
ATLN,200525L,-85.3,18.5,2005102015,130.0,156.9,914.0,1822,2005-10-20 15:00:00
ATLN,200525L,-85.5,18.6,2005102018,130.0,155.0,917.0,1823,2005-10-20 18:00:00
ATLN,200525L,-85.7,18.9,2005102021,130.0,155.0,920.0,1824,2005-10-20 21:00:00
ATLN,200525L,-86.4,20.1,2005102112,125.0,155.0,929.0,1825,2005-10-21 12:00:00
ATLN,200525L,-86.6,20.2,2005102115,122.0,155.0,928.0,1826,2005-10-21 15:00:00
ATLN,200525L,-86.7,20.3,2005102118,120.0,155.0,926.0,1827,2005-10-21 18:00:00
ATLN,200525L,-86.8,20.5,2005102121,120.0,155.0,928.0,1828,2005-10-21 21:00:00
ATLN,200525L,-87.1,21.0,2005102212,100.0,155.0,947.0,1829,2005-10-22 12:00:00
ATLN,200525L,-87.1,21.1,2005102215,92.0,155.0,952.0,1830,2005-10-22 15:00:00
ATLN,200525L,-87.1,21.3,2005102218,85.0,155.0,958.0,1831,2005-10-22 18:00:00
ATLN,200525L,-87.0,21.5,2005102221,85.0,155.0,959.0,1832,2005-10-22 21:00:00
ATLN,200525L,-86.1,22.4,2005102312,85.0,175.0,961.0,1833,2005-10-23 12:00:00
ATLN,200525L,-85.8,22.8,2005102315,88.0,175.0,962.0,1834,2005-10-23 15:00:00
ATLN,200525L,-85.4,23.1,2005102318,90.0,175.0,963.0,1835,2005-10-23 18:00:00
ATLN,200525L,-84.8,23.6,2005102321,92.0,175.0,960.0,1836,2005-10-23 21:00:00
ATLN,200525L,-81.0,26.2,2005102412,95.0,193.8,950.0,1837,2005-10-24 12:00:00
ATLN,200525L,-79.9,27.1,2005102415,100.0,193.8,952.0,1838,2005-10-24 15:00:00
ATLN,200525L,-78.8,28.0,2005102418,105.0,193.8,955.0,1839,2005-10-24 18:00:00
ATLN,200525L,-77.4,29.1,2005102421,108.0,200.0,955.0,1840,2005-10-24 21:00:00
ATLN,200525L,-67.9,36.8,2005102512,90.0,262.5,970.0,1841,2005-10-25 12:00:00
ATLN,200525L,-65.7,38.6,2005102515,82.0,262.5,973.0,1842,2005-10-25 15:00:00
ATLN,200525L,-63.5,40.5,2005102518,75.0,262.5,976.0,1843,2005-10-25 18:00:00
ATLN,200525L,-61.8,41.5,2005102521,68.0,262.5,977.0,1844,2005-10-25 21:00:00
ATLN,200525L,-55.0,45.0,2005102612,50.0,262.5,986.0,1845,2005-10-26 12:00:00
ATLN,200525L,-53.5,45.2,2005102615,45.0,262.5,988.0,1846,2005-10-26 15:00:00
ATLN,200525L,-52.0,45.5,2005102618,40.0,262.5,990.0,1847,2005-10-26 18:00:00
WPAC,200525W,124.9,9.1,2005121600,25.0,0.0,1002.0,8521,2005-12-16 00:00:00
WPAC,200525W,124.2,9.2,2005121603,25.0,0.0,1002.0,8522,2005-12-16 03:00:00
WPAC,200525W,123.6,9.3,2005121606,25.0,0.0,1002.0,8523,2005-12-16 06:00:00
WPAC,200525W,123.1,9.8,2005121609,25.0,0.0,1002.0,8524,2005-12-16 09:00:00
WPAC,200525W,120.3,11.1,2005121700,25.0,0.0,1002.0,8525,2005-12-17 00:00:00
WPAC,200525W,119.7,10.9,2005121703,25.0,0.0,1002.0,8526,2005-12-17 03:00:00
WPAC,200525W,119.0,10.7,2005121706,25.0,0.0,1002.0,8527,2005-12-17 06:00:00
WPAC,200525W,118.4,10.4,2005121709,25.0,0.0,1002.0,8528,2005-12-17 09:00:00
WPAC,200525W,115.2,8.7,2005121800,25.0,0.0,1002.0,8529,2005-12-18 00:00:00
WPAC,200525W,114.6,8.5,2005121803,28.0,0.0,1001.0,8530,2005-12-18 03:00:00
WPAC,200525W,113.9,8.3,2005121806,30.0,0.0,1000.0,8531,2005-12-18 06:00:00
WPAC,200525W,113.3,8.2,2005121809,30.0,0.0,1000.0,8532,2005-12-18 09:00:00
WPAC,200525W,111.7,8.8,2005121900,40.0,37.5,994.0,8533,2005-12-19 00:00:00
WPAC,200525W,111.6,8.9,2005121903,43.0,37.5,993.0,8534,2005-12-19 03:00:00
WPAC,200525W,111.5,9.1,2005121906,45.0,37.5,991.0,8535,2005-12-19 06:00:00
WPAC,200525W,111.2,9.0,2005121909,43.0,37.5,993.0,8536,2005-12-19 09:00:00
WPAC,200525W,109.8,8.7,2005122000,35.0,37.5,997.0,8537,2005-12-20 00:00:00
WPAC,200525W,109.5,8.6,2005122003,33.0,18.8,999.0,8538,2005-12-20 03:00:00
WPAC,200525W,109.3,8.4,2005122006,30.0,0.0,1000.0,8539,2005-12-20 06:00:00
WPAC,200525W,108.9,8.4,2005122009,28.0,0.0,1001.0,8540,2005-12-20 09:00:00
WPAC,200525W,107.2,8.0,2005122100,25.0,0.0,1002.0,8541,2005-12-21 00:00:00
WPAC,200525W,106.8,8.0,2005122103,25.0,0.0,1002.0,8542,2005-12-21 03:00:00
WPAC,200525W,106.3,7.9,2005122106,25.0,0.0,1002.0,8543,2005-12-21 06:00:00
ATLN,200526L,-67.5,15.8,2005102212,30.0,0.0,1007.0,1848,2005-10-22 12:00:00
ATLN,200526L,-68.0,16.1,2005102215,32.0,10.0,1006.0,1849,2005-10-22 15:00:00
ATLN,200526L,-68.5,16.5,2005102218,35.0,20.0,1005.0,1850,2005-10-22 18:00:00
ATLN,200526L,-69.0,16.9,2005102221,40.0,26.2,1002.0,1851,2005-10-22 21:00:00
ATLN,200526L,-72.2,18.6,2005102312,35.0,12.5,1002.0,1852,2005-10-23 12:00:00
ATLN,200526L,-72.5,19.2,2005102315,32.0,6.2,1003.0,1853,2005-10-23 15:00:00
ATLN,200526L,-72.7,19.8,2005102318,30.0,0.0,1004.0,1854,2005-10-23 18:00:00
ATLN,200526L,-72.8,20.7,2005102321,30.0,0.0,1004.0,1855,2005-10-23 21:00:00
ATLN,200526L,-72.4,25.1,2005102412,30.0,0.0,1004.0,1856,2005-10-24 12:00:00
ATLN,200526L,-71.6,26.5,2005102415,30.0,0.0,1004.0,1857,2005-10-24 15:00:00
ATLN,200526L,-70.8,27.9,2005102418,30.0,0.0,1004.0,1858,2005-10-24 18:00:00
ATLN,200527L,-80.9,10.4,2005102618,30.0,0.0,1007.0,1859,2005-10-26 18:00:00
ATLN,200527L,-81.0,10.6,2005102621,30.0,0.0,1007.0,1860,2005-10-26 21:00:00
ATLN,200527L,-81.3,11.3,2005102712,45.0,32.5,1000.0,1861,2005-10-27 12:00:00
ATLN,200527L,-81.3,11.4,2005102715,48.0,32.5,998.0,1862,2005-10-27 15:00:00
ATLN,200527L,-81.3,11.6,2005102718,50.0,32.5,997.0,1863,2005-10-27 18:00:00
ATLN,200527L,-81.2,11.8,2005102721,50.0,32.5,996.0,1864,2005-10-27 21:00:00
ATLN,200527L,-81.0,12.8,2005102812,50.0,32.5,993.0,1865,2005-10-28 12:00:00
ATLN,200527L,-81.0,13.0,2005102815,50.0,33.8,992.0,1866,2005-10-28 15:00:00
ATLN,200527L,-81.1,13.2,2005102818,50.0,35.0,991.0,1867,2005-10-28 18:00:00
ATLN,200527L,-81.2,13.3,2005102821,55.0,37.5,990.0,1868,2005-10-28 21:00:00
ATLN,200527L,-81.6,13.7,2005102912,75.0,50.0,982.0,1869,2005-10-29 12:00:00
ATLN,200527L,-81.8,13.7,2005102915,75.0,50.0,981.0,1870,2005-10-29 15:00:00
ATLN,200527L,-82.1,13.7,2005102918,75.0,50.0,980.0,1871,2005-10-29 18:00:00
ATLN,200527L,-82.3,13.6,2005102921,82.0,50.0,975.0,1872,2005-10-29 21:00:00
ATLN,200527L,-83.5,12.9,2005103012,90.0,50.0,970.0,1873,2005-10-30 12:00:00
ATLN,200527L,-83.8,12.8,2005103015,72.0,52.5,980.0,1874,2005-10-30 15:00:00
ATLN,200527L,-84.1,12.7,2005103018,55.0,55.0,990.0,1875,2005-10-30 18:00:00
ATLN,200527L,-84.5,12.7,2005103021,38.0,27.5,995.0,1876,2005-10-30 21:00:00
ATLN,200528L,-63.4,13.8,2005111412,30.0,0.0,1006.0,1877,2005-11-14 12:00:00
ATLN,200528L,-63.8,13.9,2005111415,30.0,0.0,1006.0,1878,2005-11-14 15:00:00
ATLN,200528L,-64.2,14.1,2005111418,30.0,0.0,1005.0,1879,2005-11-14 18:00:00
ATLN,200528L,-64.6,14.1,2005111421,30.0,0.0,1004.0,1880,2005-11-14 21:00:00
ATLN,200528L,-67.1,14.4,2005111512,35.0,10.0,1004.0,1881,2005-11-15 12:00:00
ATLN,200528L,-67.8,14.6,2005111515,32.0,5.0,1004.0,1882,2005-11-15 15:00:00
ATLN,200528L,-68.4,14.7,2005111518,30.0,0.0,1005.0,1883,2005-11-15 18:00:00
ATLN,200528L,-69.2,14.8,2005111521,30.0,0.0,1006.0,1884,2005-11-15 21:00:00
ATLN,200528L,-73.1,14.7,2005111612,25.0,0.0,1006.0,1885,2005-11-16 12:00:00
ATLN,200528L,-74.2,14.8,2005111615,25.0,0.0,1006.0,1886,2005-11-16 15:00:00
ATLN,200528L,-75.4,14.8,2005111618,25.0,0.0,1006.0,1887,2005-11-16 18:00:00
ATLN,200528L,-76.5,14.9,2005111621,25.0,0.0,1006.0,1888,2005-11-16 21:00:00
ATLN,200528L,-81.7,15.6,2005111712,30.0,0.0,1007.0,1889,2005-11-17 12:00:00
ATLN,200528L,-82.4,15.7,2005111715,30.0,0.0,1007.0,1890,2005-11-17 15:00:00
ATLN,200528L,-83.1,15.8,2005111718,30.0,0.0,1007.0,1891,2005-11-17 18:00:00
ATLN,200528L,-83.6,15.8,2005111721,30.0,0.0,1007.0,1892,2005-11-17 21:00:00
ATLN,200528L,-85.5,15.5,2005111812,30.0,0.0,1006.0,1893,2005-11-18 12:00:00
ATLN,200528L,-85.5,15.6,2005111815,32.0,18.8,1006.0,1894,2005-11-18 15:00:00
ATLN,200528L,-85.6,15.7,2005111818,35.0,37.5,1006.0,1895,2005-11-18 18:00:00
ATLN,200528L,-85.6,15.8,2005111821,38.0,41.2,1006.0,1896,2005-11-18 21:00:00
ATLN,200528L,-85.4,16.1,2005111912,45.0,45.0,1002.0,1897,2005-11-19 12:00:00
ATLN,200528L,-85.2,16.2,2005111918,40.0,45.0,1004.0,1898,2005-11-19 18:00:00
ATLN,200528L,-85.1,16.3,2005111921,40.0,45.0,1004.0,1899,2005-11-19 21:00:00
ATLN,200528L,-85.2,16.7,2005112012,30.0,0.0,1007.0,1900,2005-11-20 12:00:00
ATLN,200528L,-85.3,16.8,2005112015,30.0,0.0,1007.0,1901,2005-11-20 15:00:00
ATLN,200528L,-85.5,16.9,2005112018,30.0,0.0,1007.0,1902,2005-11-20 18:00:00
ATLN,200528L,-85.5,17.0,2005112021,28.0,0.0,1008.0,1903,2005-11-20 21:00:00
ATLN,200528L,-84.8,16.7,2005112112,25.0,0.0,1008.0,1904,2005-11-21 12:00:00
ATLN,200528L,-84.5,16.5,2005112115,25.0,0.0,1008.0,1905,2005-11-21 15:00:00
ATLN,200528L,-84.3,16.4,2005112118,25.0,0.0,1009.0,1906,2005-11-21 18:00:00
ATLN,200528L,-83.9,15.9,2005112121,25.0,0.0,1009.0,1907,2005-11-21 21:00:00
ATLN,200529L,-48.0,27.0,2005111912,25.0,0.0,1010.0,1908,2005-11-19 12:00:00
ATLN,200529L,-47.8,26.9,2005111915,25.0,0.0,1010.0,1909,2005-11-19 15:00:00
ATLN,200529L,-47.5,26.7,2005111918,25.0,0.0,1009.0,1910,2005-11-19 18:00:00
ATLN,200529L,-44.8,27.7,2005112012,30.0,0.0,1007.0,1911,2005-11-20 12:00:00
ATLN,200529L,-44.1,27.9,2005112015,32.0,18.8,1005.0,1912,2005-11-20 15:00:00
ATLN,200529L,-43.5,28.0,2005112018,35.0,37.5,1003.0,1913,2005-11-20 18:00:00
ATLN,200529L,-40.1,29.9,2005112112,35.0,118.8,996.0,1914,2005-11-21 12:00:00
ATLN,200529L,-39.9,30.4,2005112115,38.0,118.8,995.0,1915,2005-11-21 15:00:00
ATLN,200529L,-39.6,30.9,2005112118,40.0,118.8,994.0,1916,2005-11-21 18:00:00
ATLN,200529L,-39.8,31.2,2005112212,45.0,156.2,988.0,1917,2005-11-22 12:00:00
ATLN,200529L,-40.1,30.9,2005112215,45.0,168.8,987.0,1918,2005-11-22 15:00:00
ATLN,200529L,-40.5,30.7,2005112218,45.0,181.2,986.0,1919,2005-11-22 18:00:00
ATLN,200529L,-41.2,27.4,2005112312,50.0,243.8,983.0,1920,2005-11-23 12:00:00
ATLN,200529L,-41.0,26.9,2005112315,50.0,228.1,983.0,1921,2005-11-23 15:00:00
ATLN,200529L,-40.8,26.4,2005112318,50.0,212.5,983.0,1922,2005-11-23 18:00:00
ATLN,200529L,-39.0,24.8,2005112412,60.0,176.2,980.0,1923,2005-11-24 12:00:00
ATLN,200529L,-39.0,24.7,2005112415,60.0,169.4,980.0,1924,2005-11-24 15:00:00
ATLN,200529L,-38.9,24.6,2005112418,60.0,162.5,980.0,1925,2005-11-24 18:00:00
ATLN,200529L,-39.6,23.3,2005112512,55.0,130.0,982.0,1926,2005-11-25 12:00:00
ATLN,200529L,-39.7,23.1,2005112515,52.0,125.6,984.0,1927,2005-11-25 15:00:00
ATLN,200529L,-39.8,22.8,2005112518,50.0,121.2,985.0,1928,2005-11-25 18:00:00
ATLN,200529L,-38.9,21.9,2005112609,38.0,110.0,995.0,1929,2005-11-26 09:00:00
ATLN,200529L,-38.4,22.0,2005112612,35.0,110.0,997.0,1930,2005-11-26 12:00:00
ATLN,200529L,-37.8,22.3,2005112615,35.0,106.9,997.0,1931,2005-11-26 15:00:00
ATLN,200529L,-37.3,22.6,2005112618,35.0,103.8,997.0,1932,2005-11-26 18:00:00
ATLN,200529L,-33.0,25.8,2005112709,52.0,101.9,988.0,1933,2005-11-27 09:00:00
ATLN,200529L,-31.9,26.7,2005112712,60.0,112.5,982.0,1934,2005-11-27 12:00:00
ATLN,200529L,-30.9,27.5,2005112715,60.0,112.5,982.0,1935,2005-11-27 15:00:00
ATLN,200529L,-29.9,28.3,2005112718,60.0,112.5,982.0,1936,2005-11-27 18:00:00
ATLN,200529L,-23.2,30.0,2005112809,60.0,135.0,984.0,1937,2005-11-28 09:00:00
ATLN,200529L,-21.6,30.2,2005112812,60.0,145.0,985.0,1938,2005-11-28 12:00:00
ATLN,200529L,-19.9,30.2,2005112815,60.0,152.5,986.0,1939,2005-11-28 15:00:00
ATLN,200529L,-18.2,30.2,2005112818,60.0,160.0,986.0,1940,2005-11-28 18:00:00
ATLN,200529L,-8.8,31.6,2005112909,42.0,95.6,996.0,1941,2005-11-29 09:00:00
ATLN,200529L,-6.6,32.6,2005112912,35.0,75.0,1000.0,1942,2005-11-29 12:00:00
ATLN,200529L,-3.8,34.0,2005112915,32.0,37.5,1002.0,1943,2005-11-29 15:00:00
ATLN,200530L,-50.0,31.6,2005112912,45.0,63.8,993.0,1944,2005-11-29 12:00:00
ATLN,200530L,-50.4,31.5,2005112915,45.0,63.8,993.0,1945,2005-11-29 15:00:00
ATLN,200530L,-50.8,31.4,2005112918,45.0,63.8,993.0,1946,2005-11-29 18:00:00
ATLN,200530L,-53.5,30.8,2005113012,55.0,71.2,991.0,1947,2005-11-30 12:00:00
ATLN,200530L,-53.9,30.5,2005113015,52.0,69.4,991.0,1948,2005-11-30 15:00:00
ATLN,200530L,-54.2,30.1,2005113018,50.0,67.5,991.0,1949,2005-11-30 18:00:00
ATLN,200530L,-51.9,30.8,2005120112,50.0,75.0,992.0,1950,2005-12-01 12:00:00
ATLN,200530L,-51.6,31.1,2005120115,52.0,82.5,992.0,1951,2005-12-01 15:00:00
ATLN,200530L,-51.3,31.4,2005120118,55.0,90.0,991.0,1952,2005-12-01 18:00:00
ATLN,200530L,-48.9,33.2,2005120212,60.0,82.5,989.0,1953,2005-12-02 12:00:00
ATLN,200530L,-48.4,33.5,2005120215,62.0,86.2,988.0,1954,2005-12-02 15:00:00
ATLN,200530L,-47.9,33.9,2005120218,65.0,90.0,987.0,1955,2005-12-02 18:00:00
ATLN,200530L,-45.0,34.5,2005120312,65.0,100.0,987.0,1956,2005-12-03 12:00:00
ATLN,200530L,-44.4,34.5,2005120315,65.0,100.0,987.0,1957,2005-12-03 15:00:00
ATLN,200530L,-43.7,34.5,2005120318,65.0,100.0,987.0,1958,2005-12-03 18:00:00
ATLN,200530L,-39.8,34.3,2005120412,70.0,81.2,984.0,1959,2005-12-04 12:00:00
ATLN,200530L,-39.3,34.3,2005120415,70.0,81.2,984.0,1960,2005-12-04 15:00:00
ATLN,200530L,-38.8,34.3,2005120418,70.0,81.2,985.0,1961,2005-12-04 18:00:00
ATLN,200530L,-35.5,33.8,2005120512,75.0,81.2,981.0,1962,2005-12-05 12:00:00
ATLN,200530L,-35.0,33.8,2005120515,72.0,81.2,983.0,1963,2005-12-05 15:00:00
ATLN,200530L,-34.6,33.7,2005120518,70.0,81.2,985.0,1964,2005-12-05 18:00:00
ATLN,200530L,-33.7,32.3,2005120612,65.0,110.0,987.0,1965,2005-12-06 12:00:00
ATLN,200530L,-34.0,31.9,2005120615,65.0,108.1,987.0,1966,2005-12-06 15:00:00
ATLN,200530L,-34.2,31.6,2005120618,65.0,106.2,987.0,1967,2005-12-06 18:00:00
ATLN,200530L,-37.1,29.4,2005120712,65.0,115.0,987.0,1968,2005-12-07 12:00:00
ATLN,200530L,-37.6,29.0,2005120715,62.0,105.0,989.0,1969,2005-12-07 15:00:00
ATLN,200530L,-38.1,28.7,2005120718,60.0,95.0,991.0,1970,2005-12-07 18:00:00
ATLN,200530L,-40.0,26.5,2005120812,30.0,0.0,1005.0,1971,2005-12-08 12:00:00
ATLN,200530L,-40.2,26.2,2005120815,30.0,0.0,1006.0,1972,2005-12-08 15:00:00
ATLN,200530L,-40.5,25.9,2005120818,30.0,0.0,1006.0,1973,2005-12-08 18:00:00
ATLN,200530L,-40.1,24.7,2005120912,25.0,0.0,1009.0,1974,2005-12-09 12:00:00
ATLN,200530L,-39.7,24.7,2005120915,25.0,0.0,1009.0,1975,2005-12-09 15:00:00
ATLN,200530L,-39.2,24.7,2005120918,25.0,0.0,1009.0,1976,2005-12-09 18:00:00
ATLN,200531L,-36.6,24.7,2005123012,45.0,88.8,1002.0,1977,2005-12-30 12:00:00
ATLN,200531L,-36.8,24.9,2005123015,45.0,93.8,1001.0,1978,2005-12-30 15:00:00
ATLN,200531L,-37.0,25.2,2005123018,45.0,98.8,1000.0,1979,2005-12-30 18:00:00
ATLN,200531L,-37.9,25.7,2005123112,50.0,86.2,997.0,1980,2005-12-31 12:00:00
ATLN,200531L,-38.0,25.7,2005123115,48.0,86.2,998.0,1981,2005-12-31 15:00:00
ATLN,200531L,-38.1,25.7,2005123118,45.0,86.2,1000.0,1982,2005-12-31 18:00:00
ATLN,200531L,-38.5,25.2,2006010112,50.0,87.5,997.0,1983,2006-01-01 12:00:00
ATLN,200531L,-38.5,25.1,2006010115,52.0,85.0,996.0,1984,2006-01-01 15:00:00
ATLN,200531L,-38.6,25.0,2006010118,55.0,82.5,994.0,1985,2006-01-01 18:00:00
ATLN,200531L,-40.4,23.8,2006010212,45.0,75.0,1000.0,1986,2006-01-02 12:00:00
ATLN,200531L,-40.6,23.7,2006010215,48.0,75.0,998.0,1987,2006-01-02 15:00:00
ATLN,200531L,-40.8,23.6,2006010218,50.0,75.0,997.0,1988,2006-01-02 18:00:00
ATLN,200531L,-41.6,23.2,2006010312,55.0,75.0,994.0,1989,2006-01-03 12:00:00
ATLN,200531L,-41.9,23.1,2006010315,55.0,75.0,994.0,1990,2006-01-03 15:00:00
ATLN,200531L,-42.1,23.0,2006010318,55.0,75.0,994.0,1991,2006-01-03 18:00:00
ATLN,200531L,-43.6,21.9,2006010412,45.0,81.2,1000.0,1992,2006-01-04 12:00:00
ATLN,200531L,-44.1,21.8,2006010415,42.0,73.1,1001.0,1993,2006-01-04 15:00:00
ATLN,200531L,-44.6,21.7,2006010418,40.0,65.0,1002.0,1994,2006-01-04 18:00:00
ATLN,200531L,-47.3,22.2,2006010512,35.0,43.8,1006.0,1995,2006-01-05 12:00:00
ATLN,200531L,-47.6,22.4,2006010515,35.0,42.5,1006.0,1996,2006-01-05 15:00:00
ATLN,200531L,-47.9,22.7,2006010518,35.0,41.2,1007.0,1997,2006-01-05 18:00:00
ATLN,200531L,-49.6,23.1,2006010612,30.0,0.0,1008.0,1998,2006-01-06 12:00:00
ATLN,200531L,-49.9,23.2,2006010615,28.0,0.0,1008.0,1999,2006-01-06 15:00:00
ATLN,200531L,-50.2,23.3,2006010618,25.0,0.0,1009.0,2000,2006-01-06 18:00:00
ATLN,200531L,-54.2,24.8,2006010712,25.0,0.0,1014.0,2001,2006-01-07 12:00:00
ATLN,200531L,-55.0,25.6,2006010715,25.0,0.0,1015.0,2002,2006-01-07 15:00:00
ATLN,200531L,-55.7,26.3,2006010718,25.0,0.0,1016.0,2003,2006-01-07 18:00:00
EPAC,200601E,-100.8,15.2,2006052715,32.0,12.5,1004.0,4830,2006-05-27 15:00:00
EPAC,200601E,-100.7,15.5,2006052718,35.0,25.0,1003.0,4831,2006-05-27 18:00:00
EPAC,200601E,-100.9,15.6,2006052721,35.0,25.0,1003.0,4832,2006-05-27 21:00:00
EPAC,200601E,-101.1,15.7,2006052800,35.0,25.0,1003.0,4833,2006-05-28 00:00:00
EPAC,200601E,-101.1,15.5,2006052815,40.0,25.0,1002.0,4834,2006-05-28 15:00:00
EPAC,200601E,-101.0,15.7,2006052818,40.0,25.0,1002.0,4835,2006-05-28 18:00:00
EPAC,200601E,-101.0,15.8,2006052821,40.0,23.8,1002.0,4836,2006-05-28 21:00:00
EPAC,200601E,-101.1,15.9,2006052900,40.0,22.5,1002.0,4837,2006-05-29 00:00:00
EPAC,200601E,-101.6,16.0,2006052915,32.0,10.0,1004.0,4838,2006-05-29 15:00:00
EPAC,200601E,-101.7,16.0,2006052918,30.0,0.0,1004.0,4839,2006-05-29 18:00:00
EPAC,200601E,-101.9,16.0,2006052921,30.0,0.0,1004.0,4840,2006-05-29 21:00:00
EPAC,200601E,-102.1,16.0,2006053000,30.0,0.0,1004.0,4841,2006-05-30 00:00:00
EPAC,200601E,-103.3,16.2,2006053015,25.0,0.0,1006.0,4842,2006-05-30 15:00:00
EPAC,200601E,-103.5,16.3,2006053018,25.0,0.0,1007.0,4843,2006-05-30 18:00:00
EPAC,200601E,-103.6,16.4,2006053021,25.0,0.0,1007.0,4844,2006-05-30 21:00:00
EPAC,200601E,-103.7,16.4,2006053100,25.0,0.0,1007.0,4845,2006-05-31 00:00:00
ATLN,200601L,-85.3,21.0,2006061012,30.0,0.0,1003.0,2004,2006-06-10 12:00:00
ATLN,200601L,-85.5,21.4,2006061015,30.0,0.0,1003.0,2005,2006-06-10 15:00:00
ATLN,200601L,-85.7,21.9,2006061018,30.0,0.0,1003.0,2006,2006-06-10 18:00:00
ATLN,200601L,-86.0,22.2,2006061021,32.0,21.9,1003.0,2007,2006-06-10 21:00:00
ATLN,200601L,-86.3,22.5,2006061100,35.0,43.8,1003.0,2008,2006-06-11 00:00:00
ATLN,200601L,-87.8,23.6,2006061112,40.0,75.0,1002.0,2009,2006-06-11 12:00:00
ATLN,200601L,-87.8,24.3,2006061118,40.0,87.5,1004.0,2010,2006-06-11 18:00:00
ATLN,200601L,-87.8,24.6,2006061121,40.0,87.5,1004.0,2011,2006-06-11 21:00:00
ATLN,200601L,-87.8,25.0,2006061200,40.0,87.5,1004.0,2012,2006-06-12 00:00:00
ATLN,200601L,-86.3,26.8,2006061212,60.0,87.5,1000.0,2013,2006-06-12 12:00:00
ATLN,200601L,-85.8,27.1,2006061215,60.0,95.0,998.0,2014,2006-06-12 15:00:00
ATLN,200601L,-85.4,27.5,2006061218,60.0,102.5,997.0,2015,2006-06-12 18:00:00
ATLN,200601L,-85.2,27.8,2006061221,60.0,93.8,996.0,2016,2006-06-12 21:00:00
ATLN,200601L,-85.0,28.0,2006061300,60.0,85.0,995.0,2017,2006-06-13 00:00:00
ATLN,200601L,-84.1,29.5,2006061312,45.0,70.0,996.0,2018,2006-06-13 12:00:00
ATLN,200601L,-83.8,29.9,2006061315,40.0,53.8,996.0,2019,2006-06-13 15:00:00
ATLN,200601L,-83.5,30.3,2006061318,35.0,37.5,997.0,2020,2006-06-13 18:00:00
ATLN,200601L,-83.2,30.8,2006061321,35.0,35.0,999.0,2021,2006-06-13 21:00:00
ATLN,200601L,-82.8,31.3,2006061400,35.0,32.5,1001.0,2022,2006-06-14 00:00:00
ATLN,200601L,-79.1,34.9,2006061415,35.0,40.6,1002.0,2023,2006-06-14 15:00:00
ATLN,200601L,-77.5,35.5,2006061418,35.0,56.2,1002.0,2024,2006-06-14 18:00:00
ATLN,200601L,-75.2,36.2,2006061421,40.0,65.6,1000.0,2025,2006-06-14 21:00:00
ATLN,200601L,-73.0,37.0,2006061500,45.0,75.0,999.0,2026,2006-06-15 00:00:00
ATLN,200601L,-66.8,40.9,2006061512,50.0,152.5,979.0,2027,2006-06-15 12:00:00
ATLN,200601L,-65.5,41.8,2006061515,52.0,181.2,975.0,2028,2006-06-15 15:00:00
ATLN,200601L,-64.2,42.6,2006061518,55.0,210.0,971.0,2029,2006-06-15 18:00:00
ATLN,200601L,-63.1,43.3,2006061521,55.0,210.0,970.0,2030,2006-06-15 21:00:00
ATLN,200601L,-56.8,46.7,2006061609,48.0,180.0,978.0,2031,2006-06-16 09:00:00
ATLN,200601L,-55.0,47.4,2006061612,45.0,150.0,985.0,2032,2006-06-16 12:00:00
ATLN,200601L,-53.2,48.3,2006061615,42.0,137.5,988.0,2033,2006-06-16 15:00:00
ATLN,200601L,-51.5,49.3,2006061618,40.0,125.0,990.0,2034,2006-06-16 18:00:00
WPAC,200601W,137.8,6.9,2006030509,35.0,0.0,997.0,8544,2006-03-05 09:00:00
EPAC,200602E,-102.8,16.0,2006060315,28.0,0.0,1005.0,4846,2006-06-03 15:00:00
EPAC,200602E,-102.5,16.4,2006060318,30.0,0.0,1005.0,4847,2006-06-03 18:00:00
EPAC,200602E,-102.4,16.5,2006060321,30.0,0.0,1005.0,4848,2006-06-03 21:00:00
EPAC,200602E,-102.3,16.7,2006060400,30.0,0.0,1005.0,4849,2006-06-04 00:00:00
EPAC,200602E,-100.6,16.7,2006060415,25.0,0.0,1008.0,4850,2006-06-04 15:00:00
EPAC,200602E,-100.1,16.6,2006060418,25.0,0.0,1008.0,4851,2006-06-04 18:00:00
EPAC,200602E,-99.7,16.5,2006060421,25.0,0.0,1008.0,4852,2006-06-04 21:00:00
ATLN,200602L,-68.7,37.2,2006071612,30.0,0.0,1009.0,2035,2006-07-16 12:00:00
ATLN,200602L,-68.5,37.5,2006071615,30.0,0.0,1009.0,2036,2006-07-16 15:00:00
ATLN,200602L,-68.2,37.7,2006071618,30.0,0.0,1009.0,2037,2006-07-16 18:00:00
ATLN,200602L,-67.9,38.0,2006071621,30.0,0.0,1009.0,2038,2006-07-16 21:00:00
ATLN,200602L,-65.1,40.0,2006071712,40.0,15.0,1003.0,2039,2006-07-17 12:00:00
ATLN,200602L,-64.4,40.5,2006071715,42.0,15.0,1000.0,2040,2006-07-17 15:00:00
ATLN,200602L,-63.7,41.1,2006071718,45.0,15.0,998.0,2041,2006-07-17 18:00:00
ATLN,200602L,-62.9,41.8,2006071721,42.0,15.0,998.0,2042,2006-07-17 21:00:00
ATLN,200602L,-59.0,44.6,2006071809,32.0,7.5,1006.0,2043,2006-07-18 09:00:00
ATLN,200602L,-58.0,45.5,2006071812,30.0,0.0,1007.0,2044,2006-07-18 12:00:00
ATLN,200602L,-56.9,46.3,2006071815,28.0,0.0,1008.0,2045,2006-07-18 15:00:00
ATLN,200602L,-54.3,47.9,2006071821,25.0,0.0,1010.0,2046,2006-07-18 21:00:00
ATLN,200602L,-47.8,49.5,2006071909,25.0,0.0,1013.0,2047,2006-07-19 09:00:00
ATLN,200602L,-46.1,49.8,2006071912,25.0,0.0,1014.0,2048,2006-07-19 12:00:00
WPAC,200602W,130.1,9.5,2006051003,55.0,65.0,984.0,8545,2006-05-10 03:00:00
WPAC,200602W,127.9,11.0,2006051100,75.0,110.0,967.0,8546,2006-05-11 00:00:00
WPAC,200602W,127.3,11.2,2006051103,75.0,106.2,967.0,8547,2006-05-11 03:00:00
WPAC,200602W,126.8,11.5,2006051106,75.0,102.5,967.0,8548,2006-05-11 06:00:00
WPAC,200602W,126.2,11.8,2006051109,75.0,103.8,967.0,8549,2006-05-11 09:00:00
WPAC,200602W,123.5,12.8,2006051200,65.0,53.8,976.0,8550,2006-05-12 00:00:00
WPAC,200602W,123.0,12.9,2006051203,70.0,63.8,972.0,8551,2006-05-12 03:00:00
WPAC,200602W,122.6,13.0,2006051206,75.0,73.8,967.0,8552,2006-05-12 06:00:00
WPAC,200602W,122.2,12.9,2006051209,80.0,83.1,963.0,8553,2006-05-12 09:00:00
WPAC,200602W,120.5,13.5,2006051300,75.0,87.5,967.0,8554,2006-05-13 00:00:00
WPAC,200602W,120.0,13.7,2006051303,75.0,91.2,967.0,8555,2006-05-13 03:00:00
WPAC,200602W,119.6,13.8,2006051306,75.0,95.0,967.0,8556,2006-05-13 06:00:00
WPAC,200602W,119.2,13.9,2006051309,78.0,93.8,965.0,8557,2006-05-13 09:00:00
WPAC,200602W,117.5,13.7,2006051400,90.0,100.0,954.0,8558,2006-05-14 00:00:00
WPAC,200602W,117.0,13.8,2006051403,95.0,106.2,949.0,8559,2006-05-14 03:00:00
WPAC,200602W,116.6,13.9,2006051406,100.0,112.5,944.0,8560,2006-05-14 06:00:00
WPAC,200602W,116.3,13.9,2006051409,108.0,117.5,936.0,8561,2006-05-14 09:00:00
WPAC,200602W,115.3,14.2,2006051500,125.0,131.2,916.0,8562,2006-05-15 00:00:00
WPAC,200602W,115.3,14.5,2006051503,123.0,123.1,919.0,8563,2006-05-15 03:00:00
WPAC,200602W,115.3,14.8,2006051506,120.0,115.0,922.0,8564,2006-05-15 06:00:00
WPAC,200602W,115.3,15.1,2006051509,118.0,113.8,925.0,8565,2006-05-15 09:00:00
WPAC,200602W,114.8,16.9,2006051600,115.0,130.0,927.0,8566,2006-05-16 00:00:00
WPAC,200602W,114.8,17.4,2006051603,113.0,143.8,930.0,8567,2006-05-16 03:00:00
WPAC,200602W,114.8,17.8,2006051606,110.0,157.5,933.0,8568,2006-05-16 06:00:00
WPAC,200602W,115.0,18.3,2006051609,108.0,156.2,936.0,8569,2006-05-16 09:00:00
WPAC,200602W,115.6,20.4,2006051700,100.0,143.8,944.0,8570,2006-05-17 00:00:00
WPAC,200602W,115.8,20.9,2006051703,98.0,139.4,947.0,8571,2006-05-17 03:00:00
WPAC,200602W,116.0,21.3,2006051706,95.0,135.0,949.0,8572,2006-05-17 06:00:00
WPAC,200602W,116.3,21.9,2006051709,93.0,132.5,952.0,8573,2006-05-17 09:00:00
WPAC,200602W,118.1,24.6,2006051800,45.0,5.0,991.0,8574,2006-05-18 00:00:00
WPAC,200602W,118.7,25.4,2006051803,33.0,2.5,998.0,8575,2006-05-18 03:00:00
WPAC,200602W,119.3,26.1,2006051806,20.0,0.0,1004.0,8576,2006-05-18 06:00:00
WPAC,200602W,120.0,27.2,2006051809,20.0,0.0,1004.0,8577,2006-05-18 09:00:00
EPAC,200603E,-110.3,13.2,2006071100,30.0,0.0,1007.0,4853,2006-07-11 00:00:00
EPAC,200603E,-112.2,13.9,2006071115,55.0,40.0,994.0,4854,2006-07-11 15:00:00
EPAC,200603E,-112.6,14.1,2006071118,60.0,50.0,991.0,4855,2006-07-11 18:00:00
EPAC,200603E,-113.0,14.2,2006071121,68.0,58.8,987.0,4856,2006-07-11 21:00:00
EPAC,200603E,-113.5,14.4,2006071200,75.0,67.5,983.0,4857,2006-07-12 00:00:00
EPAC,200603E,-116.3,15.7,2006071215,88.0,67.5,972.0,4858,2006-07-12 15:00:00
EPAC,200603E,-116.9,16.0,2006071218,90.0,67.5,970.0,4859,2006-07-12 18:00:00
EPAC,200603E,-117.6,16.3,2006071221,95.0,67.5,966.0,4860,2006-07-12 21:00:00
EPAC,200603E,-118.2,16.6,2006071300,100.0,67.5,962.0,4861,2006-07-13 00:00:00
EPAC,200603E,-122.0,17.9,2006071315,95.0,61.2,962.0,4862,2006-07-13 15:00:00
EPAC,200603E,-122.7,18.2,2006071318,90.0,55.0,966.0,4863,2006-07-13 18:00:00
EPAC,200603E,-124.0,18.6,2006071400,75.0,55.0,975.0,4864,2006-07-14 00:00:00
EPAC,200603E,-124.7,18.9,2006071403,68.0,47.5,980.0,4865,2006-07-14 03:00:00
EPAC,200603E,-127.2,19.5,2006071415,45.0,21.2,998.0,4866,2006-07-14 15:00:00
EPAC,200603E,-127.8,19.7,2006071418,40.0,12.5,1001.0,4867,2006-07-14 18:00:00
EPAC,200603E,-128.5,19.8,2006071421,38.0,12.5,1002.0,4868,2006-07-14 21:00:00
EPAC,200603E,-129.2,19.9,2006071500,35.0,12.5,1003.0,4869,2006-07-15 00:00:00
EPAC,200603E,-129.9,20.0,2006071503,32.0,6.2,1004.0,4870,2006-07-15 03:00:00
EPAC,200603E,-132.9,20.8,2006071515,25.0,0.0,1006.0,4871,2006-07-15 15:00:00
EPAC,200603E,-133.7,21.0,2006071518,25.0,0.0,1007.0,4872,2006-07-15 18:00:00
EPAC,200603E,-134.4,21.2,2006071521,25.0,0.0,1008.0,4873,2006-07-15 21:00:00
EPAC,200603E,-135.2,21.5,2006071600,25.0,0.0,1008.0,4874,2006-07-16 00:00:00
EPAC,200603E,-136.0,21.8,2006071603,25.0,0.0,1008.0,4875,2006-07-16 03:00:00
EPAC,200603E,-139.1,22.8,2006071615,20.0,0.0,1011.0,4876,2006-07-16 15:00:00
EPAC,200603E,-139.8,23.0,2006071618,20.0,0.0,1012.0,4877,2006-07-16 18:00:00
EPAC,200603E,-140.6,23.2,2006071621,20.0,0.0,1012.0,4878,2006-07-16 21:00:00
EPAC,200603E,-141.3,23.5,2006071700,20.0,0.0,1013.0,4879,2006-07-17 00:00:00
EPAC,200603E,-142.2,23.8,2006071703,20.0,0.0,1013.0,4880,2006-07-17 03:00:00
ATLN,200603L,-73.3,32.3,2006071812,30.0,0.0,1010.0,2049,2006-07-18 12:00:00
ATLN,200603L,-73.3,32.6,2006071815,32.0,10.0,1009.0,2050,2006-07-18 15:00:00
ATLN,200603L,-73.3,33.0,2006071818,35.0,20.0,1008.0,2051,2006-07-18 18:00:00
ATLN,200603L,-73.4,33.4,2006071821,35.0,22.5,1007.0,2052,2006-07-18 21:00:00
ATLN,200603L,-73.5,33.8,2006071900,35.0,25.0,1006.0,2053,2006-07-19 00:00:00
ATLN,200603L,-73.6,35.2,2006071912,40.0,60.0,1004.0,2054,2006-07-19 12:00:00
ATLN,200603L,-73.5,35.5,2006071915,45.0,61.2,1004.0,2055,2006-07-19 15:00:00
ATLN,200603L,-73.5,35.9,2006071918,50.0,62.5,1003.0,2056,2006-07-19 18:00:00
ATLN,200603L,-73.3,36.2,2006071921,50.0,69.4,1002.0,2057,2006-07-19 21:00:00
ATLN,200603L,-73.2,36.6,2006072000,50.0,76.2,1002.0,2058,2006-07-20 00:00:00
ATLN,200603L,-73.0,38.3,2006072012,50.0,80.0,1002.0,2059,2006-07-20 12:00:00
ATLN,200603L,-72.8,38.7,2006072015,48.0,80.0,1002.0,2060,2006-07-20 15:00:00
ATLN,200603L,-72.5,39.1,2006072018,45.0,80.0,1002.0,2061,2006-07-20 18:00:00
ATLN,200603L,-72.2,39.5,2006072021,45.0,71.9,1002.0,2062,2006-07-20 21:00:00
ATLN,200603L,-71.8,39.8,2006072100,45.0,63.8,1003.0,2063,2006-07-21 00:00:00
ATLN,200603L,-68.4,42.4,2006072112,40.0,68.8,1002.0,2064,2006-07-21 12:00:00
ATLN,200603L,-67.3,43.1,2006072115,38.0,84.4,1001.0,2065,2006-07-21 15:00:00
ATLN,200603L,-64.8,44.6,2006072121,35.0,118.8,1001.0,2066,2006-07-21 21:00:00
ATLN,200603L,-63.3,45.5,2006072200,35.0,137.5,1002.0,2067,2006-07-22 00:00:00
ATLN,200603L,-58.2,47.9,2006072209,32.0,68.8,1004.0,2068,2006-07-22 09:00:00
ATLN,200603L,-56.5,48.5,2006072212,30.0,0.0,1004.0,2069,2006-07-22 12:00:00
WPAC,200603W,128.4,9.9,2006062400,20.0,0.0,1004.0,8578,2006-06-24 00:00:00
WPAC,200603W,127.7,10.1,2006062403,20.0,0.0,1004.0,8579,2006-06-24 03:00:00
WPAC,200603W,127.0,10.3,2006062406,20.0,0.0,1004.0,8580,2006-06-24 06:00:00
WPAC,200603W,126.5,10.6,2006062409,20.0,0.0,1004.0,8581,2006-06-24 09:00:00
WPAC,200603W,124.0,11.9,2006062500,20.0,0.0,1005.0,8582,2006-06-25 00:00:00
WPAC,200603W,123.3,12.1,2006062503,20.0,0.0,1005.0,8583,2006-06-25 03:00:00
WPAC,200603W,122.7,12.2,2006062506,20.0,0.0,1004.0,8584,2006-06-25 06:00:00
WPAC,200603W,122.1,12.3,2006062509,20.0,0.0,1004.0,8585,2006-06-25 09:00:00
WPAC,200603W,119.4,13.4,2006062600,20.0,0.0,1003.0,8586,2006-06-26 00:00:00
WPAC,200603W,119.0,13.8,2006062603,25.0,0.0,1002.0,8587,2006-06-26 03:00:00
WPAC,200603W,118.5,14.2,2006062606,30.0,0.0,1000.0,8588,2006-06-26 06:00:00
WPAC,200603W,117.9,14.6,2006062609,30.0,0.0,1000.0,8589,2006-06-26 09:00:00
WPAC,200603W,115.4,16.7,2006062700,35.0,0.0,997.0,8590,2006-06-27 00:00:00
WPAC,200603W,114.9,17.0,2006062703,35.0,0.0,997.0,8591,2006-06-27 03:00:00
WPAC,200603W,114.4,17.4,2006062706,35.0,0.0,997.0,8592,2006-06-27 06:00:00
WPAC,200603W,113.9,17.8,2006062709,38.0,20.0,996.0,8593,2006-06-27 09:00:00
WPAC,200603W,112.0,19.3,2006062800,45.0,51.2,991.0,8594,2006-06-28 00:00:00
WPAC,200603W,111.8,19.6,2006062803,40.0,51.2,994.0,8595,2006-06-28 03:00:00
WPAC,200603W,111.6,19.8,2006062806,35.0,51.2,997.0,8596,2006-06-28 06:00:00
WPAC,200603W,111.4,20.0,2006062809,35.0,51.2,997.0,8597,2006-06-28 09:00:00
WPAC,200603W,110.4,21.3,2006062900,30.0,0.0,997.0,8598,2006-06-29 00:00:00
WPAC,200603W,110.0,21.8,2006062903,28.0,0.0,1000.0,8599,2006-06-29 03:00:00
WPAC,200603W,109.6,22.2,2006062906,25.0,0.0,1002.0,8600,2006-06-29 06:00:00
EPAC,200604E,-102.2,13.5,2006071200,30.0,0.0,1006.0,4881,2006-07-12 00:00:00
EPAC,200604E,-105.4,15.2,2006071215,45.0,68.1,1000.0,4882,2006-07-12 15:00:00
EPAC,200604E,-106.1,15.5,2006071218,50.0,73.8,997.0,4883,2006-07-12 18:00:00
EPAC,200604E,-106.7,15.8,2006071221,55.0,79.4,994.0,4884,2006-07-12 21:00:00
EPAC,200604E,-107.3,16.0,2006071300,60.0,85.0,991.0,4885,2006-07-13 00:00:00
EPAC,200604E,-110.3,17.5,2006071315,72.0,71.2,982.0,4886,2006-07-13 15:00:00
EPAC,200604E,-110.8,17.7,2006071318,75.0,71.2,981.0,4887,2006-07-13 18:00:00
EPAC,200604E,-111.7,17.9,2006071400,70.0,63.8,983.0,4888,2006-07-14 00:00:00
EPAC,200604E,-113.6,18.4,2006071415,62.0,63.8,988.0,4889,2006-07-14 15:00:00
EPAC,200604E,-114.0,18.5,2006071418,60.0,63.8,989.0,4890,2006-07-14 18:00:00
EPAC,200604E,-114.5,18.6,2006071421,65.0,63.8,987.0,4891,2006-07-14 21:00:00
EPAC,200604E,-115.0,18.8,2006071500,70.0,63.8,985.0,4892,2006-07-15 00:00:00
EPAC,200604E,-117.5,19.2,2006071515,58.0,61.9,992.0,4893,2006-07-15 15:00:00
EPAC,200604E,-118.0,19.3,2006071518,55.0,60.0,993.0,4894,2006-07-15 18:00:00
EPAC,200604E,-118.5,19.4,2006071521,50.0,60.0,994.0,4895,2006-07-15 21:00:00
EPAC,200604E,-119.0,19.5,2006071600,45.0,60.0,996.0,4896,2006-07-16 00:00:00
EPAC,200604E,-121.5,20.2,2006071615,30.0,0.0,1006.0,4897,2006-07-16 15:00:00
EPAC,200604E,-121.9,20.4,2006071618,30.0,0.0,1008.0,4898,2006-07-16 18:00:00
EPAC,200604E,-122.4,20.5,2006071621,28.0,0.0,1008.0,4899,2006-07-16 21:00:00
EPAC,200604E,-122.9,20.7,2006071700,25.0,0.0,1009.0,4900,2006-07-17 00:00:00
EPAC,200604E,-125.4,21.2,2006071715,25.0,0.0,1010.0,4901,2006-07-17 15:00:00
EPAC,200604E,-125.9,21.3,2006071718,25.0,0.0,1010.0,4902,2006-07-17 18:00:00
EPAC,200604E,-126.5,21.3,2006071721,25.0,0.0,1010.0,4903,2006-07-17 21:00:00
EPAC,200604E,-127.0,21.3,2006071800,25.0,0.0,1010.0,4904,2006-07-18 00:00:00
EPAC,200604E,-129.1,21.1,2006071815,25.0,0.0,1010.0,4905,2006-07-18 15:00:00
EPAC,200604E,-129.7,21.1,2006071821,25.0,0.0,1010.0,4906,2006-07-18 21:00:00
EPAC,200604E,-130.0,21.0,2006071900,25.0,0.0,1010.0,4907,2006-07-19 00:00:00
EPAC,200604E,-130.2,20.9,2006071903,25.0,0.0,1010.0,4908,2006-07-19 03:00:00
EPAC,200604E,-131.4,20.8,2006071915,25.0,0.0,1010.0,4909,2006-07-19 15:00:00
EPAC,200604E,-131.7,20.7,2006071918,25.0,0.0,1010.0,4910,2006-07-19 18:00:00
EPAC,200604E,-132.0,20.6,2006071921,25.0,0.0,1010.0,4911,2006-07-19 21:00:00
EPAC,200604E,-132.3,20.6,2006072000,25.0,0.0,1010.0,4912,2006-07-20 00:00:00
ATLN,200604L,-59.8,17.2,2006080112,40.0,15.0,1006.0,2070,2006-08-01 12:00:00
ATLN,200604L,-60.2,17.4,2006080115,45.0,15.0,1005.0,2071,2006-08-01 15:00:00
ATLN,200604L,-60.6,17.7,2006080118,50.0,15.0,1004.0,2072,2006-08-01 18:00:00
ATLN,200604L,-61.0,17.9,2006080121,50.0,22.5,1004.0,2073,2006-08-01 21:00:00
ATLN,200604L,-63.0,19.0,2006080212,55.0,43.8,1001.0,2074,2006-08-02 12:00:00
ATLN,200604L,-63.5,19.3,2006080215,52.0,39.4,1002.0,2075,2006-08-02 15:00:00
ATLN,200604L,-63.9,19.6,2006080218,50.0,35.0,1004.0,2076,2006-08-02 18:00:00
ATLN,200604L,-64.3,19.8,2006080221,50.0,35.0,1006.0,2077,2006-08-02 21:00:00
ATLN,200604L,-66.8,20.4,2006080312,35.0,17.5,1011.0,2078,2006-08-03 12:00:00
ATLN,200604L,-67.2,20.5,2006080315,32.0,8.8,1011.0,2079,2006-08-03 15:00:00
ATLN,200604L,-67.7,20.6,2006080318,30.0,0.0,1011.0,2080,2006-08-03 18:00:00
ATLN,200604L,-71.1,21.2,2006080412,25.0,0.0,1011.0,2081,2006-08-04 12:00:00
ATLN,200604L,-71.7,21.2,2006080415,25.0,0.0,1012.0,2082,2006-08-04 15:00:00
ATLN,200604L,-72.2,21.3,2006080418,25.0,0.0,1012.0,2083,2006-08-04 18:00:00
ATLN,200604L,-72.8,21.4,2006080421,25.0,0.0,1012.0,2084,2006-08-04 21:00:00
ATLN,200604L,-76.3,21.8,2006080512,20.0,0.0,1012.0,2085,2006-08-05 12:00:00
ATLN,200604L,-76.9,22.0,2006080515,20.0,0.0,1012.0,2086,2006-08-05 15:00:00
ATLN,200604L,-77.6,22.1,2006080518,20.0,0.0,1012.0,2087,2006-08-05 18:00:00
ATLN,200604L,-78.2,22.2,2006080521,20.0,0.0,1012.0,2088,2006-08-05 21:00:00
ATLN,200604L,-81.7,23.2,2006080612,15.0,0.0,1013.0,2089,2006-08-06 12:00:00
WPAC,200604W,128.8,19.3,2006070600,105.0,136.2,938.0,8601,2006-07-06 00:00:00
WPAC,200604W,128.7,19.5,2006070603,105.0,136.2,938.0,8602,2006-07-06 03:00:00
WPAC,200604W,128.5,19.7,2006070606,105.0,136.2,938.0,8603,2006-07-06 06:00:00
WPAC,200604W,128.3,19.9,2006070609,105.0,136.2,938.0,8604,2006-07-06 09:00:00
WPAC,200604W,127.7,20.8,2006070700,100.0,132.5,944.0,8605,2006-07-07 00:00:00
WPAC,200604W,127.6,21.1,2006070703,100.0,135.6,944.0,8606,2006-07-07 03:00:00
WPAC,200604W,127.4,21.5,2006070706,100.0,138.8,944.0,8607,2006-07-07 06:00:00
WPAC,200604W,127.2,21.8,2006070709,95.0,138.8,949.0,8608,2006-07-07 09:00:00
WPAC,200604W,126.5,23.2,2006070800,85.0,137.5,958.0,8609,2006-07-08 00:00:00
WPAC,200604W,126.4,23.7,2006070803,85.0,143.8,958.0,8610,2006-07-08 03:00:00
WPAC,200604W,126.3,24.2,2006070806,85.0,150.0,958.0,8611,2006-07-08 06:00:00
WPAC,200604W,126.2,24.7,2006070809,80.0,151.2,963.0,8612,2006-07-08 09:00:00
WPAC,200604W,125.7,27.6,2006070900,75.0,155.0,967.0,8613,2006-07-09 00:00:00
WPAC,200604W,125.7,28.4,2006070903,70.0,152.5,972.0,8614,2006-07-09 03:00:00
WPAC,200604W,125.7,29.2,2006070906,65.0,150.0,976.0,8615,2006-07-09 06:00:00
WPAC,200604W,126.0,33.6,2006071000,40.0,111.2,994.0,8616,2006-07-10 00:00:00
EPAC,200605E,-108.0,12.3,2006071618,25.0,0.0,1008.0,4913,2006-07-16 18:00:00
EPAC,200605E,-108.6,12.4,2006071621,28.0,0.0,1008.0,4914,2006-07-16 21:00:00
EPAC,200605E,-109.2,12.4,2006071700,30.0,0.0,1007.0,4915,2006-07-17 00:00:00
EPAC,200605E,-112.1,12.3,2006071715,38.0,33.8,1004.0,4916,2006-07-17 15:00:00
EPAC,200605E,-112.6,12.3,2006071718,40.0,37.5,1002.0,4917,2006-07-17 18:00:00
EPAC,200605E,-113.1,12.3,2006071721,43.0,50.0,1001.0,4918,2006-07-17 21:00:00
EPAC,200605E,-113.6,12.2,2006071800,45.0,62.5,1000.0,4919,2006-07-18 00:00:00
EPAC,200605E,-116.6,12.1,2006071815,63.0,76.9,989.0,4920,2006-07-18 15:00:00
EPAC,200605E,-117.5,12.0,2006071821,68.0,84.4,986.0,4921,2006-07-18 21:00:00
EPAC,200605E,-117.9,11.9,2006071900,70.0,86.3,984.0,4922,2006-07-19 00:00:00
EPAC,200605E,-119.6,11.8,2006071915,83.0,95.0,975.0,4923,2006-07-19 15:00:00
EPAC,200605E,-119.9,11.8,2006071918,85.0,92.5,973.0,4924,2006-07-19 18:00:00
EPAC,200605E,-120.3,11.9,2006071921,90.0,96.3,970.0,4925,2006-07-19 21:00:00
EPAC,200605E,-120.7,11.9,2006072000,95.0,100.0,966.0,4926,2006-07-20 00:00:00
EPAC,200605E,-122.6,12.5,2006072015,108.0,110.0,954.0,4927,2006-07-20 15:00:00
EPAC,200605E,-123.0,12.6,2006072018,115.0,110.0,948.0,4928,2006-07-20 18:00:00
EPAC,200605E,-123.5,12.8,2006072021,118.0,110.0,945.0,4929,2006-07-20 21:00:00
EPAC,200605E,-123.9,13.0,2006072100,120.0,110.0,942.0,4930,2006-07-21 00:00:00
EPAC,200605E,-126.4,13.3,2006072115,123.0,110.0,940.0,4931,2006-07-21 15:00:00
EPAC,200605E,-126.9,13.3,2006072118,125.0,110.0,938.0,4932,2006-07-21 18:00:00
EPAC,200605E,-127.5,13.4,2006072121,128.0,110.0,936.0,4933,2006-07-21 21:00:00
EPAC,200605E,-128.0,13.5,2006072200,130.0,110.0,933.0,4934,2006-07-22 00:00:00
EPAC,200605E,-130.9,13.9,2006072215,128.0,105.0,934.0,4935,2006-07-22 15:00:00
EPAC,200605E,-131.4,14.0,2006072218,125.0,100.0,935.0,4936,2006-07-22 18:00:00
EPAC,200605E,-132.6,14.2,2006072300,120.0,100.0,941.0,4937,2006-07-23 00:00:00
EPAC,200605E,-133.3,14.4,2006072303,118.0,100.0,945.0,4938,2006-07-23 03:00:00
EPAC,200605E,-135.8,14.9,2006072315,110.0,100.0,950.0,4939,2006-07-23 15:00:00
EPAC,200605E,-136.5,15.1,2006072318,105.0,100.0,952.0,4940,2006-07-23 18:00:00
EPAC,200605E,-137.9,15.5,2006072400,95.0,77.5,965.0,4941,2006-07-24 00:00:00
EPAC,200605E,-138.5,15.7,2006072403,90.0,77.5,970.0,4942,2006-07-24 03:00:00
EPAC,200605E,-140.9,16.2,2006072415,78.0,70.0,983.0,4943,2006-07-24 15:00:00
EPAC,200605E,-141.3,16.2,2006072418,75.0,62.5,985.0,4944,2006-07-24 18:00:00
EPAC,200605E,-141.6,16.2,2006072421,70.0,62.5,990.0,4945,2006-07-24 21:00:00
EPAC,200605E,-141.8,16.2,2006072500,65.0,62.5,994.0,4946,2006-07-25 00:00:00
EPAC,200605E,-142.1,16.2,2006072503,60.0,62.5,997.0,4947,2006-07-25 03:00:00
EPAC,200605E,-142.8,16.2,2006072600,30.0,0.0,1006.0,4948,2006-07-26 00:00:00
EPAC,200605E,-142.9,16.2,2006072603,30.0,0.0,1007.0,4949,2006-07-26 03:00:00
EPAC,200605E,-144.0,16.1,2006072621,25.0,0.0,1009.0,4950,2006-07-26 21:00:00
EPAC,200605E,-144.4,16.2,2006072700,25.0,0.0,1009.0,4951,2006-07-27 00:00:00
EPAC,200605E,-144.8,16.3,2006072703,25.0,0.0,1009.0,4952,2006-07-27 03:00:00
EPAC,200605E,-148.1,17.3,2006072721,25.0,0.0,1010.0,4953,2006-07-27 21:00:00
EPAC,200605E,-148.8,17.4,2006072800,25.0,0.0,1010.0,4954,2006-07-28 00:00:00
EPAC,200605E,-149.4,17.5,2006072803,25.0,0.0,1010.0,4955,2006-07-28 03:00:00
ATLN,200605L,-21.7,11.6,2006082118,30.0,0.0,1007.0,2090,2006-08-21 18:00:00
ATLN,200605L,-24.6,13.0,2006082209,30.0,0.0,1007.0,2091,2006-08-22 09:00:00
ATLN,200605L,-25.3,13.4,2006082212,30.0,0.0,1007.0,2092,2006-08-22 12:00:00
ATLN,200605L,-26.0,13.8,2006082215,30.0,0.0,1006.0,2093,2006-08-22 15:00:00
ATLN,200605L,-26.7,14.2,2006082218,30.0,0.0,1005.0,2094,2006-08-22 18:00:00
ATLN,200605L,-30.2,16.2,2006082309,42.0,36.9,1002.0,2095,2006-08-23 09:00:00
ATLN,200605L,-31.0,16.7,2006082312,45.0,37.5,1001.0,2096,2006-08-23 12:00:00
ATLN,200605L,-31.7,17.1,2006082315,45.0,35.0,1001.0,2097,2006-08-23 15:00:00
ATLN,200605L,-32.4,17.6,2006082318,45.0,32.5,1001.0,2098,2006-08-23 18:00:00
ATLN,200605L,-36.3,19.6,2006082409,45.0,32.5,1000.0,2099,2006-08-24 09:00:00
ATLN,200605L,-37.1,20.1,2006082412,45.0,32.5,1000.0,2100,2006-08-24 12:00:00
ATLN,200605L,-37.9,20.5,2006082415,45.0,32.5,1000.0,2101,2006-08-24 15:00:00
ATLN,200605L,-38.7,20.9,2006082418,45.0,32.5,1000.0,2102,2006-08-24 18:00:00
ATLN,200605L,-39.5,21.3,2006082421,45.0,33.1,1000.0,2103,2006-08-24 21:00:00
ATLN,200605L,-42.1,23.1,2006082509,42.0,28.1,1002.0,2104,2006-08-25 09:00:00
ATLN,200605L,-42.7,23.6,2006082512,40.0,30.0,1002.0,2105,2006-08-25 12:00:00
ATLN,200605L,-43.4,24.0,2006082515,38.0,26.2,1004.0,2106,2006-08-25 15:00:00
ATLN,200605L,-44.1,24.4,2006082518,35.0,22.5,1005.0,2107,2006-08-25 18:00:00
ATLN,200605L,-44.6,24.6,2006082521,35.0,22.5,1006.0,2108,2006-08-25 21:00:00
ATLN,200605L,-46.5,25.4,2006082609,28.0,0.0,1010.0,2109,2006-08-26 09:00:00
ATLN,200605L,-46.9,25.7,2006082612,25.0,0.0,1010.0,2110,2006-08-26 12:00:00
ATLN,200605L,-47.2,26.1,2006082615,25.0,0.0,1010.0,2111,2006-08-26 15:00:00
ATLN,200605L,-47.5,26.5,2006082618,25.0,0.0,1011.0,2112,2006-08-26 18:00:00
ATLN,200605L,-49.0,28.9,2006082709,25.0,0.0,1012.0,2113,2006-08-27 09:00:00
ATLN,200605L,-49.1,29.4,2006082712,25.0,0.0,1012.0,2114,2006-08-27 12:00:00
ATLN,200605L,-49.0,30.0,2006082715,25.0,0.0,1012.0,2115,2006-08-27 15:00:00
ATLN,200605L,-48.9,30.6,2006082718,25.0,0.0,1012.0,2116,2006-08-27 18:00:00
ATLN,200605L,-48.6,31.4,2006082721,25.0,0.0,1012.0,2117,2006-08-27 21:00:00
WPAC,200605W,126.1,21.1,2006071200,45.0,133.8,991.0,8617,2006-07-12 00:00:00
WPAC,200605W,125.8,21.3,2006071203,43.0,131.9,993.0,8618,2006-07-12 03:00:00
WPAC,200605W,125.4,21.5,2006071206,40.0,130.0,994.0,8619,2006-07-12 06:00:00
WPAC,200605W,125.1,21.7,2006071209,40.0,130.0,994.0,8620,2006-07-12 09:00:00
WPAC,200605W,124.0,23.3,2006071300,45.0,130.0,991.0,8621,2006-07-13 00:00:00
WPAC,200605W,123.6,23.6,2006071303,45.0,130.0,991.0,8622,2006-07-13 03:00:00
WPAC,200605W,123.2,24.0,2006071306,45.0,130.0,991.0,8623,2006-07-13 06:00:00
WPAC,200605W,122.8,24.4,2006071309,45.0,130.6,991.0,8624,2006-07-13 09:00:00
WPAC,200605W,120.4,25.8,2006071400,45.0,178.8,991.0,8625,2006-07-14 00:00:00
WPAC,200605W,119.8,26.1,2006071403,43.0,168.1,993.0,8626,2006-07-14 03:00:00
WPAC,200605W,119.3,26.4,2006071406,40.0,157.5,994.0,8627,2006-07-14 06:00:00
WPAC,200605W,118.7,26.7,2006071409,38.0,157.5,996.0,8628,2006-07-14 09:00:00
EPAC,200606E,-103.1,12.2,2006072115,25.0,0.0,1007.0,4956,2006-07-21 15:00:00
EPAC,200606E,-103.1,12.5,2006072118,25.0,0.0,1006.0,4957,2006-07-21 18:00:00
EPAC,200606E,-103.3,12.8,2006072121,28.0,0.0,1006.0,4958,2006-07-21 21:00:00
EPAC,200606E,-103.4,13.1,2006072200,30.0,0.0,1005.0,4959,2006-07-22 00:00:00
EPAC,200606E,-104.4,15.4,2006072215,35.0,18.8,1004.0,4960,2006-07-22 15:00:00
EPAC,200606E,-104.6,15.9,2006072218,35.0,30.0,1003.0,4961,2006-07-22 18:00:00
EPAC,200606E,-104.9,16.4,2006072221,38.0,30.0,1002.0,4962,2006-07-22 21:00:00
EPAC,200606E,-105.3,16.8,2006072300,40.0,30.0,1001.0,4963,2006-07-23 00:00:00
EPAC,200606E,-107.3,17.9,2006072315,53.0,63.1,993.0,4964,2006-07-23 15:00:00
EPAC,200606E,-107.7,18.0,2006072318,55.0,72.5,991.0,4965,2006-07-23 18:00:00
EPAC,200606E,-108.4,18.1,2006072400,50.0,77.5,993.0,4966,2006-07-24 00:00:00
EPAC,200606E,-109.8,18.8,2006072415,45.0,68.8,995.0,4967,2006-07-24 15:00:00
EPAC,200606E,-110.1,19.0,2006072418,45.0,70.0,995.0,4968,2006-07-24 18:00:00
EPAC,200606E,-110.3,19.3,2006072421,45.0,65.0,995.0,4969,2006-07-24 21:00:00
EPAC,200606E,-110.4,19.5,2006072500,45.0,60.0,995.0,4970,2006-07-25 00:00:00
EPAC,200606E,-111.2,20.9,2006072515,50.0,89.4,993.0,4971,2006-07-25 15:00:00
EPAC,200606E,-111.3,21.4,2006072518,50.0,96.3,993.0,4972,2006-07-25 18:00:00
EPAC,200606E,-111.4,21.9,2006072521,53.0,96.3,992.0,4973,2006-07-25 21:00:00
EPAC,200606E,-111.5,22.5,2006072600,55.0,96.3,991.0,4974,2006-07-26 00:00:00
EPAC,200606E,-113.6,24.8,2006072615,53.0,81.3,992.0,4975,2006-07-26 15:00:00
EPAC,200606E,-114.1,25.1,2006072618,50.0,81.3,993.0,4976,2006-07-26 18:00:00
EPAC,200606E,-115.3,25.6,2006072700,45.0,65.0,998.0,4977,2006-07-27 00:00:00
EPAC,200606E,-118.3,27.0,2006072715,25.0,0.0,1009.0,4978,2006-07-27 15:00:00
EPAC,200606E,-118.7,27.2,2006072718,25.0,0.0,1009.0,4979,2006-07-27 18:00:00
EPAC,200606E,-119.1,27.5,2006072721,25.0,0.0,1009.0,4980,2006-07-27 21:00:00
EPAC,200606E,-119.5,27.9,2006072800,25.0,0.0,1009.0,4981,2006-07-28 00:00:00
EPAC,200606E,-121.4,27.9,2006072815,20.0,0.0,1010.0,4982,2006-07-28 15:00:00
EPAC,200606E,-121.8,27.9,2006072818,20.0,0.0,1010.0,4983,2006-07-28 18:00:00
EPAC,200606E,-122.2,27.8,2006072821,20.0,0.0,1011.0,4984,2006-07-28 21:00:00
EPAC,200606E,-122.5,27.6,2006072900,20.0,0.0,1011.0,4985,2006-07-29 00:00:00
EPAC,200606E,-124.4,27.7,2006072915,20.0,0.0,1011.0,4986,2006-07-29 15:00:00
EPAC,200606E,-124.7,27.9,2006072918,20.0,0.0,1011.0,4987,2006-07-29 18:00:00
EPAC,200606E,-124.9,28.1,2006072921,20.0,0.0,1011.0,4988,2006-07-29 21:00:00
EPAC,200606E,-125.1,28.4,2006073000,20.0,0.0,1011.0,4989,2006-07-30 00:00:00
EPAC,200606E,-125.2,30.0,2006073015,18.0,0.0,1012.0,4990,2006-07-30 15:00:00
EPAC,200606E,-125.2,30.3,2006073018,15.0,0.0,1012.0,4991,2006-07-30 18:00:00
EPAC,200606E,-125.2,30.5,2006073021,15.0,0.0,1012.0,4992,2006-07-30 21:00:00
EPAC,200606E,-125.2,30.6,2006073100,15.0,0.0,1012.0,4993,2006-07-31 00:00:00
ATLN,200606L,-61.6,12.7,2006082418,30.0,0.0,1008.0,2118,2006-08-24 18:00:00
ATLN,200606L,-65.8,13.7,2006082512,35.0,20.0,1005.0,2119,2006-08-25 12:00:00
ATLN,200606L,-66.4,13.8,2006082515,35.0,20.0,1004.0,2120,2006-08-25 15:00:00
ATLN,200606L,-67.1,14.0,2006082518,35.0,20.0,1004.0,2121,2006-08-25 18:00:00
ATLN,200606L,-67.7,14.2,2006082521,38.0,20.0,1003.0,2122,2006-08-25 21:00:00
ATLN,200606L,-70.4,15.1,2006082612,50.0,35.0,997.0,2123,2006-08-26 12:00:00
ATLN,200606L,-70.8,15.4,2006082615,52.0,42.5,997.0,2124,2006-08-26 15:00:00
ATLN,200606L,-71.2,15.7,2006082618,55.0,50.0,997.0,2125,2006-08-26 18:00:00
ATLN,200606L,-71.6,16.0,2006082621,55.0,47.5,996.0,2126,2006-08-26 21:00:00
ATLN,200606L,-73.4,17.4,2006082712,55.0,52.5,997.0,2127,2006-08-27 12:00:00
ATLN,200606L,-73.7,17.6,2006082715,50.0,48.8,1000.0,2128,2006-08-27 15:00:00
ATLN,200606L,-74.0,17.8,2006082718,45.0,45.0,1002.0,2129,2006-08-27 18:00:00
ATLN,200606L,-74.3,18.1,2006082721,42.0,37.5,1002.0,2130,2006-08-27 21:00:00
ATLN,200606L,-75.6,20.0,2006082812,35.0,41.2,1005.0,2131,2006-08-28 12:00:00
ATLN,200606L,-76.0,20.4,2006082815,35.0,46.9,1006.0,2132,2006-08-28 15:00:00
ATLN,200606L,-76.4,20.8,2006082818,35.0,52.5,1007.0,2133,2006-08-28 18:00:00
ATLN,200606L,-76.9,21.2,2006082821,35.0,46.9,1007.0,2134,2006-08-28 21:00:00
ATLN,200606L,-79.3,23.2,2006082912,40.0,28.8,1006.0,2135,2006-08-29 12:00:00
ATLN,200606L,-79.6,23.5,2006082915,40.0,38.1,1006.0,2136,2006-08-29 15:00:00
ATLN,200606L,-79.9,23.9,2006082918,40.0,47.5,1005.0,2137,2006-08-29 18:00:00
ATLN,200606L,-80.2,24.3,2006082921,40.0,48.8,1004.0,2138,2006-08-29 21:00:00
ATLN,200606L,-81.0,26.1,2006083012,35.0,30.0,1002.0,2139,2006-08-30 12:00:00
ATLN,200606L,-81.0,26.6,2006083015,35.0,20.0,1002.0,2140,2006-08-30 15:00:00
ATLN,200606L,-80.9,27.0,2006083018,35.0,10.0,1001.0,2141,2006-08-30 18:00:00
ATLN,200606L,-80.8,27.6,2006083021,35.0,11.2,1000.0,2142,2006-08-30 21:00:00
ATLN,200606L,-79.9,30.6,2006083112,55.0,41.2,995.0,2143,2006-08-31 12:00:00
ATLN,200606L,-79.6,31.2,2006083115,58.0,56.2,994.0,2144,2006-08-31 15:00:00
ATLN,200606L,-79.2,31.9,2006083118,60.0,71.2,993.0,2145,2006-08-31 18:00:00
ATLN,200606L,-78.8,32.5,2006083121,60.0,76.9,990.0,2146,2006-08-31 21:00:00
ATLN,200606L,-77.6,35.8,2006090112,30.0,0.0,991.0,2147,2006-09-01 12:00:00
ATLN,200606L,-77.4,36.2,2006090115,35.0,12.5,994.0,2148,2006-09-01 15:00:00
ATLN,200606L,-77.2,36.6,2006090118,40.0,25.0,997.0,2149,2006-09-01 18:00:00
ATLN,200606L,-77.1,36.9,2006090121,40.0,31.2,1000.0,2150,2006-09-01 21:00:00
ATLN,200606L,-76.7,38.2,2006090212,40.0,37.5,1007.0,2151,2006-09-02 12:00:00
ATLN,200606L,-76.7,38.5,2006090215,40.0,37.5,1008.0,2152,2006-09-02 15:00:00
ATLN,200606L,-76.7,38.9,2006090218,40.0,37.5,1010.0,2153,2006-09-02 18:00:00
ATLN,200606L,-76.7,39.4,2006090221,38.0,37.5,1011.0,2154,2006-09-02 21:00:00
ATLN,200606L,-77.5,43.1,2006090312,20.0,0.0,1014.0,2155,2006-09-03 12:00:00
ATLN,200606L,-77.2,43.8,2006090315,20.0,0.0,1014.0,2156,2006-09-03 15:00:00
ATLN,200606L,-77.0,44.5,2006090318,20.0,0.0,1015.0,2157,2006-09-03 18:00:00
ATLN,200606L,-76.4,45.0,2006090321,20.0,0.0,1015.0,2158,2006-09-03 21:00:00
WPAC,200606W,127.4,19.0,2006072300,70.0,120.0,972.0,8629,2006-07-23 00:00:00
WPAC,200606W,127.0,19.4,2006072303,68.0,120.0,974.0,8630,2006-07-23 03:00:00
WPAC,200606W,126.5,19.7,2006072306,65.0,120.0,976.0,8631,2006-07-23 06:00:00
WPAC,200606W,126.2,20.0,2006072309,65.0,116.2,976.0,8632,2006-07-23 09:00:00
WPAC,200606W,123.8,21.4,2006072400,60.0,103.8,980.0,8633,2006-07-24 00:00:00
WPAC,200606W,123.4,21.6,2006072403,60.0,103.8,980.0,8634,2006-07-24 03:00:00
WPAC,200606W,123.0,21.9,2006072406,60.0,103.8,980.0,8635,2006-07-24 06:00:00
WPAC,200606W,122.5,22.1,2006072409,60.0,103.1,980.0,8636,2006-07-24 09:00:00
WPAC,200606W,119.9,23.7,2006072500,55.0,106.2,984.0,8637,2006-07-25 00:00:00
WPAC,200606W,119.5,23.9,2006072503,53.0,98.8,986.0,8638,2006-07-25 03:00:00
WPAC,200606W,119.0,24.2,2006072506,50.0,91.2,987.0,8639,2006-07-25 06:00:00
WPAC,200606W,118.3,24.4,2006072509,48.0,91.2,989.0,8640,2006-07-25 09:00:00
WPAC,200606W,115.6,24.9,2006072600,30.0,0.0,1000.0,8641,2006-07-26 00:00:00
EPAC,200607E,-121.4,14.1,2006073118,30.0,0.0,1009.0,4994,2006-07-31 18:00:00
EPAC,200607E,-122.0,14.2,2006073121,33.0,17.5,1007.0,4995,2006-07-31 21:00:00
EPAC,200607E,-122.6,14.3,2006080100,35.0,35.0,1005.0,4996,2006-08-01 00:00:00
EPAC,200607E,-125.9,14.8,2006080115,43.0,33.8,1000.0,4997,2006-08-01 15:00:00
EPAC,200607E,-127.3,14.8,2006080121,45.0,32.5,1000.0,4998,2006-08-01 21:00:00
EPAC,200607E,-127.9,14.8,2006080200,45.0,32.5,1000.0,4999,2006-08-02 00:00:00
EPAC,200607E,-131.3,14.9,2006080215,38.0,32.5,1003.0,5000,2006-08-02 15:00:00
EPAC,200607E,-132.0,15.0,2006080218,35.0,32.5,1004.0,5001,2006-08-02 18:00:00
EPAC,200607E,-132.8,15.1,2006080221,33.0,16.3,1005.0,5002,2006-08-02 21:00:00
EPAC,200607E,-133.5,15.2,2006080300,30.0,0.0,1006.0,5003,2006-08-03 00:00:00
EPAC,200607E,-134.3,15.2,2006080303,30.0,0.0,1007.0,5004,2006-08-03 03:00:00
EPAC,200607E,-137.3,15.1,2006080315,25.0,0.0,1009.0,5005,2006-08-03 15:00:00
EPAC,200607E,-138.2,15.0,2006080318,25.0,0.0,1009.0,5006,2006-08-03 18:00:00
EPAC,200607E,-138.9,15.0,2006080321,25.0,0.0,1010.0,5007,2006-08-03 21:00:00
EPAC,200607E,-139.6,15.0,2006080400,25.0,0.0,1010.0,5008,2006-08-04 00:00:00
EPAC,200607E,-144.9,14.7,2006080421,25.0,0.0,1013.0,5009,2006-08-04 21:00:00
EPAC,200607E,-145.7,14.6,2006080500,25.0,0.0,1013.0,5010,2006-08-05 00:00:00
ATLN,200607L,-39.4,14.1,2006090318,30.0,0.0,1007.0,2159,2006-09-03 18:00:00
ATLN,200607L,-41.6,15.7,2006090409,30.0,0.0,1007.0,2160,2006-09-04 09:00:00
ATLN,200607L,-42.3,16.0,2006090412,30.0,0.0,1007.0,2161,2006-09-04 12:00:00
ATLN,200607L,-42.9,16.2,2006090415,30.0,0.0,1007.0,2162,2006-09-04 15:00:00
ATLN,200607L,-43.5,16.4,2006090418,30.0,0.0,1007.0,2163,2006-09-04 18:00:00
ATLN,200607L,-44.1,16.5,2006090421,30.0,0.0,1007.0,2164,2006-09-04 21:00:00
ATLN,200607L,-46.5,16.9,2006090509,35.0,47.5,1006.0,2165,2006-09-05 09:00:00
ATLN,200607L,-46.9,17.0,2006090512,35.0,47.5,1005.0,2166,2006-09-05 12:00:00
ATLN,200607L,-47.3,17.1,2006090515,38.0,48.8,1004.0,2167,2006-09-05 15:00:00
ATLN,200607L,-47.8,17.3,2006090518,40.0,50.0,1003.0,2168,2006-09-05 18:00:00
ATLN,200607L,-50.2,18.3,2006090609,42.0,96.9,1003.0,2169,2006-09-06 09:00:00
ATLN,200607L,-50.6,18.5,2006090612,45.0,111.2,1003.0,2170,2006-09-06 12:00:00
ATLN,200607L,-51.0,18.8,2006090615,45.0,122.5,1002.0,2171,2006-09-06 15:00:00
ATLN,200607L,-51.3,19.0,2006090618,45.0,133.8,1000.0,2172,2006-09-06 18:00:00
ATLN,200607L,-53.3,19.9,2006090712,40.0,212.5,1002.0,2173,2006-09-07 12:00:00
ATLN,200607L,-53.8,20.1,2006090715,40.0,212.5,1002.0,2174,2006-09-07 15:00:00
ATLN,200607L,-54.3,20.3,2006090718,40.0,212.5,1002.0,2175,2006-09-07 18:00:00
ATLN,200607L,-55.0,20.6,2006090721,40.0,212.5,1002.0,2176,2006-09-07 21:00:00
ATLN,200607L,-58.8,21.7,2006090812,40.0,212.5,1002.0,2177,2006-09-08 12:00:00
ATLN,200607L,-59.5,21.8,2006090815,42.0,209.4,1001.0,2178,2006-09-08 15:00:00
ATLN,200607L,-60.1,21.9,2006090818,45.0,206.2,1000.0,2179,2006-09-08 18:00:00
ATLN,200607L,-60.5,22.3,2006090821,48.0,204.4,998.0,2180,2006-09-08 21:00:00
ATLN,200607L,-63.2,24.4,2006090912,50.0,197.5,992.0,2181,2006-09-09 12:00:00
ATLN,200607L,-63.6,24.8,2006090915,50.0,197.5,992.0,2182,2006-09-09 15:00:00
ATLN,200607L,-64.0,25.1,2006090918,50.0,197.5,991.0,2183,2006-09-09 18:00:00
ATLN,200607L,-64.3,25.6,2006090921,55.0,186.2,989.0,2184,2006-09-09 21:00:00
ATLN,200607L,-65.9,28.1,2006091012,75.0,168.8,978.0,2185,2006-09-10 12:00:00
ATLN,200607L,-66.0,28.7,2006091015,78.0,171.2,977.0,2186,2006-09-10 15:00:00
ATLN,200607L,-66.1,29.3,2006091018,80.0,173.8,976.0,2187,2006-09-10 18:00:00
ATLN,200607L,-66.2,29.9,2006091021,80.0,176.2,976.0,2188,2006-09-10 21:00:00
ATLN,200607L,-65.7,32.4,2006091112,75.0,172.5,974.0,2189,2006-09-11 12:00:00
ATLN,200607L,-65.3,33.0,2006091115,75.0,197.5,974.0,2190,2006-09-11 15:00:00
ATLN,200607L,-65.0,33.6,2006091118,75.0,222.5,974.0,2191,2006-09-11 18:00:00
ATLN,200607L,-64.5,34.2,2006091121,72.0,247.5,974.0,2192,2006-09-11 21:00:00
ATLN,200607L,-61.9,37.4,2006091212,65.0,315.0,976.0,2193,2006-09-12 12:00:00
ATLN,200607L,-61.0,38.0,2006091215,65.0,307.5,976.0,2194,2006-09-12 15:00:00
ATLN,200607L,-60.2,38.5,2006091218,65.0,300.0,977.0,2195,2006-09-12 18:00:00
ATLN,200607L,-55.6,45.5,2006091312,70.0,345.0,967.0,2196,2006-09-13 12:00:00
ATLN,200607L,-54.8,46.0,2006091315,70.0,345.0,965.0,2197,2006-09-13 15:00:00
ATLN,200607L,-54.0,46.4,2006091318,70.0,345.0,963.0,2198,2006-09-13 18:00:00
ATLN,200607L,-52.6,47.0,2006091321,68.0,345.0,964.0,2199,2006-09-13 21:00:00
ATLN,200607L,-46.8,48.9,2006091409,58.0,345.0,968.0,2200,2006-09-14 09:00:00
ATLN,200607L,-45.2,49.2,2006091412,55.0,345.0,970.0,2201,2006-09-14 12:00:00
ATLN,200607L,-43.9,49.5,2006091415,52.0,345.0,973.0,2202,2006-09-14 15:00:00
ATLN,200607L,-42.6,49.8,2006091418,50.0,345.0,976.0,2203,2006-09-14 18:00:00
ATLN,200607L,-33.8,49.6,2006091509,45.0,330.0,983.0,2204,2006-09-15 09:00:00
ATLN,200607L,-31.7,49.5,2006091512,45.0,330.0,984.0,2205,2006-09-15 12:00:00
ATLN,200607L,-29.6,49.6,2006091515,42.0,311.2,985.0,2206,2006-09-15 15:00:00
ATLN,200607L,-27.5,49.8,2006091518,40.0,292.5,986.0,2207,2006-09-15 18:00:00
WPAC,200607W,129.3,12.7,2006072806,15.0,0.0,1006.0,8642,2006-07-28 06:00:00
WPAC,200607W,129.0,12.8,2006072809,15.0,0.0,1006.0,8643,2006-07-28 09:00:00
WPAC,200607W,128.2,13.6,2006072900,15.0,0.0,1004.0,8644,2006-07-29 00:00:00
WPAC,200607W,128.1,13.8,2006072903,15.0,0.0,1004.0,8645,2006-07-29 03:00:00
WPAC,200607W,128.0,13.9,2006072906,15.0,0.0,1004.0,8646,2006-07-29 06:00:00
WPAC,200607W,127.8,14.1,2006072909,15.0,0.0,1004.0,8647,2006-07-29 09:00:00
WPAC,200607W,126.4,14.4,2006073000,20.0,0.0,1004.0,8648,2006-07-30 00:00:00
WPAC,200607W,126.1,14.4,2006073003,20.0,0.0,1004.0,8649,2006-07-30 03:00:00
WPAC,200607W,125.7,14.4,2006073006,20.0,0.0,1004.0,8650,2006-07-30 06:00:00
WPAC,200607W,125.3,14.4,2006073009,20.0,0.0,1004.0,8651,2006-07-30 09:00:00
WPAC,200607W,123.2,15.5,2006073100,25.0,0.0,1002.0,8652,2006-07-31 00:00:00
WPAC,200607W,122.8,15.9,2006073103,28.0,0.0,1001.0,8653,2006-07-31 03:00:00
WPAC,200607W,122.5,16.3,2006073106,30.0,0.0,1000.0,8654,2006-07-31 06:00:00
WPAC,200607W,122.0,16.5,2006073109,30.0,0.0,1000.0,8655,2006-07-31 09:00:00
WPAC,200607W,118.9,17.1,2006080100,40.0,40.0,994.0,8656,2006-08-01 00:00:00
WPAC,200607W,118.2,17.2,2006080103,43.0,45.6,993.0,8657,2006-08-01 03:00:00
WPAC,200607W,117.6,17.4,2006080106,45.0,51.2,991.0,8658,2006-08-01 06:00:00
WPAC,200607W,117.0,17.5,2006080109,45.0,54.4,991.0,8659,2006-08-01 09:00:00
WPAC,200607W,115.2,18.3,2006080200,55.0,95.0,984.0,8660,2006-08-02 00:00:00
WPAC,200607W,114.9,18.6,2006080203,60.0,97.5,980.0,8661,2006-08-02 03:00:00
WPAC,200607W,114.6,18.8,2006080206,65.0,100.0,976.0,8662,2006-08-02 06:00:00
WPAC,200607W,114.2,19.0,2006080209,65.0,107.5,976.0,8663,2006-08-02 09:00:00
WPAC,200607W,112.8,20.2,2006080300,70.0,116.2,972.0,8664,2006-08-03 00:00:00
WPAC,200607W,112.5,20.5,2006080303,70.0,118.8,972.0,8665,2006-08-03 03:00:00
WPAC,200607W,112.3,20.8,2006080306,70.0,121.2,972.0,8666,2006-08-03 06:00:00
WPAC,200607W,111.9,21.1,2006080309,68.0,118.1,974.0,8667,2006-08-03 09:00:00
WPAC,200607W,109.3,22.5,2006080400,45.0,115.0,991.0,8668,2006-08-04 00:00:00
WPAC,200607W,109.0,22.8,2006080403,40.0,115.0,994.0,8669,2006-08-04 03:00:00
WPAC,200607W,108.7,23.1,2006080406,35.0,115.0,997.0,8670,2006-08-04 06:00:00
WPAC,200607W,108.3,23.4,2006080409,33.0,57.5,999.0,8671,2006-08-04 09:00:00
WPAC,200607W,107.1,24.3,2006080500,25.0,0.0,1002.0,8672,2006-08-05 00:00:00
EPAC,200608E,-103.8,12.8,2006080100,30.0,0.0,1009.0,5011,2006-08-01 00:00:00
EPAC,200608E,-105.3,13.9,2006080115,35.0,30.0,1005.0,5012,2006-08-01 15:00:00
EPAC,200608E,-105.5,14.1,2006080118,35.0,30.0,1004.0,5013,2006-08-01 18:00:00
EPAC,200608E,-105.7,14.3,2006080121,35.0,30.0,1004.0,5014,2006-08-01 21:00:00
EPAC,200608E,-105.8,14.4,2006080200,35.0,30.0,1004.0,5015,2006-08-02 00:00:00
EPAC,200608E,-106.8,14.9,2006080215,30.0,0.0,1005.0,5016,2006-08-02 15:00:00
EPAC,200608E,-107.0,15.0,2006080218,30.0,0.0,1005.0,5017,2006-08-02 18:00:00
EPAC,200608E,-107.3,15.1,2006080221,28.0,0.0,1006.0,5018,2006-08-02 21:00:00
EPAC,200608E,-107.5,15.2,2006080300,25.0,0.0,1006.0,5019,2006-08-03 00:00:00
EPAC,200608E,-109.2,15.6,2006080315,25.0,0.0,1007.0,5020,2006-08-03 15:00:00
EPAC,200608E,-109.6,15.7,2006080318,25.0,0.0,1007.0,5021,2006-08-03 18:00:00
EPAC,200608E,-110.2,16.2,2006080400,20.0,0.0,1008.0,5022,2006-08-04 00:00:00
EPAC,200608E,-111.5,17.5,2006080415,20.0,0.0,1008.0,5023,2006-08-04 15:00:00
EPAC,200608E,-111.7,17.7,2006080418,20.0,0.0,1008.0,5024,2006-08-04 18:00:00
EPAC,200608E,-112.0,17.8,2006080421,20.0,0.0,1009.0,5025,2006-08-04 21:00:00
EPAC,200608E,-112.2,17.8,2006080500,20.0,0.0,1009.0,5026,2006-08-05 00:00:00
ATLN,200608L,-53.8,20.2,2006091018,25.0,0.0,1012.0,2208,2006-09-10 18:00:00
ATLN,200608L,-54.1,20.2,2006091021,28.0,0.0,1012.0,2209,2006-09-10 21:00:00
ATLN,200608L,-56.3,20.9,2006091112,35.0,16.2,1008.0,2210,2006-09-11 12:00:00
ATLN,200608L,-56.7,21.1,2006091115,38.0,16.2,1006.0,2211,2006-09-11 15:00:00
ATLN,200608L,-57.1,21.4,2006091118,40.0,16.2,1005.0,2212,2006-09-11 18:00:00
ATLN,200608L,-57.4,21.6,2006091121,45.0,20.6,1004.0,2213,2006-09-11 21:00:00
ATLN,200608L,-58.2,22.8,2006091212,50.0,37.5,998.0,2214,2006-09-12 12:00:00
ATLN,200608L,-58.2,23.1,2006091215,52.0,39.4,996.0,2215,2006-09-12 15:00:00
ATLN,200608L,-58.2,23.4,2006091218,55.0,41.2,994.0,2216,2006-09-12 18:00:00
ATLN,200608L,-58.2,23.7,2006091221,60.0,45.0,990.0,2217,2006-09-12 21:00:00
ATLN,200608L,-57.9,25.6,2006091312,80.0,76.2,980.0,2218,2006-09-13 12:00:00
ATLN,200608L,-57.8,26.1,2006091315,88.0,80.6,972.0,2219,2006-09-13 15:00:00
ATLN,200608L,-57.7,26.5,2006091318,95.0,85.0,965.0,2220,2006-09-13 18:00:00
ATLN,200608L,-57.5,26.9,2006091321,100.0,93.8,960.0,2221,2006-09-13 21:00:00
ATLN,200608L,-56.2,29.1,2006091412,105.0,105.0,956.0,2222,2006-09-14 12:00:00
ATLN,200608L,-55.8,29.5,2006091415,105.0,105.0,957.0,2223,2006-09-14 15:00:00
ATLN,200608L,-55.4,29.8,2006091418,105.0,105.0,958.0,2224,2006-09-14 18:00:00
ATLN,200608L,-53.5,31.1,2006091512,85.0,87.5,973.0,2225,2006-09-15 12:00:00
ATLN,200608L,-53.5,31.1,2006091515,82.0,87.5,974.0,2226,2006-09-15 15:00:00
ATLN,200608L,-53.5,31.1,2006091518,80.0,87.5,976.0,2227,2006-09-15 18:00:00
ATLN,200608L,-53.5,31.1,2006091521,78.0,88.8,978.0,2228,2006-09-15 21:00:00
ATLN,200608L,-53.8,31.3,2006091612,65.0,85.0,987.0,2229,2006-09-16 12:00:00
ATLN,200608L,-53.8,31.4,2006091615,65.0,85.0,987.0,2230,2006-09-16 15:00:00
ATLN,200608L,-53.9,31.5,2006091618,65.0,85.0,987.0,2231,2006-09-16 18:00:00
ATLN,200608L,-53.8,31.7,2006091621,65.0,87.5,987.0,2232,2006-09-16 21:00:00
ATLN,200608L,-53.3,33.3,2006091712,70.0,90.0,983.0,2233,2006-09-17 12:00:00
ATLN,200608L,-53.1,33.7,2006091715,70.0,90.0,983.0,2234,2006-09-17 15:00:00
ATLN,200608L,-52.9,34.1,2006091718,70.0,90.0,983.0,2235,2006-09-17 18:00:00
ATLN,200608L,-52.5,34.5,2006091721,72.0,82.5,982.0,2236,2006-09-17 21:00:00
ATLN,200608L,-48.7,36.9,2006091812,80.0,77.5,976.0,2237,2006-09-18 12:00:00
ATLN,200608L,-47.5,37.2,2006091815,82.0,77.5,974.0,2238,2006-09-18 15:00:00
ATLN,200608L,-46.3,37.5,2006091818,85.0,77.5,972.0,2239,2006-09-18 18:00:00
ATLN,200608L,-44.8,37.8,2006091821,85.0,78.8,972.0,2240,2006-09-18 21:00:00
ATLN,200608L,-38.6,38.0,2006091909,85.0,105.6,974.0,2241,2006-09-19 09:00:00
ATLN,200608L,-37.0,38.0,2006091912,80.0,118.8,977.0,2242,2006-09-19 12:00:00
ATLN,200608L,-35.2,37.9,2006091915,78.0,118.8,978.0,2243,2006-09-19 15:00:00
ATLN,200608L,-33.5,37.8,2006091918,75.0,118.8,979.0,2244,2006-09-19 18:00:00
ATLN,200608L,-24.4,37.7,2006092009,68.0,122.5,982.0,2245,2006-09-20 09:00:00
ATLN,200608L,-22.6,37.8,2006092012,65.0,122.5,983.0,2246,2006-09-20 12:00:00
ATLN,200608L,-20.6,38.1,2006092015,65.0,122.5,983.0,2247,2006-09-20 15:00:00
ATLN,200608L,-18.5,38.5,2006092018,65.0,122.5,983.0,2248,2006-09-20 18:00:00
ATLN,200608L,-10.4,43.8,2006092106,55.0,150.0,986.0,2249,2006-09-21 06:00:00
ATLN,200608L,-9.7,46.1,2006092109,55.0,148.8,984.0,2250,2006-09-21 09:00:00
ATLN,200608L,-9.0,48.5,2006092112,55.0,147.5,982.0,2251,2006-09-21 12:00:00
WPAC,200608W,128.4,23.7,2006080900,105.0,140.0,938.0,8673,2006-08-09 00:00:00
WPAC,200608W,126.9,24.7,2006080906,125.0,145.0,916.0,8674,2006-08-09 06:00:00
WPAC,200608W,126.1,25.0,2006080909,133.0,145.0,907.0,8675,2006-08-09 09:00:00
WPAC,200608W,121.8,26.7,2006081003,135.0,96.9,904.0,8676,2006-08-10 03:00:00
WPAC,200608W,121.1,27.0,2006081006,130.0,102.5,910.0,8677,2006-08-10 06:00:00
WPAC,200608W,120.5,27.1,2006081009,123.0,93.8,919.0,8678,2006-08-10 09:00:00
WPAC,200608W,117.4,27.7,2006081100,60.0,85.0,980.0,8679,2006-08-11 00:00:00
WPAC,200608W,115.8,28.1,2006081106,55.0,85.0,984.0,8680,2006-08-11 06:00:00
WPAC,200608W,113.6,29.9,2006081203,28.0,0.0,1001.0,8681,2006-08-12 03:00:00
WPAC,200608W,113.3,30.2,2006081206,25.0,0.0,1002.0,8682,2006-08-12 06:00:00
EPAC,200609E,-113.5,12.9,2006081518,30.0,0.0,1006.0,5027,2006-08-15 18:00:00
EPAC,200609E,-116.8,13.5,2006081615,53.0,101.3,994.0,5028,2006-08-16 15:00:00
EPAC,200609E,-117.2,13.7,2006081618,55.0,93.8,992.0,5029,2006-08-16 18:00:00
EPAC,200609E,-117.7,13.9,2006081621,58.0,91.9,991.0,5030,2006-08-16 21:00:00
EPAC,200609E,-118.1,14.1,2006081700,60.0,90.0,990.0,5031,2006-08-17 00:00:00
EPAC,200609E,-121.1,14.7,2006081715,78.0,101.3,977.0,5032,2006-08-17 15:00:00
EPAC,200609E,-121.6,14.8,2006081718,80.0,107.5,975.0,5033,2006-08-17 18:00:00
EPAC,200609E,-122.2,15.0,2006081721,83.0,107.5,974.0,5034,2006-08-17 21:00:00
EPAC,200609E,-122.8,15.2,2006081800,85.0,107.5,973.0,5035,2006-08-18 00:00:00
EPAC,200609E,-125.8,16.2,2006081815,90.0,114.4,970.0,5036,2006-08-18 15:00:00
EPAC,200609E,-126.4,16.4,2006081818,90.0,112.5,970.0,5037,2006-08-18 18:00:00
EPAC,200609E,-127.0,16.6,2006081821,90.0,112.5,970.0,5038,2006-08-18 21:00:00
EPAC,200609E,-127.5,16.8,2006081900,90.0,112.5,970.0,5039,2006-08-19 00:00:00
EPAC,200609E,-130.1,17.9,2006081915,78.0,106.9,976.0,5040,2006-08-19 15:00:00
EPAC,200609E,-130.6,18.1,2006081918,75.0,101.3,978.0,5041,2006-08-19 18:00:00
EPAC,200609E,-131.1,18.4,2006081921,75.0,101.3,980.0,5042,2006-08-19 21:00:00
EPAC,200609E,-131.5,18.6,2006082000,75.0,101.3,981.0,5043,2006-08-20 00:00:00
EPAC,200609E,-131.9,18.9,2006082003,73.0,95.6,982.0,5044,2006-08-20 03:00:00
EPAC,200609E,-133.5,19.9,2006082015,55.0,73.8,992.0,5045,2006-08-20 15:00:00
EPAC,200609E,-133.9,20.1,2006082018,50.0,68.8,995.0,5046,2006-08-20 18:00:00
EPAC,200609E,-134.2,20.4,2006082021,48.0,68.8,998.0,5047,2006-08-20 21:00:00
EPAC,200609E,-134.4,20.7,2006082100,45.0,68.8,1000.0,5048,2006-08-21 00:00:00
EPAC,200609E,-134.6,20.9,2006082103,45.0,68.8,1000.0,5049,2006-08-21 03:00:00
EPAC,200609E,-135.2,21.8,2006082115,45.0,65.0,1002.0,5050,2006-08-21 15:00:00
EPAC,200609E,-135.3,22.0,2006082118,45.0,65.0,1002.0,5051,2006-08-21 18:00:00
EPAC,200609E,-135.4,22.3,2006082121,45.0,57.5,1003.0,5052,2006-08-21 21:00:00
EPAC,200609E,-135.6,22.5,2006082200,45.0,50.0,1003.0,5053,2006-08-22 00:00:00
EPAC,200609E,-135.8,22.6,2006082203,43.0,50.0,1004.0,5054,2006-08-22 03:00:00
EPAC,200609E,-136.8,22.8,2006082215,35.0,48.8,1007.0,5055,2006-08-22 15:00:00
EPAC,200609E,-137.8,22.8,2006082300,30.0,0.0,1009.0,5056,2006-08-23 00:00:00
EPAC,200609E,-138.3,22.8,2006082303,30.0,0.0,1009.0,5057,2006-08-23 03:00:00
EPAC,200609E,-140.3,22.8,2006082315,25.0,0.0,1009.0,5058,2006-08-23 15:00:00
EPAC,200609E,-142.0,23.1,2006082400,25.0,0.0,1009.0,5059,2006-08-24 00:00:00
EPAC,200609E,-142.8,23.2,2006082403,25.0,0.0,1009.0,5060,2006-08-24 03:00:00
ATLN,200609L,-22.0,11.9,2006091212,25.0,0.0,1007.0,2252,2006-09-12 12:00:00
ATLN,200609L,-22.6,11.9,2006091215,28.0,0.0,1007.0,2253,2006-09-12 15:00:00
ATLN,200609L,-23.2,11.9,2006091218,30.0,0.0,1007.0,2254,2006-09-12 18:00:00
ATLN,200609L,-27.1,12.1,2006091309,30.0,0.0,1007.0,2255,2006-09-13 09:00:00
ATLN,200609L,-28.0,12.2,2006091312,30.0,0.0,1007.0,2256,2006-09-13 12:00:00
ATLN,200609L,-29.0,12.3,2006091315,30.0,0.0,1006.0,2257,2006-09-13 15:00:00
ATLN,200609L,-30.0,12.5,2006091318,30.0,0.0,1006.0,2258,2006-09-13 18:00:00
ATLN,200609L,-34.7,13.4,2006091409,38.0,37.5,1004.0,2259,2006-09-14 09:00:00
ATLN,200609L,-35.6,13.6,2006091412,40.0,37.5,1003.0,2260,2006-09-14 12:00:00
ATLN,200609L,-36.3,13.8,2006091415,40.0,46.9,1003.0,2261,2006-09-14 15:00:00
ATLN,200609L,-37.0,14.0,2006091418,40.0,56.2,1003.0,2262,2006-09-14 18:00:00
ATLN,200609L,-40.2,15.2,2006091509,48.0,61.9,998.0,2263,2006-09-15 09:00:00
ATLN,200609L,-40.8,15.5,2006091512,50.0,67.5,997.0,2264,2006-09-15 12:00:00
ATLN,200609L,-41.5,15.8,2006091515,52.0,74.4,996.0,2265,2006-09-15 15:00:00
ATLN,200609L,-42.1,16.2,2006091518,55.0,81.2,995.0,2266,2006-09-15 18:00:00
ATLN,200609L,-44.8,18.0,2006091609,62.0,115.6,988.0,2267,2006-09-16 09:00:00
ATLN,200609L,-45.3,18.4,2006091612,65.0,122.5,987.0,2268,2006-09-16 12:00:00
ATLN,200609L,-45.8,18.6,2006091615,65.0,122.5,986.0,2269,2006-09-16 15:00:00
ATLN,200609L,-46.2,18.9,2006091618,65.0,122.5,986.0,2270,2006-09-16 18:00:00
ATLN,200609L,-46.7,19.1,2006091621,68.0,122.5,984.0,2271,2006-09-16 21:00:00
ATLN,200609L,-48.1,20.1,2006091709,78.0,122.5,978.0,2272,2006-09-17 09:00:00
ATLN,200609L,-48.4,20.3,2006091712,80.0,122.5,976.0,2273,2006-09-17 12:00:00
ATLN,200609L,-48.6,20.6,2006091715,85.0,122.5,973.0,2274,2006-09-17 15:00:00
ATLN,200609L,-48.8,20.8,2006091718,90.0,122.5,970.0,2275,2006-09-17 18:00:00
ATLN,200609L,-49.0,21.1,2006091721,95.0,130.0,966.0,2276,2006-09-17 21:00:00
ATLN,200609L,-49.5,22.4,2006091809,105.0,137.5,956.0,2277,2006-09-18 09:00:00
ATLN,200609L,-49.7,22.7,2006091812,105.0,137.5,958.0,2278,2006-09-18 12:00:00
ATLN,200609L,-50.0,23.1,2006091815,100.0,143.8,960.0,2279,2006-09-18 15:00:00
ATLN,200609L,-50.4,23.6,2006091818,95.0,150.0,962.0,2280,2006-09-18 18:00:00
ATLN,200609L,-52.5,24.4,2006091912,95.0,168.8,958.0,2281,2006-09-19 12:00:00
ATLN,200609L,-53.0,24.4,2006091915,92.0,168.8,957.0,2282,2006-09-19 15:00:00
ATLN,200609L,-53.5,24.4,2006091918,90.0,168.8,956.0,2283,2006-09-19 18:00:00
ATLN,200609L,-56.0,25.4,2006092012,90.0,168.8,959.0,2284,2006-09-20 12:00:00
ATLN,200609L,-56.4,25.6,2006092015,85.0,168.8,960.0,2285,2006-09-20 15:00:00
ATLN,200609L,-56.7,25.9,2006092018,80.0,168.8,960.0,2286,2006-09-20 18:00:00
ATLN,200609L,-56.9,26.4,2006092021,80.0,168.8,961.0,2287,2006-09-20 21:00:00
ATLN,200609L,-57.0,29.0,2006092112,75.0,180.0,968.0,2288,2006-09-21 12:00:00
ATLN,200609L,-57.0,29.6,2006092115,75.0,185.0,969.0,2289,2006-09-21 15:00:00
ATLN,200609L,-57.0,30.2,2006092118,75.0,190.0,970.0,2290,2006-09-21 18:00:00
ATLN,200609L,-56.8,30.8,2006092121,75.0,190.0,970.0,2291,2006-09-21 21:00:00
ATLN,200609L,-55.1,33.6,2006092212,70.0,206.2,970.0,2292,2006-09-22 12:00:00
ATLN,200609L,-54.4,34.2,2006092215,70.0,209.4,969.0,2293,2006-09-22 15:00:00
ATLN,200609L,-53.7,34.9,2006092218,70.0,212.5,968.0,2294,2006-09-22 18:00:00
ATLN,200609L,-52.7,35.3,2006092221,72.0,225.0,966.0,2295,2006-09-22 21:00:00
ATLN,200609L,-48.5,36.8,2006092309,80.0,262.5,962.0,2296,2006-09-23 09:00:00
ATLN,200609L,-47.5,37.1,2006092312,80.0,262.5,962.0,2297,2006-09-23 12:00:00
ATLN,200609L,-46.5,37.4,2006092315,78.0,262.5,962.0,2298,2006-09-23 15:00:00
ATLN,200609L,-45.4,37.7,2006092318,75.0,262.5,963.0,2299,2006-09-23 18:00:00
ATLN,200609L,-44.3,38.2,2006092321,72.0,275.0,964.0,2300,2006-09-23 21:00:00
ATLN,200609L,-39.5,40.0,2006092409,65.0,309.4,964.0,2301,2006-09-24 09:00:00
ATLN,200609L,-38.2,40.6,2006092412,65.0,318.8,964.0,2302,2006-09-24 12:00:00
ATLN,200609L,-37.0,41.3,2006092415,65.0,318.8,964.0,2303,2006-09-24 15:00:00
ATLN,200609L,-35.9,42.0,2006092418,65.0,318.8,964.0,2304,2006-09-24 18:00:00
ATLN,200609L,-32.5,44.4,2006092509,62.0,284.4,967.0,2305,2006-09-25 09:00:00
ATLN,200609L,-31.7,44.7,2006092512,60.0,275.0,968.0,2306,2006-09-25 12:00:00
ATLN,200609L,-30.8,44.8,2006092515,58.0,271.9,970.0,2307,2006-09-25 15:00:00
ATLN,200609L,-23.9,45.8,2006092609,50.0,223.8,982.0,2308,2006-09-26 09:00:00
ATLN,200609L,-22.7,46.0,2006092612,50.0,210.0,984.0,2309,2006-09-26 12:00:00
ATLN,200609L,-21.4,46.6,2006092615,48.0,200.0,985.0,2310,2006-09-26 15:00:00
WPAC,200609W,139.1,29.2,2006080621,60.0,74.4,980.0,8683,2006-08-06 21:00:00
WPAC,200609W,136.4,32.2,2006080721,55.0,83.8,984.0,8684,2006-08-07 21:00:00
WPAC,200609W,136.4,32.5,2006080800,55.0,83.8,984.0,8685,2006-08-08 00:00:00
WPAC,200609W,138.8,34.4,2006080821,40.0,77.5,994.0,8686,2006-08-08 21:00:00
EPAC,200610E,-102.3,12.3,2006082115,33.0,56.3,1005.0,5061,2006-08-21 15:00:00
EPAC,200610E,-102.8,12.5,2006082118,35.0,112.5,1004.0,5062,2006-08-21 18:00:00
EPAC,200610E,-103.3,12.8,2006082121,38.0,118.8,1003.0,5063,2006-08-21 21:00:00
EPAC,200610E,-103.9,13.1,2006082200,40.0,125.0,1002.0,5064,2006-08-22 00:00:00
EPAC,200610E,-106.7,14.8,2006082215,65.0,121.9,987.0,5065,2006-08-22 15:00:00
EPAC,200610E,-111.6,18.1,2006082315,105.0,111.3,955.0,5066,2006-08-23 15:00:00
EPAC,200610E,-112.1,18.5,2006082318,105.0,111.3,955.0,5067,2006-08-23 18:00:00
EPAC,200610E,-112.6,18.9,2006082321,105.0,105.6,955.0,5068,2006-08-23 21:00:00
EPAC,200610E,-113.1,19.2,2006082400,105.0,100.0,955.0,5069,2006-08-24 00:00:00
EPAC,200610E,-114.9,20.4,2006082415,88.0,105.0,971.0,5070,2006-08-24 15:00:00
EPAC,200610E,-115.2,20.6,2006082418,85.0,110.0,973.0,5071,2006-08-24 18:00:00
EPAC,200610E,-115.5,20.8,2006082421,83.0,110.0,974.0,5072,2006-08-24 21:00:00
EPAC,200610E,-115.7,20.9,2006082500,80.0,110.0,975.0,5073,2006-08-25 00:00:00
EPAC,200610E,-116.9,21.6,2006082515,68.0,89.4,982.0,5074,2006-08-25 15:00:00
EPAC,200610E,-117.1,21.8,2006082518,65.0,78.8,983.0,5075,2006-08-25 18:00:00
EPAC,200610E,-117.3,22.0,2006082521,60.0,78.8,985.0,5076,2006-08-25 21:00:00
EPAC,200610E,-117.6,22.1,2006082600,55.0,78.8,987.0,5077,2006-08-26 00:00:00
EPAC,200610E,-118.9,22.7,2006082615,48.0,61.3,994.0,5078,2006-08-26 15:00:00
EPAC,200610E,-119.1,22.8,2006082618,45.0,55.0,995.0,5079,2006-08-26 18:00:00
EPAC,200610E,-119.3,23.0,2006082621,43.0,47.5,997.0,5080,2006-08-26 21:00:00
EPAC,200610E,-119.5,23.1,2006082700,40.0,40.0,998.0,5081,2006-08-27 00:00:00
EPAC,200610E,-120.8,23.6,2006082715,30.0,0.0,1004.0,5082,2006-08-27 15:00:00
EPAC,200610E,-121.1,23.7,2006082718,30.0,0.0,1004.0,5083,2006-08-27 18:00:00
EPAC,200610E,-121.3,23.8,2006082721,28.0,0.0,1005.0,5084,2006-08-27 21:00:00
EPAC,200610E,-121.6,23.8,2006082800,25.0,0.0,1005.0,5085,2006-08-28 00:00:00
EPAC,200610E,-122.4,23.9,2006082815,25.0,0.0,1008.0,5086,2006-08-28 15:00:00
EPAC,200610E,-122.6,23.9,2006082818,25.0,0.0,1008.0,5087,2006-08-28 18:00:00
EPAC,200610E,-122.7,23.9,2006082821,23.0,0.0,1009.0,5088,2006-08-28 21:00:00
EPAC,200610E,-122.8,23.8,2006082900,20.0,0.0,1009.0,5089,2006-08-29 00:00:00
ATLN,200610L,-52.6,26.1,2006092718,30.0,0.0,1012.0,2311,2006-09-27 18:00:00
ATLN,200610L,-54.5,28.3,2006092815,40.0,52.5,1006.0,2312,2006-09-28 15:00:00
ATLN,200610L,-54.6,28.6,2006092818,40.0,61.2,1006.0,2313,2006-09-28 18:00:00
ATLN,200610L,-54.8,28.8,2006092821,40.0,73.1,1006.0,2314,2006-09-28 21:00:00
ATLN,200610L,-55.8,29.2,2006092912,45.0,86.2,1003.0,2315,2006-09-29 12:00:00
ATLN,200610L,-56.8,29.6,2006092921,55.0,86.2,998.0,2316,2006-09-29 21:00:00
ATLN,200610L,-58.9,31.0,2006093015,68.0,87.5,990.0,2317,2006-09-30 15:00:00
ATLN,200610L,-60.3,33.8,2006100112,70.0,105.0,986.0,2318,2006-10-01 12:00:00
ATLN,200610L,-60.3,34.5,2006100115,70.0,105.0,986.0,2319,2006-10-01 15:00:00
ATLN,200610L,-60.3,35.2,2006100118,70.0,105.0,987.0,2320,2006-10-01 18:00:00
ATLN,200610L,-60.0,36.2,2006100121,68.0,111.9,988.0,2321,2006-10-01 21:00:00
ATLN,200610L,-56.2,42.5,2006100212,60.0,143.8,990.0,2322,2006-10-02 12:00:00
ATLN,200610L,-55.0,44.0,2006100215,58.0,140.6,992.0,2323,2006-10-02 15:00:00
ATLN,200610L,-53.7,45.5,2006100218,55.0,137.5,995.0,2324,2006-10-02 18:00:00
ATLN,200610L,-52.4,46.5,2006100221,55.0,131.2,996.0,2325,2006-10-02 21:00:00
ATLN,200610L,-47.0,49.5,2006100312,35.0,57.5,1000.0,2326,2006-10-03 12:00:00
WPAC,200610W,125.0,23.2,2006080800,45.0,58.8,991.0,8687,2006-08-08 00:00:00
WPAC,200610W,124.4,23.3,2006080803,45.0,58.8,991.0,8688,2006-08-08 03:00:00
WPAC,200610W,123.8,23.4,2006080806,45.0,58.8,991.0,8689,2006-08-08 06:00:00
WPAC,200610W,123.2,23.3,2006080809,48.0,58.8,989.0,8690,2006-08-08 09:00:00
WPAC,200610W,119.8,22.8,2006080900,45.0,58.8,991.0,8691,2006-08-09 00:00:00
WPAC,200610W,119.2,22.9,2006080903,43.0,58.8,993.0,8692,2006-08-09 03:00:00
WPAC,200610W,118.6,22.9,2006080906,40.0,58.8,994.0,8693,2006-08-09 06:00:00
WPAC,200610W,118.2,22.6,2006080909,38.0,29.4,996.0,8694,2006-08-09 09:00:00
WPAC,200610W,116.5,21.5,2006081003,25.0,0.0,1001.0,8695,2006-08-10 03:00:00
WPAC,200610W,116.3,21.5,2006081006,25.0,0.0,1000.0,8696,2006-08-10 06:00:00
WPAC,200610W,115.9,21.6,2006081009,25.0,0.0,1001.0,8697,2006-08-10 09:00:00
EPAC,200611E,-94.6,12.3,2006082800,25.0,0.0,1005.0,5090,2006-08-28 00:00:00
EPAC,200611E,-95.9,13.3,2006082815,38.0,60.0,1003.0,5091,2006-08-28 15:00:00
EPAC,200611E,-96.3,13.5,2006082818,40.0,60.0,1002.0,5092,2006-08-28 18:00:00
EPAC,200611E,-96.6,13.6,2006082821,45.0,61.9,1000.0,5093,2006-08-28 21:00:00
EPAC,200611E,-96.9,13.7,2006082900,50.0,63.8,997.0,5094,2006-08-29 00:00:00
EPAC,200611E,-98.8,14.1,2006082915,85.0,86.3,973.0,5095,2006-08-29 15:00:00
EPAC,200611E,-99.2,14.2,2006082918,95.0,100.0,965.0,5096,2006-08-29 18:00:00
EPAC,200611E,-99.6,14.6,2006082921,98.0,102.5,964.0,5097,2006-08-29 21:00:00
EPAC,200611E,-100.0,14.9,2006083000,100.0,105.0,962.0,5098,2006-08-30 00:00:00
EPAC,200611E,-102.2,16.4,2006083015,115.0,108.8,949.0,5099,2006-08-30 15:00:00
EPAC,200611E,-102.7,16.9,2006083018,115.0,105.0,948.0,5100,2006-08-30 18:00:00
EPAC,200611E,-103.3,17.3,2006083021,113.0,105.0,949.0,5101,2006-08-30 21:00:00
EPAC,200611E,-104.0,17.6,2006083100,110.0,105.0,950.0,5102,2006-08-31 00:00:00
EPAC,200611E,-106.3,19.6,2006083115,95.0,82.5,964.0,5103,2006-08-31 15:00:00
EPAC,200611E,-106.7,20.2,2006083118,90.0,82.5,968.0,5104,2006-08-31 18:00:00
EPAC,200611E,-107.2,20.6,2006083121,90.0,82.5,968.0,5105,2006-08-31 21:00:00
EPAC,200611E,-107.6,21.0,2006090100,90.0,82.5,968.0,5106,2006-09-01 00:00:00
EPAC,200611E,-108.8,22.0,2006090115,98.0,65.6,957.0,5107,2006-09-01 15:00:00
EPAC,200611E,-108.9,22.4,2006090118,95.0,48.8,958.0,5108,2006-09-01 18:00:00
EPAC,200611E,-109.2,23.2,2006090200,95.0,48.8,958.0,5109,2006-09-02 00:00:00
EPAC,200611E,-110.8,24.5,2006090215,65.0,47.5,980.0,5110,2006-09-02 15:00:00
EPAC,200611E,-111.0,24.8,2006090218,60.0,47.5,985.0,5111,2006-09-02 18:00:00
EPAC,200611E,-111.2,25.1,2006090221,55.0,47.5,987.0,5112,2006-09-02 21:00:00
EPAC,200611E,-111.4,25.4,2006090300,50.0,47.5,988.0,5113,2006-09-03 00:00:00
EPAC,200611E,-112.4,27.0,2006090315,38.0,45.6,994.0,5114,2006-09-03 15:00:00
EPAC,200611E,-112.5,27.4,2006090318,35.0,40.0,996.0,5115,2006-09-03 18:00:00
EPAC,200611E,-112.7,27.6,2006090321,33.0,20.0,999.0,5116,2006-09-03 21:00:00
EPAC,200611E,-112.9,27.9,2006090400,30.0,0.0,1002.0,5117,2006-09-04 00:00:00
WPAC,200611W,139.6,24.1,2006081221,33.0,0.0,998.0,8698,2006-08-12 21:00:00
WPAC,200611W,137.9,26.3,2006081321,43.0,60.0,993.0,8699,2006-08-13 21:00:00
WPAC,200611W,138.2,27.9,2006081421,50.0,86.2,987.0,8700,2006-08-14 21:00:00
WPAC,200611W,138.4,28.3,2006081500,50.0,97.5,987.0,8701,2006-08-15 00:00:00
WPAC,200611W,136.1,29.8,2006081521,45.0,103.8,991.0,8702,2006-08-15 21:00:00
WPAC,200611W,130.9,32.2,2006081721,50.0,60.0,988.0,8703,2006-08-17 21:00:00
WPAC,200611W,130.4,34.2,2006081821,28.0,0.0,998.0,8704,2006-08-18 21:00:00
EPAC,200612E,-114.0,16.0,2006083000,30.0,0.0,1007.0,5118,2006-08-30 00:00:00
EPAC,200612E,-115.1,16.6,2006083015,53.0,45.0,997.0,5119,2006-08-30 15:00:00
EPAC,200612E,-115.2,16.7,2006083018,55.0,45.0,994.0,5120,2006-08-30 18:00:00
EPAC,200612E,-115.3,16.9,2006083021,58.0,45.0,992.0,5121,2006-08-30 21:00:00
EPAC,200612E,-115.5,17.0,2006083100,60.0,45.0,990.0,5122,2006-08-31 00:00:00
EPAC,200612E,-116.7,18.0,2006083115,68.0,53.8,986.0,5123,2006-08-31 15:00:00
EPAC,200612E,-116.9,18.2,2006083118,65.0,47.5,987.0,5124,2006-08-31 18:00:00
EPAC,200612E,-117.2,18.4,2006083121,65.0,46.3,989.0,5125,2006-08-31 21:00:00
EPAC,200612E,-117.4,18.7,2006090100,65.0,45.0,990.0,5126,2006-09-01 00:00:00
EPAC,200612E,-118.4,19.0,2006090115,48.0,37.5,997.0,5127,2006-09-01 15:00:00
EPAC,200612E,-118.6,19.0,2006090118,45.0,37.5,998.0,5128,2006-09-01 18:00:00
EPAC,200612E,-118.7,19.0,2006090121,43.0,37.5,1001.0,5129,2006-09-01 21:00:00
EPAC,200612E,-118.7,19.0,2006090200,40.0,37.5,1003.0,5130,2006-09-02 00:00:00
EPAC,200612E,-118.8,18.5,2006090215,33.0,15.0,1006.0,5131,2006-09-02 15:00:00
EPAC,200612E,-118.7,18.4,2006090218,30.0,0.0,1007.0,5132,2006-09-02 18:00:00
EPAC,200612E,-118.6,18.4,2006090221,30.0,0.0,1008.0,5133,2006-09-02 21:00:00
EPAC,200612E,-118.5,18.3,2006090300,30.0,0.0,1009.0,5134,2006-09-03 00:00:00
EPAC,200612E,-118.1,18.0,2006090315,33.0,16.9,1007.0,5135,2006-09-03 15:00:00
EPAC,200612E,-118.1,17.8,2006090318,35.0,33.8,1005.0,5136,2006-09-03 18:00:00
EPAC,200612E,-118.2,17.8,2006090321,35.0,31.9,1006.0,5137,2006-09-03 21:00:00
EPAC,200612E,-118.3,17.7,2006090400,35.0,30.0,1006.0,5138,2006-09-04 00:00:00
EPAC,200612E,-118.9,16.6,2006090415,30.0,0.0,1007.0,5139,2006-09-04 15:00:00
EPAC,200612E,-119.1,16.4,2006090418,30.0,0.0,1007.0,5140,2006-09-04 18:00:00
EPAC,200612E,-119.3,16.3,2006090421,30.0,0.0,1007.0,5141,2006-09-04 21:00:00
EPAC,200612E,-119.5,16.2,2006090500,30.0,0.0,1007.0,5142,2006-09-05 00:00:00
EPAC,200612E,-121.7,16.4,2006090515,35.0,31.9,1004.0,5143,2006-09-05 15:00:00
EPAC,200612E,-122.3,16.5,2006090518,35.0,41.3,1003.0,5144,2006-09-05 18:00:00
EPAC,200612E,-123.5,16.5,2006090600,35.0,41.3,1004.0,5145,2006-09-06 00:00:00
EPAC,200612E,-126.7,16.5,2006090615,30.0,0.0,1007.0,5146,2006-09-06 15:00:00
EPAC,200612E,-127.3,16.5,2006090618,30.0,0.0,1007.0,5147,2006-09-06 18:00:00
EPAC,200612E,-127.8,16.4,2006090621,30.0,0.0,1007.0,5148,2006-09-06 21:00:00
EPAC,200612E,-128.2,16.4,2006090700,30.0,0.0,1007.0,5149,2006-09-07 00:00:00
EPAC,200612E,-129.8,16.1,2006090715,25.0,0.0,1009.0,5150,2006-09-07 15:00:00
EPAC,200612E,-130.1,16.0,2006090718,25.0,0.0,1009.0,5151,2006-09-07 18:00:00
EPAC,200612E,-130.5,15.8,2006090721,25.0,0.0,1009.0,5152,2006-09-07 21:00:00
EPAC,200612E,-130.9,15.5,2006090800,25.0,0.0,1009.0,5153,2006-09-08 00:00:00
EPAC,200612E,-131.9,15.0,2006090815,20.0,0.0,1009.0,5154,2006-09-08 15:00:00
EPAC,200612E,-131.9,15.0,2006090818,20.0,0.0,1009.0,5155,2006-09-08 18:00:00
EPAC,200612E,-132.0,15.0,2006090900,20.0,0.0,1009.0,5156,2006-09-09 00:00:00
EPAC,200613E,-101.3,15.9,2006091321,30.0,0.0,1006.0,5157,2006-09-13 21:00:00
EPAC,200613E,-101.7,16.2,2006091400,30.0,0.0,1005.0,5158,2006-09-14 00:00:00
EPAC,200613E,-104.0,17.4,2006091415,43.0,86.3,998.0,5159,2006-09-14 15:00:00
EPAC,200613E,-104.4,17.6,2006091418,45.0,82.5,997.0,5160,2006-09-14 18:00:00
EPAC,200613E,-104.7,17.8,2006091421,48.0,84.4,997.0,5161,2006-09-14 21:00:00
EPAC,200613E,-105.0,18.0,2006091500,50.0,86.3,997.0,5162,2006-09-15 00:00:00
EPAC,200613E,-106.2,19.8,2006091515,70.0,73.1,986.0,5163,2006-09-15 15:00:00
EPAC,200613E,-106.3,20.3,2006091518,75.0,71.3,985.0,5164,2006-09-15 18:00:00
EPAC,200613E,-106.4,20.8,2006091521,83.0,82.5,980.0,5165,2006-09-15 21:00:00
EPAC,200613E,-106.6,21.3,2006091600,90.0,93.8,975.0,5166,2006-09-16 00:00:00
EPAC,200613E,-107.2,23.6,2006091615,110.0,92.5,953.0,5167,2006-09-16 15:00:00
EPAC,200613E,-107.2,24.0,2006091618,110.0,91.3,954.0,5168,2006-09-16 18:00:00
EPAC,200613E,-107.3,24.4,2006091621,88.0,80.0,966.0,5169,2006-09-16 21:00:00
EPAC,200613E,-107.3,24.7,2006091700,65.0,68.8,978.0,5170,2006-09-17 00:00:00
WPAC,200613W,109.3,17.6,2006082206,20.0,0.0,1002.0,8705,2006-08-22 06:00:00
WPAC,200613W,109.7,17.5,2006082209,20.0,0.0,1002.0,8706,2006-08-22 09:00:00
WPAC,200613W,111.3,17.3,2006082300,20.0,0.0,1002.0,8707,2006-08-23 00:00:00
WPAC,200613W,111.6,17.6,2006082303,20.0,0.0,1002.0,8708,2006-08-23 03:00:00
WPAC,200613W,111.9,17.9,2006082306,20.0,0.0,1002.0,8709,2006-08-23 06:00:00
WPAC,200613W,112.1,18.2,2006082309,20.0,0.0,1002.0,8710,2006-08-23 09:00:00
WPAC,200613W,112.9,19.6,2006082400,20.0,0.0,1003.0,8711,2006-08-24 00:00:00
WPAC,200613W,113.0,20.0,2006082403,20.0,0.0,1004.0,8712,2006-08-24 03:00:00
WPAC,200613W,113.0,20.3,2006082406,20.0,0.0,1004.0,8713,2006-08-24 06:00:00
WPAC,200613W,113.0,20.6,2006082409,20.0,0.0,1004.0,8714,2006-08-24 09:00:00
WPAC,200613W,112.2,22.0,2006082500,25.0,0.0,1002.0,8715,2006-08-25 00:00:00
WPAC,200613W,111.9,22.2,2006082503,25.0,0.0,1002.0,8716,2006-08-25 03:00:00
WPAC,200613W,111.6,22.5,2006082506,25.0,0.0,1002.0,8717,2006-08-25 06:00:00
EPAC,200614E,-115.0,17.3,2006091600,25.0,0.0,1006.0,5171,2006-09-16 00:00:00
EPAC,200614E,-114.3,17.9,2006091615,35.0,22.5,1002.0,5172,2006-09-16 15:00:00
EPAC,200614E,-114.2,18.1,2006091618,35.0,30.0,1001.0,5173,2006-09-16 18:00:00
EPAC,200614E,-114.2,18.3,2006091621,38.0,30.0,1000.0,5174,2006-09-16 21:00:00
EPAC,200614E,-114.1,18.5,2006091700,40.0,30.0,999.0,5175,2006-09-17 00:00:00
EPAC,200614E,-113.8,18.9,2006091715,38.0,37.5,1001.0,5176,2006-09-17 15:00:00
EPAC,200614E,-113.8,19.0,2006091718,35.0,37.5,1001.0,5177,2006-09-17 18:00:00
EPAC,200614E,-113.8,19.1,2006091721,35.0,28.1,1001.0,5178,2006-09-17 21:00:00
EPAC,200614E,-113.7,19.1,2006091800,35.0,18.8,1001.0,5179,2006-09-18 00:00:00
EPAC,200614E,-113.7,20.1,2006091815,25.0,0.0,1004.0,5180,2006-09-18 15:00:00
EPAC,200614E,-113.7,20.3,2006091818,25.0,0.0,1004.0,5181,2006-09-18 18:00:00
EPAC,200614E,-113.8,20.5,2006091821,25.0,0.0,1005.0,5182,2006-09-18 21:00:00
EPAC,200614E,-113.9,20.7,2006091900,25.0,0.0,1005.0,5183,2006-09-19 00:00:00
EPAC,200614E,-114.7,22.1,2006091915,25.0,0.0,1007.0,5184,2006-09-19 15:00:00
EPAC,200614E,-114.8,22.5,2006091918,25.0,0.0,1007.0,5185,2006-09-19 18:00:00
EPAC,200614E,-114.9,23.2,2006092000,25.0,0.0,1007.0,5186,2006-09-20 00:00:00
EPAC,200614E,-114.1,24.1,2006092015,23.0,0.0,1007.0,5187,2006-09-20 15:00:00
EPAC,200614E,-113.8,24.3,2006092018,20.0,0.0,1007.0,5188,2006-09-20 18:00:00
EPAC,200614E,-113.2,24.4,2006092100,20.0,0.0,1008.0,5189,2006-09-21 00:00:00
WPAC,200614W,129.0,20.1,2006091300,90.0,140.0,954.0,8718,2006-09-13 00:00:00
WPAC,200614W,128.7,20.1,2006091303,88.0,137.5,956.0,8719,2006-09-13 03:00:00
WPAC,200614W,126.0,20.2,2006091400,75.0,135.0,967.0,8720,2006-09-14 00:00:00
WPAC,200614W,125.7,20.2,2006091403,80.0,138.1,963.0,8721,2006-09-14 03:00:00
WPAC,200614W,125.4,20.3,2006091406,85.0,141.2,958.0,8722,2006-09-14 06:00:00
WPAC,200614W,125.2,20.4,2006091409,85.0,141.2,958.0,8723,2006-09-14 09:00:00
WPAC,200614W,124.2,21.5,2006091500,100.0,138.8,944.0,8724,2006-09-15 00:00:00
WPAC,200614W,124.1,21.9,2006091503,108.0,145.0,936.0,8725,2006-09-15 03:00:00
WPAC,200614W,124.0,22.2,2006091506,115.0,151.2,927.0,8726,2006-09-15 06:00:00
WPAC,200614W,123.9,22.6,2006091509,118.0,153.8,925.0,8727,2006-09-15 09:00:00
WPAC,200614W,124.2,24.9,2006091600,120.0,158.8,922.0,8728,2006-09-16 00:00:00
WPAC,200614W,124.6,25.4,2006091603,118.0,158.8,925.0,8729,2006-09-16 03:00:00
WPAC,200614W,124.9,26.0,2006091606,115.0,158.8,927.0,8730,2006-09-16 06:00:00
WPAC,200614W,125.4,26.6,2006091609,113.0,153.1,930.0,8731,2006-09-16 09:00:00
WPAC,200614W,129.7,33.3,2006091709,70.0,135.0,972.0,8732,2006-09-17 09:00:00
EPAC,200615E,-117.2,14.2,2006100900,30.0,0.0,1006.0,5190,2006-10-09 00:00:00
EPAC,200615E,-117.8,15.7,2006100915,38.0,23.8,1003.0,5191,2006-10-09 15:00:00
EPAC,200615E,-117.8,15.9,2006100918,40.0,32.5,1002.0,5192,2006-10-09 18:00:00
EPAC,200615E,-117.8,16.1,2006100921,43.0,32.5,1001.0,5193,2006-10-09 21:00:00
EPAC,200615E,-117.9,16.2,2006101000,45.0,32.5,1000.0,5194,2006-10-10 00:00:00
EPAC,200615E,-118.0,16.6,2006101015,33.0,13.8,1004.0,5195,2006-10-10 15:00:00
EPAC,200615E,-117.9,16.6,2006101018,30.0,0.0,1004.0,5196,2006-10-10 18:00:00
EPAC,200615E,-117.6,16.6,2006101021,30.0,0.0,1005.0,5197,2006-10-10 21:00:00
EPAC,200615E,-117.3,16.7,2006101100,30.0,0.0,1005.0,5198,2006-10-11 00:00:00
EPAC,200615E,-115.5,16.9,2006101115,25.0,0.0,1006.0,5199,2006-10-11 15:00:00
EPAC,200615E,-115.2,17.0,2006101118,25.0,0.0,1006.0,5200,2006-10-11 18:00:00
EPAC,200615E,-114.9,16.9,2006101121,25.0,0.0,1006.0,5201,2006-10-11 21:00:00
EPAC,200615E,-114.6,16.9,2006101200,25.0,0.0,1006.0,5202,2006-10-12 00:00:00
EPAC,200615E,-112.9,16.1,2006101215,25.0,0.0,1006.0,5203,2006-10-12 15:00:00
EPAC,200615E,-112.6,15.9,2006101218,25.0,0.0,1006.0,5204,2006-10-12 18:00:00
EPAC,200615E,-112.4,15.8,2006101221,25.0,0.0,1006.0,5205,2006-10-12 21:00:00
EPAC,200615E,-112.2,15.7,2006101300,25.0,0.0,1006.0,5206,2006-10-13 00:00:00
EPAC,200615E,-111.0,14.9,2006101315,30.0,0.0,1005.0,5207,2006-10-13 15:00:00
EPAC,200615E,-110.6,14.8,2006101318,30.0,0.0,1005.0,5208,2006-10-13 18:00:00
EPAC,200615E,-109.7,14.7,2006101400,30.0,0.0,1005.0,5209,2006-10-14 00:00:00
EPAC,200615E,-105.1,14.9,2006101415,30.0,0.0,1005.0,5210,2006-10-14 15:00:00
EPAC,200615E,-104.3,15.3,2006101418,30.0,0.0,1004.0,5211,2006-10-14 18:00:00
EPAC,200615E,-103.6,16.4,2006101500,30.0,0.0,1002.0,5212,2006-10-15 00:00:00
EPAC,200615E,-104.3,18.5,2006101515,30.0,0.0,1001.0,5213,2006-10-15 15:00:00
EPAC,200615E,-104.6,18.8,2006101518,30.0,0.0,1000.0,5214,2006-10-15 18:00:00
WPAC,200615W,115.4,19.4,2006091206,30.0,0.0,1000.0,8733,2006-09-12 06:00:00
WPAC,200615W,115.1,19.9,2006091209,30.0,0.0,1000.0,8734,2006-09-12 09:00:00
WPAC,200615W,112.7,20.9,2006091300,30.0,0.0,1000.0,8735,2006-09-13 00:00:00
WPAC,200615W,112.2,21.1,2006091303,28.0,0.0,1001.0,8736,2006-09-13 03:00:00
WPAC,200615W,111.8,21.3,2006091306,25.0,0.0,1002.0,8737,2006-09-13 06:00:00
WPAC,200615W,111.3,21.5,2006091309,23.0,0.0,1003.0,8738,2006-09-13 09:00:00
EPAC,200616E,-127.7,12.8,2006100918,30.0,0.0,1005.0,5215,2006-10-09 18:00:00
EPAC,200616E,-127.7,13.1,2006100921,30.0,0.0,1005.0,5216,2006-10-09 21:00:00
EPAC,200616E,-127.7,13.3,2006101000,30.0,0.0,1005.0,5217,2006-10-10 00:00:00
EPAC,200616E,-126.9,14.9,2006101015,40.0,51.9,1001.0,5218,2006-10-10 15:00:00
EPAC,200616E,-126.5,15.4,2006101018,40.0,56.3,1000.0,5219,2006-10-10 18:00:00
EPAC,200616E,-126.1,15.8,2006101021,40.0,53.1,1001.0,5220,2006-10-10 21:00:00
EPAC,200616E,-125.7,16.2,2006101100,40.0,50.0,1001.0,5221,2006-10-11 00:00:00
EPAC,200616E,-124.3,17.0,2006101115,30.0,0.0,1005.0,5222,2006-10-11 15:00:00
EPAC,200616E,-123.9,17.1,2006101118,30.0,0.0,1005.0,5223,2006-10-11 18:00:00
EPAC,200616E,-123.5,17.2,2006101121,30.0,0.0,1006.0,5224,2006-10-11 21:00:00
EPAC,200616E,-123.1,17.3,2006101200,30.0,0.0,1006.0,5225,2006-10-12 00:00:00
EPAC,200616E,-121.1,17.6,2006101215,25.0,0.0,1008.0,5226,2006-10-12 15:00:00
EPAC,200616E,-120.6,17.6,2006101218,25.0,0.0,1008.0,5227,2006-10-12 18:00:00
EPAC,200616E,-120.3,17.5,2006101221,25.0,0.0,1008.0,5228,2006-10-12 21:00:00
EPAC,200616E,-119.9,17.3,2006101300,25.0,0.0,1008.0,5229,2006-10-13 00:00:00
EPAC,200616E,-118.2,16.6,2006101315,25.0,0.0,1008.0,5230,2006-10-13 15:00:00
EPAC,200616E,-117.8,16.5,2006101318,25.0,0.0,1008.0,5231,2006-10-13 18:00:00
EPAC,200616E,-117.3,16.4,2006101321,25.0,0.0,1008.0,5232,2006-10-13 21:00:00
EPAC,200616E,-116.8,16.2,2006101400,25.0,0.0,1008.0,5233,2006-10-14 00:00:00
EPAC,200616E,-113.7,15.1,2006101415,20.0,0.0,1009.0,5234,2006-10-14 15:00:00
EPAC,200616E,-113.0,14.8,2006101418,20.0,0.0,1009.0,5235,2006-10-14 18:00:00
WPAC,200616W,159.2,20.2,2006091821,70.0,91.2,972.0,8739,2006-09-18 21:00:00
WPAC,200616W,159.0,20.1,2006091900,75.0,92.5,967.0,8740,2006-09-19 00:00:00
WPAC,200616W,158.8,20.1,2006091903,83.0,101.9,961.0,8741,2006-09-19 03:00:00
WPAC,200616W,155.6,19.7,2006092000,115.0,110.0,927.0,8742,2006-09-20 00:00:00
WPAC,200616W,149.2,20.1,2006092100,120.0,120.0,922.0,8743,2006-09-21 00:00:00
WPAC,200616W,142.2,25.6,2006092209,130.0,130.0,910.0,8744,2006-09-22 09:00:00
WPAC,200616W,141.9,28.0,2006092221,110.0,126.2,933.0,8745,2006-09-22 21:00:00
WPAC,200616W,142.7,30.0,2006092306,95.0,123.8,949.0,8746,2006-09-23 06:00:00
WPAC,200616W,146.1,33.1,2006092321,80.0,123.1,963.0,8747,2006-09-23 21:00:00
WPAC,200616W,147.0,34.0,2006092400,75.0,122.5,967.0,8748,2006-09-24 00:00:00
WPAC,200616W,149.5,35.7,2006092406,75.0,122.5,967.0,8749,2006-09-24 06:00:00
WPAC,200616W,159.5,40.4,2006092500,50.0,122.5,987.0,8750,2006-09-25 00:00:00
WPAC,200616W,161.6,41.2,2006092503,48.0,122.5,989.0,8751,2006-09-25 03:00:00
WPAC,200616W,163.7,42.1,2006092506,45.0,122.5,991.0,8752,2006-09-25 06:00:00
EPAC,200617E,-107.0,15.8,2006102115,40.0,45.0,1001.0,5236,2006-10-21 15:00:00
EPAC,200617E,-107.4,15.8,2006102118,45.0,45.0,1000.0,5237,2006-10-21 18:00:00
EPAC,200617E,-107.8,15.8,2006102121,45.0,45.0,1000.0,5238,2006-10-21 21:00:00
EPAC,200617E,-108.1,15.8,2006102200,45.0,45.0,1000.0,5239,2006-10-22 00:00:00
EPAC,200617E,-109.8,15.8,2006102215,50.0,50.0,997.0,5240,2006-10-22 15:00:00
EPAC,200617E,-110.2,15.8,2006102218,55.0,55.0,994.0,5241,2006-10-22 18:00:00
EPAC,200617E,-110.5,15.9,2006102221,65.0,60.0,987.0,5242,2006-10-22 21:00:00
EPAC,200617E,-110.8,15.9,2006102300,75.0,65.0,980.0,5243,2006-10-23 00:00:00
EPAC,200617E,-111.5,16.5,2006102315,85.0,70.0,974.0,5244,2006-10-23 15:00:00
EPAC,200617E,-111.6,16.7,2006102318,80.0,62.5,978.0,5245,2006-10-23 18:00:00
EPAC,200617E,-111.7,17.0,2006102321,78.0,62.5,979.0,5246,2006-10-23 21:00:00
EPAC,200617E,-111.8,17.3,2006102400,75.0,62.5,979.0,5247,2006-10-24 00:00:00
EPAC,200617E,-111.7,19.3,2006102415,50.0,47.5,995.0,5248,2006-10-24 15:00:00
EPAC,200617E,-111.5,19.8,2006102418,45.0,41.3,998.0,5249,2006-10-24 18:00:00
EPAC,200617E,-111.3,20.3,2006102421,43.0,39.4,999.0,5250,2006-10-24 21:00:00
EPAC,200617E,-111.0,20.8,2006102500,40.0,37.5,1000.0,5251,2006-10-25 00:00:00
EPAC,200617E,-108.7,23.1,2006102515,38.0,33.8,1002.0,5252,2006-10-25 15:00:00
EPAC,200617E,-108.1,23.7,2006102518,35.0,33.8,1003.0,5253,2006-10-25 18:00:00
EPAC,200617E,-108.1,24.1,2006102521,30.0,16.9,1004.0,5254,2006-10-25 21:00:00
EPAC,200617E,-108.1,24.5,2006102600,25.0,0.0,1005.0,5255,2006-10-26 00:00:00
WPAC,200617W,114.7,13.5,2006092200,15.0,0.0,1006.0,8753,2006-09-22 00:00:00
WPAC,200617W,114.5,13.5,2006092203,18.0,0.0,1005.0,8754,2006-09-22 03:00:00
WPAC,200617W,114.0,13.4,2006092209,20.0,0.0,1004.0,8755,2006-09-22 09:00:00
WPAC,200617W,112.4,13.8,2006092300,25.0,0.0,1002.0,8756,2006-09-23 00:00:00
WPAC,200617W,112.1,14.1,2006092303,28.0,0.0,1001.0,8757,2006-09-23 03:00:00
WPAC,200617W,111.7,14.3,2006092306,30.0,0.0,1000.0,8758,2006-09-23 06:00:00
WPAC,200617W,111.4,14.6,2006092309,30.0,0.0,1000.0,8759,2006-09-23 09:00:00
WPAC,200617W,110.4,16.0,2006092400,30.0,0.0,1000.0,8760,2006-09-24 00:00:00
WPAC,200617W,110.0,16.1,2006092403,30.0,0.0,1000.0,8761,2006-09-24 03:00:00
WPAC,200617W,109.6,16.3,2006092406,30.0,0.0,1000.0,8762,2006-09-24 06:00:00
WPAC,200617W,109.2,16.5,2006092409,30.0,0.0,1000.0,8763,2006-09-24 09:00:00
WPAC,200617W,107.2,17.1,2006092500,20.0,0.0,1004.0,8764,2006-09-25 00:00:00
EPAC,200618E,-104.1,16.8,2006102615,30.0,0.0,1008.0,5256,2006-10-26 15:00:00
EPAC,200618E,-104.3,16.8,2006102618,30.0,0.0,1007.0,5257,2006-10-26 18:00:00
EPAC,200618E,-104.5,16.8,2006102621,30.0,0.0,1007.0,5258,2006-10-26 21:00:00
EPAC,200618E,-104.7,16.7,2006102700,30.0,0.0,1007.0,5259,2006-10-27 00:00:00
EPAC,200618E,-105.3,15.9,2006102715,25.0,0.0,1009.0,5260,2006-10-27 15:00:00
EPAC,200618E,-105.5,15.7,2006102718,25.0,0.0,1009.0,5261,2006-10-27 18:00:00
EPAC,200618E,-105.7,15.8,2006102721,23.0,0.0,1010.0,5262,2006-10-27 21:00:00
EPAC,200618E,-105.8,15.8,2006102800,20.0,0.0,1010.0,5263,2006-10-28 00:00:00
EPAC,200618E,-107.3,16.0,2006102815,20.0,0.0,1010.0,5264,2006-10-28 15:00:00
EPAC,200618E,-107.7,16.0,2006102818,20.0,0.0,1010.0,5265,2006-10-28 18:00:00
EPAC,200618E,-108.2,16.0,2006102821,20.0,0.0,1010.0,5266,2006-10-28 21:00:00
EPAC,200618E,-108.7,16.0,2006102900,20.0,0.0,1010.0,5267,2006-10-29 00:00:00
WPAC,200618W,127.6,11.8,2006092600,35.0,0.0,997.0,8765,2006-09-26 00:00:00
WPAC,200618W,127.4,11.9,2006092603,40.0,57.5,994.0,8766,2006-09-26 03:00:00
WPAC,200618W,127.3,11.9,2006092606,45.0,115.0,991.0,8767,2006-09-26 06:00:00
WPAC,200618W,127.0,12.0,2006092609,50.0,120.0,988.0,8768,2006-09-26 09:00:00
WPAC,200618W,125.5,12.4,2006092700,90.0,120.0,954.0,8769,2006-09-27 00:00:00
WPAC,200618W,125.1,12.6,2006092703,103.0,128.8,941.0,8770,2006-09-27 03:00:00
WPAC,200618W,124.7,12.8,2006092706,115.0,137.5,927.0,8771,2006-09-27 06:00:00
WPAC,200618W,124.2,13.0,2006092709,120.0,141.9,922.0,8772,2006-09-27 09:00:00
WPAC,200618W,121.6,14.1,2006092800,110.0,128.8,933.0,8773,2006-09-28 00:00:00
WPAC,200618W,121.0,14.4,2006092803,108.0,118.1,936.0,8774,2006-09-28 03:00:00
WPAC,200618W,120.5,14.8,2006092806,105.0,107.5,938.0,8775,2006-09-28 06:00:00
WPAC,200618W,120.0,14.9,2006092809,103.0,98.8,941.0,8776,2006-09-28 09:00:00
WPAC,200618W,116.6,15.2,2006092900,105.0,96.2,938.0,8777,2006-09-29 00:00:00
WPAC,200618W,116.0,15.3,2006092903,105.0,96.2,938.0,8778,2006-09-29 03:00:00
WPAC,200618W,115.5,15.4,2006092906,105.0,96.2,938.0,8779,2006-09-29 06:00:00
WPAC,200618W,115.0,15.5,2006092909,108.0,96.2,936.0,8780,2006-09-29 09:00:00
WPAC,200618W,112.3,15.5,2006093000,115.0,105.0,927.0,8781,2006-09-30 00:00:00
WPAC,200618W,111.8,15.6,2006093003,115.0,105.0,927.0,8782,2006-09-30 03:00:00
WPAC,200618W,111.4,15.7,2006093006,115.0,105.0,927.0,8783,2006-09-30 06:00:00
WPAC,200618W,111.0,15.8,2006093009,113.0,100.0,930.0,8784,2006-09-30 09:00:00
WPAC,200618W,108.6,16.0,2006100100,85.0,97.5,958.0,8785,2006-10-01 00:00:00
WPAC,200618W,108.0,15.8,2006100103,80.0,97.5,963.0,8786,2006-10-01 03:00:00
WPAC,200618W,107.4,15.7,2006100106,75.0,97.5,967.0,8787,2006-10-01 06:00:00
WPAC,200618W,106.8,15.6,2006100109,65.0,97.5,976.0,8788,2006-10-01 09:00:00
WPAC,200618W,104.0,15.1,2006100200,35.0,97.5,997.0,8789,2006-10-02 00:00:00
EPAC,200619E,-104.3,13.6,2006110815,30.0,0.0,1004.0,5268,2006-11-08 15:00:00
EPAC,200619E,-104.5,13.8,2006110818,30.0,0.0,1004.0,5269,2006-11-08 18:00:00
EPAC,200619E,-104.7,14.1,2006110821,30.0,0.0,1004.0,5270,2006-11-08 21:00:00
EPAC,200619E,-104.9,14.3,2006110900,30.0,0.0,1004.0,5271,2006-11-09 00:00:00
EPAC,200619E,-105.5,15.2,2006110915,35.0,33.8,1002.0,5272,2006-11-09 15:00:00
EPAC,200619E,-105.5,15.3,2006110918,35.0,33.8,1002.0,5273,2006-11-09 18:00:00
EPAC,200619E,-105.6,15.4,2006110921,33.0,16.9,1003.0,5274,2006-11-09 21:00:00
EPAC,200619E,-105.6,15.5,2006111000,30.0,0.0,1004.0,5275,2006-11-10 00:00:00
EPAC,200619E,-106.1,15.9,2006111015,25.0,0.0,1007.0,5276,2006-11-10 15:00:00
EPAC,200619E,-106.3,16.0,2006111018,25.0,0.0,1007.0,5277,2006-11-10 18:00:00
WPAC,200619W,138.7,29.2,2006100600,25.0,0.0,1002.0,8790,2006-10-06 00:00:00
EPAC,200620E,-112.3,13.1,2006111100,30.0,0.0,1007.0,5278,2006-11-11 00:00:00
WPAC,200620W,153.6,21.3,2006100321,20.0,0.0,1001.0,8791,2006-10-03 21:00:00
WPAC,200620W,152.2,22.8,2006100421,25.0,0.0,1002.0,8792,2006-10-04 21:00:00
WPAC,200620W,151.4,25.6,2006100521,28.0,0.0,1001.0,8793,2006-10-05 21:00:00
WPAC,200620W,151.4,26.7,2006100600,25.0,0.0,1002.0,8794,2006-10-06 00:00:00
EPAC,200621E,-103.6,12.3,2006111318,25.0,0.0,1009.0,5279,2006-11-13 18:00:00
EPAC,200621E,-104.0,12.7,2006111400,25.0,0.0,1008.0,5280,2006-11-14 00:00:00
EPAC,200621E,-104.4,13.0,2006111415,43.0,23.1,1003.0,5281,2006-11-14 15:00:00
EPAC,200621E,-104.5,13.0,2006111418,50.0,27.5,1000.0,5282,2006-11-14 18:00:00
EPAC,200621E,-103.8,12.2,2006111515,88.0,70.0,975.0,5283,2006-11-15 15:00:00
EPAC,200621E,-103.7,12.0,2006111518,95.0,80.0,965.0,5284,2006-11-15 18:00:00
EPAC,200621E,-103.5,12.1,2006111521,93.0,80.0,968.0,5285,2006-11-15 21:00:00
EPAC,200621E,-103.3,12.1,2006111600,90.0,80.0,970.0,5286,2006-11-16 00:00:00
EPAC,200621E,-102.8,13.0,2006111615,78.0,78.8,978.0,5287,2006-11-16 15:00:00
EPAC,200621E,-102.8,13.2,2006111618,70.0,77.5,980.0,5288,2006-11-16 18:00:00
EPAC,200621E,-102.8,13.4,2006111621,70.0,77.5,981.0,5289,2006-11-16 21:00:00
EPAC,200621E,-102.8,13.5,2006111700,70.0,77.5,982.0,5290,2006-11-17 00:00:00
EPAC,200621E,-102.6,13.9,2006111715,45.0,65.0,1000.0,5291,2006-11-17 15:00:00
EPAC,200621E,-102.6,14.0,2006111718,40.0,52.5,1002.0,5292,2006-11-17 18:00:00
EPAC,200621E,-102.8,14.2,2006111721,40.0,52.5,1002.0,5293,2006-11-17 21:00:00
EPAC,200621E,-102.9,14.3,2006111800,40.0,52.5,1002.0,5294,2006-11-18 00:00:00
EPAC,200621E,-104.1,15.2,2006111815,45.0,36.9,1000.0,5295,2006-11-18 15:00:00
EPAC,200621E,-104.4,15.3,2006111818,45.0,32.5,1000.0,5296,2006-11-18 18:00:00
EPAC,200621E,-104.7,15.4,2006111821,43.0,30.0,1001.0,5297,2006-11-18 21:00:00
EPAC,200621E,-104.9,15.5,2006111900,40.0,27.5,1002.0,5298,2006-11-19 00:00:00
EPAC,200621E,-105.6,15.3,2006111915,35.0,20.0,1005.0,5299,2006-11-19 15:00:00
EPAC,200621E,-105.8,15.2,2006111918,35.0,20.0,1005.0,5300,2006-11-19 18:00:00
EPAC,200621E,-106.0,15.1,2006111921,33.0,10.0,1005.0,5301,2006-11-19 21:00:00
EPAC,200621E,-106.2,15.0,2006112000,30.0,0.0,1005.0,5302,2006-11-20 00:00:00
EPAC,200621E,-107.3,14.8,2006112015,28.0,0.0,1006.0,5303,2006-11-20 15:00:00
EPAC,200621E,-107.6,14.8,2006112018,25.0,0.0,1006.0,5304,2006-11-20 18:00:00
WPAC,200621W,146.5,19.9,2006101100,55.0,95.0,984.0,8795,2006-10-11 00:00:00
WPAC,200621W,141.9,21.8,2006101121,60.0,107.5,980.0,8796,2006-10-11 21:00:00
WPAC,200621W,140.8,23.5,2006101221,73.0,125.0,970.0,8797,2006-10-12 21:00:00
WPAC,200621W,141.1,24.4,2006101321,90.0,137.5,954.0,8798,2006-10-13 21:00:00
WPAC,200621W,140.9,24.9,2006101406,90.0,141.2,954.0,8799,2006-10-14 06:00:00
WPAC,200621W,141.2,26.9,2006101421,75.0,142.5,967.0,8800,2006-10-14 21:00:00
WPAC,200621W,147.1,32.8,2006101521,48.0,128.8,989.0,8801,2006-10-15 21:00:00
WPAC,200621W,148.6,33.4,2006101600,45.0,128.8,991.0,8802,2006-10-16 00:00:00
WPAC,200621W,153.2,35.9,2006101606,45.0,128.8,991.0,8803,2006-10-16 06:00:00
WPAC,200622W,128.1,14.3,2006102800,60.0,71.2,980.0,8804,2006-10-28 00:00:00
WPAC,200622W,127.7,14.5,2006102803,65.0,76.2,976.0,8805,2006-10-28 03:00:00
WPAC,200622W,127.2,14.7,2006102806,70.0,81.2,972.0,8806,2006-10-28 06:00:00
WPAC,200622W,126.8,15.0,2006102809,80.0,88.8,963.0,8807,2006-10-28 09:00:00
WPAC,200622W,124.0,16.1,2006102903,130.0,121.9,910.0,8808,2006-10-29 03:00:00
WPAC,200622W,123.5,16.2,2006102906,140.0,131.2,898.0,8809,2006-10-29 06:00:00
WPAC,200622W,123.0,16.3,2006102909,140.0,126.9,898.0,8810,2006-10-29 09:00:00
WPAC,200622W,120.1,16.9,2006103000,95.0,90.0,949.0,8811,2006-10-30 00:00:00
WPAC,200622W,119.6,16.9,2006103003,93.0,96.9,952.0,8812,2006-10-30 03:00:00
WPAC,200622W,119.1,16.9,2006103006,90.0,103.8,954.0,8813,2006-10-30 06:00:00
WPAC,200622W,118.9,16.8,2006103009,90.0,104.4,954.0,8814,2006-10-30 09:00:00
WPAC,200622W,117.4,17.6,2006103100,90.0,106.2,954.0,8815,2006-10-31 00:00:00
WPAC,200622W,117.1,17.7,2006103103,90.0,105.6,954.0,8816,2006-10-31 03:00:00
WPAC,200622W,116.8,17.8,2006103106,90.0,105.0,954.0,8817,2006-10-31 06:00:00
WPAC,200622W,116.7,18.0,2006103109,93.0,104.4,952.0,8818,2006-10-31 09:00:00
WPAC,200622W,116.2,18.7,2006110100,100.0,113.8,944.0,8819,2006-11-01 00:00:00
WPAC,200622W,116.2,18.8,2006110103,105.0,115.6,939.0,8820,2006-11-01 03:00:00
WPAC,200622W,116.3,18.8,2006110106,110.0,117.5,933.0,8821,2006-11-01 06:00:00
WPAC,200622W,116.4,18.9,2006110109,108.0,117.5,936.0,8822,2006-11-01 09:00:00
WPAC,200622W,116.7,18.7,2006110200,75.0,112.5,967.0,8823,2006-11-02 00:00:00
WPAC,200622W,116.8,18.6,2006110203,70.0,111.2,972.0,8824,2006-11-02 03:00:00
WPAC,200622W,116.8,18.5,2006110206,65.0,110.0,976.0,8825,2006-11-02 06:00:00
WPAC,200622W,116.7,18.4,2006110209,63.0,101.2,978.0,8826,2006-11-02 09:00:00
WPAC,200622W,116.2,17.6,2006110300,50.0,92.5,987.0,8827,2006-11-03 00:00:00
WPAC,200622W,116.3,17.5,2006110303,48.0,83.8,989.0,8828,2006-11-03 03:00:00
WPAC,200622W,116.4,17.3,2006110306,45.0,75.0,991.0,8829,2006-11-03 06:00:00
WPAC,200622W,116.2,17.1,2006110309,40.0,75.0,994.0,8830,2006-11-03 09:00:00
WPAC,200622W,116.0,16.3,2006110400,25.0,0.0,1002.0,8831,2006-11-04 00:00:00
WPAC,200622W,116.0,16.2,2006110403,25.0,0.0,1002.0,8832,2006-11-04 03:00:00
WPAC,200622W,115.9,16.1,2006110406,25.0,0.0,1002.0,8833,2006-11-04 06:00:00
WPAC,200622W,115.8,16.1,2006110409,25.0,0.0,1002.0,8834,2006-11-04 09:00:00
WPAC,200622W,115.1,15.3,2006110500,20.0,0.0,1004.0,8835,2006-11-05 00:00:00
WPAC,200622W,114.9,15.2,2006110503,20.0,0.0,1004.0,8836,2006-11-05 03:00:00
WPAC,200622W,114.7,15.1,2006110506,20.0,0.0,1004.0,8837,2006-11-05 06:00:00
WPAC,200622W,114.6,14.9,2006110509,20.0,0.0,1004.0,8838,2006-11-05 09:00:00
WPAC,200622W,113.4,14.2,2006110600,20.0,0.0,1004.0,8839,2006-11-06 00:00:00
WPAC,200622W,113.2,14.2,2006110603,18.0,0.0,1005.0,8840,2006-11-06 03:00:00
WPAC,200622W,112.9,14.3,2006110606,15.0,0.0,1006.0,8841,2006-11-06 06:00:00
WPAC,200622W,112.6,14.1,2006110609,15.0,0.0,1006.0,8842,2006-11-06 09:00:00
WPAC,200622W,111.0,12.2,2006110700,15.0,0.0,1006.0,8843,2006-11-07 00:00:00
WPAC,200622W,110.5,12.0,2006110703,15.0,0.0,1006.0,8844,2006-11-07 03:00:00
WPAC,200622W,110.1,11.8,2006110706,15.0,0.0,1006.0,8845,2006-11-07 06:00:00
WPAC,200622W,109.7,11.8,2006110709,15.0,0.0,1006.0,8846,2006-11-07 09:00:00
WPAC,200623W,127.1,16.0,2006111000,65.0,55.0,976.0,8847,2006-11-10 00:00:00
WPAC,200623W,126.4,16.1,2006111003,90.0,65.0,952.0,8848,2006-11-10 03:00:00
WPAC,200623W,125.7,16.2,2006111006,115.0,75.0,927.0,8849,2006-11-10 06:00:00
WPAC,200623W,125.0,16.2,2006111009,120.0,83.1,922.0,8850,2006-11-10 09:00:00
WPAC,200623W,121.6,16.0,2006111100,105.0,92.5,938.0,8851,2006-11-11 00:00:00
WPAC,200623W,121.0,16.1,2006111103,93.0,89.4,951.0,8852,2006-11-11 03:00:00
WPAC,200623W,120.4,16.1,2006111106,80.0,86.2,963.0,8853,2006-11-11 06:00:00
WPAC,200623W,120.0,15.9,2006111109,88.0,86.2,956.0,8854,2006-11-11 09:00:00
WPAC,200623W,117.5,15.0,2006111200,75.0,83.8,967.0,8855,2006-11-12 00:00:00
WPAC,200623W,117.0,14.9,2006111203,73.0,83.8,970.0,8856,2006-11-12 03:00:00
WPAC,200623W,116.4,14.9,2006111206,70.0,83.8,972.0,8857,2006-11-12 06:00:00
WPAC,200623W,115.8,14.9,2006111209,65.0,83.8,976.0,8858,2006-11-12 09:00:00
WPAC,200623W,113.6,15.7,2006111300,60.0,66.2,980.0,8859,2006-11-13 00:00:00
WPAC,200623W,113.3,15.8,2006111303,55.0,66.2,984.0,8860,2006-11-13 03:00:00
WPAC,200623W,113.0,16.0,2006111306,50.0,66.2,987.0,8861,2006-11-13 06:00:00
WPAC,200623W,112.7,16.2,2006111309,50.0,66.2,987.0,8862,2006-11-13 09:00:00
WPAC,200623W,111.5,17.6,2006111400,35.0,45.0,997.0,8863,2006-11-14 00:00:00
WPAC,200623W,111.3,17.8,2006111403,30.0,22.5,1000.0,8864,2006-11-14 03:00:00
WPAC,200623W,111.1,18.0,2006111406,25.0,0.0,1002.0,8865,2006-11-14 06:00:00
WPAC,200623W,111.0,17.7,2006111409,25.0,0.0,1002.0,8866,2006-11-14 09:00:00
WPAC,200623W,109.7,16.5,2006111500,20.0,0.0,1004.0,8867,2006-11-15 00:00:00
WPAC,200624W,128.6,12.8,2006112900,90.0,97.5,954.0,8868,2006-11-29 00:00:00
WPAC,200624W,127.9,12.9,2006112903,108.0,109.4,935.0,8869,2006-11-29 03:00:00
WPAC,200624W,127.3,13.1,2006112906,125.0,121.2,916.0,8870,2006-11-29 06:00:00
WPAC,200624W,126.8,13.2,2006112909,130.0,121.9,910.0,8871,2006-11-29 09:00:00
WPAC,200624W,124.5,13.4,2006113000,135.0,115.0,904.0,8872,2006-11-30 00:00:00
WPAC,200624W,123.5,13.5,2006113006,125.0,117.5,916.0,8873,2006-11-30 06:00:00
WPAC,200624W,120.0,13.5,2006120100,95.0,93.8,949.0,8874,2006-12-01 00:00:00
WPAC,200624W,119.6,13.6,2006120103,93.0,100.6,952.0,8875,2006-12-01 03:00:00
WPAC,200624W,119.2,13.6,2006120106,90.0,107.5,954.0,8876,2006-12-01 06:00:00
WPAC,200624W,118.9,13.6,2006120109,85.0,101.2,959.0,8877,2006-12-01 09:00:00
WPAC,200624W,117.0,13.7,2006120200,75.0,92.5,967.0,8878,2006-12-02 00:00:00
WPAC,200624W,116.7,13.8,2006120203,75.0,90.0,967.0,8879,2006-12-02 03:00:00
WPAC,200624W,116.3,13.8,2006120206,75.0,87.5,967.0,8880,2006-12-02 06:00:00
WPAC,200624W,115.9,13.9,2006120209,75.0,87.5,967.0,8881,2006-12-02 09:00:00
WPAC,200624W,113.9,13.8,2006120300,90.0,91.2,954.0,8882,2006-12-03 00:00:00
WPAC,200624W,113.6,13.8,2006120303,90.0,94.4,954.0,8883,2006-12-03 03:00:00
WPAC,200624W,113.2,13.7,2006120306,90.0,97.5,954.0,8884,2006-12-03 06:00:00
WPAC,200624W,112.9,13.6,2006120309,90.0,97.5,954.0,8885,2006-12-03 09:00:00
WPAC,200624W,111.1,12.3,2006120400,65.0,82.5,976.0,8886,2006-12-04 00:00:00
WPAC,200624W,110.8,12.0,2006120403,58.0,72.5,982.0,8887,2006-12-04 03:00:00
WPAC,200624W,110.4,11.7,2006120406,50.0,62.5,987.0,8888,2006-12-04 06:00:00
WPAC,200624W,110.0,11.3,2006120409,53.0,64.4,986.0,8889,2006-12-04 09:00:00
WPAC,200624W,106.9,10.0,2006120500,55.0,76.2,984.0,8890,2006-12-05 00:00:00
WPAC,200624W,106.2,9.7,2006120503,50.0,68.1,988.0,8891,2006-12-05 03:00:00
WPAC,200624W,105.5,9.3,2006120506,45.0,60.0,991.0,8892,2006-12-05 06:00:00
WPAC,200624W,104.8,8.9,2006120509,40.0,60.0,994.0,8893,2006-12-05 09:00:00
WPAC,200624W,101.0,9.0,2006120600,25.0,0.0,1002.0,8894,2006-12-06 00:00:00
WPAC,200624W,100.2,9.2,2006120603,23.0,0.0,1003.0,8895,2006-12-06 03:00:00
WPAC,200624W,99.5,9.5,2006120606,20.0,0.0,1004.0,8896,2006-12-06 06:00:00
WPAC,200624W,98.8,9.7,2006120609,20.0,0.0,1004.0,8897,2006-12-06 09:00:00
WPAC,200624W,95.7,10.4,2006120700,20.0,0.0,1004.0,8898,2006-12-07 00:00:00
WPAC,200624W,95.1,10.6,2006120703,20.0,0.0,1004.0,8899,2006-12-07 03:00:00
WPAC,200624W,94.5,10.7,2006120706,20.0,0.0,1004.0,8900,2006-12-07 06:00:00
WPAC,200624W,94.0,10.7,2006120709,20.0,0.0,1004.0,8901,2006-12-07 09:00:00
WPAC,200624W,91.2,10.7,2006120800,20.0,0.0,1004.0,8902,2006-12-08 00:00:00
WPAC,200624W,90.5,10.8,2006120803,20.0,0.0,1004.0,8903,2006-12-08 03:00:00
WPAC,200624W,89.8,10.8,2006120806,20.0,0.0,1004.0,8904,2006-12-08 06:00:00
WPAC,200624W,89.2,10.9,2006120809,20.0,0.0,1004.0,8905,2006-12-08 09:00:00
WPAC,200624W,85.2,11.3,2006120903,15.0,0.0,1006.0,8906,2006-12-09 03:00:00
WPAC,200624W,84.5,11.4,2006120906,15.0,0.0,1006.0,8907,2006-12-09 06:00:00
WPAC,200624W,83.9,11.4,2006120909,15.0,0.0,1006.0,8908,2006-12-09 09:00:00
WPAC,200624W,83.3,11.5,2006120912,15.0,0.0,1006.0,8909,2006-12-09 12:00:00
WPAC,200625W,121.6,12.1,2006121000,100.0,115.0,944.0,8910,2006-12-10 00:00:00
WPAC,200625W,121.1,12.2,2006121003,95.0,115.0,949.0,8911,2006-12-10 03:00:00
WPAC,200625W,120.6,12.4,2006121006,90.0,115.0,954.0,8912,2006-12-10 06:00:00
WPAC,200625W,120.2,12.6,2006121009,78.0,115.0,965.0,8913,2006-12-10 09:00:00
WPAC,200625W,118.6,13.2,2006121100,70.0,110.0,972.0,8914,2006-12-11 00:00:00
WPAC,200625W,118.2,13.3,2006121103,70.0,97.5,972.0,8915,2006-12-11 03:00:00
WPAC,200625W,117.8,13.5,2006121106,70.0,85.0,972.0,8916,2006-12-11 06:00:00
WPAC,200625W,117.5,13.7,2006121109,70.0,85.0,972.0,8917,2006-12-11 09:00:00
WPAC,200625W,115.7,14.4,2006121200,75.0,91.2,967.0,8918,2006-12-12 00:00:00
WPAC,200625W,115.2,14.6,2006121203,78.0,90.0,965.0,8919,2006-12-12 03:00:00
WPAC,200625W,114.7,14.8,2006121206,80.0,88.8,963.0,8920,2006-12-12 06:00:00
WPAC,200625W,114.3,15.1,2006121209,85.0,92.5,959.0,8921,2006-12-12 09:00:00
WPAC,200625W,112.7,16.4,2006121300,95.0,100.0,949.0,8922,2006-12-13 00:00:00
WPAC,200625W,112.5,16.5,2006121303,93.0,100.0,952.0,8923,2006-12-13 03:00:00
WPAC,200625W,112.3,16.7,2006121306,90.0,100.0,954.0,8924,2006-12-13 06:00:00
WPAC,200625W,112.3,16.9,2006121309,80.0,95.0,963.0,8925,2006-12-13 09:00:00
WPAC,200625W,112.6,17.7,2006121400,35.0,77.5,997.0,8926,2006-12-14 00:00:00
WPAC,200625W,112.8,17.9,2006121403,35.0,38.8,997.0,8927,2006-12-14 03:00:00
WPAC,200625W,113.0,18.0,2006121406,35.0,0.0,997.0,8928,2006-12-14 06:00:00
WPAC,200625W,113.2,17.9,2006121409,30.0,0.0,1000.0,8929,2006-12-14 09:00:00
WPAC,200625W,113.0,17.3,2006121500,25.0,0.0,1002.0,8930,2006-12-15 00:00:00
WPAC,200626W,136.2,15.2,2006121800,30.0,0.0,1000.0,8931,2006-12-18 00:00:00
WPAC,200626W,135.2,15.9,2006121806,25.0,0.0,1002.0,8932,2006-12-18 06:00:00
EPAC,200701E,-110.6,12.8,2007052700,30.0,0.0,1006.0,5305,2007-05-27 00:00:00
EPAC,200701E,-111.1,13.1,2007052715,25.0,0.0,1007.0,5306,2007-05-27 15:00:00
EPAC,200701E,-111.1,13.1,2007052718,25.0,0.0,1007.0,5307,2007-05-27 18:00:00
EPAC,200701E,-111.3,13.1,2007052721,25.0,0.0,1007.0,5308,2007-05-27 21:00:00
EPAC,200701E,-111.6,13.1,2007052800,25.0,0.0,1007.0,5309,2007-05-28 00:00:00
EPAC,200701E,-112.7,12.9,2007052815,30.0,0.0,1005.0,5310,2007-05-28 15:00:00
EPAC,200701E,-112.8,12.9,2007052818,30.0,0.0,1005.0,5311,2007-05-28 18:00:00
EPAC,200701E,-112.9,12.9,2007052821,33.0,12.5,1005.0,5312,2007-05-28 21:00:00
EPAC,200701E,-113.1,12.8,2007052900,35.0,25.0,1004.0,5313,2007-05-29 00:00:00
EPAC,200701E,-113.7,12.8,2007052915,35.0,12.5,1004.0,5314,2007-05-29 15:00:00
EPAC,200701E,-113.8,12.8,2007052918,35.0,12.5,1004.0,5315,2007-05-29 18:00:00
EPAC,200701E,-113.9,12.9,2007052921,35.0,12.5,1004.0,5316,2007-05-29 21:00:00
EPAC,200701E,-114.1,12.9,2007053000,35.0,12.5,1004.0,5317,2007-05-30 00:00:00
EPAC,200701E,-114.7,13.3,2007053015,30.0,0.0,1005.0,5318,2007-05-30 15:00:00
EPAC,200701E,-114.8,13.3,2007053018,30.0,0.0,1005.0,5319,2007-05-30 18:00:00
EPAC,200701E,-114.9,13.3,2007053021,30.0,0.0,1005.0,5320,2007-05-30 21:00:00
EPAC,200701E,-115.0,13.2,2007053100,30.0,0.0,1005.0,5321,2007-05-31 00:00:00
EPAC,200701E,-115.8,12.9,2007053115,25.0,0.0,1008.0,5322,2007-05-31 15:00:00
EPAC,200701E,-116.0,12.8,2007053118,25.0,0.0,1008.0,5323,2007-05-31 18:00:00
EPAC,200701E,-116.2,12.8,2007053121,25.0,0.0,1008.0,5324,2007-05-31 21:00:00
EPAC,200701E,-116.4,12.8,2007060100,25.0,0.0,1008.0,5325,2007-06-01 00:00:00
EPAC,200701E,-117.7,12.4,2007060115,25.0,0.0,1008.0,5326,2007-06-01 15:00:00
EPAC,200701E,-117.9,12.3,2007060118,25.0,0.0,1008.0,5327,2007-06-01 18:00:00
EPAC,200701E,-118.1,12.2,2007060121,25.0,0.0,1008.0,5328,2007-06-01 21:00:00
EPAC,200701E,-118.3,12.1,2007060200,25.0,0.0,1008.0,5329,2007-06-02 00:00:00
EPAC,200701E,-119.6,11.4,2007060215,25.0,0.0,1008.0,5330,2007-06-02 15:00:00
EPAC,200701E,-119.8,11.3,2007060218,25.0,0.0,1008.0,5331,2007-06-02 18:00:00
EPAC,200701E,-120.0,11.2,2007060221,25.0,0.0,1008.0,5332,2007-06-02 21:00:00
EPAC,200701E,-120.2,11.1,2007060300,25.0,0.0,1008.0,5333,2007-06-03 00:00:00
EPAC,200701E,-121.2,10.8,2007060315,25.0,0.0,1008.0,5334,2007-06-03 15:00:00
EPAC,200701E,-121.3,10.7,2007060318,25.0,0.0,1008.0,5335,2007-06-03 18:00:00
EPAC,200701E,-121.6,10.7,2007060321,25.0,0.0,1008.0,5336,2007-06-03 21:00:00
EPAC,200701E,-121.8,10.7,2007060400,25.0,0.0,1008.0,5337,2007-06-04 00:00:00
EPAC,200701E,-123.6,10.6,2007060415,25.0,0.0,1008.0,5338,2007-06-04 15:00:00
EPAC,200701E,-124.0,10.6,2007060418,25.0,0.0,1008.0,5339,2007-06-04 18:00:00
EPAC,200701E,-124.3,10.6,2007060421,25.0,0.0,1008.0,5340,2007-06-04 21:00:00
EPAC,200701E,-124.7,10.5,2007060500,25.0,0.0,1008.0,5341,2007-06-05 00:00:00
EPAC,200701E,-125.9,10.9,2007060515,25.0,0.0,1008.0,5342,2007-06-05 15:00:00
EPAC,200701E,-126.1,10.9,2007060518,25.0,0.0,1008.0,5343,2007-06-05 18:00:00
EPAC,200701E,-126.3,10.9,2007060521,25.0,0.0,1008.0,5344,2007-06-05 21:00:00
EPAC,200701E,-126.5,10.9,2007060600,25.0,0.0,1008.0,5345,2007-06-06 00:00:00
ATLN,200701L,-74.0,35.5,2007050612,35.0,30.0,1012.0,2327,2007-05-06 12:00:00
ATLN,200701L,-73.5,35.2,2007050615,38.0,67.5,1010.0,2328,2007-05-06 15:00:00
ATLN,200701L,-73.0,35.0,2007050618,40.0,105.0,1009.0,2329,2007-05-06 18:00:00
ATLN,200701L,-72.3,34.6,2007050621,45.0,175.0,1007.0,2330,2007-05-06 21:00:00
ATLN,200701L,-73.1,32.3,2007050712,65.0,260.0,998.0,2331,2007-05-07 12:00:00
ATLN,200701L,-73.5,31.9,2007050715,65.0,268.8,998.0,2332,2007-05-07 15:00:00
ATLN,200701L,-74.0,31.5,2007050718,65.0,277.5,998.0,2333,2007-05-07 18:00:00
ATLN,200701L,-74.5,31.2,2007050721,60.0,271.2,999.0,2334,2007-05-07 21:00:00
ATLN,200701L,-77.2,30.4,2007050812,50.0,192.5,1001.0,2335,2007-05-08 12:00:00
ATLN,200701L,-77.6,30.4,2007050815,50.0,163.8,1001.0,2336,2007-05-08 15:00:00
ATLN,200701L,-77.9,30.4,2007050818,50.0,135.0,1001.0,2337,2007-05-08 18:00:00
ATLN,200701L,-79.2,30.9,2007050912,45.0,92.5,1003.0,2338,2007-05-09 12:00:00
ATLN,200701L,-79.4,30.9,2007050915,42.0,71.2,1003.0,2339,2007-05-09 15:00:00
ATLN,200701L,-79.6,30.9,2007050918,40.0,50.0,1003.0,2340,2007-05-09 18:00:00
ATLN,200701L,-79.7,30.8,2007050921,40.0,47.5,1003.0,2341,2007-05-09 21:00:00
ATLN,200701L,-79.8,30.7,2007051000,40.0,45.0,1003.0,2342,2007-05-10 00:00:00
ATLN,200701L,-79.9,30.1,2007051012,30.0,0.0,1003.0,2343,2007-05-10 12:00:00
ATLN,200701L,-79.8,29.9,2007051015,30.0,0.0,1003.0,2344,2007-05-10 15:00:00
ATLN,200701L,-79.8,29.7,2007051018,30.0,0.0,1003.0,2345,2007-05-10 18:00:00
ATLN,200701L,-79.8,29.5,2007051021,30.0,0.0,1004.0,2346,2007-05-10 21:00:00
ATLN,200701L,-79.7,28.8,2007051112,25.0,0.0,1005.0,2347,2007-05-11 12:00:00
ATLN,200701L,-79.6,28.6,2007051115,25.0,0.0,1005.0,2348,2007-05-11 15:00:00
ATLN,200701L,-79.5,28.5,2007051118,25.0,0.0,1005.0,2349,2007-05-11 18:00:00
ATLN,200701L,-79.3,28.5,2007051121,25.0,0.0,1006.0,2350,2007-05-11 21:00:00
ATLN,200701L,-78.5,29.1,2007051212,25.0,0.0,1006.0,2351,2007-05-12 12:00:00
ATLN,200701L,-78.2,29.2,2007051215,25.0,0.0,1006.0,2352,2007-05-12 15:00:00
ATLN,200701L,-78.0,29.4,2007051218,25.0,0.0,1006.0,2353,2007-05-12 18:00:00
ATLN,200701L,-77.6,29.5,2007051221,25.0,0.0,1006.0,2354,2007-05-12 21:00:00
ATLN,200701L,-74.2,30.8,2007051312,25.0,0.0,1007.0,2355,2007-05-13 12:00:00
ATLN,200701L,-73.1,31.1,2007051315,25.0,0.0,1007.0,2356,2007-05-13 15:00:00
ATLN,200701L,-71.9,31.4,2007051318,25.0,0.0,1007.0,2357,2007-05-13 18:00:00
ATLN,200701L,-70.7,31.6,2007051321,25.0,0.0,1007.0,2358,2007-05-13 21:00:00
WPAC,200701W,149.8,12.2,2007040200,60.0,91.2,978.0,8933,2007-04-02 00:00:00
WPAC,200701W,146.1,15.6,2007040221,70.0,71.2,971.0,8934,2007-04-02 21:00:00
WPAC,200701W,144.2,19.2,2007040321,85.0,91.9,959.0,8935,2007-04-03 21:00:00
WPAC,200701W,144.4,19.8,2007040400,80.0,101.2,963.0,8936,2007-04-04 00:00:00
WPAC,200701W,149.1,23.7,2007040421,38.0,118.8,996.0,8937,2007-04-04 21:00:00
EPAC,200702E,-97.5,14.2,2007052918,30.0,0.0,1007.0,5346,2007-05-29 18:00:00
EPAC,200702E,-97.5,14.2,2007052921,30.0,0.0,1007.0,5347,2007-05-29 21:00:00
EPAC,200702E,-97.5,14.2,2007053000,30.0,0.0,1007.0,5348,2007-05-30 00:00:00
EPAC,200702E,-97.3,13.8,2007053015,38.0,26.3,1004.0,5349,2007-05-30 15:00:00
EPAC,200702E,-97.2,13.6,2007053018,40.0,40.0,1003.0,5350,2007-05-30 18:00:00
EPAC,200702E,-97.1,13.4,2007053021,40.0,35.0,1003.0,5351,2007-05-30 21:00:00
EPAC,200702E,-96.9,13.2,2007053100,40.0,30.0,1002.0,5352,2007-05-31 00:00:00
EPAC,200702E,-96.1,13.0,2007053112,35.0,20.0,1004.0,5353,2007-05-31 12:00:00
EPAC,200702E,-95.9,12.9,2007053115,35.0,20.0,1004.0,5354,2007-05-31 15:00:00
EPAC,200702E,-95.7,12.9,2007053118,35.0,20.0,1004.0,5355,2007-05-31 18:00:00
EPAC,200702E,-95.5,12.9,2007053121,33.0,10.0,1005.0,5356,2007-05-31 21:00:00
EPAC,200702E,-95.3,12.9,2007060100,30.0,0.0,1005.0,5357,2007-06-01 00:00:00
EPAC,200702E,-94.4,13.2,2007060112,45.0,48.8,1001.0,5358,2007-06-01 12:00:00
EPAC,200702E,-94.1,13.3,2007060115,45.0,48.8,1001.0,5359,2007-06-01 15:00:00
EPAC,200702E,-93.8,13.4,2007060118,45.0,48.8,1000.0,5360,2007-06-01 18:00:00
EPAC,200702E,-93.5,13.6,2007060121,45.0,49.4,1000.0,5361,2007-06-01 21:00:00
EPAC,200702E,-93.3,13.7,2007060200,45.0,50.0,1000.0,5362,2007-06-02 00:00:00
EPAC,200702E,-92.5,14.6,2007060212,45.0,30.0,1000.0,5363,2007-06-02 12:00:00
EPAC,200702E,-92.4,14.9,2007060215,35.0,15.0,1003.0,5364,2007-06-02 15:00:00
EPAC,200702E,-92.3,15.2,2007060218,25.0,0.0,1006.0,5365,2007-06-02 18:00:00
ATLN,200702L,-87.0,18.1,2007053100,25.0,0.0,1008.0,2359,2007-05-31 00:00:00
ATLN,200702L,-86.8,19.1,2007053112,25.0,0.0,1006.0,2360,2007-05-31 12:00:00
ATLN,200702L,-86.7,19.4,2007053115,25.0,0.0,1006.0,2361,2007-05-31 15:00:00
ATLN,200702L,-86.6,19.6,2007053118,25.0,0.0,1005.0,2362,2007-05-31 18:00:00
ATLN,200702L,-86.3,19.9,2007053121,25.0,0.0,1005.0,2363,2007-05-31 21:00:00
ATLN,200702L,-86.0,20.1,2007060100,25.0,0.0,1005.0,2364,2007-06-01 00:00:00
ATLN,200702L,-85.8,22.3,2007060112,30.0,0.0,1004.0,2365,2007-06-01 12:00:00
ATLN,200702L,-85.8,23.0,2007060115,35.0,22.5,1002.0,2366,2007-06-01 15:00:00
ATLN,200702L,-85.7,23.6,2007060118,40.0,45.0,1000.0,2367,2007-06-01 18:00:00
ATLN,200702L,-85.5,24.0,2007060121,45.0,47.5,998.0,2368,2007-06-01 21:00:00
ATLN,200702L,-85.2,24.3,2007060200,50.0,50.0,997.0,2369,2007-06-02 00:00:00
ATLN,200702L,-83.2,27.0,2007060212,40.0,57.5,1000.0,2370,2007-06-02 12:00:00
ATLN,200702L,-82.7,28.4,2007060215,35.0,28.8,1000.0,2371,2007-06-02 15:00:00
ATLN,200702L,-82.1,29.7,2007060218,30.0,0.0,1001.0,2372,2007-06-02 18:00:00
ATLN,200702L,-81.8,30.5,2007060221,32.0,15.0,999.0,2373,2007-06-02 21:00:00
ATLN,200702L,-81.4,31.4,2007060300,35.0,30.0,997.0,2374,2007-06-03 00:00:00
ATLN,200702L,-80.0,32.8,2007060312,40.0,100.0,994.0,2375,2007-06-03 12:00:00
ATLN,200702L,-79.2,33.2,2007060315,40.0,106.2,994.0,2376,2007-06-03 15:00:00
ATLN,200702L,-78.4,33.7,2007060318,40.0,112.5,994.0,2377,2007-06-03 18:00:00
ATLN,200702L,-77.2,34.5,2007060321,40.0,112.5,993.0,2378,2007-06-03 21:00:00
ATLN,200702L,-76.0,35.3,2007060400,40.0,112.5,992.0,2379,2007-06-04 00:00:00
ATLN,200702L,-73.2,39.0,2007060412,40.0,112.5,990.0,2380,2007-06-04 12:00:00
ATLN,200702L,-72.7,39.9,2007060415,38.0,112.5,990.0,2381,2007-06-04 15:00:00
ATLN,200702L,-72.1,40.7,2007060418,35.0,112.5,991.0,2382,2007-06-04 18:00:00
ATLN,200702L,-71.4,41.5,2007060421,35.0,112.5,992.0,2383,2007-06-04 21:00:00
ATLN,200702L,-70.8,42.4,2007060500,35.0,112.5,992.0,2384,2007-06-05 00:00:00
ATLN,200702L,-69.0,46.0,2007060509,30.0,0.0,992.0,2385,2007-06-05 09:00:00
ATLN,200702L,-68.5,47.5,2007060512,30.0,0.0,992.0,2386,2007-06-05 12:00:00
WPAC,200702W,144.1,8.6,2007051521,20.0,0.0,1004.0,8938,2007-05-15 21:00:00
WPAC,200702W,132.6,14.5,2007051821,70.0,75.6,972.0,8939,2007-05-18 21:00:00
WPAC,200702W,132.2,16.5,2007051909,90.0,90.6,955.0,8940,2007-05-19 09:00:00
WPAC,200702W,134.9,19.5,2007052009,123.0,118.8,932.0,8941,2007-05-20 09:00:00
WPAC,200702W,137.1,21.1,2007052021,125.0,120.0,930.0,8942,2007-05-20 21:00:00
EPAC,200703E,-110.7,15.9,2007061115,30.0,0.0,1005.0,5366,2007-06-11 15:00:00
EPAC,200703E,-111.0,16.2,2007061118,30.0,0.0,1005.0,5367,2007-06-11 18:00:00
EPAC,200703E,-111.6,17.0,2007061200,30.0,0.0,1004.0,5368,2007-06-12 00:00:00
EPAC,200703E,-113.4,18.2,2007061215,25.0,0.0,1006.0,5369,2007-06-12 15:00:00
EPAC,200703E,-113.8,18.4,2007061218,25.0,0.0,1006.0,5370,2007-06-12 18:00:00
EPAC,200703E,-114.2,18.6,2007061221,25.0,0.0,1007.0,5371,2007-06-12 21:00:00
EPAC,200703E,-114.5,18.8,2007061300,25.0,0.0,1007.0,5372,2007-06-13 00:00:00
EPAC,200703E,-115.7,19.5,2007061315,20.0,0.0,1009.0,5373,2007-06-13 15:00:00
EPAC,200703E,-115.8,19.6,2007061318,20.0,0.0,1009.0,5374,2007-06-13 18:00:00
EPAC,200703E,-115.9,19.8,2007061321,18.0,0.0,1009.0,5375,2007-06-13 21:00:00
EPAC,200703E,-116.0,20.0,2007061400,15.0,0.0,1009.0,5376,2007-06-14 00:00:00
EPAC,200703E,-116.4,20.1,2007061415,15.0,0.0,1009.0,5377,2007-06-14 15:00:00
EPAC,200703E,-116.6,20.1,2007061418,15.0,0.0,1009.0,5378,2007-06-14 18:00:00
EPAC,200703E,-116.8,20.1,2007061421,15.0,0.0,1009.0,5379,2007-06-14 21:00:00
ATLN,200703L,-64.2,39.1,2007073112,45.0,82.5,999.0,2387,2007-07-31 12:00:00
ATLN,200703L,-63.2,39.9,2007073115,45.0,85.6,999.0,2388,2007-07-31 15:00:00
ATLN,200703L,-62.3,40.7,2007073118,45.0,88.8,999.0,2389,2007-07-31 18:00:00
ATLN,200703L,-61.1,41.6,2007073121,45.0,92.5,996.0,2390,2007-07-31 21:00:00
ATLN,200703L,-56.0,45.0,2007080109,50.0,96.2,991.0,2391,2007-08-01 09:00:00
ATLN,200703L,-54.5,46.0,2007080112,55.0,96.2,990.0,2392,2007-08-01 12:00:00
ATLN,200703L,-52.0,47.5,2007080115,58.0,115.0,989.0,2393,2007-08-01 15:00:00
ATLN,200703L,-49.5,49.0,2007080118,60.0,133.8,988.0,2394,2007-08-01 18:00:00
WPAC,200703W,111.9,16.8,2007070306,15.0,0.0,1004.0,8943,2007-07-03 06:00:00
WPAC,200703W,111.7,17.1,2007070309,15.0,0.0,1003.0,8944,2007-07-03 09:00:00
WPAC,200703W,110.2,18.3,2007070403,28.0,0.0,1001.0,8945,2007-07-04 03:00:00
WPAC,200703W,110.0,18.5,2007070406,30.0,0.0,998.0,8946,2007-07-04 06:00:00
WPAC,200703W,109.8,18.7,2007070409,30.0,0.0,999.0,8947,2007-07-04 09:00:00
WPAC,200703W,108.5,20.6,2007070503,35.0,0.0,996.0,8948,2007-07-05 03:00:00
WPAC,200703W,108.2,21.0,2007070506,35.0,0.0,996.0,8949,2007-07-05 06:00:00
WPAC,200703W,107.8,21.3,2007070509,33.0,0.0,997.0,8950,2007-07-05 09:00:00
EPAC,200704E,-118.6,17.0,2007070918,30.0,0.0,1006.0,5380,2007-07-09 18:00:00
EPAC,200704E,-118.9,17.3,2007070921,30.0,0.0,1006.0,5381,2007-07-09 21:00:00
EPAC,200704E,-119.3,17.5,2007071000,30.0,0.0,1006.0,5382,2007-07-10 00:00:00
EPAC,200704E,-121.3,18.9,2007071015,28.0,0.0,1006.0,5383,2007-07-10 15:00:00
EPAC,200704E,-121.6,19.0,2007071018,25.0,0.0,1006.0,5384,2007-07-10 18:00:00
EPAC,200704E,-122.1,19.0,2007071021,25.0,0.0,1007.0,5385,2007-07-10 21:00:00
EPAC,200704E,-122.5,19.0,2007071100,25.0,0.0,1007.0,5386,2007-07-11 00:00:00
EPAC,200704E,-124.7,19.5,2007071115,23.0,0.0,1009.0,5387,2007-07-11 15:00:00
EPAC,200704E,-125.1,19.6,2007071118,20.0,0.0,1009.0,5388,2007-07-11 18:00:00
ATLN,200704L,-29.8,12.1,2007081309,30.0,0.0,1006.0,2395,2007-08-13 09:00:00
ATLN,200704L,-30.7,12.1,2007081312,30.0,0.0,1005.0,2396,2007-08-13 12:00:00
ATLN,200704L,-31.5,12.1,2007081315,30.0,0.0,1005.0,2397,2007-08-13 15:00:00
ATLN,200704L,-32.4,12.0,2007081318,30.0,0.0,1005.0,2398,2007-08-13 18:00:00
ATLN,200704L,-37.4,11.8,2007081409,32.0,7.5,1004.0,2399,2007-08-14 09:00:00
ATLN,200704L,-38.3,11.8,2007081412,35.0,15.0,1004.0,2400,2007-08-14 12:00:00
ATLN,200704L,-39.2,11.8,2007081415,38.0,22.5,1003.0,2401,2007-08-14 15:00:00
ATLN,200704L,-40.1,11.8,2007081418,40.0,30.0,1002.0,2402,2007-08-14 18:00:00
ATLN,200704L,-40.9,11.9,2007081421,45.0,35.6,1000.0,2403,2007-08-14 21:00:00
ATLN,200704L,-44.2,12.2,2007081509,50.0,41.2,997.0,2404,2007-08-15 09:00:00
ATLN,200704L,-45.1,12.3,2007081512,50.0,41.2,997.0,2405,2007-08-15 12:00:00
ATLN,200704L,-46.0,12.6,2007081515,52.0,43.1,996.0,2406,2007-08-15 15:00:00
ATLN,200704L,-47.0,12.8,2007081518,55.0,45.0,994.0,2407,2007-08-15 18:00:00
ATLN,200704L,-48.1,12.9,2007081521,58.0,45.0,992.0,2408,2007-08-15 21:00:00
ATLN,200704L,-53.3,13.5,2007081612,80.0,70.0,972.0,2409,2007-08-16 12:00:00
ATLN,200704L,-54.4,13.7,2007081615,80.0,79.4,972.0,2410,2007-08-16 15:00:00
ATLN,200704L,-55.5,13.8,2007081618,80.0,88.8,972.0,2411,2007-08-16 18:00:00
ATLN,200704L,-56.6,13.9,2007081621,80.0,88.8,974.0,2412,2007-08-16 21:00:00
ATLN,200704L,-61.7,14.4,2007081712,90.0,107.5,967.0,2413,2007-08-17 12:00:00
ATLN,200704L,-62.6,14.6,2007081715,100.0,117.5,964.0,2414,2007-08-17 15:00:00
ATLN,200704L,-63.5,14.8,2007081718,110.0,127.5,961.0,2415,2007-08-17 18:00:00
ATLN,200704L,-68.0,15.4,2007081812,145.0,150.0,923.0,2416,2007-08-18 12:00:00
ATLN,200704L,-68.8,15.7,2007081815,138.0,147.5,926.0,2417,2007-08-18 15:00:00
ATLN,200704L,-69.5,15.9,2007081818,130.0,145.0,930.0,2418,2007-08-18 18:00:00
ATLN,200704L,-70.2,16.0,2007081821,125.0,141.2,925.0,2419,2007-08-18 21:00:00
ATLN,200704L,-74.3,16.8,2007081912,125.0,145.0,923.0,2420,2007-08-19 12:00:00
ATLN,200704L,-75.2,17.0,2007081915,125.0,138.1,926.0,2421,2007-08-19 15:00:00
ATLN,200704L,-76.0,17.1,2007081918,125.0,131.2,930.0,2422,2007-08-19 18:00:00
ATLN,200704L,-76.9,17.3,2007081921,125.0,131.2,928.0,2423,2007-08-19 21:00:00
ATLN,200704L,-81.5,17.8,2007082012,130.0,126.2,926.0,2424,2007-08-20 12:00:00
ATLN,200704L,-82.4,17.9,2007082015,132.0,126.2,925.0,2425,2007-08-20 15:00:00
ATLN,200704L,-83.3,18.0,2007082018,135.0,126.2,924.0,2426,2007-08-20 18:00:00
ATLN,200704L,-85.1,18.2,2007082100,145.0,128.8,914.0,2427,2007-08-21 00:00:00
ATLN,200704L,-88.7,18.9,2007082112,110.0,146.2,935.0,2428,2007-08-21 12:00:00
ATLN,200704L,-89.6,19.0,2007082115,92.0,132.5,948.0,2429,2007-08-21 15:00:00
ATLN,200704L,-90.5,19.2,2007082118,75.0,118.8,960.0,2430,2007-08-21 18:00:00
ATLN,200704L,-91.3,19.4,2007082121,70.0,118.1,970.0,2431,2007-08-21 21:00:00
ATLN,200704L,-92.2,19.7,2007082200,65.0,117.5,979.0,2432,2007-08-22 00:00:00
ATLN,200704L,-96.4,20.5,2007082215,78.0,129.4,975.0,2433,2007-08-22 15:00:00
ATLN,200704L,-97.3,20.5,2007082218,75.0,116.2,974.0,2434,2007-08-22 18:00:00
ATLN,200704L,-98.2,20.5,2007082221,52.0,58.1,986.0,2435,2007-08-22 21:00:00
ATLN,200704L,-99.0,20.5,2007082300,30.0,0.0,998.0,2436,2007-08-23 00:00:00
WPAC,200704W,134.2,16.2,2007071100,80.0,146.2,963.0,8951,2007-07-11 00:00:00
WPAC,200704W,127.7,27.9,2007071309,105.0,148.8,945.0,8952,2007-07-13 09:00:00
WPAC,200704W,129.4,30.5,2007071400,90.0,152.5,956.0,8953,2007-07-14 00:00:00
WPAC,200704W,136.1,33.5,2007071421,58.0,101.2,980.0,8954,2007-07-14 21:00:00
WPAC,200704W,145.8,35.5,2007071521,33.0,47.5,998.0,8955,2007-07-15 21:00:00
EPAC,200705E,-114.8,15.6,2007071415,30.0,0.0,1006.0,5389,2007-07-14 15:00:00
EPAC,200705E,-115.4,15.7,2007071418,30.0,0.0,1006.0,5390,2007-07-14 18:00:00
EPAC,200705E,-116.1,15.8,2007071421,28.0,0.0,1007.0,5391,2007-07-14 21:00:00
EPAC,200705E,-116.7,15.8,2007071500,25.0,0.0,1008.0,5392,2007-07-15 00:00:00
EPAC,200705E,-119.8,16.9,2007071515,25.0,0.0,1008.0,5393,2007-07-15 15:00:00
EPAC,200705E,-120.5,17.0,2007071518,25.0,0.0,1008.0,5394,2007-07-15 18:00:00
EPAC,200705E,-121.1,17.2,2007071521,25.0,0.0,1009.0,5395,2007-07-15 21:00:00
EPAC,200705E,-121.7,17.4,2007071600,25.0,0.0,1009.0,5396,2007-07-16 00:00:00
ATLN,200705L,-90.7,23.7,2007081500,25.0,0.0,1006.0,2437,2007-08-15 00:00:00
ATLN,200705L,-92.9,25.2,2007081512,30.0,0.0,1005.0,2438,2007-08-15 12:00:00
ATLN,200705L,-93.5,25.5,2007081515,32.0,7.5,1004.0,2439,2007-08-15 15:00:00
ATLN,200705L,-94.0,25.8,2007081518,35.0,15.0,1004.0,2440,2007-08-15 18:00:00
ATLN,200705L,-94.6,26.1,2007081521,35.0,16.9,1004.0,2441,2007-08-15 21:00:00
ATLN,200705L,-95.2,26.3,2007081600,35.0,18.8,1003.0,2442,2007-08-16 00:00:00
ATLN,200705L,-97.4,28.5,2007081615,28.0,0.0,1006.0,2443,2007-08-16 15:00:00
ATLN,200705L,-97.8,28.8,2007081618,25.0,0.0,1006.0,2444,2007-08-16 18:00:00
ATLN,200705L,-98.2,29.1,2007081621,25.0,0.0,1006.0,2445,2007-08-16 21:00:00
ATLN,200705L,-98.6,29.4,2007081700,25.0,0.0,1006.0,2446,2007-08-17 00:00:00
ATLN,200705L,-101.0,30.8,2007081715,20.0,0.0,1008.0,2447,2007-08-17 15:00:00
ATLN,200705L,-101.4,31.1,2007081718,20.0,0.0,1008.0,2448,2007-08-17 18:00:00
ATLN,200705L,-101.8,31.8,2007081800,20.0,0.0,1008.0,2449,2007-08-18 00:00:00
ATLN,200705L,-101.2,33.6,2007081815,20.0,0.0,1008.0,2450,2007-08-18 15:00:00
ATLN,200705L,-101.0,34.0,2007081818,20.0,0.0,1007.0,2451,2007-08-18 18:00:00
ATLN,200705L,-100.1,34.8,2007081900,25.0,0.0,1004.0,2452,2007-08-19 00:00:00
ATLN,200705L,-97.1,35.8,2007081915,28.0,1.2,1004.0,2453,2007-08-19 15:00:00
ATLN,200705L,-96.5,35.9,2007081918,20.0,0.0,1007.0,2454,2007-08-19 18:00:00
WPAC,200705W,147.6,18.3,2007072821,33.0,0.0,998.0,8956,2007-07-28 21:00:00
WPAC,200705W,139.8,22.4,2007073103,88.0,121.2,958.0,8957,2007-07-31 03:00:00
EPAC,200706E,-126.1,11.3,2007071415,25.0,0.0,1007.0,5397,2007-07-14 15:00:00
EPAC,200706E,-126.3,11.3,2007071418,25.0,0.0,1007.0,5398,2007-07-14 18:00:00
EPAC,200706E,-126.4,11.4,2007071421,25.0,0.0,1007.0,5399,2007-07-14 21:00:00
EPAC,200706E,-126.6,11.6,2007071500,25.0,0.0,1006.0,5400,2007-07-15 00:00:00
EPAC,200706E,-127.5,12.3,2007071515,33.0,18.8,1006.0,5401,2007-07-15 15:00:00
EPAC,200706E,-127.7,12.5,2007071518,35.0,37.5,1005.0,5402,2007-07-15 18:00:00
EPAC,200706E,-128.1,12.8,2007071521,40.0,43.8,1003.0,5403,2007-07-15 21:00:00
EPAC,200706E,-128.4,13.0,2007071600,45.0,50.0,1000.0,5404,2007-07-16 00:00:00
EPAC,200706E,-130.4,14.2,2007071615,63.0,73.8,990.0,5405,2007-07-16 15:00:00
EPAC,200706E,-130.9,14.4,2007071618,65.0,75.0,987.0,5406,2007-07-16 18:00:00
EPAC,200706E,-131.4,14.6,2007071621,63.0,67.5,990.0,5407,2007-07-16 21:00:00
EPAC,200706E,-131.8,14.8,2007071700,60.0,60.0,992.0,5408,2007-07-17 00:00:00
EPAC,200706E,-132.3,14.9,2007071703,58.0,58.1,995.0,5409,2007-07-17 03:00:00
EPAC,200706E,-134.3,14.9,2007071715,40.0,38.1,1003.0,5410,2007-07-17 15:00:00
EPAC,200706E,-134.8,14.9,2007071718,35.0,30.0,1005.0,5411,2007-07-17 18:00:00
EPAC,200706E,-135.4,14.9,2007071721,35.0,30.0,1005.0,5412,2007-07-17 21:00:00
EPAC,200706E,-136.0,15.0,2007071800,35.0,30.0,1005.0,5413,2007-07-18 00:00:00
EPAC,200706E,-136.6,15.1,2007071803,35.0,30.0,1005.0,5414,2007-07-18 03:00:00
EPAC,200706E,-139.5,15.0,2007071818,30.0,0.0,1006.0,5415,2007-07-18 18:00:00
EPAC,200706E,-140.1,15.1,2007071821,30.0,0.0,1007.0,5416,2007-07-18 21:00:00
EPAC,200706E,-140.7,15.2,2007071900,30.0,0.0,1008.0,5417,2007-07-19 00:00:00
EPAC,200706E,-141.3,15.3,2007071903,30.0,0.0,1009.0,5418,2007-07-19 03:00:00
EPAC,200706E,-144.3,15.6,2007071915,30.0,0.0,1010.0,5419,2007-07-19 15:00:00
EPAC,200706E,-145.8,15.9,2007071921,30.0,0.0,1010.0,5420,2007-07-19 21:00:00
EPAC,200706E,-146.6,16.0,2007072000,30.0,0.0,1010.0,5421,2007-07-20 00:00:00
EPAC,200706E,-152.8,16.5,2007072021,30.0,0.0,1010.0,5422,2007-07-20 21:00:00
EPAC,200706E,-153.8,16.5,2007072100,30.0,0.0,1010.0,5423,2007-07-21 00:00:00
EPAC,200706E,-154.8,16.4,2007072103,30.0,0.0,1010.0,5424,2007-07-21 03:00:00
EPAC,200706E,-160.1,16.3,2007072121,30.0,0.0,1010.0,5425,2007-07-21 21:00:00
EPAC,200706E,-161.0,16.4,2007072200,30.0,0.0,1010.0,5426,2007-07-22 00:00:00
EPAC,200706E,-161.8,16.4,2007072203,30.0,0.0,1010.0,5427,2007-07-22 03:00:00
EPAC,200706E,-167.4,16.1,2007072221,25.0,0.0,1011.0,5428,2007-07-22 21:00:00
EPAC,200706E,-168.3,16.1,2007072300,25.0,0.0,1011.0,5429,2007-07-23 00:00:00
EPAC,200706E,-169.2,16.0,2007072303,25.0,0.0,1011.0,5430,2007-07-23 03:00:00
EPAC,200706E,-174.2,15.7,2007072321,25.0,0.0,1011.0,5431,2007-07-23 21:00:00
EPAC,200706E,-175.0,15.7,2007072400,25.0,0.0,1011.0,5432,2007-07-24 00:00:00
EPAC,200706E,-175.9,15.7,2007072403,25.0,0.0,1011.0,5433,2007-07-24 03:00:00
ATLN,200706L,-56.6,11.5,2007083112,25.0,0.0,1009.0,2455,2007-08-31 12:00:00
ATLN,200706L,-57.3,11.5,2007083115,28.0,0.0,1008.0,2456,2007-08-31 15:00:00
ATLN,200706L,-58.0,11.5,2007083118,30.0,0.0,1008.0,2457,2007-08-31 18:00:00
ATLN,200706L,-58.7,11.8,2007083121,32.0,3.8,1008.0,2458,2007-08-31 21:00:00
ATLN,200706L,-62.8,12.2,2007090112,50.0,30.0,1001.0,2459,2007-09-01 12:00:00
ATLN,200706L,-63.6,12.3,2007090115,55.0,48.8,1000.0,2460,2007-09-01 15:00:00
ATLN,200706L,-64.5,12.4,2007090118,60.0,67.5,999.0,2461,2007-09-01 18:00:00
ATLN,200706L,-65.3,12.5,2007090121,62.0,67.5,996.0,2462,2007-09-01 21:00:00
ATLN,200706L,-69.4,13.0,2007090212,90.0,76.2,980.0,2463,2007-09-02 12:00:00
ATLN,200706L,-70.2,13.2,2007090215,102.0,77.5,971.0,2464,2007-09-02 15:00:00
ATLN,200706L,-71.1,13.4,2007090218,115.0,78.8,962.0,2465,2007-09-02 18:00:00
ATLN,200706L,-72.0,13.6,2007090221,132.0,78.8,948.0,2466,2007-09-02 21:00:00
ATLN,200706L,-76.9,14.2,2007090312,140.0,70.0,937.0,2467,2007-09-03 12:00:00
ATLN,200706L,-77.8,14.2,2007090315,128.0,70.0,944.0,2468,2007-09-03 15:00:00
ATLN,200706L,-78.7,14.3,2007090318,115.0,70.0,951.0,2469,2007-09-03 18:00:00
ATLN,200706L,-79.6,14.4,2007090321,115.0,68.1,950.0,2470,2007-09-03 21:00:00
ATLN,200706L,-83.8,14.3,2007090415,112.0,63.8,948.0,2471,2007-09-04 15:00:00
ATLN,200706L,-84.4,14.3,2007090418,85.0,55.0,962.0,2472,2007-09-04 18:00:00
ATLN,200706L,-84.9,14.4,2007090421,68.0,43.8,972.0,2473,2007-09-04 21:00:00
ATLN,200706L,-87.3,15.5,2007090512,20.0,0.0,1006.0,2474,2007-09-05 12:00:00
ATLN,200706L,-87.8,15.8,2007090515,20.0,0.0,1006.0,2475,2007-09-05 15:00:00
ATLN,200706L,-88.3,16.1,2007090518,20.0,0.0,1007.0,2476,2007-09-05 18:00:00
ATLN,200706L,-89.5,16.5,2007090600,20.0,0.0,1007.0,2477,2007-09-06 00:00:00
ATLN,200706L,-93.1,17.4,2007090615,18.0,0.0,1008.0,2478,2007-09-06 15:00:00
ATLN,200706L,-93.8,17.7,2007090618,15.0,0.0,1010.0,2479,2007-09-06 18:00:00
WPAC,200706W,113.0,12.6,2007080203,20.0,0.0,1002.0,8958,2007-08-02 03:00:00
WPAC,200706W,112.9,12.5,2007080206,20.0,0.0,1001.0,8959,2007-08-02 06:00:00
WPAC,200706W,112.8,12.6,2007080209,20.0,0.0,1004.0,8960,2007-08-02 09:00:00
WPAC,200706W,112.8,13.4,2007080303,30.0,0.0,1000.0,8961,2007-08-03 03:00:00
WPAC,200706W,112.8,13.6,2007080306,30.0,0.0,1000.0,8962,2007-08-03 06:00:00
WPAC,200706W,112.8,13.7,2007080309,30.0,0.0,1000.0,8963,2007-08-03 09:00:00
WPAC,200706W,111.2,13.9,2007080403,30.0,0.0,1000.0,8964,2007-08-04 03:00:00
WPAC,200706W,110.8,14.0,2007080406,30.0,0.0,1000.0,8965,2007-08-04 06:00:00
WPAC,200706W,110.4,14.1,2007080409,30.0,0.0,1000.0,8966,2007-08-04 09:00:00
WPAC,200706W,109.7,14.3,2007080503,30.0,0.0,1000.0,8967,2007-08-05 03:00:00
WPAC,200706W,109.7,14.5,2007080506,30.0,0.0,1000.0,8968,2007-08-05 06:00:00
WPAC,200706W,109.8,14.8,2007080509,28.0,0.0,1002.0,8969,2007-08-05 09:00:00
WPAC,200706W,109.1,17.2,2007080603,25.0,0.0,1004.0,8970,2007-08-06 03:00:00
WPAC,200706W,108.8,17.5,2007080609,25.0,0.0,1004.0,8971,2007-08-06 09:00:00
WPAC,200706W,106.7,18.1,2007080703,20.0,0.0,1007.0,8972,2007-08-07 03:00:00
WPAC,200706W,106.1,18.2,2007080706,20.0,0.0,1007.0,8973,2007-08-07 06:00:00
WPAC,200706W,105.8,18.1,2007080709,20.0,0.0,1007.0,8974,2007-08-07 09:00:00
EPAC,200707E,-104.6,12.5,2007072200,25.0,0.0,1008.0,5434,2007-07-22 00:00:00
EPAC,200707E,-106.3,12.8,2007072215,30.0,0.0,1007.0,5435,2007-07-22 15:00:00
EPAC,200707E,-106.6,12.9,2007072218,30.0,0.0,1007.0,5436,2007-07-22 18:00:00
EPAC,200707E,-106.9,13.1,2007072221,30.0,0.0,1007.0,5437,2007-07-22 21:00:00
EPAC,200707E,-107.3,13.2,2007072300,30.0,0.0,1007.0,5438,2007-07-23 00:00:00
EPAC,200707E,-108.7,14.8,2007072315,30.0,0.0,1006.0,5439,2007-07-23 15:00:00
EPAC,200707E,-108.9,15.1,2007072318,30.0,0.0,1006.0,5440,2007-07-23 18:00:00
EPAC,200707E,-109.1,15.4,2007072321,33.0,18.8,1006.0,5441,2007-07-23 21:00:00
EPAC,200707E,-109.3,15.8,2007072400,35.0,37.5,1005.0,5442,2007-07-24 00:00:00
EPAC,200707E,-110.2,17.2,2007072415,43.0,62.5,1001.0,5443,2007-07-24 15:00:00
EPAC,200707E,-110.3,17.5,2007072418,45.0,62.5,999.0,5444,2007-07-24 18:00:00
EPAC,200707E,-110.4,17.8,2007072421,48.0,72.5,997.0,5445,2007-07-24 21:00:00
EPAC,200707E,-110.6,18.1,2007072500,50.0,82.5,995.0,5446,2007-07-25 00:00:00
EPAC,200707E,-111.6,19.6,2007072515,45.0,75.0,999.0,5447,2007-07-25 15:00:00
EPAC,200707E,-111.8,19.8,2007072518,45.0,71.3,1000.0,5448,2007-07-25 18:00:00
EPAC,200707E,-112.1,20.1,2007072521,45.0,71.3,1000.0,5449,2007-07-25 21:00:00
EPAC,200707E,-112.3,20.3,2007072600,45.0,71.3,1000.0,5450,2007-07-26 00:00:00
EPAC,200707E,-114.3,21.8,2007072615,43.0,45.0,1001.0,5451,2007-07-26 15:00:00
EPAC,200707E,-114.8,22.0,2007072618,40.0,37.5,1002.0,5452,2007-07-26 18:00:00
EPAC,200707E,-115.3,22.2,2007072621,38.0,30.0,1003.0,5453,2007-07-26 21:00:00
EPAC,200707E,-115.7,22.4,2007072700,35.0,22.5,1003.0,5454,2007-07-27 00:00:00
EPAC,200707E,-117.8,23.1,2007072715,25.0,0.0,1007.0,5455,2007-07-27 15:00:00
EPAC,200707E,-118.2,23.3,2007072718,25.0,0.0,1008.0,5456,2007-07-27 18:00:00
EPAC,200707E,-118.6,23.5,2007072721,25.0,0.0,1009.0,5457,2007-07-27 21:00:00
EPAC,200707E,-118.9,23.6,2007072800,25.0,0.0,1009.0,5458,2007-07-28 00:00:00
EPAC,200707E,-120.7,24.4,2007072815,25.0,0.0,1009.0,5459,2007-07-28 15:00:00
EPAC,200707E,-121.0,24.5,2007072818,25.0,0.0,1009.0,5460,2007-07-28 18:00:00
EPAC,200707E,-121.3,24.6,2007072821,25.0,0.0,1009.0,5461,2007-07-28 21:00:00
EPAC,200707E,-121.5,24.6,2007072900,25.0,0.0,1009.0,5462,2007-07-29 00:00:00
EPAC,200707E,-122.3,24.5,2007072915,25.0,0.0,1009.0,5463,2007-07-29 15:00:00
EPAC,200707E,-122.5,24.4,2007072918,25.0,0.0,1009.0,5464,2007-07-29 18:00:00
EPAC,200707E,-122.5,24.3,2007072921,23.0,0.0,1009.0,5465,2007-07-29 21:00:00
EPAC,200707E,-122.5,24.1,2007073000,20.0,0.0,1009.0,5466,2007-07-30 00:00:00
ATLN,200707L,-73.8,31.1,2007090812,35.0,50.0,1010.0,2480,2007-09-08 12:00:00
ATLN,200707L,-74.2,31.5,2007090815,35.0,42.5,1010.0,2481,2007-09-08 15:00:00
ATLN,200707L,-76.4,34.3,2007090912,50.0,32.5,1004.0,2482,2007-09-09 12:00:00
ATLN,200707L,-76.3,34.8,2007090915,48.0,34.4,1005.0,2483,2007-09-09 15:00:00
ATLN,200707L,-76.3,35.2,2007090918,45.0,36.2,1006.0,2484,2007-09-09 18:00:00
ATLN,200707L,-76.0,35.6,2007090921,42.0,40.6,1006.0,2485,2007-09-09 21:00:00
ATLN,200707L,-73.8,37.1,2007091012,30.0,0.0,1009.0,2486,2007-09-10 12:00:00
ATLN,200707L,-72.9,37.3,2007091015,30.0,0.0,1010.0,2487,2007-09-10 15:00:00
ATLN,200707L,-72.0,37.5,2007091018,30.0,0.0,1010.0,2488,2007-09-10 18:00:00
ATLN,200707L,-71.0,37.7,2007091021,30.0,0.0,1010.0,2489,2007-09-10 21:00:00
WPAC,200707W,118.0,22.2,2007080803,55.0,76.2,982.0,8975,2007-08-08 03:00:00
WPAC,200707W,117.4,22.2,2007080806,55.0,72.5,982.0,8976,2007-08-08 06:00:00
WPAC,200707W,116.8,22.2,2007080809,50.0,68.8,986.0,8977,2007-08-08 09:00:00
WPAC,200707W,113.8,22.0,2007080900,35.0,65.0,996.0,8978,2007-08-09 00:00:00
WPAC,200707W,113.4,21.8,2007080903,33.0,32.5,998.0,8979,2007-08-09 03:00:00
WPAC,200707W,113.0,21.6,2007080906,30.0,0.0,1000.0,8980,2007-08-09 06:00:00
WPAC,200707W,112.8,21.5,2007080909,28.0,0.0,1002.0,8981,2007-08-09 09:00:00
EPAC,200708E,-123.0,12.9,2007073115,28.0,0.0,1008.0,5467,2007-07-31 15:00:00
EPAC,200708E,-123.4,12.9,2007073118,30.0,0.0,1007.0,5468,2007-07-31 18:00:00
EPAC,200708E,-123.8,12.9,2007073121,33.0,8.8,1006.0,5469,2007-07-31 21:00:00
EPAC,200708E,-126.2,13.1,2007080115,35.0,17.5,1005.0,5470,2007-08-01 15:00:00
EPAC,200708E,-126.7,13.2,2007080118,35.0,15.0,1005.0,5471,2007-08-01 18:00:00
EPAC,200708E,-127.2,13.3,2007080121,33.0,7.5,1006.0,5472,2007-08-01 21:00:00
EPAC,200708E,-127.7,13.3,2007080200,30.0,0.0,1006.0,5473,2007-08-02 00:00:00
ATLN,200708L,-44.0,13.0,2007091209,28.0,0.0,1008.0,2490,2007-09-12 09:00:00
ATLN,200708L,-44.3,13.0,2007091212,30.0,0.0,1008.0,2491,2007-09-12 12:00:00
ATLN,200708L,-44.7,13.1,2007091215,30.0,0.0,1008.0,2492,2007-09-12 15:00:00
ATLN,200708L,-47.1,13.9,2007091309,35.0,22.5,1005.0,2493,2007-09-13 09:00:00
ATLN,200708L,-47.5,14.1,2007091312,35.0,22.5,1005.0,2494,2007-09-13 12:00:00
ATLN,200708L,-47.8,14.2,2007091315,35.0,22.5,1004.0,2495,2007-09-13 15:00:00
ATLN,200708L,-48.1,14.4,2007091318,35.0,22.5,1004.0,2496,2007-09-13 18:00:00
ATLN,200708L,-49.9,15.3,2007091412,40.0,33.8,1004.0,2497,2007-09-14 12:00:00
ATLN,200708L,-50.2,15.4,2007091415,40.0,33.8,1004.0,2498,2007-09-14 15:00:00
ATLN,200708L,-50.9,15.8,2007091421,38.0,32.5,1004.0,2499,2007-09-14 21:00:00
ATLN,200708L,-53.3,16.3,2007091512,35.0,8.8,1005.0,2500,2007-09-15 12:00:00
ATLN,200708L,-53.8,16.4,2007091515,32.0,4.4,1006.0,2501,2007-09-15 15:00:00
ATLN,200708L,-54.4,16.5,2007091518,30.0,0.0,1006.0,2502,2007-09-15 18:00:00
ATLN,200708L,-54.9,16.6,2007091521,30.0,0.0,1006.0,2503,2007-09-15 21:00:00
ATLN,200708L,-57.2,17.1,2007091612,30.0,0.0,1006.0,2504,2007-09-16 12:00:00
ATLN,200708L,-57.7,17.1,2007091615,30.0,0.0,1006.0,2505,2007-09-16 15:00:00
ATLN,200708L,-58.1,17.2,2007091618,30.0,0.0,1007.0,2506,2007-09-16 18:00:00
ATLN,200708L,-58.5,17.2,2007091621,28.0,0.0,1008.0,2507,2007-09-16 21:00:00
ATLN,200708L,-60.6,18.0,2007091712,25.0,0.0,1010.0,2508,2007-09-17 12:00:00
ATLN,200708L,-60.8,18.2,2007091715,25.0,0.0,1010.0,2509,2007-09-17 15:00:00
ATLN,200708L,-61.0,18.4,2007091718,25.0,0.0,1010.0,2510,2007-09-17 18:00:00
ATLN,200708L,-61.2,18.6,2007091721,22.0,0.0,1010.0,2511,2007-09-17 21:00:00
ATLN,200708L,-62.0,19.1,2007091812,20.0,0.0,1011.0,2512,2007-09-18 12:00:00
WPAC,200708W,121.7,23.2,2007080900,30.0,0.0,1000.0,8982,2007-08-09 00:00:00
EPAC,200709E,-126.4,13.4,2007080818,30.0,0.0,1007.0,5474,2007-08-08 18:00:00
EPAC,200709E,-127.1,13.3,2007080821,33.0,8.8,1004.0,5475,2007-08-08 21:00:00
EPAC,200709E,-127.8,13.2,2007080900,35.0,17.5,1000.0,5476,2007-08-09 00:00:00
EPAC,200709E,-131.1,12.8,2007080915,50.0,46.9,996.0,5477,2007-08-09 15:00:00
EPAC,200709E,-131.8,12.7,2007080918,55.0,48.8,995.0,5478,2007-08-09 18:00:00
EPAC,200709E,-132.4,12.6,2007080921,55.0,48.8,995.0,5479,2007-08-09 21:00:00
EPAC,200709E,-133.1,12.6,2007081000,55.0,48.8,994.0,5480,2007-08-10 00:00:00
EPAC,200709E,-136.0,12.6,2007081015,75.0,51.9,981.0,5481,2007-08-10 15:00:00
EPAC,200709E,-136.6,12.6,2007081018,80.0,55.0,977.0,5482,2007-08-10 18:00:00
EPAC,200709E,-137.7,12.6,2007081100,90.0,55.0,970.0,5483,2007-08-11 00:00:00
EPAC,200709E,-140.1,12.8,2007081115,115.0,67.5,950.0,5484,2007-08-11 15:00:00
EPAC,200709E,-140.6,12.9,2007081118,115.0,67.5,950.0,5485,2007-08-11 18:00:00
EPAC,200709E,-141.1,13.1,2007081121,118.0,70.0,950.0,5486,2007-08-11 21:00:00
EPAC,200709E,-141.7,13.2,2007081200,120.0,72.5,949.0,5487,2007-08-12 00:00:00
EPAC,200709E,-142.3,13.3,2007081203,120.0,72.5,950.0,5488,2007-08-12 03:00:00
EPAC,200709E,-146.4,13.9,2007081300,115.0,80.0,958.0,5489,2007-08-13 00:00:00
EPAC,200709E,-147.0,14.1,2007081303,115.0,80.0,958.0,5490,2007-08-13 03:00:00
EPAC,200709E,-150.8,15.4,2007081321,113.0,95.0,959.0,5491,2007-08-13 21:00:00
EPAC,200709E,-151.4,15.7,2007081400,110.0,95.0,960.0,5492,2007-08-14 00:00:00
EPAC,200709E,-152.0,15.9,2007081403,105.0,93.8,965.0,5493,2007-08-14 03:00:00
EPAC,200709E,-154.8,17.1,2007081421,88.0,70.0,979.0,5494,2007-08-14 21:00:00
EPAC,200709E,-158.5,17.4,2007081521,38.0,35.6,1007.0,5495,2007-08-15 21:00:00
EPAC,200709E,-159.0,17.4,2007081600,35.0,35.0,1007.0,5496,2007-08-16 00:00:00
EPAC,200709E,-159.6,17.3,2007081603,33.0,17.5,1008.0,5497,2007-08-16 03:00:00
ATLN,200709L,-95.0,28.1,2007091215,40.0,22.5,1004.0,2513,2007-09-12 15:00:00
ATLN,200709L,-95.0,28.3,2007091218,45.0,27.5,1001.0,2514,2007-09-12 18:00:00
ATLN,200709L,-94.9,28.6,2007091221,50.0,31.2,999.0,2515,2007-09-12 21:00:00
ATLN,200709L,-94.8,28.8,2007091300,55.0,35.0,997.0,2516,2007-09-13 00:00:00
ATLN,200709L,-93.2,30.6,2007091315,50.0,21.9,994.0,2517,2007-09-13 15:00:00
ATLN,200709L,-92.9,31.0,2007091318,35.0,17.5,1000.0,2518,2007-09-13 18:00:00
ATLN,200709L,-92.3,31.7,2007091400,25.0,0.0,1006.0,2519,2007-09-14 00:00:00
ATLN,200709L,-90.2,32.7,2007091412,20.0,0.0,1012.0,2520,2007-09-14 12:00:00
WPAC,200709W,135.8,18.3,2007081106,15.0,0.0,1010.0,8983,2007-08-11 06:00:00
WPAC,200709W,135.5,17.7,2007081121,23.0,0.0,1004.0,8984,2007-08-11 21:00:00
WPAC,200709W,124.2,20.2,2007081700,135.0,142.5,922.0,8985,2007-08-17 00:00:00
WPAC,200709W,123.2,21.4,2007081709,118.0,146.2,935.0,8986,2007-08-17 09:00:00
WPAC,200709W,120.6,23.7,2007081803,93.0,178.1,954.0,8987,2007-08-18 03:00:00
WPAC,200709W,119.9,24.0,2007081806,85.0,177.5,959.0,8988,2007-08-18 06:00:00
WPAC,200709W,119.7,24.2,2007081809,80.0,136.2,963.0,8989,2007-08-18 09:00:00
WPAC,200709W,118.4,25.4,2007081903,50.0,105.0,986.0,8990,2007-08-19 03:00:00
WPAC,200709W,118.3,25.6,2007081906,45.0,105.0,989.0,8991,2007-08-19 06:00:00
WPAC,200709W,118.2,25.8,2007081909,40.0,105.0,993.0,8992,2007-08-19 09:00:00
EPAC,200710E,-109.5,19.4,2007082915,33.0,13.1,1004.0,5498,2007-08-29 15:00:00
EPAC,200710E,-110.0,19.5,2007082918,35.0,26.3,1003.0,5499,2007-08-29 18:00:00
EPAC,200710E,-110.6,19.4,2007082921,35.0,26.3,1003.0,5500,2007-08-29 21:00:00
EPAC,200710E,-111.2,19.4,2007083000,35.0,26.3,1003.0,5501,2007-08-30 00:00:00
EPAC,200710E,-113.6,19.2,2007083015,40.0,27.5,1002.0,5502,2007-08-30 15:00:00
EPAC,200710E,-114.5,19.1,2007083021,40.0,27.5,1002.0,5503,2007-08-30 21:00:00
EPAC,200710E,-114.9,19.1,2007083100,40.0,27.5,1002.0,5504,2007-08-31 00:00:00
EPAC,200710E,-117.3,18.8,2007083115,35.0,32.5,1005.0,5505,2007-08-31 15:00:00
EPAC,200710E,-118.2,18.6,2007083121,33.0,16.3,1005.0,5506,2007-08-31 21:00:00
EPAC,200710E,-118.6,18.6,2007090100,30.0,0.0,1005.0,5507,2007-09-01 00:00:00
EPAC,200710E,-120.8,18.9,2007090115,25.0,0.0,1005.0,5508,2007-09-01 15:00:00
EPAC,200710E,-121.2,19.0,2007090118,25.0,0.0,1005.0,5509,2007-09-01 18:00:00
EPAC,200710E,-121.7,19.1,2007090121,25.0,0.0,1005.0,5510,2007-09-01 21:00:00
EPAC,200710E,-122.1,19.2,2007090200,25.0,0.0,1005.0,5511,2007-09-02 00:00:00
EPAC,200710E,-123.8,19.8,2007090215,23.0,0.0,1007.0,5512,2007-09-02 15:00:00
EPAC,200710E,-123.9,20.0,2007090218,20.0,0.0,1007.0,5513,2007-09-02 18:00:00
EPAC,200710E,-124.1,20.1,2007090221,20.0,0.0,1008.0,5514,2007-09-02 21:00:00
ATLN,200710L,-85.4,29.1,2007092112,30.0,0.0,1005.0,2521,2007-09-21 12:00:00
ATLN,200710L,-85.8,29.4,2007092115,30.0,0.0,1005.0,2522,2007-09-21 15:00:00
ATLN,200710L,-86.1,29.7,2007092118,30.0,0.0,1005.0,2523,2007-09-21 18:00:00
ATLN,200710L,-86.4,30.0,2007092121,28.0,0.0,1006.0,2524,2007-09-21 21:00:00
WPAC,200710W,150.1,27.6,2007090121,75.0,141.2,967.0,8993,2007-09-01 21:00:00
WPAC,200710W,147.4,26.9,2007090221,80.0,140.0,963.0,8994,2007-09-02 21:00:00
WPAC,200710W,140.2,29.0,2007090421,75.0,139.4,967.0,8995,2007-09-04 21:00:00
WPAC,200710W,139.2,30.1,2007090509,78.0,135.0,965.0,8996,2007-09-05 09:00:00
WPAC,200710W,138.4,31.5,2007090521,80.0,136.2,963.0,8997,2007-09-05 21:00:00
WPAC,200710W,138.4,32.0,2007090600,80.0,136.2,963.0,8998,2007-09-06 00:00:00
EPAC,200711E,-96.8,13.9,2007083015,30.0,0.0,1007.0,5515,2007-08-30 15:00:00
EPAC,200711E,-97.6,14.4,2007083021,30.0,0.0,1006.0,5516,2007-08-30 21:00:00
EPAC,200711E,-98.0,14.6,2007083100,30.0,0.0,1006.0,5517,2007-08-31 00:00:00
EPAC,200711E,-100.1,16.0,2007083115,38.0,25.0,1001.0,5518,2007-08-31 15:00:00
EPAC,200711E,-100.6,16.3,2007083118,40.0,25.0,1000.0,5519,2007-08-31 18:00:00
EPAC,200711E,-101.1,16.6,2007083121,43.0,36.3,999.0,5520,2007-08-31 21:00:00
EPAC,200711E,-101.6,16.8,2007090100,45.0,47.5,997.0,5521,2007-09-01 00:00:00
EPAC,200711E,-104.3,17.8,2007090115,48.0,53.8,997.0,5522,2007-09-01 15:00:00
EPAC,200711E,-104.7,17.9,2007090118,50.0,53.8,996.0,5523,2007-09-01 18:00:00
EPAC,200711E,-105.0,17.9,2007090121,50.0,53.8,996.0,5524,2007-09-01 21:00:00
EPAC,200711E,-105.3,18.0,2007090200,50.0,53.8,995.0,5525,2007-09-02 00:00:00
EPAC,200711E,-106.3,18.4,2007090215,55.0,56.3,994.0,5526,2007-09-02 15:00:00
EPAC,200711E,-106.5,18.5,2007090218,55.0,56.3,994.0,5527,2007-09-02 18:00:00
EPAC,200711E,-106.7,18.6,2007090221,55.0,56.9,994.0,5528,2007-09-02 21:00:00
EPAC,200711E,-106.8,18.7,2007090300,55.0,57.5,993.0,5529,2007-09-03 00:00:00
EPAC,200711E,-108.2,19.6,2007090315,60.0,73.1,986.0,5530,2007-09-03 15:00:00
EPAC,200711E,-108.4,19.8,2007090318,60.0,75.0,983.0,5531,2007-09-03 18:00:00
EPAC,200711E,-108.6,20.1,2007090321,60.0,76.9,981.0,5532,2007-09-03 21:00:00
EPAC,200711E,-108.7,20.3,2007090400,60.0,78.8,978.0,5533,2007-09-04 00:00:00
EPAC,200711E,-109.4,22.1,2007090415,73.0,92.5,972.0,5534,2007-09-04 15:00:00
EPAC,200711E,-109.6,22.6,2007090418,70.0,92.5,972.0,5535,2007-09-04 18:00:00
EPAC,200711E,-109.7,23.1,2007090421,68.0,86.3,974.0,5536,2007-09-04 21:00:00
EPAC,200711E,-109.8,23.6,2007090500,65.0,80.0,975.0,5537,2007-09-05 00:00:00
EPAC,200711E,-110.6,26.1,2007090515,65.0,68.1,985.0,5538,2007-09-05 15:00:00
EPAC,200711E,-110.7,26.6,2007090518,65.0,61.3,986.0,5539,2007-09-05 18:00:00
EPAC,200711E,-110.8,27.3,2007090521,63.0,54.4,988.0,5540,2007-09-05 21:00:00
EPAC,200711E,-110.9,27.9,2007090600,60.0,47.5,990.0,5541,2007-09-06 00:00:00
ATLN,200711L,-46.2,36.1,2007092309,35.0,78.8,1006.0,2525,2007-09-23 09:00:00
ATLN,200711L,-46.3,36.0,2007092312,35.0,78.8,1004.0,2526,2007-09-23 12:00:00
ATLN,200711L,-46.3,36.2,2007092315,35.0,78.8,1004.0,2527,2007-09-23 15:00:00
ATLN,200711L,-46.3,36.5,2007092318,35.0,78.8,1004.0,2528,2007-09-23 18:00:00
ATLN,200711L,-46.3,36.8,2007092321,35.0,65.6,1004.0,2529,2007-09-23 21:00:00
ATLN,200711L,-45.3,38.7,2007092409,35.0,52.5,1004.0,2530,2007-09-24 09:00:00
ATLN,200711L,-44.7,39.3,2007092412,35.0,45.0,1004.0,2531,2007-09-24 12:00:00
ATLN,200711L,-44.1,40.1,2007092415,32.0,22.5,1004.0,2532,2007-09-24 15:00:00
ATLN,200711L,-43.5,41.0,2007092418,30.0,0.0,1004.0,2533,2007-09-24 18:00:00
WPAC,200711W,148.6,36.0,2007090921,58.0,90.0,980.0,8999,2007-09-09 21:00:00
WPAC,200711W,156.4,40.9,2007091021,63.0,101.9,976.0,9000,2007-09-10 21:00:00
EPAC,200712E,-107.5,13.4,2007091815,28.0,0.0,1006.0,5542,2007-09-18 15:00:00
EPAC,200712E,-107.9,13.7,2007091818,30.0,0.0,1005.0,5543,2007-09-18 18:00:00
EPAC,200712E,-108.3,13.9,2007091821,35.0,10.0,1004.0,5544,2007-09-18 21:00:00
EPAC,200712E,-108.8,14.2,2007091900,40.0,20.0,1002.0,5545,2007-09-19 00:00:00
EPAC,200712E,-111.2,15.2,2007091915,58.0,48.1,993.0,5546,2007-09-19 15:00:00
EPAC,200712E,-111.6,15.3,2007091918,60.0,52.5,991.0,5547,2007-09-19 18:00:00
EPAC,200712E,-111.8,15.5,2007091921,63.0,55.0,989.0,5548,2007-09-19 21:00:00
EPAC,200712E,-112.1,15.7,2007092000,65.0,57.5,987.0,5549,2007-09-20 00:00:00
EPAC,200712E,-112.9,17.1,2007092015,68.0,57.5,986.0,5550,2007-09-20 15:00:00
EPAC,200712E,-113.1,17.5,2007092018,70.0,57.5,985.0,5551,2007-09-20 18:00:00
EPAC,200712E,-113.3,17.9,2007092021,70.0,57.5,985.0,5552,2007-09-20 21:00:00
EPAC,200712E,-113.4,18.2,2007092100,70.0,57.5,984.0,5553,2007-09-21 00:00:00
EPAC,200712E,-113.6,19.6,2007092115,63.0,56.9,989.0,5554,2007-09-21 15:00:00
EPAC,200712E,-113.5,19.8,2007092118,60.0,56.3,990.0,5555,2007-09-21 18:00:00
EPAC,200712E,-113.4,20.1,2007092121,58.0,56.3,992.0,5556,2007-09-21 21:00:00
EPAC,200712E,-113.3,20.3,2007092200,55.0,56.3,994.0,5557,2007-09-22 00:00:00
EPAC,200712E,-112.7,21.4,2007092215,40.0,20.0,1001.0,5558,2007-09-22 15:00:00
EPAC,200712E,-112.5,21.6,2007092218,35.0,20.0,1002.0,5559,2007-09-22 18:00:00
EPAC,200712E,-112.3,21.8,2007092221,33.0,10.0,1003.0,5560,2007-09-22 21:00:00
EPAC,200712E,-112.1,21.9,2007092300,30.0,0.0,1004.0,5561,2007-09-23 00:00:00
EPAC,200712E,-111.3,22.0,2007092315,25.0,0.0,1007.0,5562,2007-09-23 15:00:00
EPAC,200712E,-110.9,22.0,2007092321,25.0,0.0,1007.0,5563,2007-09-23 21:00:00
EPAC,200712E,-110.7,22.0,2007092400,25.0,0.0,1007.0,5564,2007-09-24 00:00:00
EPAC,200712E,-110.0,21.9,2007092415,15.0,0.0,1009.0,5565,2007-09-24 15:00:00
EPAC,200712E,-109.9,21.9,2007092418,15.0,0.0,1009.0,5566,2007-09-24 18:00:00
EPAC,200712E,-109.8,21.9,2007092421,15.0,0.0,1010.0,5567,2007-09-24 21:00:00
EPAC,200712E,-109.6,21.8,2007092500,15.0,0.0,1010.0,5568,2007-09-25 00:00:00
ATLN,200712L,-37.5,10.4,2007092509,35.0,27.5,1005.0,2534,2007-09-25 09:00:00
ATLN,200712L,-38.0,10.6,2007092512,35.0,27.5,1005.0,2535,2007-09-25 12:00:00
ATLN,200712L,-38.6,10.7,2007092515,35.0,27.5,1005.0,2536,2007-09-25 15:00:00
ATLN,200712L,-39.2,10.8,2007092518,35.0,27.5,1005.0,2537,2007-09-25 18:00:00
ATLN,200712L,-42.0,11.4,2007092609,58.0,45.6,992.0,2538,2007-09-26 09:00:00
ATLN,200712L,-42.4,11.7,2007092612,65.0,58.8,988.0,2539,2007-09-26 12:00:00
ATLN,200712L,-43.3,12.3,2007092618,65.0,85.0,990.0,2540,2007-09-26 18:00:00
ATLN,200712L,-46.2,13.3,2007092709,55.0,121.9,1000.0,2541,2007-09-27 09:00:00
ATLN,200712L,-46.8,13.5,2007092712,55.0,112.5,1002.0,2542,2007-09-27 12:00:00
ATLN,200712L,-47.3,13.8,2007092715,52.0,107.5,1004.0,2543,2007-09-27 15:00:00
ATLN,200712L,-47.9,14.1,2007092718,50.0,102.5,1005.0,2544,2007-09-27 18:00:00
ATLN,200712L,-48.3,14.1,2007092721,50.0,102.5,1005.0,2545,2007-09-27 21:00:00
ATLN,200712L,-49.0,14.6,2007092812,35.0,77.5,1008.0,2546,2007-09-28 12:00:00
ATLN,200712L,-49.2,15.2,2007092815,35.0,80.0,1008.0,2547,2007-09-28 15:00:00
ATLN,200712L,-49.4,15.8,2007092818,35.0,82.5,1008.0,2548,2007-09-28 18:00:00
ATLN,200712L,-50.2,16.0,2007092821,35.0,86.2,1008.0,2549,2007-09-28 21:00:00
ATLN,200712L,-54.2,16.8,2007092912,30.0,0.0,1009.0,2550,2007-09-29 12:00:00
WPAC,200712W,126.0,28.5,2007091503,120.0,89.4,933.0,9001,2007-09-15 03:00:00
WPAC,200712W,126.0,29.6,2007091509,105.0,95.6,945.0,9002,2007-09-15 09:00:00
WPAC,200712W,126.8,33.0,2007091603,80.0,87.5,963.0,9003,2007-09-16 03:00:00
EPAC,200713E,-128.0,17.2,2007091915,30.0,0.0,1007.0,5569,2007-09-19 15:00:00
EPAC,200713E,-128.8,17.5,2007091921,30.0,0.0,1007.0,5570,2007-09-19 21:00:00
EPAC,200713E,-129.1,17.6,2007092000,30.0,0.0,1007.0,5571,2007-09-20 00:00:00
EPAC,200713E,-130.1,17.8,2007092015,25.0,0.0,1008.0,5572,2007-09-20 15:00:00
EPAC,200713E,-130.2,17.8,2007092018,25.0,0.0,1008.0,5573,2007-09-20 18:00:00
EPAC,200713E,-130.3,17.8,2007092021,23.0,0.0,1008.0,5574,2007-09-20 21:00:00
EPAC,200713E,-130.3,17.7,2007092100,20.0,0.0,1008.0,5575,2007-09-21 00:00:00
EPAC,200713E,-130.7,17.0,2007092115,20.0,0.0,1008.0,5576,2007-09-21 15:00:00
EPAC,200713E,-130.7,16.8,2007092118,20.0,0.0,1008.0,5577,2007-09-21 18:00:00
EPAC,200713E,-130.4,16.7,2007092121,20.0,0.0,1008.0,5578,2007-09-21 21:00:00
EPAC,200713E,-130.1,16.6,2007092200,20.0,0.0,1008.0,5579,2007-09-22 00:00:00
EPAC,200713E,-128.4,16.9,2007092215,20.0,0.0,1009.0,5580,2007-09-22 15:00:00
EPAC,200713E,-128.2,16.9,2007092218,20.0,0.0,1009.0,5581,2007-09-22 18:00:00
EPAC,200713E,-128.1,16.9,2007092221,20.0,0.0,1009.0,5582,2007-09-22 21:00:00
EPAC,200713E,-127.9,16.9,2007092300,20.0,0.0,1009.0,5583,2007-09-23 00:00:00
EPAC,200713E,-127.3,16.9,2007092315,20.0,0.0,1009.0,5584,2007-09-23 15:00:00
EPAC,200713E,-127.3,17.0,2007092318,20.0,0.0,1009.0,5585,2007-09-23 18:00:00
EPAC,200713E,-127.4,17.1,2007092321,20.0,0.0,1010.0,5586,2007-09-23 21:00:00
EPAC,200713E,-127.6,17.2,2007092400,20.0,0.0,1010.0,5587,2007-09-24 00:00:00
EPAC,200713E,-128.9,17.7,2007092415,20.0,0.0,1011.0,5588,2007-09-24 15:00:00
EPAC,200713E,-129.3,17.9,2007092418,20.0,0.0,1011.0,5589,2007-09-24 18:00:00
EPAC,200713E,-129.8,17.9,2007092421,20.0,0.0,1011.0,5590,2007-09-24 21:00:00
EPAC,200713E,-130.3,18.0,2007092500,20.0,0.0,1011.0,5591,2007-09-25 00:00:00
ATLN,200713L,-94.8,21.8,2007092518,25.0,0.0,1009.0,2551,2007-09-25 18:00:00
ATLN,200713L,-95.0,21.8,2007092521,25.0,0.0,1008.0,2552,2007-09-25 21:00:00
ATLN,200713L,-95.2,21.7,2007092600,25.0,0.0,1008.0,2553,2007-09-26 00:00:00
ATLN,200713L,-94.6,21.1,2007092615,30.0,0.0,1008.0,2554,2007-09-26 15:00:00
ATLN,200713L,-94.6,21.2,2007092621,30.0,0.0,1008.0,2555,2007-09-26 21:00:00
ATLN,200713L,-94.7,21.2,2007092700,30.0,0.0,1008.0,2556,2007-09-27 00:00:00
ATLN,200713L,-95.4,20.6,2007092715,52.0,30.0,1004.0,2557,2007-09-27 15:00:00
ATLN,200713L,-96.0,20.5,2007092721,65.0,41.2,996.0,2558,2007-09-27 21:00:00
ATLN,200713L,-96.3,20.5,2007092800,70.0,45.0,990.0,2559,2007-09-28 00:00:00
ATLN,200713L,-98.3,20.6,2007092815,25.0,0.0,1005.0,2560,2007-09-28 15:00:00
ATLN,200713L,-98.7,20.7,2007092818,20.0,0.0,1008.0,2561,2007-09-28 18:00:00
WPAC,200713W,122.5,25.6,2007091806,130.0,140.0,926.0,9004,2007-09-18 06:00:00
WPAC,200713W,122.0,25.9,2007091809,125.0,138.8,930.0,9005,2007-09-18 09:00:00
WPAC,200713W,119.3,28.4,2007091903,63.0,100.6,976.0,9006,2007-09-19 03:00:00
WPAC,200713W,118.9,29.0,2007091906,50.0,72.5,985.0,9007,2007-09-19 06:00:00
WPAC,200713W,119.0,29.8,2007091909,43.0,55.0,991.0,9008,2007-09-19 09:00:00
WPAC,200713W,120.4,35.1,2007092000,35.0,37.5,996.0,9009,2007-09-20 00:00:00
EPAC,200714E,-108.9,14.7,2007092900,30.0,0.0,1006.0,5592,2007-09-29 00:00:00
EPAC,200714E,-111.3,15.7,2007092915,35.0,30.0,1004.0,5593,2007-09-29 15:00:00
EPAC,200714E,-111.7,16.0,2007092918,35.0,30.0,1003.0,5594,2007-09-29 18:00:00
EPAC,200714E,-112.0,16.4,2007092921,35.0,30.0,1003.0,5595,2007-09-29 21:00:00
EPAC,200714E,-112.2,16.7,2007093000,35.0,30.0,1003.0,5596,2007-09-30 00:00:00
EPAC,200714E,-113.3,18.5,2007093015,50.0,37.5,997.0,5597,2007-09-30 15:00:00
EPAC,200714E,-114.0,19.7,2007100100,45.0,48.8,1000.0,5598,2007-10-01 00:00:00
EPAC,200714E,-115.3,21.9,2007100115,38.0,46.9,1003.0,5599,2007-10-01 15:00:00
EPAC,200714E,-115.4,22.3,2007100118,35.0,45.0,1003.0,5600,2007-10-01 18:00:00
EPAC,200714E,-115.6,22.7,2007100121,33.0,22.5,1004.0,5601,2007-10-01 21:00:00
EPAC,200714E,-115.8,23.1,2007100200,30.0,0.0,1004.0,5602,2007-10-02 00:00:00
EPAC,200714E,-116.2,23.9,2007100215,25.0,0.0,1006.0,5603,2007-10-02 15:00:00
EPAC,200714E,-116.2,24.0,2007100218,25.0,0.0,1006.0,5604,2007-10-02 18:00:00
EPAC,200714E,-116.2,24.0,2007100221,25.0,0.0,1006.0,5605,2007-10-02 21:00:00
EPAC,200714E,-116.1,24.0,2007100300,25.0,0.0,1006.0,5606,2007-10-03 00:00:00
EPAC,200714E,-115.8,23.7,2007100315,25.0,0.0,1007.0,5607,2007-10-03 15:00:00
EPAC,200714E,-115.6,23.6,2007100318,25.0,0.0,1007.0,5608,2007-10-03 18:00:00
EPAC,200714E,-115.3,23.5,2007100321,25.0,0.0,1007.0,5609,2007-10-03 21:00:00
EPAC,200714E,-115.1,23.4,2007100400,25.0,0.0,1007.0,5610,2007-10-04 00:00:00
EPAC,200714E,-113.4,22.6,2007100415,25.0,0.0,1008.0,5611,2007-10-04 15:00:00
EPAC,200714E,-113.0,22.4,2007100418,25.0,0.0,1008.0,5612,2007-10-04 18:00:00
EPAC,200714E,-112.5,22.1,2007100421,25.0,0.0,1008.0,5613,2007-10-04 21:00:00
EPAC,200714E,-112.0,21.9,2007100500,25.0,0.0,1008.0,5614,2007-10-05 00:00:00
ATLN,200714L,-26.0,14.0,2007092809,28.0,0.0,1010.0,2562,2007-09-28 09:00:00
ATLN,200714L,-26.2,14.0,2007092812,30.0,0.0,1009.0,2563,2007-09-28 12:00:00
ATLN,200714L,-26.4,14.0,2007092815,30.0,0.0,1008.0,2564,2007-09-28 15:00:00
ATLN,200714L,-26.6,14.0,2007092818,30.0,0.0,1008.0,2565,2007-09-28 18:00:00
ATLN,200714L,-27.8,14.8,2007092909,35.0,52.5,1006.0,2566,2007-09-29 09:00:00
ATLN,200714L,-28.1,15.0,2007092912,35.0,52.5,1005.0,2567,2007-09-29 12:00:00
ATLN,200714L,-28.6,15.2,2007092915,35.0,52.5,1005.0,2568,2007-09-29 15:00:00
ATLN,200714L,-29.0,15.3,2007092918,35.0,52.5,1005.0,2569,2007-09-29 18:00:00
ATLN,200714L,-31.4,15.9,2007093009,28.0,0.0,1006.0,2570,2007-09-30 09:00:00
ATLN,200714L,-32.0,15.9,2007093012,25.0,0.0,1007.0,2571,2007-09-30 12:00:00
ATLN,200714L,-32.6,16.0,2007093015,25.0,0.0,1007.0,2572,2007-09-30 15:00:00
ATLN,200714L,-33.3,16.1,2007093018,25.0,0.0,1007.0,2573,2007-09-30 18:00:00
ATLN,200714L,-36.6,16.4,2007100109,25.0,0.0,1008.0,2574,2007-10-01 09:00:00
ATLN,200714L,-37.2,16.5,2007100112,25.0,0.0,1008.0,2575,2007-10-01 12:00:00
ATLN,200714L,-37.9,16.7,2007100115,25.0,0.0,1008.0,2576,2007-10-01 15:00:00
ATLN,200714L,-38.6,16.9,2007100118,25.0,0.0,1008.0,2577,2007-10-01 18:00:00
ATLN,200714L,-42.0,17.9,2007100209,20.0,0.0,1010.0,2578,2007-10-02 09:00:00
ATLN,200714L,-42.6,18.2,2007100212,20.0,0.0,1010.0,2579,2007-10-02 12:00:00
ATLN,200714L,-43.0,18.5,2007100215,22.0,0.0,1010.0,2580,2007-10-02 15:00:00
ATLN,200714L,-43.5,18.9,2007100218,25.0,0.0,1010.0,2581,2007-10-02 18:00:00
ATLN,200714L,-46.0,20.4,2007100309,25.0,0.0,1010.0,2582,2007-10-03 09:00:00
ATLN,200714L,-46.5,20.7,2007100312,25.0,0.0,1010.0,2583,2007-10-03 12:00:00
ATLN,200714L,-47.0,21.0,2007100315,28.0,0.0,1010.0,2584,2007-10-03 15:00:00
ATLN,200714L,-47.5,21.3,2007100318,30.0,0.0,1010.0,2585,2007-10-03 18:00:00
ATLN,200714L,-50.7,22.4,2007100412,25.0,0.0,1010.0,2586,2007-10-04 12:00:00
ATLN,200714L,-51.0,22.8,2007100415,25.0,0.0,1010.0,2587,2007-10-04 15:00:00
ATLN,200714L,-51.3,23.1,2007100418,25.0,0.0,1010.0,2588,2007-10-04 18:00:00
ATLN,200714L,-51.6,23.4,2007100421,25.0,0.0,1010.0,2589,2007-10-04 21:00:00
ATLN,200714L,-53.0,24.5,2007100512,20.0,0.0,1011.0,2590,2007-10-05 12:00:00
ATLN,200714L,-53.2,24.6,2007100515,20.0,0.0,1011.0,2591,2007-10-05 15:00:00
ATLN,200714L,-53.5,24.6,2007100518,20.0,0.0,1011.0,2592,2007-10-05 18:00:00
EPAC,200715E,-108.7,15.0,2007101500,25.0,0.0,1005.0,5615,2007-10-15 00:00:00
EPAC,200715E,-108.9,14.8,2007101515,30.0,0.0,1003.0,5616,2007-10-15 15:00:00
EPAC,200715E,-108.9,14.7,2007101518,30.0,0.0,1003.0,5617,2007-10-15 18:00:00
EPAC,200715E,-108.9,14.6,2007101521,30.0,0.0,1003.0,5618,2007-10-15 21:00:00
EPAC,200715E,-108.9,14.5,2007101600,30.0,0.0,1002.0,5619,2007-10-16 00:00:00
EPAC,200715E,-108.2,14.1,2007101615,33.0,16.9,1001.0,5620,2007-10-16 15:00:00
EPAC,200715E,-108.0,14.0,2007101618,30.0,0.0,1001.0,5621,2007-10-16 18:00:00
EPAC,200715E,-107.8,14.0,2007101621,30.0,0.0,1001.0,5622,2007-10-16 21:00:00
EPAC,200715E,-106.0,14.4,2007101715,35.0,41.3,1000.0,5623,2007-10-17 15:00:00
EPAC,200715E,-105.6,14.5,2007101718,35.0,41.3,1000.0,5624,2007-10-17 18:00:00
EPAC,200715E,-105.3,14.6,2007101721,35.0,41.3,1000.0,5625,2007-10-17 21:00:00
EPAC,200715E,-104.9,14.7,2007101800,35.0,41.3,1000.0,5626,2007-10-18 00:00:00
EPAC,200715E,-103.8,16.3,2007101815,35.0,48.8,1000.0,5627,2007-10-18 15:00:00
EPAC,200715E,-104.1,16.6,2007101821,35.0,52.5,1000.0,5628,2007-10-18 21:00:00
EPAC,200715E,-104.3,16.6,2007101900,35.0,48.8,1000.0,5629,2007-10-19 00:00:00
EPAC,200715E,-105.2,17.1,2007101915,43.0,58.1,999.0,5630,2007-10-19 15:00:00
EPAC,200715E,-105.3,17.2,2007101918,45.0,63.8,998.0,5631,2007-10-19 18:00:00
EPAC,200715E,-105.5,17.3,2007101921,45.0,63.8,998.0,5632,2007-10-19 21:00:00
EPAC,200715E,-105.7,17.4,2007102000,45.0,63.8,997.0,5633,2007-10-20 00:00:00
EPAC,200715E,-106.6,18.0,2007102015,58.0,78.8,992.0,5634,2007-10-20 15:00:00
EPAC,200715E,-106.8,18.2,2007102018,60.0,78.8,991.0,5635,2007-10-20 18:00:00
EPAC,200715E,-106.9,18.4,2007102021,60.0,78.8,991.0,5636,2007-10-20 21:00:00
EPAC,200715E,-107.1,18.6,2007102100,60.0,78.8,991.0,5637,2007-10-21 00:00:00
EPAC,200715E,-107.4,19.3,2007102115,48.0,53.8,997.0,5638,2007-10-21 15:00:00
EPAC,200715E,-107.5,19.4,2007102118,45.0,53.8,998.0,5639,2007-10-21 18:00:00
EPAC,200715E,-107.7,19.4,2007102121,45.0,48.1,999.0,5640,2007-10-21 21:00:00
EPAC,200715E,-107.8,19.5,2007102200,45.0,42.5,1000.0,5641,2007-10-22 00:00:00
EPAC,200715E,-109.1,19.6,2007102215,38.0,40.0,1003.0,5642,2007-10-22 15:00:00
EPAC,200715E,-109.5,19.6,2007102218,35.0,37.5,1003.0,5643,2007-10-22 18:00:00
EPAC,200715E,-110.4,19.4,2007102300,30.0,0.0,1004.0,5644,2007-10-23 00:00:00
EPAC,200715E,-113.1,18.5,2007102315,30.0,0.0,1007.0,5645,2007-10-23 15:00:00
EPAC,200715E,-113.6,18.4,2007102318,30.0,0.0,1007.0,5646,2007-10-23 18:00:00
EPAC,200715E,-114.8,18.4,2007102400,25.0,0.0,1008.0,5647,2007-10-24 00:00:00
EPAC,200715E,-117.5,18.4,2007102415,25.0,0.0,1009.0,5648,2007-10-24 15:00:00
EPAC,200715E,-118.0,18.4,2007102418,25.0,0.0,1009.0,5649,2007-10-24 18:00:00
EPAC,200715E,-118.5,18.4,2007102421,23.0,0.0,1009.0,5650,2007-10-24 21:00:00
EPAC,200715E,-118.9,18.5,2007102500,20.0,0.0,1009.0,5651,2007-10-25 00:00:00
EPAC,200715E,-120.9,18.8,2007102515,20.0,0.0,1010.0,5652,2007-10-25 15:00:00
EPAC,200715E,-121.3,18.8,2007102518,20.0,0.0,1010.0,5653,2007-10-25 18:00:00
EPAC,200715E,-121.6,18.9,2007102521,20.0,0.0,1010.0,5654,2007-10-25 21:00:00
EPAC,200715E,-121.9,19.0,2007102600,20.0,0.0,1010.0,5655,2007-10-26 00:00:00
EPAC,200715E,-122.5,20.0,2007102615,20.0,0.0,1011.0,5656,2007-10-26 15:00:00
EPAC,200715E,-122.5,20.2,2007102618,20.0,0.0,1011.0,5657,2007-10-26 18:00:00
EPAC,200715E,-122.5,20.7,2007102700,20.0,0.0,1011.0,5658,2007-10-27 00:00:00
ATLN,200715L,-52.6,29.5,2007101112,30.0,0.0,1011.0,2593,2007-10-11 12:00:00
ATLN,200715L,-51.8,29.8,2007101115,30.0,0.0,1011.0,2594,2007-10-11 15:00:00
ATLN,200715L,-51.0,30.1,2007101118,30.0,0.0,1011.0,2595,2007-10-11 18:00:00
ATLN,200715L,-49.4,30.2,2007101212,25.0,0.0,1011.0,2596,2007-10-12 12:00:00
ATLN,200715L,-49.4,30.4,2007101215,25.0,0.0,1012.0,2597,2007-10-12 15:00:00
ATLN,200715L,-49.4,30.5,2007101218,25.0,0.0,1012.0,2598,2007-10-12 18:00:00
ATLN,200715L,-50.3,31.8,2007101312,25.0,0.0,1013.0,2599,2007-10-13 12:00:00
ATLN,200715L,-50.1,32.1,2007101315,25.0,0.0,1012.0,2600,2007-10-13 15:00:00
ATLN,200715L,-50.0,32.5,2007101318,25.0,0.0,1012.0,2601,2007-10-13 18:00:00
ATLN,200715L,-46.8,34.6,2007101412,25.0,0.0,1010.0,2602,2007-10-14 12:00:00
ATLN,200715L,-45.8,35.1,2007101415,25.0,0.0,1010.0,2603,2007-10-14 15:00:00
ATLN,200715L,-44.7,35.6,2007101418,25.0,0.0,1010.0,2604,2007-10-14 18:00:00
ATLN,200715L,-40.6,36.1,2007101509,30.0,0.0,1006.0,2605,2007-10-15 09:00:00
ATLN,200715L,-39.9,36.1,2007101512,30.0,0.0,1005.0,2606,2007-10-15 12:00:00
ATLN,200715L,-39.3,36.2,2007101515,30.0,0.0,1004.0,2607,2007-10-15 15:00:00
ATLN,200715L,-38.8,36.3,2007101518,30.0,0.0,1004.0,2608,2007-10-15 18:00:00
ATLN,200715L,-34.4,39.2,2007101609,32.0,22.5,1000.0,2609,2007-10-16 09:00:00
ATLN,200715L,-33.5,39.8,2007101612,35.0,45.0,999.0,2610,2007-10-16 12:00:00
ATLN,200715L,-32.6,40.3,2007101615,38.0,63.8,998.0,2611,2007-10-16 15:00:00
ATLN,200715L,-31.8,40.8,2007101618,40.0,82.5,996.0,2612,2007-10-16 18:00:00
ATLN,200715L,-27.5,44.8,2007101709,45.0,75.0,998.0,2613,2007-10-17 09:00:00
ATLN,200715L,-26.7,45.8,2007101712,45.0,75.0,998.0,2614,2007-10-17 12:00:00
ATLN,200715L,-25.9,47.2,2007101715,42.0,75.0,998.0,2615,2007-10-17 15:00:00
ATLN,200715L,-25.2,48.7,2007101718,40.0,75.0,999.0,2616,2007-10-17 18:00:00
WPAC,200715W,115.8,19.7,2007092300,25.0,0.0,996.0,9010,2007-09-23 00:00:00
WPAC,200715W,115.3,19.4,2007092303,28.0,0.0,997.0,9011,2007-09-23 03:00:00
WPAC,200715W,114.9,19.2,2007092306,30.0,0.0,998.0,9012,2007-09-23 06:00:00
WPAC,200715W,114.5,19.3,2007092309,33.0,0.0,997.0,9013,2007-09-23 09:00:00
WPAC,200715W,110.9,19.9,2007092403,43.0,78.1,991.0,9014,2007-09-24 03:00:00
WPAC,200715W,110.3,19.9,2007092406,40.0,80.0,993.0,9015,2007-09-24 06:00:00
WPAC,200715W,109.8,19.9,2007092409,38.0,79.4,995.0,9016,2007-09-24 09:00:00
WPAC,200715W,108.4,19.4,2007092500,25.0,0.0,999.0,9017,2007-09-25 00:00:00
WPAC,200715W,108.1,19.5,2007092503,25.0,0.0,1002.0,9018,2007-09-25 03:00:00
WPAC,200715W,107.7,19.7,2007092506,25.0,0.0,1004.0,9019,2007-09-25 06:00:00
WPAC,200715W,107.3,19.9,2007092509,23.0,0.0,1006.0,9020,2007-09-25 09:00:00
ATLN,200716L,-61.2,18.1,2007102412,25.0,0.0,1009.0,2617,2007-10-24 12:00:00
ATLN,200716L,-61.5,18.2,2007102415,25.0,0.0,1009.0,2618,2007-10-24 15:00:00
ATLN,200716L,-62.0,18.6,2007102421,25.0,0.0,1009.0,2619,2007-10-24 21:00:00
ATLN,200716L,-63.5,19.2,2007102512,25.0,0.0,1007.0,2620,2007-10-25 12:00:00
ATLN,200716L,-63.8,19.1,2007102515,25.0,0.0,1006.0,2621,2007-10-25 15:00:00
ATLN,200716L,-64.1,19.1,2007102518,25.0,0.0,1006.0,2622,2007-10-25 18:00:00
ATLN,200716L,-64.4,19.0,2007102521,25.0,0.0,1006.0,2623,2007-10-25 21:00:00
ATLN,200716L,-66.7,17.2,2007102612,25.0,0.0,1004.0,2624,2007-10-26 12:00:00
ATLN,200716L,-67.2,16.9,2007102615,25.0,0.0,1004.0,2625,2007-10-26 15:00:00
ATLN,200716L,-67.7,16.5,2007102618,25.0,0.0,1004.0,2626,2007-10-26 18:00:00
ATLN,200716L,-68.1,16.3,2007102621,25.0,0.0,1004.0,2627,2007-10-26 21:00:00
ATLN,200716L,-70.1,15.3,2007102712,25.0,0.0,1004.0,2628,2007-10-27 12:00:00
ATLN,200716L,-70.5,15.4,2007102715,25.0,0.0,1004.0,2629,2007-10-27 15:00:00
ATLN,200716L,-71.0,15.4,2007102718,25.0,0.0,1004.0,2630,2007-10-27 18:00:00
ATLN,200716L,-71.1,15.6,2007102721,28.0,0.0,1004.0,2631,2007-10-27 21:00:00
ATLN,200716L,-71.6,16.3,2007102812,40.0,43.8,999.0,2632,2007-10-28 12:00:00
ATLN,200716L,-71.7,16.5,2007102815,45.0,51.2,998.0,2633,2007-10-28 15:00:00
ATLN,200716L,-71.8,16.6,2007102818,50.0,58.8,996.0,2634,2007-10-28 18:00:00
ATLN,200716L,-71.9,16.9,2007102821,50.0,65.0,998.0,2635,2007-10-28 21:00:00
ATLN,200716L,-72.9,19.2,2007102912,40.0,103.8,1002.0,2636,2007-10-29 12:00:00
ATLN,200716L,-73.2,19.7,2007102915,42.0,105.0,1002.0,2637,2007-10-29 15:00:00
ATLN,200716L,-73.6,20.2,2007102918,45.0,106.2,1001.0,2638,2007-10-29 18:00:00
ATLN,200716L,-74.1,20.6,2007102921,45.0,106.2,1000.0,2639,2007-10-29 21:00:00
ATLN,200716L,-76.8,20.8,2007103012,40.0,81.2,999.0,2640,2007-10-30 12:00:00
ATLN,200716L,-77.1,20.8,2007103015,38.0,59.4,1000.0,2641,2007-10-30 15:00:00
ATLN,200716L,-77.4,20.8,2007103018,35.0,37.5,1000.0,2642,2007-10-30 18:00:00
ATLN,200716L,-78.3,22.5,2007103112,45.0,65.0,995.0,2643,2007-10-31 12:00:00
ATLN,200716L,-78.5,22.6,2007103115,45.0,70.0,995.0,2644,2007-10-31 15:00:00
ATLN,200716L,-78.8,22.6,2007103118,45.0,75.0,995.0,2645,2007-10-31 18:00:00
ATLN,200716L,-78.7,22.8,2007103121,48.0,80.0,995.0,2646,2007-10-31 21:00:00
ATLN,200716L,-78.0,23.9,2007110112,50.0,87.5,993.0,2647,2007-11-01 12:00:00
ATLN,200716L,-77.7,24.5,2007110115,52.0,97.5,992.0,2648,2007-11-01 15:00:00
ATLN,200716L,-77.3,25.1,2007110118,55.0,107.5,992.0,2649,2007-11-01 18:00:00
ATLN,200716L,-76.9,25.8,2007110121,62.0,120.6,986.0,2650,2007-11-01 21:00:00
ATLN,200716L,-74.4,28.7,2007110212,70.0,186.2,981.0,2651,2007-11-02 12:00:00
ATLN,200716L,-73.8,29.5,2007110215,70.0,194.4,980.0,2652,2007-11-02 15:00:00
ATLN,200716L,-73.3,30.3,2007110218,70.0,202.5,980.0,2653,2007-11-02 18:00:00
ATLN,200716L,-72.8,31.3,2007110221,70.0,255.0,980.0,2654,2007-11-02 21:00:00
ATLN,200716L,-70.9,36.4,2007110312,75.0,375.0,974.0,2655,2007-11-03 12:00:00
ATLN,200716L,-70.3,37.6,2007110315,75.0,371.2,972.0,2656,2007-11-03 15:00:00
ATLN,200716L,-69.7,38.8,2007110318,75.0,367.5,970.0,2657,2007-11-03 18:00:00
ATLN,200716L,-69.0,40.0,2007110321,72.0,367.5,969.0,2658,2007-11-03 21:00:00
ATLN,200716L,-64.3,47.5,2007110412,60.0,306.2,966.0,2659,2007-11-04 12:00:00
ATLN,200716L,-63.2,49.4,2007110415,60.0,306.2,966.0,2660,2007-11-04 15:00:00
WPAC,200716W,115.2,14.8,2007093003,28.0,0.0,1000.0,9021,2007-09-30 03:00:00
WPAC,200716W,114.8,14.7,2007093006,30.0,0.0,1000.0,9022,2007-09-30 06:00:00
WPAC,200716W,114.6,14.7,2007093009,35.0,17.5,997.0,9023,2007-09-30 09:00:00
WPAC,200716W,113.7,15.4,2007100100,50.0,70.0,985.0,9024,2007-10-01 00:00:00
WPAC,200716W,113.5,15.6,2007100103,53.0,68.1,984.0,9025,2007-10-01 03:00:00
WPAC,200716W,113.3,15.7,2007100106,55.0,66.2,982.0,9026,2007-10-01 06:00:00
WPAC,200716W,113.1,15.9,2007100109,55.0,66.2,982.0,9027,2007-10-01 09:00:00
WPAC,200716W,112.9,16.1,2007100112,55.0,66.2,982.0,9028,2007-10-01 12:00:00
WPAC,200716W,112.6,16.3,2007100115,58.0,66.2,980.0,9029,2007-10-01 15:00:00
WPAC,200716W,111.5,16.9,2007100200,65.0,107.5,974.0,9030,2007-10-02 00:00:00
WPAC,200716W,111.2,17.1,2007100203,68.0,107.5,972.0,9031,2007-10-02 03:00:00
WPAC,200716W,110.8,17.3,2007100206,70.0,107.5,970.0,9032,2007-10-02 06:00:00
WPAC,200716W,110.3,17.5,2007100209,70.0,107.5,970.0,9033,2007-10-02 09:00:00
WPAC,200716W,109.9,17.6,2007100212,70.0,107.5,970.0,9034,2007-10-02 12:00:00
WPAC,200716W,109.5,17.6,2007100215,70.0,110.0,970.0,9035,2007-10-02 15:00:00
WPAC,200716W,108.2,17.5,2007100300,70.0,112.5,970.0,9036,2007-10-03 00:00:00
WPAC,200716W,107.8,17.6,2007100303,70.0,105.6,970.0,9037,2007-10-03 03:00:00
WPAC,200716W,107.4,17.7,2007100306,70.0,98.8,970.0,9038,2007-10-03 06:00:00
WPAC,200716W,106.5,17.9,2007100312,70.0,86.2,970.0,9039,2007-10-03 12:00:00
WPAC,200716W,105.9,17.9,2007100315,58.0,86.2,980.0,9040,2007-10-03 15:00:00
WPAC,200716W,103.8,17.9,2007100400,35.0,86.2,996.0,9041,2007-10-04 00:00:00
WPAC,200716W,103.2,17.9,2007100403,35.0,86.2,996.0,9042,2007-10-04 03:00:00
WPAC,200716W,102.6,17.8,2007100406,35.0,86.2,996.0,9043,2007-10-04 06:00:00
ATLN,200717L,-61.8,18.3,2007121012,35.0,87.5,1009.0,2661,2007-12-10 12:00:00
ATLN,200717L,-73.8,19.1,2007121212,35.0,75.0,1008.0,2662,2007-12-12 12:00:00
ATLN,200717L,-74.8,19.1,2007121215,32.0,37.5,1008.0,2663,2007-12-12 15:00:00
ATLN,200717L,-80.1,19.4,2007121312,30.0,0.0,1007.0,2664,2007-12-13 12:00:00
ATLN,200717L,-80.7,19.5,2007121315,30.0,0.0,1007.0,2665,2007-12-13 15:00:00
ATLN,200717L,-84.2,19.6,2007121412,30.0,0.0,1007.0,2666,2007-12-14 12:00:00
ATLN,200717L,-85.1,19.5,2007121418,30.0,0.0,1007.0,2667,2007-12-14 18:00:00
ATLN,200717L,-87.8,22.5,2007121515,30.0,0.0,1007.0,2668,2007-12-15 15:00:00
ATLN,200717L,-88.2,23.3,2007121518,30.0,0.0,1007.0,2669,2007-12-15 18:00:00
WPAC,200717W,123.5,23.8,2007100600,125.0,190.0,929.0,9044,2007-10-06 00:00:00
WPAC,200717W,122.8,24.1,2007100603,125.0,195.6,929.0,9045,2007-10-06 03:00:00
WPAC,200717W,122.1,24.6,2007100609,120.0,201.2,933.0,9046,2007-10-06 09:00:00
WPAC,200717W,121.9,24.7,2007100612,115.0,201.2,937.0,9047,2007-10-06 12:00:00
WPAC,200717W,121.4,25.1,2007100615,103.0,192.5,947.0,9048,2007-10-06 15:00:00
WPAC,200717W,120.5,26.0,2007100700,75.0,165.0,967.0,9049,2007-10-07 00:00:00
WPAC,200717W,120.5,26.4,2007100703,63.0,157.5,976.0,9050,2007-10-07 03:00:00
WPAC,200717W,120.5,26.8,2007100706,50.0,150.0,985.0,9051,2007-10-07 06:00:00
WPAC,200717W,120.3,27.1,2007100709,48.0,136.9,987.0,9052,2007-10-07 09:00:00
WPAC,200717W,120.2,27.5,2007100712,45.0,123.8,989.0,9053,2007-10-07 12:00:00
WPAC,200717W,120.2,27.6,2007100715,45.0,105.6,989.0,9054,2007-10-07 15:00:00
WPAC,200717W,120.1,27.9,2007100800,40.0,61.2,993.0,9055,2007-10-08 00:00:00
WPAC,200718W,176.3,19.9,2007101000,15.0,0.0,1010.0,9056,2007-10-10 00:00:00
WPAC,200718W,174.4,22.4,2007101100,15.0,0.0,1008.0,9057,2007-10-11 00:00:00
WPAC,200718W,174.3,22.8,2007101103,15.0,0.0,1009.0,9058,2007-10-11 03:00:00
WPAC,200718W,173.2,24.4,2007101121,23.0,0.0,1006.0,9059,2007-10-11 21:00:00
WPAC,200718W,173.0,24.7,2007101200,25.0,0.0,1004.0,9060,2007-10-12 00:00:00
WPAC,200718W,172.7,25.1,2007101206,30.0,0.0,1000.0,9061,2007-10-12 06:00:00
WPAC,200718W,171.6,27.0,2007101221,35.0,0.0,996.0,9062,2007-10-12 21:00:00
WPAC,200718W,171.3,27.5,2007101300,35.0,0.0,996.0,9063,2007-10-13 00:00:00
WPAC,200718W,171.2,28.1,2007101303,38.0,30.0,995.0,9064,2007-10-13 03:00:00
WPAC,200718W,171.0,28.6,2007101306,40.0,60.0,993.0,9065,2007-10-13 06:00:00
WPAC,200718W,169.9,30.9,2007101321,38.0,41.2,995.0,9066,2007-10-13 21:00:00
WPAC,200718W,169.9,31.4,2007101400,35.0,41.2,996.0,9067,2007-10-14 00:00:00
WPAC,200718W,170.1,31.9,2007101403,33.0,20.6,998.0,9068,2007-10-14 03:00:00
WPAC,200718W,170.3,32.4,2007101406,30.0,0.0,1000.0,9069,2007-10-14 06:00:00
WPAC,200718W,174.8,34.9,2007101421,23.0,0.0,1006.0,9070,2007-10-14 21:00:00
WPAC,200718W,176.4,35.4,2007101500,20.0,0.0,1007.0,9071,2007-10-15 00:00:00
WPAC,200718W,177.9,36.1,2007101503,20.0,0.0,1007.0,9072,2007-10-15 03:00:00
WPAC,200719W,143.0,27.0,2007102021,115.0,85.0,937.0,9073,2007-10-20 21:00:00
WPAC,200719W,155.6,34.6,2007102121,63.0,75.0,976.0,9074,2007-10-21 21:00:00
WPAC,200719W,157.7,35.4,2007102200,50.0,65.0,985.0,9075,2007-10-22 00:00:00
WPAC,200719W,159.8,35.8,2007102203,50.0,65.0,985.0,9076,2007-10-22 03:00:00
WPAC,200719W,162.0,36.2,2007102206,50.0,65.0,985.0,9077,2007-10-22 06:00:00
WPAC,200720W,131.0,23.7,2007102606,35.0,0.0,996.0,9078,2007-10-26 06:00:00
WPAC,200720W,134.6,27.7,2007102700,40.0,0.0,993.0,9079,2007-10-27 00:00:00
WPAC,200721W,127.8,18.1,2007110309,30.0,0.0,1002.0,9080,2007-11-03 09:00:00
WPAC,200721W,116.2,18.0,2007110706,65.0,70.0,974.0,9081,2007-11-07 06:00:00
WPAC,200721W,114.1,16.8,2007110800,40.0,56.2,993.0,9082,2007-11-08 00:00:00
WPAC,200721W,113.8,16.6,2007110803,38.0,56.2,995.0,9083,2007-11-08 03:00:00
WPAC,200721W,113.4,16.3,2007110806,35.0,56.2,996.0,9084,2007-11-08 06:00:00
WPAC,200721W,113.1,16.1,2007110809,35.0,28.1,996.0,9085,2007-11-08 09:00:00
WPAC,200721W,111.6,13.7,2007110900,30.0,0.0,1000.0,9086,2007-11-09 00:00:00
WPAC,200721W,111.5,13.1,2007110903,28.0,0.0,1002.0,9087,2007-11-09 03:00:00
WPAC,200721W,111.4,12.6,2007110906,25.0,0.0,1004.0,9088,2007-11-09 06:00:00
WPAC,200721W,111.2,12.4,2007110909,25.0,0.0,1004.0,9089,2007-11-09 09:00:00
WPAC,200721W,109.6,11.5,2007111000,20.0,0.0,1007.0,9090,2007-11-10 00:00:00
WPAC,200721W,109.0,11.5,2007111003,20.0,0.0,1007.0,9091,2007-11-10 03:00:00
WPAC,200721W,108.5,11.5,2007111006,20.0,0.0,1007.0,9092,2007-11-10 06:00:00
WPAC,200721W,108.0,11.6,2007111009,20.0,0.0,1007.0,9093,2007-11-10 09:00:00
WPAC,200722W,140.2,19.7,2007111100,25.0,0.0,1004.0,9094,2007-11-11 00:00:00
WPAC,200722W,141.3,21.7,2007111121,35.0,0.0,996.0,9095,2007-11-11 21:00:00
WPAC,200722W,143.6,23.2,2007111206,35.0,0.0,996.0,9096,2007-11-12 06:00:00
WPAC,200723W,120.8,9.4,2007112000,35.0,0.0,996.0,9097,2007-11-20 00:00:00
WPAC,200723W,120.2,9.4,2007112003,35.0,0.0,996.0,9098,2007-11-20 03:00:00
WPAC,200723W,119.6,9.3,2007112006,35.0,0.0,996.0,9099,2007-11-20 06:00:00
WPAC,200723W,119.0,9.4,2007112009,38.0,22.5,995.0,9100,2007-11-20 09:00:00
WPAC,200723W,116.0,9.5,2007112100,50.0,57.5,985.0,9101,2007-11-21 00:00:00
WPAC,200723W,115.5,9.6,2007112103,50.0,56.2,985.0,9102,2007-11-21 03:00:00
WPAC,200723W,115.0,9.6,2007112106,50.0,55.0,985.0,9103,2007-11-21 06:00:00
WPAC,200723W,114.7,9.7,2007112109,53.0,61.2,984.0,9104,2007-11-21 09:00:00
WPAC,200723W,113.1,10.4,2007112200,70.0,77.5,970.0,9105,2007-11-22 00:00:00
WPAC,200723W,112.8,10.6,2007112203,73.0,81.2,969.0,9106,2007-11-22 03:00:00
WPAC,200723W,112.5,10.7,2007112206,75.0,85.0,967.0,9107,2007-11-22 06:00:00
WPAC,200723W,112.2,10.8,2007112209,78.0,86.2,965.0,9108,2007-11-22 09:00:00
WPAC,200723W,111.5,11.4,2007112300,75.0,87.5,967.0,9109,2007-11-23 00:00:00
WPAC,200723W,111.4,11.5,2007112303,75.0,90.0,967.0,9110,2007-11-23 03:00:00
WPAC,200723W,111.3,11.6,2007112306,75.0,92.5,967.0,9111,2007-11-23 06:00:00
WPAC,200723W,111.3,11.6,2007112309,73.0,93.1,969.0,9112,2007-11-23 09:00:00
WPAC,200723W,111.5,11.9,2007112400,55.0,67.5,982.0,9113,2007-11-24 00:00:00
WPAC,200723W,111.6,11.9,2007112403,55.0,66.2,982.0,9114,2007-11-24 03:00:00
WPAC,200723W,111.7,12.0,2007112406,55.0,65.0,982.0,9115,2007-11-24 06:00:00
WPAC,200723W,111.9,12.0,2007112409,53.0,65.0,984.0,9116,2007-11-24 09:00:00
WPAC,200723W,112.9,11.9,2007112500,40.0,67.5,993.0,9117,2007-11-25 00:00:00
WPAC,200723W,113.1,11.8,2007112503,40.0,67.5,993.0,9118,2007-11-25 03:00:00
WPAC,200723W,113.3,11.7,2007112506,40.0,67.5,993.0,9119,2007-11-25 06:00:00
WPAC,200723W,113.5,11.6,2007112509,40.0,67.5,993.0,9120,2007-11-25 09:00:00
WPAC,200723W,115.1,11.0,2007112600,30.0,0.0,1000.0,9121,2007-11-26 00:00:00
WPAC,200723W,115.4,11.2,2007112603,30.0,0.0,1000.0,9122,2007-11-26 03:00:00
WPAC,200723W,115.8,11.4,2007112606,30.0,0.0,1000.0,9123,2007-11-26 06:00:00
WPAC,200723W,116.3,11.6,2007112609,30.0,0.0,1000.0,9124,2007-11-26 09:00:00
WPAC,200723W,119.8,11.9,2007112700,25.0,0.0,997.0,9125,2007-11-27 00:00:00
WPAC,200723W,120.4,12.2,2007112703,23.0,0.0,999.0,9126,2007-11-27 03:00:00
WPAC,200723W,121.1,12.5,2007112706,20.0,0.0,1000.0,9127,2007-11-27 06:00:00
WPAC,200723W,122.0,12.9,2007112709,20.0,0.0,1000.0,9128,2007-11-27 09:00:00
WPAC,200724W,128.1,14.1,2007112209,83.0,86.2,961.0,9129,2007-11-22 09:00:00
WPAC,200724W,123.6,16.8,2007112509,80.0,117.5,963.0,9130,2007-11-25 09:00:00
WPAC,200724W,121.1,18.5,2007112600,75.0,125.0,967.0,9131,2007-11-26 00:00:00
WPAC,200724W,120.8,18.8,2007112603,70.0,123.8,971.0,9132,2007-11-26 03:00:00
WPAC,200724W,120.5,19.0,2007112606,65.0,122.5,974.0,9133,2007-11-26 06:00:00
WPAC,200724W,120.5,19.4,2007112609,65.0,107.5,974.0,9134,2007-11-26 09:00:00
WPAC,200724W,121.7,20.1,2007112700,45.0,71.2,989.0,9135,2007-11-27 00:00:00
WPAC,200724W,122.3,20.0,2007112703,43.0,71.2,991.0,9136,2007-11-27 03:00:00
WPAC,200724W,123.0,19.8,2007112706,40.0,71.2,993.0,9137,2007-11-27 06:00:00
WPAC,200724W,123.7,20.0,2007112709,40.0,71.2,993.0,9138,2007-11-27 09:00:00
WPAC,200725W,130.1,19.9,2007112703,23.0,0.0,1006.0,9139,2007-11-27 03:00:00
WPAC,200725W,130.2,20.8,2007112706,20.0,0.0,1007.0,9140,2007-11-27 06:00:00
WPAC,200726W,136.8,20.8,2007112803,23.0,0.0,1004.0,9141,2007-11-28 03:00:00
WPAC,200726W,137.0,21.8,2007112806,25.0,0.0,1004.0,9142,2007-11-28 06:00:00
WPAC,200726W,141.6,29.6,2007112906,25.0,0.0,1004.0,9143,2007-11-29 06:00:00
WPAC,200727W,168.9,28.2,2007100221,25.0,0.0,1004.0,9144,2007-10-02 21:00:00
WPAC,200727W,169.3,28.2,2007100300,25.0,0.0,1004.0,9145,2007-10-03 00:00:00
WPAC,200727W,169.6,28.1,2007100303,25.0,0.0,1004.0,9146,2007-10-03 03:00:00
WPAC,200727W,171.3,27.6,2007100321,30.0,0.0,1000.0,9147,2007-10-03 21:00:00
WPAC,200727W,171.4,27.5,2007100400,30.0,0.0,1000.0,9148,2007-10-04 00:00:00
WPAC,200727W,171.5,27.4,2007100403,33.0,0.0,998.0,9149,2007-10-04 03:00:00
WPAC,200727W,171.9,27.6,2007100421,43.0,0.0,991.0,9150,2007-10-04 21:00:00
WPAC,200727W,171.9,27.8,2007100500,45.0,0.0,989.0,9151,2007-10-05 00:00:00
WPAC,200727W,171.9,28.1,2007100506,50.0,0.0,985.0,9152,2007-10-05 06:00:00
WPAC,200727W,171.2,28.6,2007100521,43.0,0.0,991.0,9153,2007-10-05 21:00:00
WPAC,200727W,171.0,28.8,2007100600,40.0,0.0,993.0,9154,2007-10-06 00:00:00
WPAC,200727W,170.8,29.1,2007100603,40.0,0.0,993.0,9155,2007-10-06 03:00:00
WPAC,200727W,170.5,32.6,2007100621,30.0,0.0,1000.0,9156,2007-10-06 21:00:00
WPAC,200727W,170.8,33.6,2007100700,30.0,0.0,1000.0,9157,2007-10-07 00:00:00
WPAC,200727W,171.4,34.9,2007100703,30.0,0.0,1000.0,9158,2007-10-07 03:00:00
EPAC,200801E,-86.5,10.1,2008052900,30.0,0.0,1003.0,5659,2008-05-29 00:00:00
EPAC,200801E,-86.8,11.3,2008052912,45.0,67.5,1000.0,5660,2008-05-29 12:00:00
EPAC,200801E,-86.8,11.7,2008052915,50.0,67.5,997.0,5661,2008-05-29 15:00:00
EPAC,200801E,-86.9,12.0,2008052918,55.0,67.5,994.0,5662,2008-05-29 18:00:00
EPAC,200801E,-87.1,12.9,2008053000,45.0,45.0,998.0,5663,2008-05-30 00:00:00
EPAC,200801E,-88.0,15.0,2008053012,25.0,0.0,1006.0,5664,2008-05-30 12:00:00
ATLN,200801L,-87.5,17.5,2008053100,35.0,37.5,1005.0,2670,2008-05-31 00:00:00
ATLN,200801L,-88.4,18.0,2008053112,35.0,81.2,1005.0,2671,2008-05-31 12:00:00
ATLN,200801L,-88.6,18.1,2008053115,35.0,81.2,1005.0,2672,2008-05-31 15:00:00
ATLN,200801L,-88.8,18.2,2008053118,35.0,81.2,1005.0,2673,2008-05-31 18:00:00
ATLN,200801L,-90.4,18.0,2008060112,30.0,0.0,1006.0,2674,2008-06-01 12:00:00
ATLN,200801L,-90.6,17.9,2008060115,30.0,0.0,1006.0,2675,2008-06-01 15:00:00
ATLN,200801L,-90.8,17.8,2008060118,30.0,0.0,1006.0,2676,2008-06-01 18:00:00
ATLN,200801L,-90.9,17.7,2008060121,28.0,0.0,1006.0,2677,2008-06-01 21:00:00
WPAC,200801W,118.4,12.6,2008011303,23.0,0.0,1005.0,9159,2008-01-13 03:00:00
WPAC,200801W,118.1,13.0,2008011306,25.0,0.0,1005.0,9160,2008-01-13 06:00:00
WPAC,200801W,117.5,13.2,2008011309,28.0,0.0,1003.0,9161,2008-01-13 09:00:00
WPAC,200801W,114.3,12.6,2008011403,38.0,0.0,995.0,9162,2008-01-14 03:00:00
WPAC,200801W,113.7,12.3,2008011406,40.0,0.0,993.0,9163,2008-01-14 06:00:00
WPAC,200801W,113.2,12.1,2008011409,38.0,0.0,997.0,9164,2008-01-14 09:00:00
WPAC,200801W,111.5,9.2,2008011503,25.0,0.0,1004.0,9165,2008-01-15 03:00:00
WPAC,200801W,111.3,8.9,2008011506,25.0,0.0,1004.0,9166,2008-01-15 06:00:00
WPAC,200801W,111.1,8.6,2008011509,25.0,0.0,1004.0,9167,2008-01-15 09:00:00
WPAC,200801W,109.2,7.2,2008011603,23.0,0.0,1006.0,9168,2008-01-16 03:00:00
WPAC,200801W,108.9,7.0,2008011606,20.0,0.0,1007.0,9169,2008-01-16 06:00:00
WPAC,200801W,108.6,6.7,2008011609,18.0,0.0,1009.0,9170,2008-01-16 09:00:00
WPAC,200801W,106.2,5.0,2008011703,15.0,0.0,1010.0,9171,2008-01-17 03:00:00
WPAC,200801W,105.7,4.8,2008011706,15.0,0.0,1010.0,9172,2008-01-17 06:00:00
EPAC,200802E,-109.1,12.8,2008062715,40.0,45.0,1003.0,5665,2008-06-27 15:00:00
EPAC,200802E,-110.5,13.5,2008062800,50.0,75.0,997.0,5666,2008-06-28 00:00:00
EPAC,200802E,-116.3,14.9,2008062915,53.0,77.5,996.0,5667,2008-06-29 15:00:00
EPAC,200802E,-117.9,14.8,2008063000,60.0,80.0,992.0,5668,2008-06-30 00:00:00
EPAC,200802E,-120.8,14.9,2008063015,60.0,77.5,992.0,5669,2008-06-30 15:00:00
EPAC,200802E,-121.4,14.8,2008063018,60.0,75.0,992.0,5670,2008-06-30 18:00:00
EPAC,200802E,-122.0,14.8,2008063021,63.0,71.3,991.0,5671,2008-06-30 21:00:00
EPAC,200802E,-122.5,14.7,2008070100,65.0,67.5,989.0,5672,2008-07-01 00:00:00
EPAC,200802E,-124.7,14.8,2008070115,63.0,78.8,990.0,5673,2008-07-01 15:00:00
EPAC,200802E,-125.0,14.9,2008070118,60.0,82.5,991.0,5674,2008-07-01 18:00:00
EPAC,200802E,-125.3,15.1,2008070121,63.0,80.6,990.0,5675,2008-07-01 21:00:00
EPAC,200802E,-125.6,15.3,2008070200,65.0,78.8,988.0,5676,2008-07-02 00:00:00
EPAC,200802E,-127.2,16.4,2008070215,60.0,63.8,990.0,5677,2008-07-02 15:00:00
EPAC,200802E,-127.4,16.6,2008070218,55.0,60.0,992.0,5678,2008-07-02 18:00:00
EPAC,200802E,-127.7,16.8,2008070221,53.0,60.0,994.0,5679,2008-07-02 21:00:00
EPAC,200802E,-127.9,16.9,2008070300,50.0,60.0,995.0,5680,2008-07-03 00:00:00
EPAC,200802E,-128.2,17.0,2008070303,50.0,60.0,995.0,5681,2008-07-03 03:00:00
EPAC,200802E,-129.3,17.3,2008070315,38.0,60.0,1001.0,5682,2008-07-03 15:00:00
EPAC,200802E,-129.6,17.3,2008070318,35.0,60.0,1002.0,5683,2008-07-03 18:00:00
EPAC,200802E,-129.9,17.3,2008070321,33.0,30.0,1003.0,5684,2008-07-03 21:00:00
EPAC,200802E,-130.2,17.2,2008070400,30.0,0.0,1003.0,5685,2008-07-04 00:00:00
EPAC,200802E,-130.5,17.1,2008070403,28.0,0.0,1004.0,5686,2008-07-04 03:00:00
EPAC,200802E,-131.9,16.9,2008070415,20.0,0.0,1007.0,5687,2008-07-04 15:00:00
EPAC,200802E,-132.4,16.8,2008070418,20.0,0.0,1007.0,5688,2008-07-04 18:00:00
EPAC,200802E,-132.8,16.6,2008070421,20.0,0.0,1007.0,5689,2008-07-04 21:00:00
EPAC,200802E,-133.2,16.5,2008070500,20.0,0.0,1007.0,5690,2008-07-05 00:00:00
EPAC,200802E,-135.6,16.0,2008070515,20.0,0.0,1007.0,5691,2008-07-05 15:00:00
EPAC,200802E,-136.2,16.0,2008070518,20.0,0.0,1007.0,5692,2008-07-05 18:00:00
EPAC,200802E,-136.7,15.9,2008070521,20.0,0.0,1007.0,5693,2008-07-05 21:00:00
EPAC,200802E,-137.2,15.9,2008070600,20.0,0.0,1007.0,5694,2008-07-06 00:00:00
EPAC,200802E,-137.6,15.9,2008070603,20.0,0.0,1008.0,5695,2008-07-06 03:00:00
ATLN,200802L,-24.0,13.1,2008070312,35.0,22.5,1006.0,2678,2008-07-03 12:00:00
ATLN,200802L,-24.6,13.1,2008070315,35.0,22.5,1006.0,2679,2008-07-03 15:00:00
ATLN,200802L,-25.2,13.2,2008070318,35.0,22.5,1006.0,2680,2008-07-03 18:00:00
ATLN,200802L,-28.5,14.4,2008070409,42.0,41.2,1002.0,2681,2008-07-04 09:00:00
ATLN,200802L,-29.2,14.8,2008070412,45.0,45.0,1000.0,2682,2008-07-04 12:00:00
ATLN,200802L,-30.0,15.1,2008070415,45.0,45.0,1000.0,2683,2008-07-04 15:00:00
ATLN,200802L,-30.8,15.4,2008070418,45.0,45.0,1000.0,2684,2008-07-04 18:00:00
ATLN,200802L,-35.4,16.4,2008070509,45.0,45.0,1000.0,2685,2008-07-05 09:00:00
ATLN,200802L,-36.4,16.4,2008070512,45.0,45.0,1000.0,2686,2008-07-05 12:00:00
ATLN,200802L,-37.4,16.5,2008070515,45.0,45.0,1000.0,2687,2008-07-05 15:00:00
ATLN,200802L,-38.4,16.6,2008070518,45.0,45.0,1000.0,2688,2008-07-05 18:00:00
ATLN,200802L,-39.3,16.7,2008070521,45.0,45.0,1000.0,2689,2008-07-05 21:00:00
ATLN,200802L,-43.3,17.3,2008070609,45.0,45.0,1000.0,2690,2008-07-06 09:00:00
ATLN,200802L,-44.3,17.6,2008070612,45.0,45.0,1000.0,2691,2008-07-06 12:00:00
ATLN,200802L,-45.2,18.0,2008070615,45.0,45.0,1000.0,2692,2008-07-06 15:00:00
ATLN,200802L,-46.2,18.4,2008070618,45.0,45.0,1000.0,2693,2008-07-06 18:00:00
ATLN,200802L,-47.0,18.6,2008070621,50.0,45.0,997.0,2694,2008-07-06 21:00:00
ATLN,200802L,-50.0,19.2,2008070709,72.0,76.2,981.0,2695,2008-07-07 09:00:00
ATLN,200802L,-50.7,19.4,2008070712,80.0,76.2,975.0,2696,2008-07-07 12:00:00
ATLN,200802L,-51.2,19.6,2008070715,90.0,76.2,968.0,2697,2008-07-07 15:00:00
ATLN,200802L,-51.6,19.9,2008070718,100.0,76.2,960.0,2698,2008-07-07 18:00:00
ATLN,200802L,-51.9,20.2,2008070721,102.0,76.2,958.0,2699,2008-07-07 21:00:00
ATLN,200802L,-53.2,21.5,2008070809,98.0,76.2,962.0,2700,2008-07-08 09:00:00
ATLN,200802L,-53.5,21.8,2008070812,90.0,76.2,970.0,2701,2008-07-08 12:00:00
ATLN,200802L,-54.0,22.1,2008070815,82.0,71.9,975.0,2702,2008-07-08 15:00:00
ATLN,200802L,-54.4,22.4,2008070818,75.0,67.5,980.0,2703,2008-07-08 18:00:00
ATLN,200802L,-54.8,22.5,2008070821,72.0,67.5,982.0,2704,2008-07-08 21:00:00
ATLN,200802L,-57.0,23.8,2008070912,65.0,78.8,987.0,2705,2008-07-09 12:00:00
ATLN,200802L,-57.4,24.1,2008070915,75.0,80.6,980.0,2706,2008-07-09 15:00:00
ATLN,200802L,-57.8,24.5,2008070918,85.0,82.5,974.0,2707,2008-07-09 18:00:00
ATLN,200802L,-58.2,24.9,2008070921,88.0,82.5,972.0,2708,2008-07-09 21:00:00
ATLN,200802L,-59.8,26.3,2008071012,80.0,90.0,977.0,2709,2008-07-10 12:00:00
ATLN,200802L,-60.1,26.6,2008071015,78.0,90.0,978.0,2710,2008-07-10 15:00:00
ATLN,200802L,-60.5,26.9,2008071018,75.0,90.0,980.0,2711,2008-07-10 18:00:00
ATLN,200802L,-60.8,27.1,2008071021,75.0,95.0,980.0,2712,2008-07-10 21:00:00
ATLN,200802L,-61.8,28.3,2008071112,75.0,100.0,980.0,2713,2008-07-11 12:00:00
ATLN,200802L,-62.0,28.6,2008071115,78.0,107.5,978.0,2714,2008-07-11 15:00:00
ATLN,200802L,-62.1,28.8,2008071118,80.0,115.0,976.0,2715,2008-07-11 18:00:00
ATLN,200802L,-62.5,29.7,2008071212,75.0,142.5,976.0,2716,2008-07-12 12:00:00
ATLN,200802L,-62.5,29.8,2008071215,70.0,150.0,980.0,2717,2008-07-12 15:00:00
ATLN,200802L,-62.5,29.9,2008071218,65.0,157.5,983.0,2718,2008-07-12 18:00:00
ATLN,200802L,-62.5,29.9,2008071221,65.0,146.2,984.0,2719,2008-07-12 21:00:00
ATLN,200802L,-62.7,29.9,2008071312,60.0,135.0,988.0,2720,2008-07-13 12:00:00
ATLN,200802L,-62.8,30.0,2008071315,58.0,130.0,990.0,2721,2008-07-13 15:00:00
ATLN,200802L,-62.9,30.1,2008071318,55.0,125.0,991.0,2722,2008-07-13 18:00:00
ATLN,200802L,-63.0,30.3,2008071321,55.0,121.2,990.0,2723,2008-07-13 21:00:00
ATLN,200802L,-63.8,31.6,2008071412,55.0,117.5,994.0,2724,2008-07-14 12:00:00
ATLN,200802L,-63.9,32.0,2008071415,58.0,118.8,994.0,2725,2008-07-14 15:00:00
ATLN,200802L,-64.1,32.5,2008071418,60.0,120.0,995.0,2726,2008-07-14 18:00:00
ATLN,200802L,-63.9,33.0,2008071421,60.0,115.0,995.0,2727,2008-07-14 21:00:00
ATLN,200802L,-63.0,35.3,2008071512,60.0,105.0,995.0,2728,2008-07-15 12:00:00
ATLN,200802L,-62.8,35.8,2008071515,60.0,105.0,995.0,2729,2008-07-15 15:00:00
ATLN,200802L,-62.5,36.2,2008071518,60.0,105.0,995.0,2730,2008-07-15 18:00:00
ATLN,200802L,-62.1,36.5,2008071521,60.0,105.0,995.0,2731,2008-07-15 21:00:00
ATLN,200802L,-60.9,36.8,2008071612,60.0,105.0,995.0,2732,2008-07-16 12:00:00
ATLN,200802L,-60.8,36.5,2008071615,60.0,105.0,995.0,2733,2008-07-16 15:00:00
ATLN,200802L,-60.7,36.3,2008071618,60.0,105.0,995.0,2734,2008-07-16 18:00:00
ATLN,200802L,-60.5,36.0,2008071621,58.0,107.5,996.0,2735,2008-07-16 21:00:00
ATLN,200802L,-58.9,34.3,2008071712,50.0,105.0,997.0,2736,2008-07-17 12:00:00
ATLN,200802L,-58.3,34.1,2008071715,50.0,105.0,997.0,2737,2008-07-17 15:00:00
ATLN,200802L,-57.8,33.9,2008071718,50.0,105.0,997.0,2738,2008-07-17 18:00:00
ATLN,200802L,-56.9,33.8,2008071721,50.0,105.0,997.0,2739,2008-07-17 21:00:00
ATLN,200802L,-53.7,35.0,2008071809,55.0,108.1,995.0,2740,2008-07-18 09:00:00
ATLN,200802L,-53.0,35.5,2008071812,55.0,111.2,995.0,2741,2008-07-18 12:00:00
ATLN,200802L,-52.2,36.2,2008071815,60.0,111.2,992.0,2742,2008-07-18 15:00:00
ATLN,200802L,-51.5,36.9,2008071818,65.0,111.2,989.0,2743,2008-07-18 18:00:00
ATLN,200802L,-50.6,37.8,2008071821,65.0,111.2,989.0,2744,2008-07-18 21:00:00
ATLN,200802L,-47.1,41.2,2008071909,65.0,122.5,989.0,2745,2008-07-19 09:00:00
ATLN,200802L,-46.3,42.1,2008071912,65.0,133.8,989.0,2746,2008-07-19 12:00:00
ATLN,200802L,-45.3,42.9,2008071915,65.0,136.9,989.0,2747,2008-07-19 15:00:00
ATLN,200802L,-44.3,43.7,2008071918,65.0,140.0,989.0,2748,2008-07-19 18:00:00
ATLN,200802L,-38.5,48.8,2008072009,60.0,140.6,985.0,2749,2008-07-20 09:00:00
WPAC,200802W,121.0,9.2,2008041403,33.0,0.0,998.0,9173,2008-04-14 03:00:00
WPAC,200802W,120.2,9.0,2008041406,35.0,0.0,996.0,9174,2008-04-14 06:00:00
WPAC,200802W,119.6,9.2,2008041409,35.0,0.0,996.0,9175,2008-04-14 09:00:00
WPAC,200802W,116.5,10.8,2008041503,40.0,50.0,993.0,9176,2008-04-15 03:00:00
WPAC,200802W,116.1,11.2,2008041506,40.0,50.0,993.0,9177,2008-04-15 06:00:00
WPAC,200802W,115.7,11.6,2008041509,43.0,48.8,991.0,9178,2008-04-15 09:00:00
WPAC,200802W,112.8,13.3,2008041603,68.0,60.0,972.0,9179,2008-04-16 03:00:00
WPAC,200802W,112.5,13.3,2008041606,70.0,65.0,970.0,9180,2008-04-16 06:00:00
WPAC,200802W,112.5,13.6,2008041609,73.0,72.5,969.0,9181,2008-04-16 09:00:00
WPAC,200802W,112.0,15.6,2008041703,88.0,100.0,958.0,9182,2008-04-17 03:00:00
WPAC,200802W,111.9,15.9,2008041706,90.0,100.0,956.0,9183,2008-04-17 06:00:00
WPAC,200802W,111.9,16.2,2008041709,90.0,100.0,956.0,9184,2008-04-17 09:00:00
WPAC,200802W,111.4,18.2,2008041803,95.0,105.0,952.0,9185,2008-04-18 03:00:00
WPAC,200802W,111.4,18.6,2008041806,95.0,102.5,952.0,9186,2008-04-18 06:00:00
WPAC,200802W,111.5,19.0,2008041809,93.0,99.4,954.0,9187,2008-04-18 09:00:00
WPAC,200802W,111.8,21.3,2008041903,55.0,65.0,982.0,9188,2008-04-19 03:00:00
WPAC,200802W,112.1,21.7,2008041906,50.0,65.0,985.0,9189,2008-04-19 06:00:00
WPAC,200802W,112.6,22.1,2008041909,45.0,65.0,989.0,9190,2008-04-19 09:00:00
EPAC,200803E,-122.7,13.9,2008062800,30.0,0.0,1006.0,5696,2008-06-28 00:00:00
EPAC,200803E,-127.5,14.4,2008062915,40.0,42.5,1002.0,5697,2008-06-29 15:00:00
EPAC,200803E,-128.8,14.3,2008063000,40.0,42.5,1002.0,5698,2008-06-30 00:00:00
EPAC,200803E,-131.7,14.1,2008063018,30.0,0.0,1007.0,5699,2008-06-30 18:00:00
EPAC,200803E,-132.7,14.1,2008070100,25.0,0.0,1008.0,5700,2008-07-01 00:00:00
EPAC,200803E,-133.2,14.1,2008070103,23.0,0.0,1009.0,5701,2008-07-01 03:00:00
EPAC,200803E,-134.9,14.1,2008070115,20.0,0.0,1009.0,5702,2008-07-01 15:00:00
EPAC,200803E,-135.3,14.0,2008070118,20.0,0.0,1009.0,5703,2008-07-01 18:00:00
EPAC,200803E,-135.7,13.9,2008070121,20.0,0.0,1009.0,5704,2008-07-01 21:00:00
EPAC,200803E,-136.0,13.8,2008070200,20.0,0.0,1009.0,5705,2008-07-02 00:00:00
EPAC,200803E,-137.0,12.9,2008070215,20.0,0.0,1009.0,5706,2008-07-02 15:00:00
EPAC,200803E,-137.1,12.8,2008070218,20.0,0.0,1009.0,5707,2008-07-02 18:00:00
EPAC,200803E,-137.1,12.7,2008070221,20.0,0.0,1009.0,5708,2008-07-02 21:00:00
EPAC,200803E,-137.2,12.5,2008070300,20.0,0.0,1009.0,5709,2008-07-03 00:00:00
ATLN,200803L,-79.8,31.7,2008071900,25.0,0.0,1010.0,2750,2008-07-19 00:00:00
ATLN,200803L,-78.8,32.4,2008071912,35.0,37.5,1007.0,2751,2008-07-19 12:00:00
ATLN,200803L,-78.5,32.6,2008071915,40.0,37.5,1006.0,2752,2008-07-19 15:00:00
ATLN,200803L,-78.2,32.8,2008071918,45.0,37.5,1006.0,2753,2008-07-19 18:00:00
ATLN,200803L,-78.0,33.0,2008071921,45.0,37.5,1006.0,2754,2008-07-19 21:00:00
ATLN,200803L,-77.8,33.2,2008072000,45.0,37.5,1006.0,2755,2008-07-20 00:00:00
ATLN,200803L,-76.7,34.1,2008072012,45.0,25.0,1006.0,2756,2008-07-20 12:00:00
ATLN,200803L,-76.4,34.3,2008072015,45.0,25.0,1006.0,2757,2008-07-20 15:00:00
ATLN,200803L,-76.1,34.5,2008072018,45.0,25.0,1007.0,2758,2008-07-20 18:00:00
ATLN,200803L,-75.8,34.7,2008072021,45.0,25.0,1006.0,2759,2008-07-20 21:00:00
ATLN,200803L,-75.4,34.9,2008072100,45.0,25.0,1005.0,2760,2008-07-21 00:00:00
ATLN,200803L,-73.2,36.2,2008072112,55.0,57.5,1000.0,2761,2008-07-21 12:00:00
ATLN,200803L,-72.6,36.5,2008072115,55.0,57.5,1000.0,2762,2008-07-21 15:00:00
ATLN,200803L,-72.0,36.8,2008072118,55.0,57.5,1000.0,2763,2008-07-21 18:00:00
ATLN,200803L,-71.3,37.1,2008072121,55.0,55.0,1000.0,2764,2008-07-21 21:00:00
ATLN,200803L,-67.0,40.0,2008072212,55.0,52.5,998.0,2765,2008-07-22 12:00:00
ATLN,200803L,-62.5,42.5,2008072221,48.0,46.9,1000.0,2766,2008-07-22 21:00:00
WPAC,200803W,131.8,19.5,2008051100,135.0,177.5,922.0,9191,2008-05-11 00:00:00
WPAC,200803W,134.1,24.5,2008051121,90.0,161.2,956.0,9192,2008-05-11 21:00:00
WPAC,200803W,134.6,25.4,2008051200,85.0,170.0,959.0,9193,2008-05-12 00:00:00
WPAC,200803W,137.3,28.2,2008051209,65.0,150.0,975.0,9194,2008-05-12 09:00:00
EPAC,200804E,-106.2,15.4,2008070118,25.0,0.0,1007.0,5710,2008-07-01 18:00:00
EPAC,200804E,-106.4,15.7,2008070121,28.0,0.0,1007.0,5711,2008-07-01 21:00:00
EPAC,200804E,-106.6,16.0,2008070200,30.0,0.0,1006.0,5712,2008-07-02 00:00:00
EPAC,200804E,-107.9,17.7,2008070215,35.0,41.3,1004.0,5713,2008-07-02 15:00:00
EPAC,200804E,-108.2,18.0,2008070218,35.0,41.3,1004.0,5714,2008-07-02 18:00:00
EPAC,200804E,-108.4,18.4,2008070221,35.0,48.8,1004.0,5715,2008-07-02 21:00:00
EPAC,200804E,-108.6,18.7,2008070300,35.0,56.3,1004.0,5716,2008-07-03 00:00:00
EPAC,200804E,-109.8,20.2,2008070315,33.0,18.8,1005.0,5717,2008-07-03 15:00:00
EPAC,200804E,-110.3,20.5,2008070318,30.0,0.0,1005.0,5718,2008-07-03 18:00:00
EPAC,200804E,-110.6,20.7,2008070321,30.0,0.0,1005.0,5719,2008-07-03 21:00:00
EPAC,200804E,-110.9,20.9,2008070400,30.0,0.0,1005.0,5720,2008-07-04 00:00:00
EPAC,200804E,-112.4,20.2,2008070415,20.0,0.0,1007.0,5721,2008-07-04 15:00:00
EPAC,200804E,-112.8,20.1,2008070418,20.0,0.0,1007.0,5722,2008-07-04 18:00:00
EPAC,200804E,-113.0,20.1,2008070421,20.0,0.0,1007.0,5723,2008-07-04 21:00:00
EPAC,200804E,-113.2,20.1,2008070500,20.0,0.0,1007.0,5724,2008-07-05 00:00:00
EPAC,200804E,-113.7,20.2,2008070515,20.0,0.0,1007.0,5725,2008-07-05 15:00:00
EPAC,200804E,-113.8,20.2,2008070518,20.0,0.0,1007.0,5726,2008-07-05 18:00:00
EPAC,200804E,-114.1,20.2,2008070521,20.0,0.0,1007.0,5727,2008-07-05 21:00:00
EPAC,200804E,-114.3,20.2,2008070600,20.0,0.0,1007.0,5728,2008-07-06 00:00:00
ATLN,200804L,-83.6,17.8,2008072012,40.0,62.5,1008.0,2767,2008-07-20 12:00:00
ATLN,200804L,-84.1,18.2,2008072015,40.0,87.5,1008.0,2768,2008-07-20 15:00:00
ATLN,200804L,-84.6,18.6,2008072018,40.0,112.5,1008.0,2769,2008-07-20 18:00:00
ATLN,200804L,-85.2,19.2,2008072021,42.0,112.5,1008.0,2770,2008-07-20 21:00:00
ATLN,200804L,-85.8,19.8,2008072100,45.0,112.5,1007.0,2771,2008-07-21 00:00:00
ATLN,200804L,-88.8,21.8,2008072112,45.0,112.5,1005.0,2772,2008-07-21 12:00:00
ATLN,200804L,-89.6,22.3,2008072115,45.0,105.0,1005.0,2773,2008-07-21 15:00:00
ATLN,200804L,-90.4,22.8,2008072118,45.0,97.5,1005.0,2774,2008-07-21 18:00:00
ATLN,200804L,-91.2,22.9,2008072121,45.0,101.2,1002.0,2775,2008-07-21 21:00:00
ATLN,200804L,-92.0,23.0,2008072200,45.0,105.0,1000.0,2776,2008-07-22 00:00:00
ATLN,200804L,-94.1,23.7,2008072212,55.0,110.0,993.0,2777,2008-07-22 12:00:00
ATLN,200804L,-94.5,24.0,2008072215,58.0,115.0,992.0,2778,2008-07-22 15:00:00
ATLN,200804L,-94.9,24.3,2008072218,60.0,120.0,990.0,2779,2008-07-22 18:00:00
ATLN,200804L,-95.3,24.6,2008072221,62.0,115.0,986.0,2780,2008-07-22 21:00:00
ATLN,200804L,-95.7,24.9,2008072300,65.0,110.0,982.0,2781,2008-07-23 00:00:00
ATLN,200804L,-96.7,25.9,2008072312,85.0,110.0,967.0,2782,2008-07-23 12:00:00
ATLN,200804L,-97.0,26.1,2008072315,80.0,96.2,967.0,2783,2008-07-23 15:00:00
ATLN,200804L,-97.2,26.4,2008072318,75.0,82.5,967.0,2784,2008-07-23 18:00:00
ATLN,200804L,-97.8,26.5,2008072400,65.0,72.5,976.0,2785,2008-07-24 00:00:00
ATLN,200804L,-99.5,27.5,2008072415,40.0,57.5,994.0,2786,2008-07-24 15:00:00
ATLN,200804L,-100.0,27.9,2008072418,35.0,57.5,995.0,2787,2008-07-24 18:00:00
ATLN,200804L,-100.7,28.1,2008072421,30.0,28.8,998.0,2788,2008-07-24 21:00:00
ATLN,200804L,-101.4,28.3,2008072500,25.0,0.0,1000.0,2789,2008-07-25 00:00:00
ATLN,200804L,-104.5,29.1,2008072515,25.0,0.0,1008.0,2790,2008-07-25 15:00:00
ATLN,200804L,-105.0,29.4,2008072518,25.0,0.0,1009.0,2791,2008-07-25 18:00:00
ATLN,200804L,-105.3,29.7,2008072521,22.0,0.0,1010.0,2792,2008-07-25 21:00:00
ATLN,200804L,-105.7,30.0,2008072600,20.0,0.0,1012.0,2793,2008-07-26 00:00:00
ATLN,200804L,-106.5,31.4,2008072615,20.0,0.0,1012.0,2794,2008-07-26 15:00:00
ATLN,200804L,-106.7,31.9,2008072618,20.0,0.0,1014.0,2795,2008-07-26 18:00:00
ATLN,200804L,-106.5,32.4,2008072621,20.0,0.0,1015.0,2796,2008-07-26 21:00:00
ATLN,200804L,-106.3,32.9,2008072700,20.0,0.0,1016.0,2797,2008-07-27 00:00:00
WPAC,200804W,124.2,16.2,2008051403,23.0,0.0,1004.0,9195,2008-05-14 03:00:00
WPAC,200804W,123.8,16.5,2008051409,28.0,0.0,1002.0,9196,2008-05-14 09:00:00
WPAC,200804W,124.1,18.3,2008051500,30.0,0.0,1000.0,9197,2008-05-15 00:00:00
WPAC,200804W,125.8,20.1,2008051509,30.0,0.0,1000.0,9198,2008-05-15 09:00:00
WPAC,200804W,134.3,25.9,2008051609,40.0,75.0,993.0,9199,2008-05-16 09:00:00
EPAC,200805E,-99.8,14.1,2008070518,25.0,0.0,1006.0,5729,2008-07-05 18:00:00
EPAC,200805E,-100.3,14.4,2008070521,25.0,0.0,1006.0,5730,2008-07-05 21:00:00
EPAC,200805E,-100.8,14.8,2008070600,25.0,0.0,1006.0,5731,2008-07-06 00:00:00
EPAC,200805E,-102.1,16.5,2008070615,30.0,0.0,1005.0,5732,2008-07-06 15:00:00
EPAC,200805E,-102.1,16.8,2008070618,30.0,0.0,1005.0,5733,2008-07-06 18:00:00
EPAC,200805E,-102.2,17.1,2008070621,30.0,0.0,1005.0,5734,2008-07-06 21:00:00
EPAC,200805E,-102.3,17.5,2008070700,30.0,0.0,1005.0,5735,2008-07-07 00:00:00
ATLN,200805L,-87.4,28.1,2008080312,25.0,0.0,1010.0,2798,2008-08-03 12:00:00
ATLN,200805L,-87.6,28.1,2008080315,28.0,0.0,1010.0,2799,2008-08-03 15:00:00
ATLN,200805L,-87.8,28.1,2008080318,30.0,0.0,1009.0,2800,2008-08-03 18:00:00
ATLN,200805L,-88.2,28.1,2008080321,38.0,6.2,1006.0,2801,2008-08-03 21:00:00
ATLN,200805L,-88.5,28.1,2008080400,45.0,12.5,1002.0,2802,2008-08-04 00:00:00
ATLN,200805L,-90.3,28.1,2008080412,40.0,7.5,1002.0,2803,2008-08-04 12:00:00
ATLN,200805L,-90.7,28.2,2008080415,40.0,26.2,1002.0,2804,2008-08-04 15:00:00
ATLN,200805L,-91.0,28.3,2008080418,40.0,45.0,1001.0,2805,2008-08-04 18:00:00
ATLN,200805L,-91.3,28.4,2008080421,45.0,50.6,1000.0,2806,2008-08-04 21:00:00
ATLN,200805L,-91.7,28.5,2008080500,50.0,56.2,999.0,2807,2008-08-05 00:00:00
ATLN,200805L,-94.2,29.6,2008080512,55.0,52.5,996.0,2808,2008-08-05 12:00:00
ATLN,200805L,-94.5,29.8,2008080515,48.0,33.8,998.0,2809,2008-08-05 15:00:00
ATLN,200805L,-95.7,30.6,2008080600,30.0,0.0,1003.0,2810,2008-08-06 00:00:00
ATLN,200805L,-98.3,32.4,2008080615,20.0,0.0,1012.0,2811,2008-08-06 15:00:00
ATLN,200805L,-98.7,32.7,2008080618,20.0,0.0,1012.0,2812,2008-08-06 18:00:00
WPAC,200805W,117.0,12.1,2008051503,20.0,0.0,1007.0,9200,2008-05-15 03:00:00
WPAC,200805W,117.2,12.3,2008051506,20.0,0.0,1007.0,9201,2008-05-15 06:00:00
WPAC,200805W,117.4,12.6,2008051509,23.0,0.0,1006.0,9202,2008-05-15 09:00:00
WPAC,200805W,117.1,13.8,2008051600,35.0,0.0,996.0,9203,2008-05-16 00:00:00
WPAC,200805W,117.2,14.1,2008051603,38.0,42.5,995.0,9204,2008-05-16 03:00:00
WPAC,200805W,117.4,14.4,2008051606,40.0,85.0,993.0,9205,2008-05-16 06:00:00
WPAC,200805W,117.7,14.6,2008051609,45.0,87.5,989.0,9206,2008-05-16 09:00:00
WPAC,200805W,118.9,15.4,2008051700,55.0,81.2,982.0,9207,2008-05-17 00:00:00
WPAC,200805W,119.1,15.6,2008051703,60.0,84.4,978.0,9208,2008-05-17 03:00:00
WPAC,200805W,119.3,15.8,2008051706,65.0,87.5,974.0,9209,2008-05-17 06:00:00
WPAC,200805W,119.7,16.1,2008051709,70.0,85.0,971.0,9210,2008-05-17 09:00:00
WPAC,200805W,122.1,17.4,2008051800,45.0,82.5,989.0,9211,2008-05-18 00:00:00
WPAC,200805W,122.7,17.9,2008051803,45.0,82.5,989.0,9212,2008-05-18 03:00:00
WPAC,200805W,123.3,18.4,2008051806,45.0,82.5,989.0,9213,2008-05-18 06:00:00
WPAC,200805W,123.9,18.8,2008051809,45.0,82.5,989.0,9214,2008-05-18 09:00:00
WPAC,200805W,129.6,22.8,2008051909,55.0,85.0,982.0,9215,2008-05-19 09:00:00
WPAC,200805W,133.9,25.8,2008051921,50.0,72.5,986.0,9216,2008-05-19 21:00:00
EPAC,200806E,-93.9,11.1,2008071118,30.0,0.0,1007.0,5736,2008-07-11 18:00:00
EPAC,200806E,-94.6,11.4,2008071121,30.0,0.0,1007.0,5737,2008-07-11 21:00:00
EPAC,200806E,-95.2,11.7,2008071200,30.0,0.0,1006.0,5738,2008-07-12 00:00:00
EPAC,200806E,-98.8,13.2,2008071215,45.0,31.3,1001.0,5739,2008-07-12 15:00:00
EPAC,200806E,-99.6,13.5,2008071218,45.0,32.5,1000.0,5740,2008-07-12 18:00:00
EPAC,200806E,-100.3,13.8,2008071221,48.0,35.0,999.0,5741,2008-07-12 21:00:00
EPAC,200806E,-101.0,14.1,2008071300,50.0,37.5,997.0,5742,2008-07-13 00:00:00
EPAC,200806E,-104.3,15.2,2008071315,55.0,38.8,994.0,5743,2008-07-13 15:00:00
EPAC,200806E,-104.9,15.3,2008071318,55.0,40.0,994.0,5744,2008-07-13 18:00:00
EPAC,200806E,-105.6,15.4,2008071321,55.0,41.3,994.0,5745,2008-07-13 21:00:00
EPAC,200806E,-106.2,15.5,2008071400,55.0,42.5,994.0,5746,2008-07-14 00:00:00
EPAC,200806E,-108.8,15.8,2008071415,70.0,63.8,984.0,5747,2008-07-14 15:00:00
EPAC,200806E,-109.2,15.8,2008071418,75.0,63.8,981.0,5748,2008-07-14 18:00:00
EPAC,200806E,-109.5,15.9,2008071421,75.0,63.8,981.0,5749,2008-07-14 21:00:00
EPAC,200806E,-109.8,16.0,2008071500,75.0,63.8,981.0,5750,2008-07-15 00:00:00
EPAC,200806E,-112.2,16.3,2008071515,68.0,65.0,985.0,5751,2008-07-15 15:00:00
EPAC,200806E,-112.7,16.3,2008071518,65.0,68.8,985.0,5752,2008-07-15 18:00:00
EPAC,200806E,-113.2,16.3,2008071521,65.0,73.8,986.0,5753,2008-07-15 21:00:00
EPAC,200806E,-113.7,16.3,2008071600,65.0,78.8,986.0,5754,2008-07-16 00:00:00
EPAC,200806E,-116.6,16.8,2008071615,83.0,73.1,976.0,5755,2008-07-16 15:00:00
EPAC,200806E,-117.2,16.9,2008071618,90.0,67.5,970.0,5756,2008-07-16 18:00:00
EPAC,200806E,-117.8,17.0,2008071621,90.0,67.5,970.0,5757,2008-07-16 21:00:00
EPAC,200806E,-118.4,17.2,2008071700,90.0,67.5,970.0,5758,2008-07-17 00:00:00
EPAC,200806E,-122.0,17.1,2008071715,75.0,60.6,980.0,5759,2008-07-17 15:00:00
EPAC,200806E,-122.7,17.2,2008071718,70.0,56.3,982.0,5760,2008-07-17 18:00:00
EPAC,200806E,-123.3,17.3,2008071721,68.0,53.8,985.0,5761,2008-07-17 21:00:00
EPAC,200806E,-124.0,17.4,2008071800,65.0,51.3,987.0,5762,2008-07-18 00:00:00
EPAC,200806E,-127.4,17.9,2008071815,45.0,33.8,998.0,5763,2008-07-18 15:00:00
EPAC,200806E,-128.1,18.0,2008071818,40.0,25.0,1000.0,5764,2008-07-18 18:00:00
EPAC,200806E,-128.7,18.1,2008071821,38.0,23.1,1002.0,5765,2008-07-18 21:00:00
EPAC,200806E,-129.3,18.2,2008071900,35.0,21.3,1003.0,5766,2008-07-19 00:00:00
EPAC,200806E,-129.9,18.1,2008071903,33.0,10.6,1004.0,5767,2008-07-19 03:00:00
EPAC,200806E,-132.2,17.6,2008071915,30.0,0.0,1006.0,5768,2008-07-19 15:00:00
EPAC,200806E,-132.8,17.5,2008071918,30.0,0.0,1006.0,5769,2008-07-19 18:00:00
EPAC,200806E,-133.4,17.4,2008071921,30.0,0.0,1007.0,5770,2008-07-19 21:00:00
EPAC,200806E,-134.1,17.3,2008072000,30.0,0.0,1007.0,5771,2008-07-20 00:00:00
EPAC,200806E,-134.8,17.3,2008072003,28.0,0.0,1008.0,5772,2008-07-20 03:00:00
EPAC,200806E,-137.8,17.1,2008072015,25.0,0.0,1009.0,5773,2008-07-20 15:00:00
EPAC,200806E,-138.6,17.0,2008072018,25.0,0.0,1009.0,5774,2008-07-20 18:00:00
EPAC,200806E,-139.3,16.9,2008072021,25.0,0.0,1009.0,5775,2008-07-20 21:00:00
EPAC,200806E,-140.0,16.9,2008072100,25.0,0.0,1009.0,5776,2008-07-21 00:00:00
EPAC,200806E,-140.8,16.8,2008072103,25.0,0.0,1009.0,5777,2008-07-21 03:00:00
EPAC,200806E,-144.1,16.4,2008072115,25.0,0.0,1010.0,5778,2008-07-21 15:00:00
ATLN,200806L,-67.4,18.4,2008081512,30.0,0.0,1011.0,2813,2008-08-15 12:00:00
ATLN,200806L,-68.1,18.4,2008081515,32.0,18.8,1010.0,2814,2008-08-15 15:00:00
ATLN,200806L,-68.8,18.5,2008081518,35.0,37.5,1009.0,2815,2008-08-15 18:00:00
ATLN,200806L,-69.5,18.6,2008081521,38.0,46.9,1008.0,2816,2008-08-15 21:00:00
ATLN,200806L,-72.9,18.8,2008081612,40.0,56.2,1007.0,2817,2008-08-16 12:00:00
ATLN,200806L,-73.8,19.0,2008081615,40.0,46.9,1007.0,2818,2008-08-16 15:00:00
ATLN,200806L,-74.6,19.1,2008081618,40.0,37.5,1007.0,2819,2008-08-16 18:00:00
ATLN,200806L,-75.2,19.2,2008081621,42.0,37.5,1006.0,2820,2008-08-16 21:00:00
ATLN,200806L,-78.1,20.0,2008081712,45.0,35.0,1003.0,2821,2008-08-17 12:00:00
ATLN,200806L,-78.8,20.4,2008081715,45.0,40.0,1004.0,2822,2008-08-17 15:00:00
ATLN,200806L,-79.6,20.7,2008081718,45.0,45.0,1006.0,2823,2008-08-17 18:00:00
ATLN,200806L,-79.9,20.9,2008081721,45.0,45.0,1004.0,2824,2008-08-17 21:00:00
ATLN,200806L,-81.2,23.2,2008081812,50.0,47.5,1002.0,2825,2008-08-18 12:00:00
ATLN,200806L,-81.5,23.8,2008081815,50.0,56.2,1001.0,2826,2008-08-18 15:00:00
ATLN,200806L,-81.7,24.3,2008081818,50.0,65.0,1000.0,2827,2008-08-18 18:00:00
ATLN,200806L,-81.8,24.6,2008081821,50.0,65.0,998.0,2828,2008-08-18 21:00:00
ATLN,200806L,-81.9,25.0,2008081900,50.0,65.0,997.0,2829,2008-08-19 00:00:00
ATLN,200806L,-81.4,26.4,2008081912,55.0,62.5,988.0,2830,2008-08-19 12:00:00
ATLN,200806L,-81.2,26.7,2008081915,58.0,72.5,987.0,2831,2008-08-19 15:00:00
ATLN,200806L,-81.1,27.0,2008081918,60.0,82.5,986.0,2832,2008-08-19 18:00:00
ATLN,200806L,-81.0,27.2,2008081921,58.0,78.8,987.0,2833,2008-08-19 21:00:00
ATLN,200806L,-80.6,28.4,2008082012,45.0,47.5,994.0,2834,2008-08-20 12:00:00
ATLN,200806L,-80.6,28.5,2008082015,45.0,55.0,996.0,2835,2008-08-20 15:00:00
ATLN,200806L,-80.6,28.7,2008082018,45.0,62.5,997.0,2836,2008-08-20 18:00:00
ATLN,200806L,-80.5,28.8,2008082021,48.0,77.5,995.0,2837,2008-08-20 21:00:00
ATLN,200806L,-80.7,29.2,2008082112,50.0,92.5,993.0,2838,2008-08-21 12:00:00
ATLN,200806L,-80.8,29.2,2008082115,52.0,92.5,993.0,2839,2008-08-21 15:00:00
ATLN,200806L,-81.0,29.3,2008082118,55.0,92.5,993.0,2840,2008-08-21 18:00:00
ATLN,200806L,-81.1,29.3,2008082121,52.0,100.0,994.0,2841,2008-08-21 21:00:00
ATLN,200806L,-82.4,29.6,2008082212,45.0,55.0,996.0,2842,2008-08-22 12:00:00
ATLN,200806L,-82.7,29.7,2008082215,42.0,60.0,996.0,2843,2008-08-22 15:00:00
ATLN,200806L,-83.0,29.8,2008082218,40.0,65.0,997.0,2844,2008-08-22 18:00:00
ATLN,200806L,-83.4,29.8,2008082221,42.0,52.5,996.0,2845,2008-08-22 21:00:00
ATLN,200806L,-83.8,29.7,2008082300,45.0,40.0,996.0,2846,2008-08-23 00:00:00
ATLN,200806L,-85.2,30.0,2008082312,40.0,40.0,998.0,2847,2008-08-23 12:00:00
ATLN,200806L,-85.6,30.2,2008082315,40.0,33.8,998.0,2848,2008-08-23 15:00:00
ATLN,200806L,-85.9,30.5,2008082318,40.0,27.5,999.0,2849,2008-08-23 18:00:00
ATLN,200806L,-86.3,30.6,2008082321,35.0,13.8,999.0,2850,2008-08-23 21:00:00
ATLN,200806L,-86.7,30.8,2008082400,30.0,0.0,999.0,2851,2008-08-24 00:00:00
ATLN,200806L,-88.4,31.8,2008082412,30.0,0.0,1000.0,2852,2008-08-24 12:00:00
ATLN,200806L,-89.1,31.6,2008082415,30.0,0.0,1000.0,2853,2008-08-24 15:00:00
ATLN,200806L,-89.7,31.5,2008082418,30.0,0.0,1001.0,2854,2008-08-24 18:00:00
ATLN,200806L,-90.0,31.3,2008082500,30.0,0.0,1001.0,2855,2008-08-25 00:00:00
ATLN,200806L,-89.4,32.0,2008082512,25.0,0.0,1002.0,2856,2008-08-25 12:00:00
ATLN,200806L,-89.2,32.2,2008082515,25.0,0.0,1002.0,2857,2008-08-25 15:00:00
ATLN,200806L,-89.0,32.4,2008082518,25.0,0.0,1002.0,2858,2008-08-25 18:00:00
ATLN,200806L,-88.8,32.5,2008082521,22.0,0.0,1002.0,2859,2008-08-25 21:00:00
ATLN,200806L,-88.6,32.7,2008082600,20.0,0.0,1002.0,2860,2008-08-26 00:00:00
ATLN,200806L,-87.2,33.9,2008082612,20.0,0.0,1003.0,2861,2008-08-26 12:00:00
ATLN,200806L,-86.8,34.2,2008082615,20.0,0.0,1004.0,2862,2008-08-26 15:00:00
ATLN,200806L,-85.8,35.0,2008082700,15.0,0.0,1005.0,2863,2008-08-27 00:00:00
ATLN,200806L,-84.4,36.1,2008082712,15.0,0.0,1007.0,2864,2008-08-27 12:00:00
ATLN,200806L,-84.0,36.5,2008082715,15.0,0.0,1008.0,2865,2008-08-27 15:00:00
ATLN,200806L,-83.6,36.9,2008082718,15.0,0.0,1008.0,2866,2008-08-27 18:00:00
ATLN,200806L,-83.4,37.1,2008082721,15.0,0.0,1008.0,2867,2008-08-27 21:00:00
ATLN,200806L,-83.2,37.4,2008082800,15.0,0.0,1009.0,2868,2008-08-28 00:00:00
WPAC,200806W,137.2,15.2,2008052721,50.0,51.2,986.0,9217,2008-05-27 21:00:00
WPAC,200806W,132.9,20.4,2008053121,75.0,100.0,967.0,9218,2008-05-31 21:00:00
WPAC,200806W,139.4,31.1,2008060221,53.0,133.8,984.0,9219,2008-06-02 21:00:00
EPAC,200807E,-97.9,11.2,2008071615,35.0,23.8,1005.0,5779,2008-07-16 15:00:00
EPAC,200807E,-100.0,11.4,2008071621,38.0,46.3,1004.0,5780,2008-07-16 21:00:00
EPAC,200807E,-101.0,11.5,2008071700,40.0,52.5,1002.0,5781,2008-07-17 00:00:00
EPAC,200807E,-103.8,12.3,2008071715,53.0,61.9,998.0,5782,2008-07-17 15:00:00
EPAC,200807E,-104.4,12.5,2008071718,55.0,67.5,998.0,5783,2008-07-17 18:00:00
EPAC,200807E,-104.9,12.7,2008071721,58.0,70.0,996.0,5784,2008-07-17 21:00:00
EPAC,200807E,-105.4,12.9,2008071800,60.0,72.5,994.0,5785,2008-07-18 00:00:00
EPAC,200807E,-107.6,13.7,2008071815,65.0,95.0,987.0,5786,2008-07-18 15:00:00
EPAC,200807E,-108.0,13.9,2008071818,65.0,95.0,987.0,5787,2008-07-18 18:00:00
EPAC,200807E,-108.3,14.1,2008071821,68.0,95.0,986.0,5788,2008-07-18 21:00:00
EPAC,200807E,-108.6,14.2,2008071900,70.0,95.0,985.0,5789,2008-07-19 00:00:00
EPAC,200807E,-109.8,15.2,2008071915,75.0,103.1,980.0,5790,2008-07-19 15:00:00
EPAC,200807E,-110.3,15.7,2008071921,75.0,93.1,980.0,5791,2008-07-19 21:00:00
EPAC,200807E,-110.6,16.0,2008072000,75.0,90.0,980.0,5792,2008-07-20 00:00:00
EPAC,200807E,-112.6,17.9,2008072015,80.0,93.8,977.0,5793,2008-07-20 15:00:00
EPAC,200807E,-113.0,18.3,2008072018,80.0,93.8,977.0,5794,2008-07-20 18:00:00
EPAC,200807E,-113.5,18.6,2008072021,80.0,93.8,977.0,5795,2008-07-20 21:00:00
EPAC,200807E,-114.0,18.9,2008072100,80.0,93.8,977.0,5796,2008-07-21 00:00:00
EPAC,200807E,-116.7,20.1,2008072115,65.0,80.0,987.0,5797,2008-07-21 15:00:00
EPAC,200807E,-117.2,20.3,2008072118,60.0,75.0,990.0,5798,2008-07-21 18:00:00
EPAC,200807E,-117.7,20.4,2008072121,58.0,75.0,992.0,5799,2008-07-21 21:00:00
EPAC,200807E,-118.1,20.5,2008072200,55.0,75.0,994.0,5800,2008-07-22 00:00:00
EPAC,200807E,-120.5,21.5,2008072215,35.0,15.0,1005.0,5801,2008-07-22 15:00:00
EPAC,200807E,-121.5,21.9,2008072221,30.0,0.0,1008.0,5802,2008-07-22 21:00:00
EPAC,200807E,-121.9,22.1,2008072300,30.0,0.0,1008.0,5803,2008-07-23 00:00:00
EPAC,200807E,-124.2,23.4,2008072315,25.0,0.0,1009.0,5804,2008-07-23 15:00:00
EPAC,200807E,-124.6,23.8,2008072318,25.0,0.0,1009.0,5805,2008-07-23 18:00:00
EPAC,200807E,-125.7,24.0,2008072400,25.0,0.0,1010.0,5806,2008-07-24 00:00:00
ATLN,200807L,-69.6,15.1,2008082512,35.0,27.5,1002.0,2869,2008-08-25 12:00:00
ATLN,200807L,-70.0,15.4,2008082515,42.0,30.6,999.0,2870,2008-08-25 15:00:00
ATLN,200807L,-70.5,15.8,2008082518,50.0,33.8,996.0,2871,2008-08-25 18:00:00
ATLN,200807L,-70.8,16.1,2008082521,55.0,33.8,994.0,2872,2008-08-25 21:00:00
ATLN,200807L,-72.1,17.5,2008082612,80.0,41.2,981.0,2873,2008-08-26 12:00:00
ATLN,200807L,-72.4,17.8,2008082615,75.0,39.4,986.0,2874,2008-08-26 15:00:00
ATLN,200807L,-72.9,18.2,2008082621,60.0,37.5,994.0,2875,2008-08-26 21:00:00
ATLN,200807L,-73.7,18.7,2008082712,45.0,22.5,998.0,2876,2008-08-27 12:00:00
ATLN,200807L,-73.8,18.8,2008082715,45.0,22.5,998.0,2877,2008-08-27 15:00:00
ATLN,200807L,-74.0,18.9,2008082718,45.0,22.5,999.0,2878,2008-08-27 18:00:00
ATLN,200807L,-74.5,18.9,2008082721,42.0,22.5,999.0,2879,2008-08-27 21:00:00
ATLN,200807L,-75.7,17.9,2008082812,60.0,46.2,984.0,2880,2008-08-28 12:00:00
ATLN,200807L,-76.0,17.9,2008082815,60.0,45.6,984.0,2881,2008-08-28 15:00:00
ATLN,200807L,-76.2,18.0,2008082818,60.0,45.0,984.0,2882,2008-08-28 18:00:00
ATLN,200807L,-76.6,17.9,2008082821,60.0,55.0,986.0,2883,2008-08-28 21:00:00
ATLN,200807L,-78.4,18.3,2008082912,50.0,85.0,989.0,2884,2008-08-29 12:00:00
ATLN,200807L,-78.8,18.6,2008082915,58.0,95.0,986.0,2885,2008-08-29 15:00:00
ATLN,200807L,-79.2,18.8,2008082918,65.0,105.0,984.0,2886,2008-08-29 18:00:00
ATLN,200807L,-79.6,19.0,2008082921,70.0,111.2,980.0,2887,2008-08-29 21:00:00
ATLN,200807L,-81.6,20.7,2008083012,110.0,113.8,955.0,2888,2008-08-30 12:00:00
ATLN,200807L,-82.0,21.1,2008083015,118.0,116.9,949.0,2889,2008-08-30 15:00:00
ATLN,200807L,-82.5,21.6,2008083018,125.0,120.0,943.0,2890,2008-08-30 18:00:00
ATLN,200807L,-83.0,22.1,2008083021,122.0,124.4,946.0,2891,2008-08-30 21:00:00
ATLN,200807L,-85.5,24.8,2008083112,100.0,152.5,961.0,2892,2008-08-31 12:00:00
ATLN,200807L,-86.1,25.4,2008083115,98.0,160.0,960.0,2893,2008-08-31 15:00:00
ATLN,200807L,-87.2,26.4,2008083121,95.0,171.2,956.0,2894,2008-08-31 21:00:00
ATLN,200807L,-87.7,26.9,2008090100,95.0,175.0,953.0,2895,2008-09-01 00:00:00
ATLN,200807L,-90.3,28.8,2008090112,95.0,172.5,955.0,2896,2008-09-01 12:00:00
ATLN,200807L,-90.8,29.3,2008090115,90.0,151.9,956.0,2897,2008-09-01 15:00:00
ATLN,200807L,-91.4,29.8,2008090118,85.0,131.2,958.0,2898,2008-09-01 18:00:00
ATLN,200807L,-91.8,30.2,2008090121,72.0,107.5,964.0,2899,2008-09-01 21:00:00
ATLN,200807L,-92.3,30.7,2008090200,60.0,83.8,971.0,2900,2008-09-02 00:00:00
ATLN,200807L,-93.7,32.4,2008090215,25.0,0.0,991.0,2901,2008-09-02 15:00:00
ATLN,200807L,-93.9,32.7,2008090218,20.0,0.0,993.0,2902,2008-09-02 18:00:00
ATLN,200807L,-93.9,33.0,2008090221,20.0,0.0,994.0,2903,2008-09-02 21:00:00
ATLN,200807L,-93.9,33.2,2008090300,20.0,0.0,995.0,2904,2008-09-03 00:00:00
ATLN,200807L,-94.4,33.8,2008090312,20.0,0.0,997.0,2905,2008-09-03 12:00:00
ATLN,200807L,-94.4,33.9,2008090315,20.0,0.0,998.0,2906,2008-09-03 15:00:00
ATLN,200807L,-94.4,34.0,2008090318,20.0,0.0,998.0,2907,2008-09-03 18:00:00
ATLN,200807L,-94.2,34.1,2008090321,18.0,0.0,998.0,2908,2008-09-03 21:00:00
ATLN,200807L,-94.1,34.3,2008090400,15.0,0.0,998.0,2909,2008-09-04 00:00:00
ATLN,200807L,-92.3,36.2,2008090412,15.0,0.0,1000.0,2910,2008-09-04 12:00:00
ATLN,200807L,-91.5,37.4,2008090415,18.0,0.0,1000.0,2911,2008-09-04 15:00:00
ATLN,200807L,-90.7,38.5,2008090418,20.0,0.0,1000.0,2912,2008-09-04 18:00:00
ATLN,200807L,-89.7,39.4,2008090421,20.0,0.0,1001.0,2913,2008-09-04 21:00:00
ATLN,200807L,-88.7,40.2,2008090500,20.0,0.0,1002.0,2914,2008-09-05 00:00:00
ATLN,200807L,-83.8,43.7,2008090512,20.0,0.0,1004.0,2915,2008-09-05 12:00:00
WPAC,200807W,122.5,12.2,2008062103,105.0,98.8,945.0,9220,2008-06-21 03:00:00
WPAC,200807W,122.2,12.4,2008062106,100.0,111.2,948.0,9221,2008-06-21 06:00:00
WPAC,200807W,122.1,12.7,2008062109,93.0,111.2,954.0,9222,2008-06-21 09:00:00
WPAC,200807W,120.8,15.2,2008062203,68.0,91.2,973.0,9223,2008-06-22 03:00:00
WPAC,200807W,120.4,15.7,2008062206,60.0,90.0,978.0,9224,2008-06-22 06:00:00
WPAC,200807W,119.8,16.0,2008062209,60.0,88.8,978.0,9225,2008-06-22 09:00:00
WPAC,200807W,117.5,17.1,2008062303,60.0,85.0,978.0,9226,2008-06-23 03:00:00
WPAC,200807W,117.2,17.3,2008062306,60.0,80.0,978.0,9227,2008-06-23 06:00:00
WPAC,200807W,117.0,17.6,2008062309,58.0,75.0,980.0,9228,2008-06-23 09:00:00
WPAC,200807W,115.6,20.1,2008062403,53.0,78.1,984.0,9229,2008-06-24 03:00:00
WPAC,200807W,115.4,20.5,2008062406,50.0,76.2,985.0,9230,2008-06-24 06:00:00
WPAC,200807W,115.2,20.9,2008062409,53.0,80.0,984.0,9231,2008-06-24 09:00:00
WPAC,200807W,114.1,22.9,2008062503,40.0,71.9,993.0,9232,2008-06-25 03:00:00
WPAC,200807W,113.9,23.0,2008062506,35.0,60.0,996.0,9233,2008-06-25 06:00:00
WPAC,200807W,113.8,23.1,2008062509,33.0,30.0,998.0,9234,2008-06-25 09:00:00
EPAC,200808E,-101.1,13.6,2008072115,33.0,18.8,1005.0,5807,2008-07-21 15:00:00
EPAC,200808E,-101.9,13.8,2008072118,35.0,37.5,1004.0,5808,2008-07-21 18:00:00
EPAC,200808E,-102.7,14.0,2008072121,35.0,43.1,1004.0,5809,2008-07-21 21:00:00
EPAC,200808E,-103.4,14.2,2008072200,35.0,48.8,1004.0,5810,2008-07-22 00:00:00
EPAC,200808E,-106.2,14.4,2008072215,50.0,60.0,997.0,5811,2008-07-22 15:00:00
EPAC,200808E,-106.7,14.4,2008072218,50.0,63.8,996.0,5812,2008-07-22 18:00:00
EPAC,200808E,-107.1,14.6,2008072221,53.0,63.8,995.0,5813,2008-07-22 21:00:00
EPAC,200808E,-107.5,14.7,2008072300,55.0,63.8,994.0,5814,2008-07-23 00:00:00
EPAC,200808E,-109.3,15.0,2008072315,53.0,61.9,995.0,5815,2008-07-23 15:00:00
EPAC,200808E,-109.8,15.0,2008072318,50.0,60.0,996.0,5816,2008-07-23 18:00:00
EPAC,200808E,-110.6,15.1,2008072400,50.0,60.0,998.0,5817,2008-07-24 00:00:00
EPAC,200808E,-112.5,15.4,2008072415,45.0,45.0,1000.0,5818,2008-07-24 15:00:00
EPAC,200808E,-113.4,15.8,2008072500,50.0,45.0,997.0,5819,2008-07-25 00:00:00
EPAC,200808E,-115.8,16.4,2008072515,65.0,54.4,987.0,5820,2008-07-25 15:00:00
EPAC,200808E,-117.0,16.6,2008072521,65.0,48.8,987.0,5821,2008-07-25 21:00:00
EPAC,200808E,-117.6,16.8,2008072600,65.0,48.8,987.0,5822,2008-07-26 00:00:00
EPAC,200808E,-120.3,17.0,2008072615,48.0,35.6,999.0,5823,2008-07-26 15:00:00
EPAC,200808E,-120.9,17.0,2008072618,45.0,30.0,1000.0,5824,2008-07-26 18:00:00
EPAC,200808E,-121.5,16.9,2008072621,40.0,18.8,1000.0,5825,2008-07-26 21:00:00
EPAC,200808E,-122.0,16.9,2008072700,35.0,7.5,1000.0,5826,2008-07-27 00:00:00
EPAC,200808E,-124.8,16.9,2008072715,25.0,0.0,1007.0,5827,2008-07-27 15:00:00
EPAC,200808E,-125.3,16.9,2008072718,25.0,0.0,1008.0,5828,2008-07-27 18:00:00
EPAC,200808E,-125.7,16.9,2008072721,25.0,0.0,1009.0,5829,2008-07-27 21:00:00
EPAC,200808E,-126.0,17.0,2008072800,25.0,0.0,1009.0,5830,2008-07-28 00:00:00
EPAC,200808E,-128.5,17.0,2008072815,25.0,0.0,1010.0,5831,2008-07-28 15:00:00
EPAC,200808E,-129.0,17.0,2008072818,25.0,0.0,1010.0,5832,2008-07-28 18:00:00
EPAC,200808E,-129.5,17.1,2008072821,25.0,0.0,1011.0,5833,2008-07-28 21:00:00
EPAC,200808E,-130.0,17.3,2008072900,25.0,0.0,1011.0,5834,2008-07-29 00:00:00
EPAC,200808E,-130.5,17.6,2008072903,23.0,0.0,1012.0,5835,2008-07-29 03:00:00
EPAC,200808E,-132.5,18.0,2008072915,20.0,0.0,1013.0,5836,2008-07-29 15:00:00
EPAC,200808E,-133.0,18.0,2008072918,20.0,0.0,1013.0,5837,2008-07-29 18:00:00
EPAC,200808E,-133.6,17.9,2008072921,20.0,0.0,1014.0,5838,2008-07-29 21:00:00
EPAC,200808E,-134.1,17.8,2008073000,20.0,0.0,1014.0,5839,2008-07-30 00:00:00
EPAC,200808E,-134.6,17.6,2008073003,20.0,0.0,1014.0,5840,2008-07-30 03:00:00
EPAC,200808E,-137.1,16.9,2008073015,20.0,0.0,1014.0,5841,2008-07-30 15:00:00
EPAC,200808E,-137.7,16.7,2008073018,20.0,0.0,1014.0,5842,2008-07-30 18:00:00
EPAC,200808E,-138.3,16.5,2008073021,20.0,0.0,1014.0,5843,2008-07-30 21:00:00
EPAC,200808E,-138.9,16.4,2008073100,20.0,0.0,1014.0,5844,2008-07-31 00:00:00
ATLN,200808L,-58.6,20.1,2008082812,35.0,25.0,1003.0,2916,2008-08-28 12:00:00
ATLN,200808L,-59.1,20.3,2008082815,35.0,25.0,1003.0,2917,2008-08-28 15:00:00
ATLN,200808L,-59.6,20.5,2008082818,35.0,25.0,1003.0,2918,2008-08-28 18:00:00
ATLN,200808L,-60.0,20.6,2008082821,38.0,28.8,1002.0,2919,2008-08-28 21:00:00
ATLN,200808L,-62.4,21.1,2008082912,45.0,45.0,1000.0,2920,2008-08-29 12:00:00
ATLN,200808L,-62.9,21.3,2008082915,45.0,53.8,1000.0,2921,2008-08-29 15:00:00
ATLN,200808L,-63.4,21.5,2008082918,45.0,62.5,1000.0,2922,2008-08-29 18:00:00
ATLN,200808L,-64.0,21.6,2008082921,45.0,71.9,1000.0,2923,2008-08-29 21:00:00
ATLN,200808L,-66.2,21.9,2008083012,45.0,93.8,1000.0,2924,2008-08-30 12:00:00
ATLN,200808L,-66.6,22.0,2008083015,45.0,96.9,1000.0,2925,2008-08-30 15:00:00
ATLN,200808L,-66.9,22.2,2008083018,45.0,100.0,1000.0,2926,2008-08-30 18:00:00
ATLN,200808L,-67.2,22.4,2008083021,48.0,105.0,1000.0,2927,2008-08-30 21:00:00
ATLN,200808L,-69.8,23.5,2008083112,40.0,90.0,999.0,2928,2008-08-31 12:00:00
ATLN,200808L,-70.4,23.6,2008083115,40.0,91.9,998.0,2929,2008-08-31 15:00:00
ATLN,200808L,-71.0,23.6,2008083118,40.0,93.8,997.0,2930,2008-08-31 18:00:00
ATLN,200808L,-71.3,23.6,2008083121,42.0,93.8,997.0,2931,2008-08-31 21:00:00
ATLN,200808L,-72.2,22.8,2008090112,60.0,108.8,990.0,2932,2008-09-01 12:00:00
ATLN,200808L,-72.3,22.6,2008090115,65.0,110.0,988.0,2933,2008-09-01 15:00:00
ATLN,200808L,-72.4,22.3,2008090118,70.0,111.2,985.0,2934,2008-09-01 18:00:00
ATLN,200808L,-72.3,22.1,2008090121,72.0,118.1,981.0,2935,2008-09-01 21:00:00
ATLN,200808L,-73.0,21.0,2008090212,60.0,118.8,983.0,2936,2008-09-02 12:00:00
ATLN,200808L,-73.0,20.8,2008090215,58.0,118.8,984.0,2937,2008-09-02 15:00:00
ATLN,200808L,-72.9,20.6,2008090218,55.0,118.8,985.0,2938,2008-09-02 18:00:00
ATLN,200808L,-72.8,20.5,2008090221,55.0,125.0,986.0,2939,2008-09-02 21:00:00
ATLN,200808L,-71.9,20.6,2008090312,45.0,162.5,996.0,2940,2008-09-03 12:00:00
ATLN,200808L,-71.8,21.1,2008090315,48.0,162.5,995.0,2941,2008-09-03 15:00:00
ATLN,200808L,-71.8,21.6,2008090318,50.0,162.5,994.0,2942,2008-09-03 18:00:00
ATLN,200808L,-71.8,22.1,2008090321,52.0,170.0,992.0,2943,2008-09-03 21:00:00
ATLN,200808L,-73.2,24.1,2008090412,55.0,183.8,989.0,2944,2008-09-04 12:00:00
ATLN,200808L,-73.8,24.6,2008090415,55.0,183.1,989.0,2945,2008-09-04 15:00:00
ATLN,200808L,-74.3,25.1,2008090418,55.0,182.5,989.0,2946,2008-09-04 18:00:00
ATLN,200808L,-75.0,25.6,2008090421,55.0,180.0,988.0,2947,2008-09-04 21:00:00
ATLN,200808L,-78.5,28.2,2008090512,55.0,167.5,980.0,2948,2008-09-05 12:00:00
ATLN,200808L,-78.6,29.0,2008090515,58.0,164.4,980.0,2949,2008-09-05 15:00:00
ATLN,200808L,-78.7,29.9,2008090518,60.0,161.2,980.0,2950,2008-09-05 18:00:00
ATLN,200808L,-79.0,30.7,2008090521,60.0,146.2,980.0,2951,2008-09-05 21:00:00
ATLN,200808L,-78.1,35.7,2008090612,45.0,87.5,985.0,2952,2008-09-06 12:00:00
ATLN,200808L,-77.4,36.8,2008090615,45.0,85.6,989.0,2953,2008-09-06 15:00:00
ATLN,200808L,-76.7,37.8,2008090618,45.0,83.8,993.0,2954,2008-09-06 18:00:00
ATLN,200808L,-75.6,38.9,2008090621,45.0,83.8,994.0,2955,2008-09-06 21:00:00
ATLN,200808L,-68.0,43.8,2008090712,45.0,71.2,995.0,2956,2008-09-07 12:00:00
ATLN,200808L,-65.8,44.8,2008090715,45.0,61.9,995.0,2957,2008-09-07 15:00:00
ATLN,200808L,-63.7,45.7,2008090718,45.0,52.5,995.0,2958,2008-09-07 18:00:00
ATLN,200808L,-61.4,46.4,2008090721,42.0,52.5,996.0,2959,2008-09-07 21:00:00
ATLN,200808L,-52.1,47.8,2008090812,35.0,112.5,996.0,2960,2008-09-08 12:00:00
WPAC,200808W,120.7,25.9,2008071803,53.0,66.2,984.0,9235,2008-07-18 03:00:00
WPAC,200808W,120.4,26.2,2008071806,50.0,53.8,985.0,9236,2008-07-18 06:00:00
WPAC,200808W,120.1,26.5,2008071809,50.0,53.8,985.0,9237,2008-07-18 09:00:00
WPAC,200808W,120.0,29.0,2008071903,30.0,0.0,1000.0,9238,2008-07-19 03:00:00
EPAC,200809E,-110.5,12.6,2008080615,28.0,0.0,1006.0,5845,2008-08-06 15:00:00
EPAC,200809E,-111.0,12.9,2008080618,30.0,0.0,1006.0,5846,2008-08-06 18:00:00
EPAC,200809E,-111.6,13.3,2008080621,33.0,11.3,1006.0,5847,2008-08-06 21:00:00
EPAC,200809E,-112.1,13.6,2008080700,35.0,22.5,1005.0,5848,2008-08-07 00:00:00
EPAC,200809E,-116.0,14.5,2008080718,55.0,60.0,994.0,5849,2008-08-07 18:00:00
EPAC,200809E,-116.6,14.5,2008080721,55.0,60.0,994.0,5850,2008-08-07 21:00:00
EPAC,200809E,-117.2,14.5,2008080800,55.0,60.0,994.0,5851,2008-08-08 00:00:00
EPAC,200809E,-119.9,14.6,2008080815,70.0,84.4,985.0,5852,2008-08-08 15:00:00
EPAC,200809E,-120.4,14.7,2008080818,75.0,86.3,983.0,5853,2008-08-08 18:00:00
EPAC,200809E,-120.8,14.8,2008080821,78.0,86.3,980.0,5854,2008-08-08 21:00:00
EPAC,200809E,-121.3,14.9,2008080900,80.0,86.3,977.0,5855,2008-08-09 00:00:00
EPAC,200809E,-123.2,15.8,2008080915,105.0,95.0,956.0,5856,2008-08-09 15:00:00
EPAC,200809E,-123.6,16.0,2008080918,105.0,97.5,956.0,5857,2008-08-09 18:00:00
EPAC,200809E,-124.0,16.3,2008080921,103.0,97.5,959.0,5858,2008-08-09 21:00:00
EPAC,200809E,-124.4,16.5,2008081000,100.0,97.5,961.0,5859,2008-08-10 00:00:00
EPAC,200809E,-126.7,17.8,2008081015,78.0,96.3,977.0,5860,2008-08-10 15:00:00
EPAC,200809E,-127.1,18.0,2008081018,75.0,95.0,979.0,5861,2008-08-10 18:00:00
EPAC,200809E,-127.6,18.2,2008081021,75.0,95.0,980.0,5862,2008-08-10 21:00:00
EPAC,200809E,-130.1,18.8,2008081115,68.0,80.6,986.0,5863,2008-08-11 15:00:00
EPAC,200809E,-130.5,18.8,2008081118,65.0,78.8,987.0,5864,2008-08-11 18:00:00
EPAC,200809E,-130.9,18.8,2008081121,60.0,75.0,990.0,5865,2008-08-11 21:00:00
EPAC,200809E,-131.3,18.8,2008081200,55.0,71.3,992.0,5866,2008-08-12 00:00:00
EPAC,200809E,-131.7,18.8,2008081203,53.0,67.5,995.0,5867,2008-08-12 03:00:00
EPAC,200809E,-133.3,18.6,2008081215,43.0,56.3,1001.0,5868,2008-08-12 15:00:00
EPAC,200809E,-133.7,18.5,2008081218,40.0,52.5,1002.0,5869,2008-08-12 18:00:00
EPAC,200809E,-134.1,18.4,2008081221,38.0,35.6,1003.0,5870,2008-08-12 21:00:00
EPAC,200809E,-134.5,18.3,2008081300,35.0,18.8,1004.0,5871,2008-08-13 00:00:00
EPAC,200809E,-136.5,17.8,2008081315,28.0,0.0,1008.0,5872,2008-08-13 15:00:00
EPAC,200809E,-136.9,17.6,2008081318,25.0,0.0,1008.0,5873,2008-08-13 18:00:00
EPAC,200809E,-137.3,17.5,2008081321,25.0,0.0,1008.0,5874,2008-08-13 21:00:00
EPAC,200809E,-137.7,17.3,2008081400,25.0,0.0,1008.0,5875,2008-08-14 00:00:00
EPAC,200809E,-138.1,17.1,2008081403,25.0,0.0,1008.0,5876,2008-08-14 03:00:00
EPAC,200809E,-140.1,16.5,2008081415,25.0,0.0,1008.0,5877,2008-08-14 15:00:00
EPAC,200809E,-140.6,16.3,2008081418,25.0,0.0,1008.0,5878,2008-08-14 18:00:00
EPAC,200809E,-141.1,16.1,2008081421,25.0,0.0,1008.0,5879,2008-08-14 21:00:00
EPAC,200809E,-141.7,15.9,2008081500,25.0,0.0,1008.0,5880,2008-08-15 00:00:00
ATLN,200809L,-37.7,17.2,2008090109,32.0,31.9,1006.0,2961,2008-09-01 09:00:00
ATLN,200809L,-38.4,17.3,2008090112,35.0,63.8,1005.0,2962,2008-09-01 12:00:00
ATLN,200809L,-39.1,17.4,2008090115,40.0,71.2,1004.0,2963,2008-09-01 15:00:00
ATLN,200809L,-39.9,17.5,2008090118,45.0,78.8,1003.0,2964,2008-09-01 18:00:00
ATLN,200809L,-43.5,18.4,2008090209,48.0,96.9,1000.0,2965,2008-09-02 09:00:00
ATLN,200809L,-44.3,18.7,2008090212,50.0,97.5,999.0,2966,2008-09-02 12:00:00
ATLN,200809L,-45.0,19.0,2008090215,52.0,103.1,998.0,2967,2008-09-02 15:00:00
ATLN,200809L,-45.8,19.3,2008090218,55.0,108.8,996.0,2968,2008-09-02 18:00:00
ATLN,200809L,-46.5,19.6,2008090221,55.0,108.1,995.0,2969,2008-09-02 21:00:00
ATLN,200809L,-50.3,20.6,2008090312,60.0,102.5,989.0,2970,2008-09-03 12:00:00
ATLN,200809L,-51.1,20.9,2008090315,68.0,102.5,984.0,2971,2008-09-03 15:00:00
ATLN,200809L,-51.9,21.1,2008090318,75.0,102.5,979.0,2972,2008-09-03 18:00:00
ATLN,200809L,-52.7,21.5,2008090321,90.0,103.1,968.0,2973,2008-09-03 21:00:00
ATLN,200809L,-56.4,23.0,2008090412,120.0,96.2,937.0,2974,2008-09-04 12:00:00
ATLN,200809L,-57.0,23.2,2008090415,118.0,95.0,938.0,2975,2008-09-04 15:00:00
ATLN,200809L,-57.7,23.4,2008090418,115.0,93.8,940.0,2976,2008-09-04 18:00:00
ATLN,200809L,-58.4,23.5,2008090421,115.0,93.1,942.0,2977,2008-09-04 21:00:00
ATLN,200809L,-61.9,23.5,2008090512,105.0,93.8,954.0,2978,2008-09-05 12:00:00
ATLN,200809L,-62.6,23.4,2008090515,102.0,95.6,956.0,2979,2008-09-05 15:00:00
ATLN,200809L,-63.4,23.2,2008090518,100.0,97.5,959.0,2980,2008-09-05 18:00:00
ATLN,200809L,-64.2,23.0,2008090521,100.0,98.1,960.0,2981,2008-09-05 21:00:00
ATLN,200809L,-67.7,21.9,2008090612,95.0,102.5,965.0,2982,2008-09-06 12:00:00
ATLN,200809L,-68.3,21.7,2008090615,105.0,105.6,958.0,2983,2008-09-06 15:00:00
ATLN,200809L,-69.0,21.5,2008090618,115.0,108.8,950.0,2984,2008-09-06 18:00:00
ATLN,200809L,-69.7,21.4,2008090621,115.0,110.0,948.0,2985,2008-09-06 21:00:00
ATLN,200809L,-72.8,21.0,2008090712,110.0,121.2,947.0,2986,2008-09-07 12:00:00
ATLN,200809L,-73.4,21.0,2008090715,108.0,122.5,946.0,2987,2008-09-07 15:00:00
ATLN,200809L,-74.0,21.0,2008090718,105.0,123.8,946.0,2988,2008-09-07 18:00:00
ATLN,200809L,-74.6,21.1,2008090721,110.0,126.2,946.0,2989,2008-09-07 21:00:00
ATLN,200809L,-77.8,21.1,2008090812,85.0,140.0,960.0,2990,2008-09-08 12:00:00
ATLN,200809L,-78.4,21.1,2008090815,80.0,140.0,962.0,2991,2008-09-08 15:00:00
ATLN,200809L,-79.1,21.2,2008090818,75.0,140.0,964.0,2992,2008-09-08 18:00:00
ATLN,200809L,-79.7,21.4,2008090821,72.0,143.1,964.0,2993,2008-09-08 21:00:00
ATLN,200809L,-82.4,22.4,2008090912,70.0,145.0,965.0,2994,2008-09-09 12:00:00
ATLN,200809L,-82.8,22.5,2008090915,68.0,145.0,966.0,2995,2008-09-09 15:00:00
ATLN,200809L,-83.3,22.7,2008090918,65.0,145.0,966.0,2996,2008-09-09 18:00:00
ATLN,200809L,-83.7,22.9,2008090921,65.0,147.5,967.0,2997,2008-09-09 21:00:00
ATLN,200809L,-85.2,23.8,2008091012,80.0,158.8,959.0,2998,2008-09-10 12:00:00
ATLN,200809L,-85.5,24.0,2008091015,82.0,161.2,958.0,2999,2008-09-10 15:00:00
ATLN,200809L,-86.1,24.4,2008091021,85.0,166.9,951.0,3000,2008-09-10 21:00:00
ATLN,200809L,-88.0,25.5,2008091112,85.0,200.0,946.0,3001,2008-09-11 12:00:00
ATLN,200809L,-88.5,25.6,2008091115,85.0,201.2,949.0,3002,2008-09-11 15:00:00
ATLN,200809L,-88.9,25.8,2008091118,85.0,202.5,952.0,3003,2008-09-11 18:00:00
ATLN,200809L,-89.5,26.0,2008091121,85.0,201.2,953.0,3004,2008-09-11 21:00:00
ATLN,200809L,-90.0,26.1,2008091200,85.0,200.0,954.0,3005,2008-09-12 00:00:00
ATLN,200809L,-92.7,27.2,2008091215,95.0,193.8,954.0,3006,2008-09-12 15:00:00
ATLN,200809L,-93.2,27.5,2008091218,95.0,192.5,954.0,3007,2008-09-12 18:00:00
ATLN,200809L,-93.6,27.9,2008091221,95.0,191.2,953.0,3008,2008-09-12 21:00:00
ATLN,200809L,-94.0,28.3,2008091300,95.0,190.0,952.0,3009,2008-09-13 00:00:00
ATLN,200809L,-95.2,31.0,2008091315,68.0,101.9,966.0,3010,2008-09-13 15:00:00
ATLN,200809L,-95.3,31.7,2008091318,50.0,81.2,974.0,3011,2008-09-13 18:00:00
ATLN,200809L,-95.1,32.6,2008091321,42.0,59.4,977.0,3012,2008-09-13 21:00:00
ATLN,200809L,-94.9,33.5,2008091400,35.0,37.5,980.0,3013,2008-09-14 00:00:00
ATLN,200809L,-91.0,37.6,2008091412,40.0,32.5,987.0,3014,2008-09-14 12:00:00
ATLN,200809L,-89.1,39.0,2008091415,45.0,57.5,988.0,3015,2008-09-14 15:00:00
ATLN,200809L,-87.2,40.3,2008091418,50.0,82.5,988.0,3016,2008-09-14 18:00:00
ATLN,200809L,-84.3,41.8,2008091421,50.0,82.5,988.0,3017,2008-09-14 21:00:00
ATLN,200809L,-71.1,47.2,2008091512,35.0,82.5,986.0,3018,2008-09-15 12:00:00
WPAC,200809W,120.8,23.8,2008072803,78.0,155.0,965.0,9239,2008-07-28 03:00:00
WPAC,200809W,120.2,24.1,2008072806,70.0,156.2,970.0,9240,2008-07-28 06:00:00
WPAC,200809W,120.1,24.6,2008072809,65.0,148.8,974.0,9241,2008-07-28 09:00:00
WPAC,200809W,118.2,26.3,2008072900,35.0,141.2,996.0,9242,2008-07-29 00:00:00
WPAC,200809W,118.1,26.6,2008072903,30.0,70.6,1000.0,9243,2008-07-29 03:00:00
WPAC,200809W,117.9,26.9,2008072906,25.0,0.0,1004.0,9244,2008-07-29 06:00:00
WPAC,200809W,117.9,27.3,2008072909,25.0,0.0,1004.0,9245,2008-07-29 09:00:00
EPAC,200810E,-105.9,16.5,2008081315,33.0,15.0,1004.0,5881,2008-08-13 15:00:00
EPAC,200810E,-106.4,16.7,2008081318,35.0,30.0,1003.0,5882,2008-08-13 18:00:00
EPAC,200810E,-106.8,16.9,2008081321,38.0,30.0,1003.0,5883,2008-08-13 21:00:00
EPAC,200810E,-107.3,17.1,2008081400,40.0,30.0,1002.0,5884,2008-08-14 00:00:00
EPAC,200810E,-109.5,17.6,2008081415,43.0,37.5,1001.0,5885,2008-08-14 15:00:00
EPAC,200810E,-109.9,17.6,2008081418,40.0,37.5,1002.0,5886,2008-08-14 18:00:00
EPAC,200810E,-110.6,17.6,2008081500,40.0,37.5,1002.0,5887,2008-08-15 00:00:00
EPAC,200810E,-111.2,17.9,2008081515,38.0,21.3,1003.0,5888,2008-08-15 15:00:00
EPAC,200810E,-111.3,17.9,2008081518,35.0,10.0,1004.0,5889,2008-08-15 18:00:00
EPAC,200810E,-111.3,18.0,2008081521,33.0,5.0,1005.0,5890,2008-08-15 21:00:00
EPAC,200810E,-111.4,18.1,2008081600,30.0,0.0,1006.0,5891,2008-08-16 00:00:00
EPAC,200810E,-112.2,18.4,2008081615,30.0,0.0,1006.0,5892,2008-08-16 15:00:00
EPAC,200810E,-112.4,18.4,2008081618,30.0,0.0,1006.0,5893,2008-08-16 18:00:00
EPAC,200810E,-112.5,18.4,2008081621,28.0,0.0,1007.0,5894,2008-08-16 21:00:00
EPAC,200810E,-112.6,18.5,2008081700,25.0,0.0,1007.0,5895,2008-08-17 00:00:00
EPAC,200810E,-113.9,18.8,2008081715,25.0,0.0,1008.0,5896,2008-08-17 15:00:00
EPAC,200810E,-114.3,18.8,2008081718,25.0,0.0,1008.0,5897,2008-08-17 18:00:00
EPAC,200810E,-114.6,18.8,2008081721,25.0,0.0,1008.0,5898,2008-08-17 21:00:00
EPAC,200810E,-114.9,18.8,2008081800,25.0,0.0,1008.0,5899,2008-08-18 00:00:00
EPAC,200810E,-116.8,19.0,2008081815,25.0,0.0,1009.0,5900,2008-08-18 15:00:00
EPAC,200810E,-117.1,19.0,2008081818,25.0,0.0,1009.0,5901,2008-08-18 18:00:00
EPAC,200810E,-117.4,18.9,2008081821,25.0,0.0,1009.0,5902,2008-08-18 21:00:00
EPAC,200810E,-117.8,18.8,2008081900,25.0,0.0,1009.0,5903,2008-08-19 00:00:00
EPAC,200810E,-119.5,18.0,2008081915,25.0,0.0,1009.0,5904,2008-08-19 15:00:00
EPAC,200810E,-119.7,17.8,2008081918,25.0,0.0,1009.0,5905,2008-08-19 18:00:00
EPAC,200810E,-119.9,17.6,2008081921,25.0,0.0,1009.0,5906,2008-08-19 21:00:00
EPAC,200810E,-120.1,17.3,2008082000,25.0,0.0,1009.0,5907,2008-08-20 00:00:00
EPAC,200810E,-121.9,14.9,2008082100,25.0,0.0,1009.0,5908,2008-08-21 00:00:00
EPAC,200810E,-123.3,13.9,2008082115,23.0,0.0,1010.0,5909,2008-08-21 15:00:00
EPAC,200810E,-123.7,13.8,2008082118,20.0,0.0,1010.0,5910,2008-08-21 18:00:00
EPAC,200810E,-124.0,13.7,2008082121,20.0,0.0,1010.0,5911,2008-08-21 21:00:00
EPAC,200810E,-124.2,13.6,2008082200,20.0,0.0,1010.0,5912,2008-08-22 00:00:00
EPAC,200810E,-125.4,13.3,2008082215,25.0,0.0,1009.0,5913,2008-08-22 15:00:00
EPAC,200810E,-125.6,13.3,2008082218,25.0,0.0,1009.0,5914,2008-08-22 18:00:00
EPAC,200810E,-125.7,13.4,2008082221,25.0,0.0,1009.0,5915,2008-08-22 21:00:00
EPAC,200810E,-125.8,13.5,2008082300,25.0,0.0,1009.0,5916,2008-08-23 00:00:00
ATLN,200810L,-23.7,12.8,2008090209,35.0,15.0,1005.0,3019,2008-09-02 09:00:00
ATLN,200810L,-24.2,13.0,2008090212,35.0,15.0,1005.0,3020,2008-09-02 12:00:00
ATLN,200810L,-24.8,13.2,2008090215,40.0,27.5,1002.0,3021,2008-09-02 15:00:00
ATLN,200810L,-25.3,13.3,2008090218,45.0,40.0,1000.0,3022,2008-09-02 18:00:00
ATLN,200810L,-27.7,13.6,2008090309,55.0,79.4,994.0,3023,2008-09-03 09:00:00
ATLN,200810L,-28.2,13.7,2008090312,55.0,86.2,994.0,3024,2008-09-03 12:00:00
ATLN,200810L,-28.7,13.8,2008090315,55.0,86.2,994.0,3025,2008-09-03 15:00:00
ATLN,200810L,-29.2,13.8,2008090318,55.0,86.2,994.0,3026,2008-09-03 18:00:00
ATLN,200810L,-31.4,14.2,2008090409,48.0,63.8,998.0,3027,2008-09-04 09:00:00
ATLN,200810L,-31.9,14.4,2008090412,45.0,52.5,1000.0,3028,2008-09-04 12:00:00
ATLN,200810L,-32.3,14.5,2008090415,42.0,52.5,1001.0,3029,2008-09-04 15:00:00
ATLN,200810L,-32.7,14.6,2008090418,40.0,52.5,1002.0,3030,2008-09-04 18:00:00
ATLN,200810L,-34.2,15.5,2008090509,40.0,56.2,1002.0,3031,2008-09-05 09:00:00
ATLN,200810L,-34.5,15.6,2008090512,40.0,50.0,1003.0,3032,2008-09-05 12:00:00
ATLN,200810L,-34.7,15.7,2008090515,38.0,43.8,1004.0,3033,2008-09-05 15:00:00
ATLN,200810L,-34.9,15.8,2008090518,35.0,37.5,1004.0,3034,2008-09-05 18:00:00
ATLN,200810L,-36.8,16.6,2008090609,28.0,0.0,1006.0,3035,2008-09-06 09:00:00
ATLN,200810L,-37.3,16.7,2008090612,25.0,0.0,1007.0,3036,2008-09-06 12:00:00
ATLN,200810L,-37.8,16.8,2008090615,25.0,0.0,1007.0,3037,2008-09-06 15:00:00
ATLN,200810L,-38.3,16.8,2008090618,25.0,0.0,1007.0,3038,2008-09-06 18:00:00
ATLN,200810L,-40.5,17.1,2008090709,30.0,0.0,1007.0,3039,2008-09-07 09:00:00
ATLN,200810L,-40.9,17.1,2008090712,30.0,0.0,1007.0,3040,2008-09-07 12:00:00
ATLN,200810L,-41.2,17.1,2008090715,28.0,0.0,1007.0,3041,2008-09-07 15:00:00
ATLN,200810L,-41.6,17.2,2008090718,25.0,0.0,1007.0,3042,2008-09-07 18:00:00
ATLN,200810L,-43.8,17.8,2008090809,25.0,0.0,1008.0,3043,2008-09-08 09:00:00
ATLN,200810L,-44.2,18.0,2008090812,25.0,0.0,1009.0,3044,2008-09-08 12:00:00
ATLN,200810L,-44.9,18.1,2008090815,25.0,0.0,1010.0,3045,2008-09-08 15:00:00
ATLN,200810L,-45.6,18.1,2008090818,25.0,0.0,1010.0,3046,2008-09-08 18:00:00
ATLN,200810L,-51.4,16.3,2008090912,25.0,0.0,1010.0,3047,2008-09-09 12:00:00
ATLN,200810L,-52.0,16.3,2008090915,25.0,0.0,1010.0,3048,2008-09-09 15:00:00
ATLN,200810L,-52.5,16.3,2008090918,25.0,0.0,1010.0,3049,2008-09-09 18:00:00
ATLN,200810L,-53.0,16.3,2008090921,22.0,0.0,1010.0,3050,2008-09-09 21:00:00
WPAC,200810W,118.8,19.6,2008080403,28.0,0.0,1002.0,9246,2008-08-04 03:00:00
WPAC,200810W,118.2,19.4,2008080406,25.0,0.0,1004.0,9247,2008-08-04 06:00:00
WPAC,200810W,118.0,19.4,2008080409,28.0,0.0,1002.0,9248,2008-08-04 09:00:00
WPAC,200810W,115.9,20.1,2008080503,38.0,45.0,995.0,9249,2008-08-05 03:00:00
WPAC,200810W,115.3,20.5,2008080509,43.0,92.5,991.0,9250,2008-08-05 09:00:00
WPAC,200810W,113.3,21.5,2008080603,48.0,77.5,987.0,9251,2008-08-06 03:00:00
WPAC,200810W,112.9,21.6,2008080606,50.0,81.2,985.0,9252,2008-08-06 06:00:00
WPAC,200810W,112.3,21.6,2008080609,48.0,78.1,987.0,9253,2008-08-06 09:00:00
WPAC,200810W,108.5,21.8,2008080703,33.0,37.5,998.0,9254,2008-08-07 03:00:00
WPAC,200810W,107.9,21.8,2008080706,30.0,0.0,1000.0,9255,2008-08-07 06:00:00
WPAC,200810W,107.3,21.9,2008080709,28.0,0.0,1002.0,9256,2008-08-07 09:00:00
EPAC,200811E,-107.8,18.6,2008082315,33.0,7.5,1006.0,5917,2008-08-23 15:00:00
EPAC,200811E,-108.1,19.1,2008082318,35.0,15.0,1005.0,5918,2008-08-23 18:00:00
EPAC,200811E,-108.3,19.6,2008082321,38.0,41.3,1004.0,5919,2008-08-23 21:00:00
EPAC,200811E,-108.6,20.0,2008082400,40.0,67.5,1002.0,5920,2008-08-24 00:00:00
EPAC,200811E,-110.0,22.4,2008082415,45.0,46.3,999.0,5921,2008-08-24 15:00:00
EPAC,200811E,-110.2,22.9,2008082418,45.0,32.5,998.0,5922,2008-08-24 18:00:00
EPAC,200811E,-110.6,23.4,2008082421,43.0,31.3,999.0,5923,2008-08-24 21:00:00
EPAC,200811E,-110.9,23.9,2008082500,40.0,30.0,999.0,5924,2008-08-25 00:00:00
EPAC,200811E,-112.2,26.7,2008082515,35.0,23.8,1001.0,5925,2008-08-25 15:00:00
EPAC,200811E,-112.3,27.1,2008082518,35.0,22.5,1001.0,5926,2008-08-25 18:00:00
EPAC,200811E,-112.3,27.4,2008082521,33.0,11.3,1001.0,5927,2008-08-25 21:00:00
EPAC,200811E,-112.4,27.6,2008082600,30.0,0.0,1001.0,5928,2008-08-26 00:00:00
EPAC,200811E,-112.2,28.3,2008082615,25.0,0.0,1005.0,5929,2008-08-26 15:00:00
EPAC,200811E,-111.9,28.3,2008082700,25.0,0.0,1005.0,5930,2008-08-27 00:00:00
ATLN,200811L,-68.7,22.4,2008092512,40.0,50.0,1002.0,3051,2008-09-25 12:00:00
ATLN,200811L,-68.6,22.8,2008092515,40.0,50.0,1002.0,3052,2008-09-25 15:00:00
ATLN,200811L,-68.4,23.1,2008092518,40.0,50.0,1001.0,3053,2008-09-25 18:00:00
ATLN,200811L,-68.2,23.6,2008092521,42.0,52.5,1000.0,3054,2008-09-25 21:00:00
ATLN,200811L,-68.6,26.0,2008092612,50.0,87.5,998.0,3055,2008-09-26 12:00:00
ATLN,200811L,-68.6,26.4,2008092615,50.0,83.8,999.0,3056,2008-09-26 15:00:00
ATLN,200811L,-68.6,26.9,2008092618,50.0,80.0,1000.0,3057,2008-09-26 18:00:00
ATLN,200811L,-68.6,27.8,2008092621,52.0,80.0,999.0,3058,2008-09-26 21:00:00
ATLN,200811L,-69.5,31.2,2008092712,65.0,107.5,996.0,3059,2008-09-27 12:00:00
ATLN,200811L,-69.6,32.2,2008092715,68.0,107.5,996.0,3060,2008-09-27 15:00:00
ATLN,200811L,-69.7,33.3,2008092718,70.0,107.5,995.0,3061,2008-09-27 18:00:00
ATLN,200811L,-69.7,34.3,2008092721,70.0,107.5,995.0,3062,2008-09-27 21:00:00
ATLN,200811L,-68.2,39.4,2008092812,75.0,135.0,989.0,3063,2008-09-28 12:00:00
ATLN,200811L,-67.5,40.5,2008092815,72.0,142.5,986.0,3064,2008-09-28 15:00:00
ATLN,200811L,-66.7,41.6,2008092818,70.0,150.0,984.0,3065,2008-09-28 18:00:00
ATLN,200811L,-66.5,42.7,2008092821,68.0,150.6,984.0,3066,2008-09-28 21:00:00
ATLN,200811L,-63.5,47.7,2008092912,45.0,151.2,994.0,3067,2008-09-29 12:00:00
ATLN,200811L,-63.0,48.0,2008092915,42.0,151.2,996.0,3068,2008-09-29 15:00:00
ATLN,200811L,-62.6,48.2,2008092918,40.0,151.2,999.0,3069,2008-09-29 18:00:00
ATLN,200811L,-62.0,48.3,2008092921,38.0,151.2,1000.0,3070,2008-09-29 21:00:00
ATLN,200811L,-60.8,48.1,2008093012,25.0,0.0,1005.0,3071,2008-09-30 12:00:00
WPAC,200811W,133.2,36.4,2008081509,20.0,0.0,1007.0,9257,2008-08-15 09:00:00
EPAC,200812E,-111.4,19.4,2008090215,35.0,22.5,1000.0,5931,2008-09-02 15:00:00
EPAC,200812E,-111.8,19.5,2008090218,35.0,15.0,1000.0,5932,2008-09-02 18:00:00
EPAC,200812E,-112.2,19.7,2008090221,33.0,7.5,1000.0,5933,2008-09-02 21:00:00
EPAC,200812E,-112.6,19.9,2008090300,30.0,0.0,1000.0,5934,2008-09-03 00:00:00
EPAC,200812E,-113.9,20.3,2008090315,25.0,0.0,1006.0,5935,2008-09-03 15:00:00
EPAC,200812E,-114.0,20.3,2008090318,25.0,0.0,1006.0,5936,2008-09-03 18:00:00
ATLN,200812L,-35.2,37.5,2008092609,48.0,187.5,1010.0,3072,2008-09-26 09:00:00
ATLN,200812L,-35.5,37.0,2008092612,50.0,180.0,1009.0,3073,2008-09-26 12:00:00
ATLN,200812L,-35.8,36.8,2008092615,52.0,210.0,1008.0,3074,2008-09-26 15:00:00
ATLN,200812L,-36.0,36.5,2008092618,55.0,240.0,1007.0,3075,2008-09-26 18:00:00
ATLN,200812L,-37.6,37.5,2008092709,68.0,300.0,995.0,3076,2008-09-27 09:00:00
ATLN,200812L,-38.0,37.5,2008092712,70.0,300.0,992.0,3077,2008-09-27 12:00:00
ATLN,200812L,-38.5,37.5,2008092715,70.0,300.0,992.0,3078,2008-09-27 15:00:00
ATLN,200812L,-39.0,37.4,2008092718,70.0,300.0,992.0,3079,2008-09-27 18:00:00
ATLN,200812L,-41.9,37.1,2008092809,52.0,247.5,994.0,3080,2008-09-28 09:00:00
ATLN,200812L,-42.5,37.0,2008092812,50.0,247.5,995.0,3081,2008-09-28 12:00:00
ATLN,200812L,-43.3,36.9,2008092815,50.0,247.5,995.0,3082,2008-09-28 15:00:00
ATLN,200812L,-44.1,36.8,2008092818,50.0,247.5,995.0,3083,2008-09-28 18:00:00
ATLN,200812L,-47.7,37.2,2008092912,50.0,192.5,995.0,3084,2008-09-29 12:00:00
ATLN,200812L,-48.0,37.5,2008092915,50.0,190.0,995.0,3085,2008-09-29 15:00:00
ATLN,200812L,-48.2,37.8,2008092918,50.0,187.5,995.0,3086,2008-09-29 18:00:00
ATLN,200812L,-48.4,38.2,2008092921,50.0,186.9,996.0,3087,2008-09-29 21:00:00
ATLN,200812L,-48.9,40.6,2008093012,50.0,171.2,996.0,3088,2008-09-30 12:00:00
ATLN,200812L,-48.8,41.2,2008093015,50.0,175.0,995.0,3089,2008-09-30 15:00:00
ATLN,200812L,-48.8,41.7,2008093018,50.0,178.8,994.0,3090,2008-09-30 18:00:00
ATLN,200812L,-46.9,45.7,2008100112,40.0,178.8,995.0,3091,2008-10-01 12:00:00
ATLN,200812L,-46.6,46.6,2008100115,40.0,178.8,995.0,3092,2008-10-01 15:00:00
ATLN,200812L,-46.3,47.5,2008100118,40.0,178.8,995.0,3093,2008-10-01 18:00:00
WPAC,200812W,134.4,28.7,2008081421,43.0,47.5,991.0,9258,2008-08-14 21:00:00
WPAC,200812W,136.1,30.5,2008081509,55.0,52.5,982.0,9259,2008-08-15 09:00:00
WPAC,200812W,139.6,32.2,2008081521,55.0,55.0,982.0,9260,2008-08-15 21:00:00
EPAC,200813E,-104.8,15.1,2008090615,28.0,0.0,1004.0,5937,2008-09-06 15:00:00
EPAC,200813E,-105.6,15.4,2008090621,33.0,16.9,1003.0,5938,2008-09-06 21:00:00
EPAC,200813E,-106.0,15.7,2008090700,35.0,33.8,1002.0,5939,2008-09-07 00:00:00
EPAC,200813E,-108.0,17.1,2008090715,45.0,73.8,998.0,5940,2008-09-07 15:00:00
EPAC,200813E,-108.4,17.4,2008090718,45.0,73.8,998.0,5941,2008-09-07 18:00:00
EPAC,200813E,-108.8,17.6,2008090721,45.0,75.6,998.0,5942,2008-09-07 21:00:00
EPAC,200813E,-109.2,17.8,2008090800,45.0,77.5,998.0,5943,2008-09-08 00:00:00
EPAC,200813E,-110.9,19.1,2008090815,40.0,75.0,1000.0,5944,2008-09-08 15:00:00
EPAC,200813E,-111.3,19.3,2008090818,40.0,75.0,1000.0,5945,2008-09-08 18:00:00
EPAC,200813E,-113.1,20.5,2008090915,40.0,58.1,1000.0,5946,2008-09-09 15:00:00
EPAC,200813E,-113.1,20.7,2008090918,40.0,56.3,1000.0,5947,2008-09-09 18:00:00
EPAC,200813E,-113.1,20.9,2008090921,38.0,56.3,1001.0,5948,2008-09-09 21:00:00
EPAC,200813E,-113.1,21.1,2008091000,35.0,56.3,1002.0,5949,2008-09-10 00:00:00
EPAC,200813E,-112.3,22.2,2008091015,30.0,0.0,1002.0,5950,2008-09-10 15:00:00
EPAC,200813E,-111.4,22.7,2008091100,30.0,0.0,1002.0,5951,2008-09-11 00:00:00
ATLN,200813L,-94.1,19.1,2008100615,45.0,10.6,1000.0,3094,2008-10-06 15:00:00
ATLN,200813L,-94.5,19.4,2008100618,50.0,13.8,999.0,3095,2008-10-06 18:00:00
ATLN,200813L,-94.8,19.5,2008100621,52.0,11.9,998.0,3096,2008-10-06 21:00:00
ATLN,200813L,-95.2,19.7,2008100700,55.0,10.0,998.0,3097,2008-10-07 00:00:00
ATLN,200813L,-96.7,19.9,2008100715,42.0,7.5,1002.0,3098,2008-10-07 15:00:00
ATLN,200813L,-96.9,19.9,2008100718,30.0,0.0,1007.0,3099,2008-10-07 18:00:00
WPAC,200813W,121.5,18.8,2008082003,98.0,103.8,950.0,9261,2008-08-20 03:00:00
WPAC,200813W,121.0,18.9,2008082006,95.0,107.5,952.0,9262,2008-08-20 06:00:00
WPAC,200813W,120.7,19.2,2008082009,93.0,115.0,954.0,9263,2008-08-20 09:00:00
WPAC,200813W,117.7,20.2,2008082103,73.0,124.4,969.0,9264,2008-08-21 03:00:00
WPAC,200813W,117.3,20.4,2008082106,70.0,126.2,970.0,9265,2008-08-21 06:00:00
WPAC,200813W,116.9,20.5,2008082109,68.0,126.2,972.0,9266,2008-08-21 09:00:00
WPAC,200813W,114.8,21.8,2008082203,53.0,90.6,984.0,9267,2008-08-22 03:00:00
WPAC,200813W,114.5,22.0,2008082206,50.0,55.0,985.0,9268,2008-08-22 06:00:00
WPAC,200813W,114.2,22.2,2008082209,45.0,55.0,989.0,9269,2008-08-22 09:00:00
EPAC,200814E,-116.8,17.3,2008100115,45.0,26.3,1000.0,5952,2008-10-01 15:00:00
EPAC,200814E,-117.5,17.6,2008100118,45.0,30.0,1000.0,5953,2008-10-01 18:00:00
EPAC,200814E,-118.1,17.7,2008100121,45.0,30.0,1000.0,5954,2008-10-01 21:00:00
EPAC,200814E,-118.6,17.8,2008100200,45.0,30.0,1000.0,5955,2008-10-02 00:00:00
EPAC,200814E,-120.3,17.9,2008100215,45.0,45.0,1000.0,5956,2008-10-02 15:00:00
EPAC,200814E,-120.6,17.8,2008100218,45.0,45.0,1000.0,5957,2008-10-02 18:00:00
EPAC,200814E,-120.8,17.8,2008100221,45.0,45.0,1000.0,5958,2008-10-02 21:00:00
EPAC,200814E,-121.1,17.7,2008100300,45.0,45.0,1000.0,5959,2008-10-03 00:00:00
EPAC,200814E,-122.0,17.6,2008100315,63.0,58.1,989.0,5960,2008-10-03 15:00:00
EPAC,200814E,-122.1,17.6,2008100318,65.0,63.8,987.0,5961,2008-10-03 18:00:00
EPAC,200814E,-122.2,17.6,2008100321,68.0,63.8,986.0,5962,2008-10-03 21:00:00
EPAC,200814E,-122.2,17.7,2008100400,70.0,63.8,984.0,5963,2008-10-04 00:00:00
EPAC,200814E,-122.1,18.2,2008100415,60.0,63.8,990.0,5964,2008-10-04 15:00:00
EPAC,200814E,-122.1,18.4,2008100421,50.0,63.8,996.0,5965,2008-10-04 21:00:00
EPAC,200814E,-122.1,18.5,2008100500,45.0,63.8,1000.0,5966,2008-10-05 00:00:00
EPAC,200814E,-122.3,18.8,2008100515,38.0,58.8,1003.0,5967,2008-10-05 15:00:00
EPAC,200814E,-122.7,18.7,2008100521,35.0,40.6,1004.0,5968,2008-10-05 21:00:00
EPAC,200814E,-122.8,18.7,2008100600,35.0,23.8,1004.0,5969,2008-10-06 00:00:00
EPAC,200814E,-123.4,18.8,2008100615,28.0,0.0,1007.0,5970,2008-10-06 15:00:00
EPAC,200814E,-123.6,18.9,2008100618,25.0,0.0,1007.0,5971,2008-10-06 18:00:00
EPAC,200814E,-123.8,18.9,2008100621,25.0,0.0,1007.0,5972,2008-10-06 21:00:00
EPAC,200814E,-124.1,18.8,2008100700,25.0,0.0,1007.0,5973,2008-10-07 00:00:00
EPAC,200814E,-125.3,17.9,2008100715,25.0,0.0,1008.0,5974,2008-10-07 15:00:00
EPAC,200814E,-125.7,17.6,2008100721,25.0,0.0,1009.0,5975,2008-10-07 21:00:00
EPAC,200814E,-125.8,17.5,2008100800,25.0,0.0,1009.0,5976,2008-10-08 00:00:00
EPAC,200814E,-126.9,17.0,2008100815,25.0,0.0,1009.0,5977,2008-10-08 15:00:00
EPAC,200814E,-127.3,16.6,2008100900,25.0,0.0,1009.0,5978,2008-10-09 00:00:00
EPAC,200814E,-127.4,15.8,2008100915,25.0,0.0,1009.0,5979,2008-10-09 15:00:00
EPAC,200814E,-127.2,15.4,2008100921,25.0,0.0,1009.0,5980,2008-10-09 21:00:00
EPAC,200814E,-127.0,15.2,2008101000,25.0,0.0,1009.0,5981,2008-10-10 00:00:00
EPAC,200814E,-125.7,13.9,2008101015,25.0,0.0,1009.0,5982,2008-10-10 15:00:00
EPAC,200814E,-125.4,13.7,2008101018,25.0,0.0,1009.0,5983,2008-10-10 18:00:00
EPAC,200814E,-125.2,13.4,2008101021,25.0,0.0,1009.0,5984,2008-10-10 21:00:00
EPAC,200814E,-124.9,13.1,2008101100,25.0,0.0,1009.0,5985,2008-10-11 00:00:00
EPAC,200814E,-123.8,12.1,2008101115,23.0,0.0,1010.0,5986,2008-10-11 15:00:00
EPAC,200814E,-123.5,12.0,2008101118,20.0,0.0,1010.0,5987,2008-10-11 18:00:00
EPAC,200814E,-123.3,12.0,2008101121,20.0,0.0,1010.0,5988,2008-10-11 21:00:00
EPAC,200814E,-123.0,12.0,2008101200,20.0,0.0,1010.0,5989,2008-10-12 00:00:00
EPAC,200814E,-122.6,11.6,2008101215,20.0,0.0,1010.0,5990,2008-10-12 15:00:00
EPAC,200814E,-122.7,11.6,2008101218,20.0,0.0,1010.0,5991,2008-10-12 18:00:00
EPAC,200814E,-122.8,11.6,2008101221,20.0,0.0,1010.0,5992,2008-10-12 21:00:00
EPAC,200814E,-123.0,11.7,2008101300,20.0,0.0,1010.0,5993,2008-10-13 00:00:00
EPAC,200814E,-123.6,11.8,2008101315,15.0,0.0,1011.0,5994,2008-10-13 15:00:00
EPAC,200814E,-124.0,11.7,2008101400,20.0,0.0,1010.0,5995,2008-10-14 00:00:00
EPAC,200814E,-124.3,11.5,2008101415,20.0,0.0,1010.0,5996,2008-10-14 15:00:00
EPAC,200814E,-124.5,11.5,2008101418,20.0,0.0,1010.0,5997,2008-10-14 18:00:00
EPAC,200814E,-124.8,11.5,2008101500,20.0,0.0,1010.0,5998,2008-10-15 00:00:00
EPAC,200814E,-125.7,11.1,2008101515,20.0,0.0,1010.0,5999,2008-10-15 15:00:00
EPAC,200814E,-126.3,11.0,2008101521,23.0,0.0,1010.0,6000,2008-10-15 21:00:00
EPAC,200814E,-126.6,11.0,2008101600,25.0,0.0,1009.0,6001,2008-10-16 00:00:00
EPAC,200814E,-128.1,10.9,2008101615,25.0,0.0,1009.0,6002,2008-10-16 15:00:00
EPAC,200814E,-128.8,10.9,2008101621,25.0,0.0,1009.0,6003,2008-10-16 21:00:00
EPAC,200814E,-129.2,10.9,2008101700,25.0,0.0,1009.0,6004,2008-10-17 00:00:00
EPAC,200814E,-131.4,11.2,2008101715,25.0,0.0,1009.0,6005,2008-10-17 15:00:00
EPAC,200814E,-131.9,11.2,2008101718,25.0,0.0,1009.0,6006,2008-10-17 18:00:00
EPAC,200814E,-132.4,11.1,2008101721,25.0,0.0,1009.0,6007,2008-10-17 21:00:00
EPAC,200814E,-132.9,11.0,2008101800,25.0,0.0,1009.0,6008,2008-10-18 00:00:00
EPAC,200814E,-135.4,10.8,2008101815,25.0,0.0,1009.0,6009,2008-10-18 15:00:00
EPAC,200814E,-137.0,10.6,2008101900,25.0,0.0,1009.0,6010,2008-10-19 00:00:00
ATLN,200814L,-36.9,15.8,2008101209,32.0,15.0,1006.0,3100,2008-10-12 09:00:00
ATLN,200814L,-37.1,16.0,2008101212,35.0,30.0,1006.0,3101,2008-10-12 12:00:00
ATLN,200814L,-37.4,16.2,2008101215,35.0,32.5,1006.0,3102,2008-10-12 15:00:00
ATLN,200814L,-37.7,16.4,2008101218,35.0,35.0,1005.0,3103,2008-10-12 18:00:00
ATLN,200814L,-39.3,16.7,2008101309,32.0,21.9,1006.0,3104,2008-10-13 09:00:00
ATLN,200814L,-39.6,16.8,2008101312,30.0,0.0,1006.0,3105,2008-10-13 12:00:00
ATLN,200814L,-40.0,17.0,2008101315,30.0,0.0,1006.0,3106,2008-10-13 15:00:00
ATLN,200814L,-40.3,17.2,2008101318,30.0,0.0,1007.0,3107,2008-10-13 18:00:00
ATLN,200814L,-43.4,18.1,2008101409,28.0,0.0,1008.0,3108,2008-10-14 09:00:00
ATLN,200814L,-44.0,18.3,2008101412,25.0,0.0,1008.0,3109,2008-10-14 12:00:00
ATLN,200814L,-44.5,18.5,2008101415,25.0,0.0,1008.0,3110,2008-10-14 15:00:00
ATLN,200814L,-45.0,18.6,2008101418,25.0,0.0,1008.0,3111,2008-10-14 18:00:00
ATLN,200814L,-48.0,22.0,2008101512,20.0,0.0,1011.0,3112,2008-10-15 12:00:00
WPAC,200814W,126.0,16.1,2008082609,28.0,0.0,1002.0,9270,2008-08-26 09:00:00
WPAC,200814W,123.4,17.8,2008082703,33.0,0.0,1001.0,9271,2008-08-27 03:00:00
WPAC,200814W,122.9,18.1,2008082709,30.0,0.0,1000.0,9272,2008-08-27 09:00:00
WPAC,200814W,121.6,20.1,2008082803,25.0,0.0,1004.0,9273,2008-08-28 03:00:00
WPAC,200814W,121.3,20.3,2008082806,25.0,0.0,1004.0,9274,2008-08-28 06:00:00
WPAC,200814W,121.0,20.6,2008082809,25.0,0.0,1004.0,9275,2008-08-28 09:00:00
WPAC,200814W,120.9,21.1,2008082900,20.0,0.0,1007.0,9276,2008-08-29 00:00:00
WPAC,200814W,120.9,21.2,2008082903,18.0,0.0,1009.0,9277,2008-08-29 03:00:00
WPAC,200814W,120.9,21.4,2008082906,15.0,0.0,1010.0,9278,2008-08-29 06:00:00
EPAC,200815E,-99.1,13.5,2008100400,30.0,0.0,1006.0,6011,2008-10-04 00:00:00
EPAC,200815E,-100.6,14.1,2008100500,35.0,30.0,1005.0,6012,2008-10-05 00:00:00
EPAC,200815E,-102.1,13.9,2008100515,50.0,52.5,1000.0,6013,2008-10-05 15:00:00
EPAC,200815E,-102.7,13.9,2008100521,50.0,54.4,1000.0,6014,2008-10-05 21:00:00
EPAC,200815E,-103.0,13.9,2008100600,50.0,52.5,1000.0,6015,2008-10-06 00:00:00
EPAC,200815E,-104.6,14.3,2008100615,58.0,63.1,992.0,6016,2008-10-06 15:00:00
EPAC,200815E,-104.9,14.4,2008100618,60.0,58.8,990.0,6017,2008-10-06 18:00:00
EPAC,200815E,-105.2,14.5,2008100621,60.0,56.9,989.0,6018,2008-10-06 21:00:00
EPAC,200815E,-105.4,14.6,2008100700,60.0,55.0,988.0,6019,2008-10-07 00:00:00
EPAC,200815E,-108.2,15.4,2008100721,83.0,82.5,975.0,6020,2008-10-07 21:00:00
EPAC,200815E,-108.6,15.5,2008100800,90.0,82.5,970.0,6021,2008-10-08 00:00:00
EPAC,200815E,-110.6,16.3,2008100815,113.0,113.1,949.0,6022,2008-10-08 15:00:00
EPAC,200815E,-111.6,16.8,2008100900,110.0,101.3,948.0,6023,2008-10-09 00:00:00
EPAC,200815E,-112.7,17.8,2008100915,78.0,108.8,967.0,6024,2008-10-09 15:00:00
EPAC,200815E,-112.9,18.3,2008100921,70.0,110.0,973.0,6025,2008-10-09 21:00:00
EPAC,200815E,-113.1,18.6,2008101000,70.0,110.0,973.0,6026,2008-10-10 00:00:00
EPAC,200815E,-113.5,20.4,2008101015,78.0,102.5,969.0,6027,2008-10-10 15:00:00
EPAC,200815E,-113.5,20.9,2008101018,80.0,102.5,968.0,6028,2008-10-10 18:00:00
EPAC,200815E,-113.3,21.4,2008101021,85.0,102.5,964.0,6029,2008-10-10 21:00:00
EPAC,200815E,-113.2,21.8,2008101100,90.0,102.5,960.0,6030,2008-10-11 00:00:00
EPAC,200815E,-111.8,24.1,2008101115,93.0,104.4,956.0,6031,2008-10-11 15:00:00
EPAC,200815E,-111.4,24.6,2008101118,90.0,108.8,957.0,6032,2008-10-11 18:00:00
EPAC,200815E,-110.8,25.2,2008101121,85.0,108.8,959.0,6033,2008-10-11 21:00:00
EPAC,200815E,-110.2,25.8,2008101200,80.0,108.8,961.0,6034,2008-10-12 00:00:00
ATLN,200815L,-69.6,15.2,2008101312,30.0,0.0,1005.0,3113,2008-10-13 12:00:00
ATLN,200815L,-69.7,15.0,2008101315,30.0,0.0,1004.0,3114,2008-10-13 15:00:00
ATLN,200815L,-69.1,14.2,2008101412,50.0,48.8,991.0,3115,2008-10-14 12:00:00
ATLN,200815L,-68.9,14.1,2008101415,55.0,53.8,987.0,3116,2008-10-14 15:00:00
ATLN,200815L,-68.8,13.9,2008101418,60.0,58.8,983.0,3117,2008-10-14 18:00:00
ATLN,200815L,-68.5,14.0,2008101421,62.0,62.5,983.0,3118,2008-10-14 21:00:00
ATLN,200815L,-67.4,14.9,2008101512,75.0,86.2,984.0,3119,2008-10-15 12:00:00
ATLN,200815L,-67.0,15.2,2008101515,78.0,90.0,980.0,3120,2008-10-15 15:00:00
ATLN,200815L,-66.5,15.6,2008101518,80.0,93.8,977.0,3121,2008-10-15 18:00:00
ATLN,200815L,-65.8,16.1,2008101521,88.0,93.8,974.0,3122,2008-10-15 21:00:00
ATLN,200815L,-62.1,19.6,2008101612,90.0,90.0,975.0,3123,2008-10-16 12:00:00
ATLN,200815L,-61.2,20.4,2008101615,80.0,88.1,980.0,3124,2008-10-16 15:00:00
ATLN,200815L,-60.4,21.1,2008101618,70.0,86.2,985.0,3125,2008-10-16 18:00:00
ATLN,200815L,-59.6,22.0,2008101621,68.0,88.1,986.0,3126,2008-10-16 21:00:00
ATLN,200815L,-55.7,27.9,2008101712,75.0,86.2,982.0,3127,2008-10-17 12:00:00
ATLN,200815L,-55.0,29.0,2008101715,70.0,82.5,984.0,3128,2008-10-17 15:00:00
ATLN,200815L,-54.4,30.1,2008101718,65.0,78.8,985.0,3129,2008-10-17 18:00:00
ATLN,200815L,-51.3,33.0,2008101812,40.0,41.2,996.0,3130,2008-10-18 12:00:00
ATLN,200815L,-50.9,33.2,2008101815,38.0,33.8,999.0,3131,2008-10-18 15:00:00
ATLN,200815L,-50.5,33.5,2008101818,35.0,26.2,1002.0,3132,2008-10-18 18:00:00
ATLN,200815L,-48.3,35.1,2008101912,25.0,0.0,1011.0,3133,2008-10-19 12:00:00
ATLN,200815L,-47.9,35.4,2008101915,25.0,0.0,1012.0,3134,2008-10-19 15:00:00
ATLN,200815L,-47.5,35.7,2008101918,25.0,0.0,1012.0,3135,2008-10-19 18:00:00
ATLN,200815L,-45.3,37.6,2008102012,25.0,0.0,1015.0,3136,2008-10-20 12:00:00
ATLN,200815L,-44.8,37.8,2008102015,25.0,0.0,1016.0,3137,2008-10-20 15:00:00
ATLN,200815L,-44.3,37.9,2008102018,25.0,0.0,1016.0,3138,2008-10-20 18:00:00
WPAC,200815W,122.5,24.4,2008091309,100.0,156.2,948.0,9279,2008-09-13 09:00:00
WPAC,200815W,121.6,24.8,2008091403,83.0,166.2,962.0,9280,2008-09-14 03:00:00
WPAC,200815W,121.3,25.0,2008091406,75.0,166.2,967.0,9281,2008-09-14 06:00:00
WPAC,200815W,121.6,26.5,2008091503,60.0,127.5,978.0,9282,2008-09-15 03:00:00
WPAC,200815W,121.9,26.7,2008091506,60.0,127.5,978.0,9283,2008-09-15 06:00:00
WPAC,200815W,122.2,26.9,2008091509,60.0,127.5,978.0,9284,2008-09-15 09:00:00
WPAC,200815W,123.5,27.2,2008091600,45.0,116.2,989.0,9285,2008-09-16 00:00:00
WPAC,200815W,129.5,29.9,2008091800,60.0,58.8,978.0,9286,2008-09-18 00:00:00
WPAC,200815W,130.5,30.5,2008091806,55.0,58.8,982.0,9287,2008-09-18 06:00:00
EPAC,200816E,-89.4,11.7,2008100812,25.0,0.0,1006.0,6035,2008-10-08 12:00:00
EPAC,200816E,-90.0,11.8,2008100815,28.0,0.0,1006.0,6036,2008-10-08 15:00:00
EPAC,200816E,-94.3,12.9,2008100915,45.0,36.9,1000.0,6037,2008-10-09 15:00:00
EPAC,200816E,-95.1,13.3,2008100921,45.0,40.0,1000.0,6038,2008-10-09 21:00:00
EPAC,200816E,-95.4,13.5,2008101000,45.0,41.3,1000.0,6039,2008-10-10 00:00:00
EPAC,200816E,-97.4,14.6,2008101015,50.0,45.0,997.0,6040,2008-10-10 15:00:00
EPAC,200816E,-97.9,15.0,2008101018,50.0,45.0,997.0,6041,2008-10-10 18:00:00
EPAC,200816E,-98.4,15.4,2008101021,50.0,45.0,997.0,6042,2008-10-10 21:00:00
EPAC,200816E,-98.9,15.7,2008101100,50.0,45.0,997.0,6043,2008-10-11 00:00:00
EPAC,200816E,-101.8,17.1,2008101115,48.0,40.6,1001.0,6044,2008-10-11 15:00:00
EPAC,200816E,-102.3,17.4,2008101118,45.0,36.3,1004.0,6045,2008-10-11 18:00:00
EPAC,200816E,-102.9,17.6,2008101121,40.0,25.6,1005.0,6046,2008-10-11 21:00:00
EPAC,200816E,-103.5,17.8,2008101200,35.0,15.0,1005.0,6047,2008-10-12 00:00:00
EPAC,200816E,-104.4,18.5,2008101215,25.0,0.0,1007.0,6048,2008-10-12 15:00:00
EPAC,200816E,-104.5,18.6,2008101218,25.0,0.0,1007.0,6049,2008-10-12 18:00:00
EPAC,200816E,-104.6,18.5,2008101221,25.0,0.0,1007.0,6050,2008-10-12 21:00:00
EPAC,200816E,-104.6,18.4,2008101300,25.0,0.0,1007.0,6051,2008-10-13 00:00:00
ATLN,200816L,-82.8,15.5,2008101412,25.0,0.0,1004.0,3139,2008-10-14 12:00:00
ATLN,200816L,-83.0,15.7,2008101415,25.0,0.0,1004.0,3140,2008-10-14 15:00:00
ATLN,200816L,-83.2,15.9,2008101418,25.0,0.0,1005.0,3141,2008-10-14 18:00:00
ATLN,200816L,-83.4,15.9,2008101421,25.0,0.0,1005.0,3142,2008-10-14 21:00:00
ATLN,200816L,-84.4,15.9,2008101512,25.0,0.0,1005.0,3143,2008-10-15 12:00:00
ATLN,200816L,-84.7,15.8,2008101515,25.0,0.0,1006.0,3144,2008-10-15 15:00:00
ATLN,200816L,-85.3,15.4,2008101521,25.0,0.0,1006.0,3145,2008-10-15 21:00:00
WPAC,200816W,142.9,32.0,2008091021,35.0,0.0,996.0,9288,2008-09-10 21:00:00
WPAC,200816W,142.2,37.5,2008091121,30.0,0.0,1000.0,9289,2008-09-11 21:00:00
WPAC,200816W,143.9,40.3,2008091206,30.0,0.0,1000.0,9290,2008-09-12 06:00:00
EPAC,200817E,-105.0,13.4,2008102315,30.0,0.0,1008.0,6052,2008-10-23 15:00:00
EPAC,200817E,-105.2,14.1,2008102321,30.0,0.0,1008.0,6053,2008-10-23 21:00:00
EPAC,200817E,-105.4,14.4,2008102400,30.0,0.0,1008.0,6054,2008-10-24 00:00:00
EPAC,200817E,-106.7,15.5,2008102415,28.0,0.0,1008.0,6055,2008-10-24 15:00:00
EPAC,200817E,-106.9,15.7,2008102418,25.0,0.0,1008.0,6056,2008-10-24 18:00:00
EPAC,200817E,-107.5,16.1,2008102500,25.0,0.0,1009.0,6057,2008-10-25 00:00:00
EPAC,200817E,-109.3,16.7,2008102515,25.0,0.0,1009.0,6058,2008-10-25 15:00:00
EPAC,200817E,-109.7,16.7,2008102518,25.0,0.0,1009.0,6059,2008-10-25 18:00:00
EPAC,200817E,-110.1,16.6,2008102521,25.0,0.0,1009.0,6060,2008-10-25 21:00:00
EPAC,200817E,-110.4,16.6,2008102600,25.0,0.0,1009.0,6061,2008-10-26 00:00:00
EPAC,200817E,-112.2,16.3,2008102615,23.0,0.0,1010.0,6062,2008-10-26 15:00:00
EPAC,200817E,-113.2,16.1,2008102621,20.0,0.0,1010.0,6063,2008-10-26 21:00:00
EPAC,200817E,-113.8,16.1,2008102700,20.0,0.0,1010.0,6064,2008-10-27 00:00:00
EPAC,200817E,-116.8,16.0,2008102715,20.0,0.0,1010.0,6065,2008-10-27 15:00:00
ATLN,200817L,-81.7,13.7,2008110518,25.0,0.0,1004.0,3146,2008-11-05 18:00:00
ATLN,200817L,-82.0,15.4,2008110612,40.0,25.0,1000.0,3147,2008-11-06 12:00:00
ATLN,200817L,-82.0,15.8,2008110615,48.0,35.0,997.0,3148,2008-11-06 15:00:00
ATLN,200817L,-81.8,16.5,2008110621,60.0,47.5,990.0,3149,2008-11-06 21:00:00
ATLN,200817L,-81.6,18.0,2008110712,75.0,63.8,979.0,3150,2008-11-07 12:00:00
ATLN,200817L,-81.5,18.3,2008110715,78.0,70.6,977.0,3151,2008-11-07 15:00:00
ATLN,200817L,-81.2,18.8,2008110721,90.0,80.0,970.0,3152,2008-11-07 21:00:00
ATLN,200817L,-79.6,19.8,2008110812,125.0,82.5,944.0,3153,2008-11-08 12:00:00
ATLN,200817L,-79.2,20.0,2008110815,125.0,78.8,948.0,3154,2008-11-08 15:00:00
ATLN,200817L,-78.4,20.4,2008110821,108.0,68.8,960.0,3155,2008-11-08 21:00:00
ATLN,200817L,-77.8,21.3,2008110912,35.0,15.0,1002.0,3156,2008-11-09 12:00:00
ATLN,200817L,-77.8,21.5,2008110915,30.0,7.5,1003.0,3157,2008-11-09 15:00:00
ATLN,200817L,-77.9,21.6,2008110918,25.0,0.0,1004.0,3158,2008-11-09 18:00:00
ATLN,200817L,-77.9,21.7,2008110921,25.0,0.0,1004.0,3159,2008-11-09 21:00:00
ATLN,200817L,-77.7,22.4,2008111012,20.0,0.0,1007.0,3160,2008-11-10 12:00:00
ATLN,200817L,-77.7,22.4,2008111015,20.0,0.0,1008.0,3161,2008-11-10 15:00:00
ATLN,200817L,-77.6,22.5,2008111018,20.0,0.0,1008.0,3162,2008-11-10 18:00:00
ATLN,200817L,-77.5,22.4,2008111021,20.0,0.0,1008.0,3163,2008-11-10 21:00:00
ATLN,200817L,-77.9,21.8,2008111112,20.0,0.0,1009.0,3164,2008-11-11 12:00:00
ATLN,200817L,-78.1,21.6,2008111115,20.0,0.0,1009.0,3165,2008-11-11 15:00:00
ATLN,200817L,-78.3,21.3,2008111118,20.0,0.0,1009.0,3166,2008-11-11 18:00:00
ATLN,200817L,-78.5,21.1,2008111121,20.0,0.0,1009.0,3167,2008-11-11 21:00:00
ATLN,200817L,-80.7,21.0,2008111212,20.0,0.0,1009.0,3168,2008-11-12 12:00:00
ATLN,200817L,-81.2,21.2,2008111215,20.0,0.0,1009.0,3169,2008-11-12 15:00:00
ATLN,200817L,-81.7,21.4,2008111218,20.0,0.0,1009.0,3170,2008-11-12 18:00:00
ATLN,200817L,-82.2,21.8,2008111221,20.0,0.0,1010.0,3171,2008-11-12 21:00:00
ATLN,200817L,-85.1,24.4,2008111315,20.0,0.0,1010.0,3172,2008-11-13 15:00:00
ATLN,200817L,-85.5,25.0,2008111318,20.0,0.0,1010.0,3173,2008-11-13 18:00:00
ATLN,200817L,-85.7,25.9,2008111321,20.0,0.0,1010.0,3174,2008-11-13 21:00:00
WPAC,200817W,157.7,39.7,2008091421,35.0,0.0,996.0,9291,2008-09-14 21:00:00
WPAC,200817W,159.3,40.8,2008091500,35.0,0.0,996.0,9292,2008-09-15 00:00:00
WPAC,200817W,163.0,43.3,2008091506,35.0,0.0,996.0,9293,2008-09-15 06:00:00
EPAC,200818E,-108.7,8.4,2008110215,28.0,0.0,1007.0,6066,2008-11-02 15:00:00
EPAC,200818E,-109.3,8.6,2008110218,30.0,0.0,1006.0,6067,2008-11-02 18:00:00
EPAC,200818E,-109.9,8.6,2008110221,33.0,12.5,1006.0,6068,2008-11-02 21:00:00
EPAC,200818E,-110.5,8.7,2008110300,35.0,25.0,1005.0,6069,2008-11-03 00:00:00
EPAC,200818E,-113.3,8.8,2008110315,38.0,16.9,1004.0,6070,2008-11-03 15:00:00
EPAC,200818E,-114.4,9.2,2008110321,35.0,15.0,1004.0,6071,2008-11-03 21:00:00
EPAC,200818E,-114.9,9.4,2008110400,35.0,15.0,1004.0,6072,2008-11-04 00:00:00
EPAC,200818E,-117.7,9.7,2008110415,38.0,15.0,1004.0,6073,2008-11-04 15:00:00
EPAC,200818E,-118.8,9.7,2008110421,33.0,7.5,1005.0,6074,2008-11-04 21:00:00
EPAC,200818E,-119.4,9.7,2008110500,30.0,0.0,1005.0,6075,2008-11-05 00:00:00
WPAC,200818W,122.8,19.1,2008092203,88.0,177.5,958.0,9294,2008-09-22 03:00:00
WPAC,200818W,122.1,19.3,2008092206,90.0,177.5,956.0,9295,2008-09-22 06:00:00
WPAC,200818W,121.5,19.4,2008092209,95.0,183.8,952.0,9296,2008-09-22 09:00:00
WPAC,200818W,117.2,20.1,2008092300,105.0,126.2,944.0,9297,2008-09-23 00:00:00
WPAC,200818W,116.3,20.2,2008092303,108.0,126.2,943.0,9298,2008-09-23 03:00:00
WPAC,200818W,115.5,20.4,2008092306,110.0,126.2,941.0,9299,2008-09-23 06:00:00
WPAC,200818W,114.8,20.5,2008092309,118.0,126.2,935.0,9300,2008-09-23 09:00:00
WPAC,200818W,110.2,21.6,2008092403,88.0,125.0,957.0,9301,2008-09-24 03:00:00
WPAC,200818W,109.4,21.7,2008092406,70.0,106.2,970.0,9302,2008-09-24 06:00:00
WPAC,200818W,108.8,21.9,2008092409,65.0,106.2,974.0,9303,2008-09-24 09:00:00
WPAC,200818W,105.9,22.6,2008092503,25.0,0.0,1004.0,9304,2008-09-25 03:00:00
WPAC,200818W,105.6,22.8,2008092506,20.0,0.0,1007.0,9305,2008-09-25 06:00:00
WPAC,200819W,121.9,24.1,2008092809,100.0,115.0,948.0,9306,2008-09-28 09:00:00
WPAC,200819W,121.7,27.0,2008092909,53.0,94.4,984.0,9307,2008-09-29 09:00:00
WPAC,200819W,123.8,28.7,2008093000,45.0,106.2,989.0,9308,2008-09-30 00:00:00
WPAC,200819W,125.1,29.4,2008093006,40.0,111.2,993.0,9309,2008-09-30 06:00:00
WPAC,200819W,125.9,29.6,2008093009,40.0,105.0,993.0,9310,2008-09-30 09:00:00
WPAC,200819W,130.5,30.2,2008100100,35.0,98.8,996.0,9311,2008-10-01 00:00:00
WPAC,200820W,112.8,14.7,2008092803,20.0,0.0,1004.0,9312,2008-09-28 03:00:00
WPAC,200820W,112.9,14.5,2008092806,20.0,0.0,1007.0,9313,2008-09-28 06:00:00
WPAC,200820W,113.0,15.2,2008092809,20.0,0.0,1004.0,9314,2008-09-28 09:00:00
WPAC,200820W,109.8,16.9,2008092909,43.0,52.5,991.0,9315,2008-09-29 09:00:00
WPAC,200820W,106.8,17.6,2008093000,55.0,65.0,982.0,9316,2008-09-30 00:00:00
WPAC,200820W,105.9,17.7,2008093003,48.0,65.0,988.0,9317,2008-09-30 03:00:00
WPAC,200820W,105.0,17.8,2008093006,40.0,65.0,993.0,9318,2008-09-30 06:00:00
WPAC,200821W,122.6,14.0,2008100100,35.0,61.2,996.0,9319,2008-10-01 00:00:00
WPAC,200821W,122.0,14.2,2008100103,33.0,30.6,998.0,9320,2008-10-01 03:00:00
WPAC,200821W,121.5,14.3,2008100106,30.0,0.0,1000.0,9321,2008-10-01 06:00:00
WPAC,200821W,120.9,14.4,2008100109,30.0,0.0,1000.0,9322,2008-10-01 09:00:00
WPAC,200821W,117.6,14.9,2008100200,30.0,0.0,1000.0,9323,2008-10-02 00:00:00
WPAC,200821W,116.7,15.2,2008100203,30.0,0.0,1000.0,9324,2008-10-02 03:00:00
WPAC,200821W,115.8,15.4,2008100206,30.0,0.0,1000.0,9325,2008-10-02 06:00:00
WPAC,200821W,115.0,15.7,2008100209,30.0,0.0,1000.0,9326,2008-10-02 09:00:00
WPAC,200821W,112.1,17.7,2008100300,30.0,0.0,1000.0,9327,2008-10-03 00:00:00
WPAC,200821W,111.8,18.1,2008100303,30.0,0.0,1000.0,9328,2008-10-03 03:00:00
WPAC,200821W,111.6,18.5,2008100306,30.0,0.0,1000.0,9329,2008-10-03 06:00:00
WPAC,200821W,111.4,18.9,2008100309,28.0,0.0,1002.0,9330,2008-10-03 09:00:00
WPAC,200821W,110.7,20.4,2008100400,25.0,0.0,1004.0,9331,2008-10-04 00:00:00
WPAC,200821W,110.7,20.7,2008100403,25.0,0.0,1004.0,9332,2008-10-04 03:00:00
WPAC,200821W,110.6,21.0,2008100406,25.0,0.0,1004.0,9333,2008-10-04 06:00:00
WPAC,200821W,110.7,21.2,2008100409,25.0,0.0,1004.0,9334,2008-10-04 09:00:00
WPAC,200821W,111.5,22.0,2008100500,20.0,0.0,1007.0,9335,2008-10-05 00:00:00
WPAC,200821W,112.0,22.1,2008100503,20.0,0.0,1007.0,9336,2008-10-05 03:00:00
WPAC,200821W,112.5,22.2,2008100506,20.0,0.0,1007.0,9337,2008-10-05 06:00:00
WPAC,200821W,113.0,22.4,2008100509,20.0,0.0,1007.0,9338,2008-10-05 09:00:00
WPAC,200821W,116.0,23.3,2008100600,20.0,0.0,1007.0,9339,2008-10-06 00:00:00
WPAC,200822W,109.0,16.8,2008101206,15.0,0.0,1010.0,9340,2008-10-12 06:00:00
WPAC,200822W,108.9,16.9,2008101209,15.0,0.0,1010.0,9341,2008-10-12 09:00:00
WPAC,200822W,108.6,17.9,2008101300,20.0,0.0,1006.0,9342,2008-10-13 00:00:00
WPAC,200822W,108.4,17.9,2008101303,20.0,0.0,1007.0,9343,2008-10-13 03:00:00
WPAC,200822W,108.2,18.0,2008101306,20.0,0.0,1007.0,9344,2008-10-13 06:00:00
WPAC,200822W,108.2,18.1,2008101309,23.0,0.0,1006.0,9345,2008-10-13 09:00:00
WPAC,200822W,108.1,18.9,2008101400,25.0,0.0,1004.0,9346,2008-10-14 00:00:00
WPAC,200822W,108.0,19.0,2008101403,28.0,0.0,1002.0,9347,2008-10-14 03:00:00
WPAC,200822W,108.0,19.2,2008101406,30.0,0.0,1000.0,9348,2008-10-14 06:00:00
WPAC,200822W,107.8,19.2,2008101409,33.0,0.0,998.0,9349,2008-10-14 09:00:00
WPAC,200822W,106.8,19.0,2008101500,35.0,0.0,996.0,9350,2008-10-15 00:00:00
WPAC,200822W,106.5,18.9,2008101503,33.0,0.0,998.0,9351,2008-10-15 03:00:00
WPAC,200822W,106.3,18.7,2008101506,30.0,0.0,1000.0,9352,2008-10-15 06:00:00
WPAC,200822W,105.9,18.6,2008101509,25.0,0.0,1004.0,9353,2008-10-15 09:00:00
WPAC,200823W,148.4,25.2,2008101821,38.0,0.0,995.0,9354,2008-10-18 21:00:00
WPAC,200823W,148.8,26.9,2008101906,40.0,0.0,993.0,9355,2008-10-19 06:00:00
WPAC,200823W,151.3,31.8,2008101921,45.0,81.2,989.0,9356,2008-10-19 21:00:00
WPAC,200823W,152.2,33.1,2008102000,45.0,83.8,989.0,9357,2008-10-20 00:00:00
WPAC,200824W,122.5,10.2,2008110606,20.0,0.0,1007.0,9358,2008-11-06 06:00:00
WPAC,200824W,122.0,10.9,2008110609,20.0,0.0,1007.0,9359,2008-11-06 09:00:00
WPAC,200824W,118.5,13.1,2008110700,35.0,0.0,996.0,9360,2008-11-07 00:00:00
WPAC,200824W,117.8,13.3,2008110703,35.0,0.0,996.0,9361,2008-11-07 03:00:00
WPAC,200824W,117.0,13.6,2008110706,35.0,0.0,996.0,9362,2008-11-07 06:00:00
WPAC,200824W,116.5,14.0,2008110709,35.0,25.0,996.0,9363,2008-11-07 09:00:00
WPAC,200824W,114.7,15.4,2008110800,45.0,40.0,989.0,9364,2008-11-08 00:00:00
WPAC,200824W,114.8,15.7,2008110803,45.0,41.9,989.0,9365,2008-11-08 03:00:00
WPAC,200824W,115.0,16.0,2008110806,45.0,43.8,989.0,9366,2008-11-08 06:00:00
WPAC,200824W,115.0,16.4,2008110809,50.0,45.0,986.0,9367,2008-11-08 09:00:00
WPAC,200824W,115.9,18.1,2008110900,55.0,46.2,982.0,9368,2008-11-09 00:00:00
WPAC,200824W,116.1,17.9,2008110903,53.0,62.5,984.0,9369,2008-11-09 03:00:00
WPAC,200824W,116.2,17.6,2008110906,50.0,78.8,985.0,9370,2008-11-09 06:00:00
WPAC,200824W,116.4,17.3,2008110909,48.0,68.1,987.0,9371,2008-11-09 09:00:00
WPAC,200824W,116.8,15.4,2008111000,25.0,0.0,1000.0,9372,2008-11-10 00:00:00
WPAC,200824W,116.8,15.0,2008111003,23.0,0.0,1004.0,9373,2008-11-10 03:00:00
WPAC,200824W,116.7,14.6,2008111006,20.0,0.0,1007.0,9374,2008-11-10 06:00:00
WPAC,200824W,116.9,14.3,2008111009,20.0,0.0,1007.0,9375,2008-11-10 09:00:00
WPAC,200824W,117.8,13.8,2008111100,20.0,0.0,1007.0,9376,2008-11-11 00:00:00
WPAC,200824W,117.8,13.7,2008111103,20.0,0.0,1007.0,9377,2008-11-11 03:00:00
WPAC,200824W,117.9,13.6,2008111106,20.0,0.0,1007.0,9378,2008-11-11 06:00:00
WPAC,200824W,117.8,13.3,2008111109,20.0,0.0,1007.0,9379,2008-11-11 09:00:00
WPAC,200824W,116.6,12.1,2008111200,20.0,0.0,1007.0,9380,2008-11-12 00:00:00
WPAC,200824W,116.2,12.1,2008111203,23.0,0.0,1006.0,9381,2008-11-12 03:00:00
WPAC,200824W,115.9,12.0,2008111206,25.0,0.0,1004.0,9382,2008-11-12 06:00:00
WPAC,200824W,115.8,11.8,2008111209,25.0,0.0,1004.0,9383,2008-11-12 09:00:00
WPAC,200824W,113.6,11.9,2008111300,25.0,0.0,1004.0,9384,2008-11-13 00:00:00
WPAC,200824W,113.1,12.3,2008111303,23.0,0.0,1006.0,9385,2008-11-13 03:00:00
WPAC,200824W,112.6,12.7,2008111306,20.0,0.0,1007.0,9386,2008-11-13 06:00:00
WPAC,200824W,111.9,12.9,2008111309,20.0,0.0,1007.0,9387,2008-11-13 09:00:00
WPAC,200825W,146.7,23.6,2008111500,20.0,0.0,1007.0,9388,2008-11-15 00:00:00
WPAC,200825W,147.4,24.1,2008111506,25.0,0.0,1004.0,9389,2008-11-15 06:00:00
WPAC,200825W,150.4,26.0,2008111521,33.0,33.8,998.0,9390,2008-11-15 21:00:00
WPAC,200825W,152.9,27.3,2008111606,40.0,50.0,993.0,9391,2008-11-16 06:00:00
WPAC,200825W,156.8,29.4,2008111621,33.0,25.0,998.0,9392,2008-11-16 21:00:00
WPAC,200826W,120.6,8.3,2008111500,20.0,0.0,1007.0,9393,2008-11-15 00:00:00
WPAC,200826W,119.9,8.7,2008111503,20.0,0.0,1007.0,9394,2008-11-15 03:00:00
WPAC,200826W,119.3,9.0,2008111506,20.0,0.0,1006.0,9395,2008-11-15 06:00:00
WPAC,200826W,118.8,9.3,2008111509,20.0,0.0,1007.0,9396,2008-11-15 09:00:00
WPAC,200826W,116.0,10.3,2008111600,30.0,0.0,1000.0,9397,2008-11-16 00:00:00
WPAC,200826W,115.4,10.4,2008111603,33.0,0.0,998.0,9398,2008-11-16 03:00:00
WPAC,200826W,114.8,10.6,2008111606,35.0,0.0,996.0,9399,2008-11-16 06:00:00
WPAC,200826W,114.3,10.8,2008111609,35.0,0.0,996.0,9400,2008-11-16 09:00:00
WPAC,200826W,111.2,11.6,2008111700,40.0,37.5,993.0,9401,2008-11-17 00:00:00
WPAC,200826W,110.2,11.8,2008111703,40.0,37.5,993.0,9402,2008-11-17 03:00:00
WPAC,200826W,109.3,11.9,2008111706,40.0,37.5,993.0,9403,2008-11-17 06:00:00
WPAC,200826W,108.3,12.1,2008111709,35.0,18.8,997.0,9404,2008-11-17 09:00:00
WPAC,200827W,163.2,13.8,2008120821,20.0,0.0,1007.0,9405,2008-12-08 21:00:00
WPAC,200827W,162.2,13.5,2008120900,20.0,0.0,1007.0,9406,2008-12-09 00:00:00
WPAC,200827W,161.1,13.3,2008120903,20.0,0.0,1007.0,9407,2008-12-09 03:00:00
WPAC,200827W,160.1,13.2,2008120906,20.0,0.0,1007.0,9408,2008-12-09 06:00:00
WPAC,200827W,145.0,12.8,2008121106,30.0,0.0,1000.0,9409,2008-12-11 06:00:00
WPAC,200827W,130.6,15.9,2008121600,85.0,91.2,959.0,9410,2008-12-16 00:00:00
WPAC,200827W,130.7,16.4,2008121606,85.0,91.2,959.0,9411,2008-12-16 06:00:00
WPAC,200827W,132.0,18.5,2008121700,65.0,72.5,974.0,9412,2008-12-17 00:00:00
WPAC,200827W,132.3,18.9,2008121703,60.0,63.8,978.0,9413,2008-12-17 03:00:00
WPAC,200827W,132.7,19.3,2008121706,55.0,55.0,982.0,9414,2008-12-17 06:00:00
WPAC,200827W,137.3,22.1,2008121800,45.0,51.2,989.0,9415,2008-12-18 00:00:00
WPAC,200827W,139.5,23.7,2008121806,30.0,0.0,1000.0,9416,2008-12-18 06:00:00
ATLN,200902L,-24.4,14.4,2009081009,25.0,0.0,1008.0,3175,2009-08-10 09:00:00
ATLN,200902L,-24.9,14.4,2009081012,25.0,0.0,1008.0,3176,2009-08-10 12:00:00
ATLN,200902L,-25.4,14.4,2009081015,25.0,0.0,1008.0,3177,2009-08-10 15:00:00
ATLN,200902L,-25.8,14.4,2009081018,25.0,0.0,1008.0,3178,2009-08-10 18:00:00
ATLN,200902L,-28.4,14.4,2009081109,25.0,0.0,1006.0,3179,2009-08-11 09:00:00
ATLN,200902L,-29.0,14.5,2009081112,25.0,0.0,1006.0,3180,2009-08-11 12:00:00
ATLN,200902L,-29.5,14.6,2009081115,25.0,0.0,1006.0,3181,2009-08-11 15:00:00
ATLN,200902L,-30.0,14.6,2009081118,25.0,0.0,1006.0,3182,2009-08-11 18:00:00
WPAC,200906W,119.3,26.0,2009071400,25.0,0.0,1002.0,9417,2009-07-14 00:00:00
ATLN,200907L,-24.0,11.8,2009090718,30.0,0.0,1005.0,3183,2009-09-07 18:00:00
ATLN,200907L,-27.4,11.8,2009090809,50.0,33.8,997.0,3184,2009-09-08 09:00:00
ATLN,200907L,-28.0,11.8,2009090812,55.0,33.8,994.0,3185,2009-09-08 12:00:00
ATLN,200907L,-28.6,11.9,2009090815,58.0,41.2,992.0,3186,2009-09-08 15:00:00
ATLN,200907L,-29.2,11.9,2009090818,60.0,48.8,990.0,3187,2009-09-08 18:00:00
ATLN,200908L,-29.6,15.1,2009092509,22.0,0.0,1010.0,3188,2009-09-25 09:00:00
ATLN,200908L,-30.1,15.4,2009092512,25.0,0.0,1009.0,3189,2009-09-25 12:00:00
ATLN,200908L,-30.6,15.8,2009092515,28.0,0.0,1008.0,3190,2009-09-25 15:00:00
ATLN,200908L,-31.1,16.1,2009092518,30.0,0.0,1008.0,3191,2009-09-25 18:00:00
ATLN,200908L,-33.8,17.5,2009092609,30.0,0.0,1008.0,3192,2009-09-26 09:00:00
ATLN,200908L,-34.3,17.8,2009092612,30.0,0.0,1008.0,3193,2009-09-26 12:00:00
ATLN,200908L,-34.8,18.2,2009092615,28.0,0.0,1008.0,3194,2009-09-26 15:00:00
ATLN,200908L,-35.2,18.6,2009092618,25.0,0.0,1008.0,3195,2009-09-26 18:00:00
ATLN,200909L,-43.2,46.0,2009092718,55.0,120.0,995.0,3196,2009-09-27 18:00:00
ATLN,200909L,-41.1,44.4,2009092809,45.0,157.5,992.0,3197,2009-09-28 09:00:00
ATLN,200909L,-40.3,44.0,2009092812,45.0,157.5,992.0,3198,2009-09-28 12:00:00
ATLN,200909L,-39.5,43.9,2009092815,42.0,133.1,993.0,3199,2009-09-28 15:00:00
ATLN,200909L,-38.7,43.8,2009092818,40.0,108.8,994.0,3200,2009-09-28 18:00:00
ATLN,200909L,-35.5,43.1,2009092909,35.0,15.0,999.0,3201,2009-09-29 09:00:00
ATLN,200909L,-35.3,42.9,2009092912,35.0,15.0,1000.0,3202,2009-09-29 12:00:00
ATLN,200909L,-35.2,42.6,2009092915,35.0,15.0,1000.0,3203,2009-09-29 15:00:00
ATLN,200909L,-35.2,42.3,2009092918,35.0,15.0,999.0,3204,2009-09-29 18:00:00
ATLN,200909L,-35.0,39.5,2009093009,38.0,24.4,996.0,3205,2009-09-30 09:00:00
ATLN,200909L,-34.6,38.7,2009093012,40.0,22.5,996.0,3206,2009-09-30 12:00:00
ATLN,200909L,-33.9,38.0,2009093015,40.0,22.5,996.0,3207,2009-09-30 15:00:00
ATLN,200909L,-33.2,37.4,2009093018,40.0,22.5,995.0,3208,2009-09-30 18:00:00
ATLN,200909L,-29.2,37.2,2009100109,40.0,18.8,996.0,3209,2009-10-01 09:00:00
ATLN,200909L,-28.7,37.7,2009100112,40.0,15.0,996.0,3210,2009-10-01 12:00:00
ATLN,200909L,-28.6,38.2,2009100115,40.0,15.0,996.0,3211,2009-10-01 15:00:00
ATLN,200909L,-28.5,38.6,2009100118,40.0,15.0,996.0,3212,2009-10-01 18:00:00
ATLN,200909L,-29.7,40.0,2009100209,35.0,15.0,997.0,3213,2009-10-02 09:00:00
ATLN,200909L,-30.0,40.2,2009100212,35.0,15.0,997.0,3214,2009-10-02 12:00:00
ATLN,200909L,-30.2,40.5,2009100215,38.0,15.0,996.0,3215,2009-10-02 15:00:00
ATLN,200909L,-30.4,40.9,2009100218,40.0,15.0,996.0,3216,2009-10-02 18:00:00
ATLN,200909L,-32.2,41.1,2009100309,35.0,15.0,996.0,3217,2009-10-03 09:00:00
ATLN,200909L,-32.5,40.8,2009100312,35.0,22.5,996.0,3218,2009-10-03 12:00:00
ATLN,200909L,-32.4,40.3,2009100315,38.0,22.5,996.0,3219,2009-10-03 15:00:00
ATLN,200909L,-32.3,39.9,2009100318,40.0,22.5,995.0,3220,2009-10-03 18:00:00
ATLN,200909L,-28.1,38.4,2009100409,42.0,22.5,992.0,3221,2009-10-04 09:00:00
ATLN,200909L,-26.8,38.3,2009100412,45.0,22.5,992.0,3222,2009-10-04 12:00:00
ATLN,200909L,-25.4,38.5,2009100415,48.0,28.1,992.0,3223,2009-10-04 15:00:00
ATLN,200909L,-23.9,38.8,2009100418,50.0,33.8,991.0,3224,2009-10-04 18:00:00
ATLN,200909L,-18.1,43.1,2009100509,55.0,33.8,988.0,3225,2009-10-05 09:00:00
ATLN,200909L,-17.1,44.3,2009100512,55.0,33.8,987.0,3226,2009-10-05 12:00:00
ATLN,200909L,-16.3,45.5,2009100515,52.0,33.8,986.0,3227,2009-10-05 15:00:00
ATLN,200909L,-15.5,46.6,2009100518,50.0,33.8,986.0,3228,2009-10-05 18:00:00
ATLN,200910L,-51.9,17.0,2009100612,35.0,11.2,1007.0,3229,2009-10-06 12:00:00
ATLN,200910L,-52.6,17.3,2009100615,35.0,11.2,1007.0,3230,2009-10-06 15:00:00
ATLN,200910L,-53.4,17.6,2009100618,35.0,11.2,1007.0,3231,2009-10-06 18:00:00
ATLN,200910L,-56.8,18.7,2009100712,45.0,30.0,1006.0,3232,2009-10-07 12:00:00
ATLN,200910L,-57.3,18.9,2009100715,42.0,33.8,1006.0,3233,2009-10-07 15:00:00
ATLN,200910L,-57.9,19.0,2009100718,40.0,37.5,1007.0,3234,2009-10-07 18:00:00
WPAC,200922W,127.6,24.5,2009102500,55.0,115.0,982.0,9418,2009-10-25 00:00:00
WPAC,200922W,128.6,25.0,2009102506,50.0,105.0,985.0,9419,2009-10-25 06:00:00
WPAC,200923W,120.3,14.3,2009103100,50.0,66.2,985.0,9420,2009-10-31 00:00:00
WPAC,200925W,158.3,21.4,2009110806,45.0,33.8,989.0,9421,2009-11-08 06:00:00
WPAC,200925W,160.5,20.6,2009110906,25.0,0.0,1004.0,9422,2009-11-09 06:00:00
ATLN,201006L,-25.1,45.5,2010090109,40.0,127.5,990.0,3235,2010-09-01 09:00:00
ATLN,201006L,-24.0,46.2,2010090112,40.0,127.5,991.0,3236,2010-09-01 12:00:00
ATLN,201006L,-23.0,47.0,2010090115,40.0,127.5,992.0,3237,2010-09-01 15:00:00
ATLN,201006L,-22.0,47.9,2010090118,40.0,127.5,992.0,3238,2010-09-01 18:00:00
ATLN,201007L,-21.8,13.0,2010082409,28.0,0.0,1008.0,3239,2010-08-24 09:00:00
ATLN,201007L,-22.6,13.2,2010082412,30.0,0.0,1008.0,3240,2010-08-24 12:00:00
ATLN,201007L,-23.5,13.4,2010082415,30.0,0.0,1008.0,3241,2010-08-24 15:00:00
ATLN,201007L,-24.3,13.6,2010082418,30.0,0.0,1008.0,3242,2010-08-24 18:00:00
ATLN,201007L,-28.8,14.2,2010082509,32.0,16.2,1006.0,3243,2010-08-25 09:00:00
ATLN,201007L,-29.7,14.3,2010082512,35.0,32.5,1006.0,3244,2010-08-25 12:00:00
WPAC,201008W,134.8,21.5,2010082909,45.0,59.4,989.0,9423,2010-08-29 09:00:00
ATLN,201011L,-23.0,13.9,2010090809,35.0,15.0,1006.0,3245,2010-09-08 09:00:00
ATLN,201011L,-23.3,13.8,2010090812,40.0,30.0,1005.0,3246,2010-09-08 12:00:00
ATLN,201011L,-23.5,13.8,2010090815,40.0,30.0,1005.0,3247,2010-09-08 15:00:00
ATLN,201011L,-23.7,13.8,2010090818,40.0,30.0,1005.0,3248,2010-09-08 18:00:00
ATLN,201011L,-25.1,14.1,2010090909,32.0,15.0,1006.0,3249,2010-09-09 09:00:00
ATLN,201011L,-25.5,14.2,2010090912,30.0,0.0,1006.0,3250,2010-09-09 12:00:00
ATLN,201011L,-25.9,14.4,2010090915,30.0,0.0,1006.0,3251,2010-09-09 15:00:00
ATLN,201011L,-26.4,14.7,2010090918,30.0,0.0,1006.0,3252,2010-09-09 18:00:00
ATLN,201011L,-29.5,16.1,2010091009,32.0,7.5,1004.0,3253,2010-09-10 09:00:00
ATLN,201011L,-30.4,16.3,2010091012,35.0,15.0,1004.0,3254,2010-09-10 12:00:00
ATLN,201012L,-20.9,12.9,2010091209,30.0,0.0,1006.0,3255,2010-09-12 09:00:00
ATLN,201012L,-21.3,13.0,2010091212,30.0,0.0,1006.0,3256,2010-09-12 12:00:00
ATLN,201012L,-21.7,13.1,2010091215,32.0,18.8,1006.0,3257,2010-09-12 15:00:00
ATLN,201012L,-22.1,13.1,2010091218,35.0,37.5,1005.0,3258,2010-09-12 18:00:00
ATLN,201012L,-24.8,14.2,2010091309,40.0,48.8,1004.0,3259,2010-09-13 09:00:00
ATLN,201012L,-25.4,14.5,2010091312,40.0,48.8,1004.0,3260,2010-09-13 12:00:00
ATLN,201012L,-25.9,14.8,2010091315,42.0,48.8,1004.0,3261,2010-09-13 15:00:00
ATLN,201012L,-26.5,15.0,2010091318,45.0,48.8,1003.0,3262,2010-09-13 18:00:00
ATLN,201012L,-28.8,15.8,2010091409,65.0,56.2,990.0,3263,2010-09-14 09:00:00
ATLN,201012L,-29.2,15.9,2010091412,70.0,60.0,987.0,3264,2010-09-14 12:00:00
ATLN,201012L,-29.9,16.1,2010091418,80.0,63.8,979.0,3265,2010-09-14 18:00:00
ATLN,201014L,-30.4,17.3,2010092212,35.0,40.0,1003.0,3266,2010-09-22 12:00:00
ATLN,201014L,-30.2,17.4,2010092215,32.0,20.0,1004.0,3267,2010-09-22 15:00:00
ATLN,201014L,-30.0,17.4,2010092218,30.0,0.0,1005.0,3268,2010-09-22 18:00:00
ATLN,201014L,-29.1,17.5,2010092309,32.0,15.0,1004.0,3269,2010-09-23 09:00:00
ATLN,201014L,-28.8,17.5,2010092312,35.0,30.0,1004.0,3270,2010-09-23 12:00:00
ATLN,201014L,-28.6,17.6,2010092315,35.0,32.5,1004.0,3271,2010-09-23 15:00:00
ATLN,201014L,-28.3,17.6,2010092318,35.0,35.0,1003.0,3272,2010-09-23 18:00:00
ATLN,201014L,-27.6,18.6,2010092409,45.0,37.5,1000.0,3273,2010-09-24 09:00:00
ATLN,201014L,-27.6,19.0,2010092412,50.0,37.5,998.0,3274,2010-09-24 12:00:00
ATLN,201014L,-27.6,19.4,2010092415,55.0,38.8,996.0,3275,2010-09-24 15:00:00
ATLN,201014L,-27.7,19.7,2010092418,60.0,40.0,993.0,3276,2010-09-24 18:00:00
ATLN,201014L,-28.1,21.8,2010092509,65.0,40.0,988.0,3277,2010-09-25 09:00:00
ATLN,201014L,-28.3,22.3,2010092512,60.0,40.0,990.0,3278,2010-09-25 12:00:00
ATLN,201014L,-28.5,22.8,2010092515,55.0,40.0,993.0,3279,2010-09-25 15:00:00
ATLN,201014L,-28.6,23.2,2010092518,50.0,40.0,996.0,3280,2010-09-25 18:00:00
ATLN,201014L,-28.9,25.1,2010092609,32.0,16.2,1005.0,3281,2010-09-26 09:00:00
ATLN,201014L,-30.4,27.1,2010092709,30.0,0.0,1010.0,3282,2010-09-27 09:00:00
ATLN,201017L,-29.5,42.5,2010101109,42.0,148.8,996.0,3283,2010-10-11 09:00:00
ATLN,201017L,-28.1,43.1,2010101112,40.0,135.0,998.0,3284,2010-10-11 12:00:00
ATLN,201017L,-27.2,43.3,2010101115,40.0,135.0,998.0,3285,2010-10-11 15:00:00
ATLN,201017L,-26.3,43.5,2010101118,40.0,135.0,998.0,3286,2010-10-11 18:00:00
ATLN,201017L,-24.3,41.9,2010101209,35.0,56.2,1004.0,3287,2010-10-12 09:00:00
ATLN,201017L,-24.0,41.4,2010101212,35.0,50.0,1004.0,3288,2010-10-12 12:00:00
ATLN,201017L,-23.8,40.8,2010101215,35.0,37.5,1005.0,3289,2010-10-12 15:00:00
ATLN,201017L,-23.5,40.3,2010101218,35.0,25.0,1006.0,3290,2010-10-12 18:00:00
ATLN,201017L,-22.6,38.0,2010101309,35.0,25.0,1004.0,3291,2010-10-13 09:00:00
ATLN,201017L,-22.6,37.6,2010101312,35.0,25.0,1004.0,3292,2010-10-13 12:00:00
ATLN,201017L,-22.5,37.2,2010101315,35.0,25.0,1004.0,3293,2010-10-13 15:00:00
ATLN,201017L,-22.4,36.7,2010101318,35.0,25.0,1004.0,3294,2010-10-13 18:00:00
ATLN,201017L,-21.7,34.7,2010101409,30.0,0.0,1005.0,3295,2010-10-14 09:00:00
ATLN,201017L,-21.4,34.4,2010101412,30.0,0.0,1005.0,3296,2010-10-14 12:00:00
ATLN,201017L,-21.0,34.2,2010101415,30.0,0.0,1005.0,3297,2010-10-14 15:00:00
ATLN,201017L,-20.6,34.0,2010101418,30.0,0.0,1005.0,3298,2010-10-14 18:00:00
ATLN,201017L,-18.9,33.5,2010101509,30.0,0.0,1006.0,3299,2010-10-15 09:00:00
ATLN,201017L,-18.5,33.4,2010101512,30.0,0.0,1006.0,3300,2010-10-15 12:00:00
ATLN,201017L,-18.1,33.3,2010101515,30.0,0.0,1006.0,3301,2010-10-15 15:00:00
ATLN,201017L,-17.8,33.2,2010101518,30.0,0.0,1006.0,3302,2010-10-15 18:00:00
ATLN,201017L,-16.2,32.7,2010101609,25.0,0.0,1006.0,3303,2010-10-16 09:00:00
ATLN,201017L,-15.9,32.6,2010101612,25.0,0.0,1007.0,3304,2010-10-16 12:00:00
ATLN,201017L,-15.6,32.5,2010101615,25.0,0.0,1007.0,3305,2010-10-16 15:00:00
ATLN,201017L,-14.6,32.0,2010101709,22.0,0.0,1010.0,3306,2010-10-17 09:00:00
ATLN,201017L,-14.6,31.9,2010101712,20.0,0.0,1010.0,3307,2010-10-17 12:00:00
ATLN,201017L,-14.6,31.8,2010101715,20.0,0.0,1011.0,3308,2010-10-17 15:00:00
WPAC,201017W,153.7,22.1,2010102506,15.0,0.0,1010.0,9424,2010-10-25 06:00:00
WPAC,201017W,152.6,25.2,2010102606,15.0,0.0,1010.0,9425,2010-10-26 06:00:00
ATLN,201112L,-21.0,9.4,2011082809,22.0,0.0,1010.0,3309,2011-08-28 09:00:00
ATLN,201112L,-21.6,9.3,2011082812,25.0,0.0,1010.0,3310,2011-08-28 12:00:00
ATLN,201112L,-22.2,9.3,2011082815,25.0,0.0,1010.0,3311,2011-08-28 15:00:00
ATLN,201112L,-22.9,9.3,2011082818,25.0,0.0,1009.0,3312,2011-08-28 18:00:00
ATLN,201112L,-26.3,9.7,2011082909,28.0,0.0,1008.0,3313,2011-08-29 09:00:00
ATLN,201112L,-27.0,9.9,2011082912,30.0,0.0,1008.0,3314,2011-08-29 12:00:00
ATLN,201112L,-27.6,10.2,2011082915,30.0,0.0,1008.0,3315,2011-08-29 15:00:00
ATLN,201112L,-28.2,10.6,2011082918,30.0,0.0,1008.0,3316,2011-08-29 18:00:00
WPAC,201113W,139.2,28.8,2011081200,25.0,0.0,1004.0,9426,2011-08-12 00:00:00
WPAC,201114W,121.0,21.3,2011082809,80.0,115.0,963.0,9427,2011-08-28 09:00:00
ATLN,201117L,-19.9,8.8,2011092309,22.0,0.0,1010.0,3317,2011-09-23 09:00:00
ATLN,201117L,-20.6,9.0,2011092312,25.0,0.0,1010.0,3318,2011-09-23 12:00:00
ATLN,201117L,-21.3,9.2,2011092315,25.0,0.0,1010.0,3319,2011-09-23 15:00:00
ATLN,201117L,-22.0,9.5,2011092318,25.0,0.0,1009.0,3320,2011-09-23 18:00:00
ATLN,201117L,-25.4,11.1,2011092409,32.0,7.5,1006.0,3321,2011-09-24 09:00:00
ATLN,201117L,-26.1,11.1,2011092412,35.0,15.0,1006.0,3322,2011-09-24 12:00:00
ATLN,201117L,-26.7,11.1,2011092415,35.0,15.0,1006.0,3323,2011-09-24 15:00:00
ATLN,201117L,-27.3,11.2,2011092418,35.0,15.0,1006.0,3324,2011-09-24 18:00:00
ATLN,201117L,-29.9,12.4,2011092509,40.0,37.5,1006.0,3325,2011-09-25 09:00:00
ATLN,201117L,-30.3,12.7,2011092512,40.0,37.5,1006.0,3326,2011-09-25 12:00:00
WPAC,201118W,130.2,24.8,2011091709,58.0,96.2,980.0,9428,2011-09-17 09:00:00
WPAC,201126W,113.1,9.7,2011121209,25.0,0.0,1004.0,9429,2011-12-12 09:00:00
ATLN,201206L,-23.8,12.3,2012080309,28.0,0.0,1010.0,3327,2012-08-03 09:00:00
ATLN,201206L,-24.5,12.5,2012080312,30.0,0.0,1010.0,3328,2012-08-03 12:00:00
ATLN,201206L,-25.2,12.8,2012080315,30.0,0.0,1010.0,3329,2012-08-03 15:00:00
ATLN,201206L,-25.9,13.0,2012080318,30.0,0.0,1009.0,3330,2012-08-03 18:00:00
ATLN,201206L,-29.2,14.4,2012080409,38.0,23.8,1006.0,3331,2012-08-04 09:00:00
ATLN,201206L,-29.9,14.7,2012080412,40.0,30.0,1005.0,3332,2012-08-04 12:00:00
ATLN,201206L,-39.0,16.4,2012080609,30.0,0.0,1009.0,3333,2012-08-06 09:00:00
ATLN,201206L,-39.6,16.4,2012080612,30.0,0.0,1009.0,3334,2012-08-06 12:00:00
ATLN,201206L,-40.2,16.4,2012080615,30.0,0.0,1009.0,3335,2012-08-06 15:00:00
ATLN,201206L,-40.9,16.5,2012080618,30.0,0.0,1009.0,3336,2012-08-06 18:00:00
ATLN,201208L,-29.6,35.5,2012081915,85.0,92.5,973.0,3337,2012-08-19 15:00:00
ATLN,201208L,-28.5,35.7,2012081918,80.0,92.5,977.0,3338,2012-08-19 18:00:00
ATLN,201208L,-24.1,37.5,2012082009,62.0,78.8,987.0,3339,2012-08-20 09:00:00
ATLN,201208L,-23.2,37.9,2012082012,60.0,77.5,990.0,3340,2012-08-20 12:00:00
ATLN,201208L,-22.1,38.4,2012082015,52.0,73.8,993.0,3341,2012-08-20 15:00:00
ATLN,201208L,-21.1,38.9,2012082018,45.0,70.0,996.0,3342,2012-08-20 18:00:00
ATLN,201208L,-17.1,39.9,2012082109,35.0,35.0,1003.0,3343,2012-08-21 09:00:00
ATLN,201208L,-16.6,39.8,2012082112,30.0,0.0,1004.0,3344,2012-08-21 12:00:00
WPAC,201211W,137.9,28.9,2012073109,48.0,77.5,987.0,9430,2012-07-31 09:00:00
ATLN,201212L,-27.4,12.9,2012082812,20.0,0.0,1010.0,3345,2012-08-28 12:00:00
ATLN,201212L,-28.5,12.9,2012082815,20.0,0.0,1010.0,3346,2012-08-28 15:00:00
ATLN,201212L,-29.6,13.0,2012082818,20.0,0.0,1010.0,3347,2012-08-28 18:00:00
WPAC,201212W,139.1,24.5,2012080309,30.0,0.0,994.0,9431,2012-08-03 09:00:00
ATLN,201214L,-30.4,36.7,2012092009,50.0,183.8,986.0,3348,2012-09-20 09:00:00
ATLN,201214L,-30.0,36.5,2012092012,50.0,187.5,986.0,3349,2012-09-20 12:00:00
ATLN,201214L,-29.5,36.4,2012092015,52.0,195.0,985.0,3350,2012-09-20 15:00:00
ATLN,201214L,-29.0,36.2,2012092018,55.0,202.5,984.0,3351,2012-09-20 18:00:00
ATLN,201214L,-27.4,35.0,2012092109,52.0,216.2,984.0,3352,2012-09-21 09:00:00
ATLN,201214L,-27.3,34.6,2012092112,50.0,212.5,984.0,3353,2012-09-21 12:00:00
ATLN,201214L,-27.2,34.1,2012092115,50.0,210.0,984.0,3354,2012-09-21 15:00:00
ATLN,201214L,-27.2,33.6,2012092118,50.0,207.5,984.0,3355,2012-09-21 18:00:00
ATLN,201214L,-26.5,31.4,2012092209,45.0,188.8,986.0,3356,2012-09-22 09:00:00
ATLN,201214L,-26.4,31.0,2012092212,45.0,185.0,987.0,3357,2012-09-22 12:00:00
ATLN,201214L,-26.3,30.8,2012092215,45.0,183.8,987.0,3358,2012-09-22 15:00:00
ATLN,201214L,-26.2,30.5,2012092218,45.0,182.5,987.0,3359,2012-09-22 18:00:00
ATLN,201214L,-25.5,30.5,2012092309,50.0,176.2,987.0,3360,2012-09-23 09:00:00
ATLN,201214L,-25.4,30.6,2012092312,50.0,170.0,987.0,3361,2012-09-23 12:00:00
ATLN,201214L,-25.6,30.8,2012092315,50.0,167.5,988.0,3362,2012-09-23 15:00:00
ATLN,201214L,-25.8,30.9,2012092318,50.0,165.0,988.0,3363,2012-09-23 18:00:00
ATLN,201214L,-27.0,31.4,2012092409,45.0,147.5,994.0,3364,2012-09-24 09:00:00
ATLN,201214L,-27.4,31.5,2012092412,45.0,140.0,995.0,3365,2012-09-24 12:00:00
ATLN,201214L,-27.8,31.6,2012092415,45.0,135.0,996.0,3366,2012-09-24 15:00:00
ATLN,201214L,-28.1,31.8,2012092418,45.0,130.0,996.0,3367,2012-09-24 18:00:00
ATLN,201214L,-29.7,32.0,2012092509,40.0,122.5,996.0,3368,2012-09-25 09:00:00
ATLN,201214L,-29.9,32.0,2012092512,40.0,122.5,997.0,3369,2012-09-25 12:00:00
ATLN,201214L,-30.0,31.9,2012092515,40.0,118.8,997.0,3370,2012-09-25 15:00:00
ATLN,201214L,-30.1,31.7,2012092518,40.0,115.0,997.0,3371,2012-09-25 18:00:00
ATLN,201214L,-30.4,30.9,2012092609,42.0,95.0,996.0,3372,2012-09-26 09:00:00
ATLN,201214L,-30.5,30.7,2012092612,45.0,95.0,995.0,3373,2012-09-26 12:00:00
ATLN,201214L,-30.6,30.4,2012092615,48.0,95.0,994.0,3374,2012-09-26 15:00:00
ATLN,201214L,-30.7,30.2,2012092618,50.0,95.0,993.0,3375,2012-09-26 18:00:00
ATLN,201214L,-31.6,28.9,2012092709,50.0,92.5,993.0,3376,2012-09-27 09:00:00
ATLN,201214L,-31.9,28.7,2012092712,50.0,92.5,993.0,3377,2012-09-27 12:00:00
ATLN,201214L,-32.2,28.6,2012092715,52.0,96.2,993.0,3378,2012-09-27 15:00:00
ATLN,201214L,-32.5,28.5,2012092718,55.0,100.0,993.0,3379,2012-09-27 18:00:00
ATLN,201214L,-34.1,28.9,2012092809,62.0,91.2,990.0,3380,2012-09-28 09:00:00
ATLN,201214L,-34.4,29.2,2012092812,65.0,87.5,988.0,3381,2012-09-28 12:00:00
ATLN,201214L,-34.6,29.4,2012092815,65.0,87.5,988.0,3382,2012-09-28 15:00:00
ATLN,201214L,-34.8,29.7,2012092818,65.0,87.5,988.0,3383,2012-09-28 18:00:00
ATLN,201214L,-35.9,32.0,2012092909,65.0,77.5,988.0,3384,2012-09-29 09:00:00
ATLN,201214L,-36.1,32.6,2012092912,65.0,77.5,988.0,3385,2012-09-29 12:00:00
ATLN,201214L,-36.4,33.2,2012092915,68.0,77.5,987.0,3386,2012-09-29 15:00:00
ATLN,201214L,-36.6,33.8,2012092918,70.0,77.5,986.0,3387,2012-09-29 18:00:00
ATLN,201214L,-38.0,36.4,2012093009,78.0,77.5,980.0,3388,2012-09-30 09:00:00
ATLN,201214L,-38.3,36.8,2012093012,80.0,77.5,978.0,3389,2012-09-30 12:00:00
ATLN,201214L,-38.6,37.0,2012093015,80.0,82.5,978.0,3390,2012-09-30 15:00:00
ATLN,201214L,-38.9,37.2,2012093018,80.0,87.5,978.0,3391,2012-09-30 18:00:00
ATLN,201214L,-39.4,36.1,2012100109,62.0,93.8,990.0,3392,2012-10-01 09:00:00
ATLN,201214L,-39.4,35.9,2012100112,60.0,95.0,991.0,3393,2012-10-01 12:00:00
ATLN,201214L,-39.4,35.6,2012100115,58.0,95.0,993.0,3394,2012-10-01 15:00:00
ATLN,201214L,-39.4,35.4,2012100118,55.0,95.0,995.0,3395,2012-10-01 18:00:00
ATLN,201214L,-38.2,34.4,2012100209,55.0,86.2,995.0,3396,2012-10-02 09:00:00
ATLN,201214L,-37.9,34.3,2012100212,55.0,77.5,995.0,3397,2012-10-02 12:00:00
ATLN,201214L,-37.5,34.3,2012100215,55.0,76.2,995.0,3398,2012-10-02 15:00:00
ATLN,201214L,-37.1,34.3,2012100218,55.0,75.0,995.0,3399,2012-10-02 18:00:00
ATLN,201214L,-34.6,34.8,2012100309,45.0,77.5,1000.0,3400,2012-10-03 09:00:00
ATLN,201214L,-34.0,34.9,2012100312,45.0,82.5,1000.0,3401,2012-10-03 12:00:00
ATLN,201214L,-33.2,35.1,2012100315,42.0,86.2,1000.0,3402,2012-10-03 15:00:00
ATLN,201214L,-32.5,35.4,2012100318,40.0,90.0,1000.0,3403,2012-10-03 18:00:00
ATLN,201215L,-38.0,12.4,2012100212,25.0,0.0,1008.0,3404,2012-10-02 12:00:00
ATLN,201215L,-38.4,13.0,2012100215,25.0,0.0,1008.0,3405,2012-10-02 15:00:00
ATLN,201215L,-38.7,13.6,2012100218,25.0,0.0,1008.0,3406,2012-10-02 18:00:00
ATLN,201215L,-40.9,16.9,2012100309,30.0,0.0,1006.0,3407,2012-10-03 09:00:00
ATLN,201215L,-41.2,17.4,2012100312,30.0,0.0,1006.0,3408,2012-10-03 12:00:00
ATLN,201215L,-41.5,17.8,2012100315,32.0,30.0,1006.0,3409,2012-10-03 15:00:00
ATLN,201215L,-41.8,18.2,2012100318,35.0,60.0,1005.0,3410,2012-10-03 18:00:00
ATLN,201215L,-42.1,19.9,2012100409,42.0,76.2,1000.0,3411,2012-10-04 09:00:00
ATLN,201215L,-42.0,20.2,2012100412,45.0,80.0,998.0,3412,2012-10-04 12:00:00
ATLN,201215L,-41.8,20.6,2012100415,45.0,80.0,997.0,3413,2012-10-04 15:00:00
ATLN,201215L,-41.5,21.0,2012100418,45.0,80.0,996.0,3414,2012-10-04 18:00:00
ATLN,201215L,-38.6,23.1,2012100509,45.0,80.0,994.0,3415,2012-10-05 09:00:00
ATLN,201215L,-37.8,23.5,2012100512,45.0,80.0,994.0,3416,2012-10-05 12:00:00
ATLN,201217L,-28.3,41.9,2012102212,40.0,300.0,987.0,3417,2012-10-22 12:00:00
ATLN,201217L,-27.6,41.0,2012102215,40.0,300.0,988.0,3418,2012-10-22 15:00:00
ATLN,201217L,-27.0,40.0,2012102218,40.0,300.0,989.0,3419,2012-10-22 18:00:00
ATLN,201217L,-24.1,39.6,2012102309,40.0,300.0,992.0,3420,2012-10-23 09:00:00
ATLN,201217L,-23.6,39.8,2012102312,40.0,300.0,992.0,3421,2012-10-23 12:00:00
ATLN,201217L,-22.9,40.1,2012102315,40.0,300.0,992.0,3422,2012-10-23 15:00:00
ATLN,201217L,-18.1,41.9,2012102409,35.0,150.0,995.0,3423,2012-10-24 09:00:00
ATLN,201217L,-17.5,42.1,2012102412,30.0,0.0,995.0,3424,2012-10-24 12:00:00
ATLN,201217L,-16.8,42.0,2012102415,30.0,0.0,995.0,3425,2012-10-24 15:00:00
ATLN,201217L,-12.7,41.1,2012102509,30.0,0.0,996.0,3426,2012-10-25 09:00:00
ATLN,201217L,-12.0,41.0,2012102512,30.0,0.0,996.0,3427,2012-10-25 12:00:00
ATLN,201217L,-11.6,41.0,2012102515,30.0,0.0,996.0,3428,2012-10-25 15:00:00
ATLN,201217L,-8.3,40.1,2012102609,28.0,0.0,1000.0,3429,2012-10-26 09:00:00
ATLN,201217L,-7.5,40.0,2012102612,25.0,0.0,1002.0,3430,2012-10-26 12:00:00
ATLN,201219L,-29.6,31.0,2012102609,28.0,0.0,1005.0,3431,2012-10-26 09:00:00
ATLN,201219L,-28.6,30.9,2012102612,25.0,0.0,1006.0,3432,2012-10-26 12:00:00
WPAC,201223W,146.7,17.5,2012101306,15.0,0.0,1010.0,9432,2012-10-13 06:00:00
WPAC,201223W,141.7,21.1,2012101506,45.0,72.5,989.0,9433,2012-10-15 06:00:00
ATLN,201304L,-20.0,11.3,2013072218,25.0,0.0,1009.0,3433,2013-07-22 18:00:00
ATLN,201304L,-22.3,11.8,2013072309,25.0,0.0,1009.0,3434,2013-07-23 09:00:00
ATLN,201304L,-22.8,12.0,2013072312,25.0,0.0,1009.0,3435,2013-07-23 12:00:00
ATLN,201304L,-23.4,12.2,2013072315,25.0,0.0,1008.0,3436,2013-07-23 15:00:00
ATLN,201304L,-23.9,12.4,2013072318,25.0,0.0,1008.0,3437,2013-07-23 18:00:00
ATLN,201304L,-28.1,13.7,2013072409,38.0,17.5,1006.0,3438,2013-07-24 09:00:00
ATLN,201304L,-29.0,13.9,2013072412,40.0,17.5,1005.0,3439,2013-07-24 12:00:00
ATLN,201304L,-29.9,14.2,2013072415,42.0,17.5,1004.0,3440,2013-07-24 15:00:00
ATLN,201305L,-25.2,14.2,2013081509,35.0,15.0,1007.0,3441,2013-08-15 09:00:00
ATLN,201305L,-25.9,14.3,2013081512,35.0,15.0,1007.0,3442,2013-08-15 12:00:00
ATLN,201305L,-26.5,14.5,2013081515,35.0,15.0,1007.0,3443,2013-08-15 15:00:00
ATLN,201305L,-27.2,14.7,2013081518,35.0,15.0,1007.0,3444,2013-08-15 18:00:00
ATLN,201309L,-18.9,13.0,2013090809,25.0,0.0,1009.0,3445,2013-09-08 09:00:00
ATLN,201309L,-19.3,13.0,2013090812,25.0,0.0,1009.0,3446,2013-09-08 12:00:00
ATLN,201309L,-19.8,13.0,2013090815,25.0,0.0,1008.0,3447,2013-09-08 15:00:00
ATLN,201309L,-20.3,13.0,2013090818,25.0,0.0,1008.0,3448,2013-09-08 18:00:00
ATLN,201309L,-23.0,13.4,2013090909,38.0,32.5,1006.0,3449,2013-09-09 09:00:00
ATLN,201309L,-23.6,13.5,2013090912,40.0,40.0,1005.0,3450,2013-09-09 12:00:00
ATLN,201309L,-24.1,13.6,2013090915,42.0,47.5,1004.0,3451,2013-09-09 15:00:00
ATLN,201309L,-24.6,13.7,2013090918,45.0,55.0,1004.0,3452,2013-09-09 18:00:00
ATLN,201309L,-26.9,14.2,2013091009,55.0,76.2,1000.0,3453,2013-09-10 09:00:00
ATLN,201309L,-27.3,14.3,2013091012,55.0,77.5,1000.0,3454,2013-09-10 12:00:00
ATLN,201309L,-27.6,14.5,2013091015,55.0,78.8,1000.0,3455,2013-09-10 15:00:00
ATLN,201309L,-27.9,14.7,2013091018,55.0,80.0,999.0,3456,2013-09-10 18:00:00
ATLN,201309L,-28.8,15.9,2013091109,65.0,92.5,990.0,3457,2013-09-11 09:00:00
ATLN,201309L,-28.9,16.3,2013091112,70.0,92.5,987.0,3458,2013-09-11 12:00:00
ATLN,201309L,-28.9,16.9,2013091115,75.0,92.5,983.0,3459,2013-09-11 15:00:00
ATLN,201309L,-28.9,17.4,2013091118,80.0,92.5,979.0,3460,2013-09-11 18:00:00
ATLN,201309L,-28.9,20.5,2013091209,78.0,123.8,980.0,3461,2013-09-12 09:00:00
ATLN,201309L,-28.9,21.2,2013091212,75.0,130.0,980.0,3462,2013-09-12 12:00:00
ATLN,201309L,-29.0,21.8,2013091215,75.0,133.8,980.0,3463,2013-09-12 15:00:00
ATLN,201309L,-29.1,22.3,2013091218,75.0,137.5,980.0,3464,2013-09-12 18:00:00
ATLN,201309L,-30.4,24.3,2013091309,58.0,156.2,987.0,3465,2013-09-13 09:00:00
WPAC,201309W,114.2,15.4,2013073121,35.0,0.0,996.0,9434,2013-07-31 21:00:00
ATLN,201311L,-30.2,36.3,2013100515,40.0,30.0,1008.0,3466,2013-10-05 15:00:00
ATLN,201311L,-29.8,36.7,2013100518,40.0,30.0,1008.0,3467,2013-10-05 18:00:00
ATLN,201314L,-26.1,41.6,2013112209,42.0,120.0,990.0,3468,2013-11-22 09:00:00
ATLN,201314L,-24.7,41.6,2013112212,40.0,120.0,992.0,3469,2013-11-22 12:00:00
ATLN,201314L,-23.4,41.5,2013112215,40.0,120.0,994.0,3470,2013-11-22 15:00:00
ATLN,201315L,-28.5,32.2,2013120412,50.0,200.0,995.0,3471,2013-12-04 12:00:00
ATLN,201315L,-28.2,32.0,2013120415,50.0,200.0,995.0,3472,2013-12-04 15:00:00
ATLN,201315L,-27.9,31.9,2013120418,50.0,200.0,995.0,3473,2013-12-04 18:00:00
ATLN,201315L,-27.5,33.2,2013120509,45.0,186.2,998.0,3474,2013-12-05 09:00:00
ATLN,201315L,-27.7,33.5,2013120512,45.0,175.0,998.0,3475,2013-12-05 12:00:00
ATLN,201315L,-27.8,33.6,2013120515,42.0,158.8,998.0,3476,2013-12-05 15:00:00
ATLN,201315L,-27.0,34.2,2013120609,40.0,17.5,999.0,3477,2013-12-06 09:00:00
ATLN,201315L,-26.9,34.5,2013120612,40.0,17.5,999.0,3478,2013-12-06 12:00:00
ATLN,201315L,-26.9,34.8,2013120615,40.0,17.5,999.0,3479,2013-12-06 15:00:00
ATLN,201315L,-27.8,37.1,2013120712,30.0,0.0,1003.0,3480,2013-12-07 12:00:00
WPAC,201330W,119.6,11.1,2013110500,30.0,0.0,1000.0,9435,2013-11-05 00:00:00
WPAC,201330W,91.4,12.6,2013111003,25.0,0.0,1004.0,9436,2013-11-10 03:00:00
WPAC,201330W,91.0,12.4,2013111006,25.0,0.0,1004.0,9437,2013-11-10 06:00:00
WPAC,201330W,90.7,12.2,2013111009,25.0,0.0,1004.0,9438,2013-11-10 09:00:00
WPAC,201330W,89.3,11.9,2013111103,25.0,0.0,1004.0,9439,2013-11-11 03:00:00
WPAC,201330W,89.1,11.8,2013111106,25.0,0.0,1004.0,9440,2013-11-11 06:00:00
WPAC,201330W,88.8,11.6,2013111109,25.0,0.0,1004.0,9441,2013-11-11 09:00:00
WPAC,201330W,87.2,10.6,2013111203,23.0,0.0,1006.0,9442,2013-11-12 03:00:00
WPAC,201330W,87.0,10.6,2013111206,25.0,0.0,1004.0,9443,2013-11-12 06:00:00
WPAC,201330W,86.9,10.6,2013111209,25.0,0.0,1004.0,9444,2013-11-12 09:00:00
WPAC,201330W,86.3,10.9,2013111303,25.0,0.0,1004.0,9445,2013-11-13 03:00:00
WPAC,201330W,86.2,10.9,2013111306,25.0,0.0,1004.0,9446,2013-11-13 06:00:00
WPAC,201330W,86.1,10.9,2013111309,28.0,0.0,1002.0,9447,2013-11-13 09:00:00
WPAC,201330W,85.5,10.6,2013111403,30.0,0.0,1000.0,9448,2013-11-14 03:00:00
WPAC,201330W,85.4,10.5,2013111406,30.0,0.0,1000.0,9449,2013-11-14 06:00:00
WPAC,201330W,85.3,10.3,2013111409,30.0,0.0,1000.0,9450,2013-11-14 09:00:00
WPAC,201330W,83.8,9.4,2013111503,30.0,0.0,1000.0,9451,2013-11-15 03:00:00
WPAC,201330W,83.5,9.4,2013111506,30.0,0.0,1000.0,9452,2013-11-15 06:00:00
WPAC,201330W,83.1,9.6,2013111509,30.0,0.0,1000.0,9453,2013-11-15 09:00:00
WPAC,201330W,80.5,10.8,2013111603,30.0,0.0,1000.0,9454,2013-11-16 03:00:00
WPAC,201330W,80.0,11.0,2013111606,30.0,0.0,1000.0,9455,2013-11-16 06:00:00
WPAC,201330W,79.5,11.1,2013111609,28.0,0.0,1002.0,9456,2013-11-16 09:00:00
WPAC,201330W,75.7,11.1,2013111703,18.0,0.0,1009.0,9457,2013-11-17 03:00:00
WPAC,201330W,75.1,11.0,2013111706,15.0,0.0,1010.0,9458,2013-11-17 06:00:00
WPAC,201330W,74.4,10.9,2013111709,18.0,0.0,1009.0,9459,2013-11-17 09:00:00
WPAC,201330W,73.7,10.9,2013111712,20.0,0.0,1007.0,9460,2013-11-17 12:00:00
WPAC,201330W,70.7,11.8,2013111803,20.0,0.0,1007.0,9461,2013-11-18 03:00:00
WPAC,201330W,70.1,12.1,2013111806,20.0,0.0,1007.0,9462,2013-11-18 06:00:00
WPAC,201330W,69.3,12.3,2013111809,20.0,0.0,1007.0,9463,2013-11-18 09:00:00
WPAC,201330W,68.6,12.5,2013111812,20.0,0.0,1007.0,9464,2013-11-18 12:00:00
WPAC,201330W,65.3,12.3,2013111903,20.0,0.0,1007.0,9465,2013-11-19 03:00:00
WPAC,201330W,64.5,12.2,2013111906,20.0,0.0,1007.0,9466,2013-11-19 06:00:00
WPAC,201330W,63.6,12.2,2013111909,20.0,0.0,1007.0,9467,2013-11-19 09:00:00
WPAC,201330W,62.8,12.3,2013111912,20.0,0.0,1007.0,9468,2013-11-19 12:00:00
WPAC,201330W,59.4,12.8,2013112006,20.0,0.0,1007.0,9469,2013-11-20 06:00:00
WPAC,201330W,58.8,12.9,2013112009,20.0,0.0,1007.0,9470,2013-11-20 09:00:00
WPAC,201330W,58.3,13.0,2013112012,20.0,0.0,1007.0,9471,2013-11-20 12:00:00
ATLN,201402L,-29.0,9.0,2014071912,20.0,0.0,1012.0,3481,2014-07-19 12:00:00
ATLN,201402L,-29.9,9.2,2014071915,20.0,0.0,1012.0,3482,2014-07-19 15:00:00
ATLN,201403L,-18.5,47.3,2014080909,35.0,35.0,1003.0,3483,2014-08-09 09:00:00
ATLN,201403L,-15.0,47.5,2014080912,35.0,35.0,1003.0,3484,2014-08-09 12:00:00
ATLN,201406L,-30.2,36.1,2014092112,25.0,0.0,1014.0,3485,2014-09-21 12:00:00
ATLN,201406L,-30.2,35.6,2014092115,25.0,0.0,1014.0,3486,2014-09-21 15:00:00
ATLN,201406L,-30.2,35.1,2014092118,25.0,0.0,1014.0,3487,2014-09-21 18:00:00
EPAC,201407E,-179.8,14.5,2014080706,130.0,100.0,926.0,6076,2014-08-07 06:00:00
WPAC,201411W,131.6,27.5,2014080800,75.0,137.5,967.0,9472,2014-08-08 00:00:00
WPAC,201414W,112.3,19.1,2014090709,28.0,0.0,1002.0,9473,2014-09-07 09:00:00
WPAC,201422W,124.1,12.2,2014120706,85.0,103.8,959.0,9474,2014-12-07 06:00:00
WPAC,201422W,123.9,12.3,2014120709,80.0,103.8,963.0,9475,2014-12-07 09:00:00
WPAC,201422W,118.9,13.2,2014120909,40.0,92.5,993.0,9476,2014-12-09 09:00:00
WPAC,201503W,134.9,15.4,2015031709,33.0,41.9,998.0,9477,2015-03-17 09:00:00
WPAC,201503W,128.6,15.4,2015031909,20.0,0.0,1007.0,9478,2015-03-19 09:00:00
WPAC,201504W,132.9,13.0,2015040209,113.0,92.5,939.0,9479,2015-04-02 09:00:00
WPAC,201504W,129.4,14.1,2015040309,88.0,95.0,958.0,9480,2015-04-03 09:00:00
ATLN,201506L,-18.9,12.6,2015083009,40.0,27.5,1004.0,3488,2015-08-30 09:00:00
ATLN,201506L,-19.5,13.1,2015083012,45.0,32.5,1004.0,3489,2015-08-30 12:00:00
ATLN,201506L,-20.1,13.6,2015083015,50.0,41.2,1001.0,3490,2015-08-30 15:00:00
ATLN,201506L,-20.7,14.0,2015083018,55.0,50.0,998.0,3491,2015-08-30 18:00:00
ATLN,201506L,-22.9,15.7,2015083109,72.0,62.5,988.0,3492,2015-08-31 09:00:00
ATLN,201506L,-23.3,16.1,2015083112,75.0,62.5,986.0,3493,2015-08-31 12:00:00
ATLN,201506L,-23.7,16.5,2015083115,72.0,62.5,987.0,3494,2015-08-31 15:00:00
ATLN,201506L,-24.1,16.8,2015083118,70.0,62.5,988.0,3495,2015-08-31 18:00:00
ATLN,201506L,-26.2,18.0,2015090109,55.0,57.5,997.0,3496,2015-09-01 09:00:00
ATLN,201506L,-26.7,18.2,2015090112,50.0,55.0,1000.0,3497,2015-09-01 12:00:00
ATLN,201506L,-27.1,18.4,2015090115,48.0,55.0,1002.0,3498,2015-09-01 15:00:00
ATLN,201506L,-27.6,18.7,2015090118,45.0,55.0,1003.0,3499,2015-09-01 18:00:00
ATLN,201506L,-30.1,19.5,2015090209,40.0,46.2,1004.0,3500,2015-09-02 09:00:00
ATLN,201507L,-23.8,12.1,2015090509,28.0,0.0,1009.0,3501,2015-09-05 09:00:00
ATLN,201507L,-24.4,12.2,2015090512,30.0,0.0,1008.0,3502,2015-09-05 12:00:00
ATLN,201507L,-25.0,12.2,2015090515,32.0,7.5,1008.0,3503,2015-09-05 15:00:00
ATLN,201507L,-25.7,12.3,2015090518,35.0,15.0,1007.0,3504,2015-09-05 18:00:00
ATLN,201507L,-28.6,12.6,2015090609,48.0,40.0,1001.0,3505,2015-09-06 09:00:00
ATLN,201507L,-29.2,12.7,2015090612,50.0,40.0,1000.0,3506,2015-09-06 12:00:00
ATLN,201507L,-29.9,12.8,2015090615,48.0,40.0,1001.0,3507,2015-09-06 15:00:00
WPAC,201509W,136.9,18.1,2015070703,78.0,141.2,965.0,9481,2015-07-07 03:00:00
WPAC,201509W,136.5,18.2,2015070706,80.0,140.0,963.0,9482,2015-07-07 06:00:00
WPAC,201509W,136.0,18.4,2015070709,80.0,138.1,963.0,9483,2015-07-07 09:00:00
WPAC,201509W,133.7,19.5,2015070800,85.0,136.2,959.0,9484,2015-07-08 00:00:00
WPAC,201509W,133.1,20.0,2015070803,88.0,135.6,958.0,9485,2015-07-08 03:00:00
WPAC,201509W,132.6,20.5,2015070806,90.0,135.0,956.0,9486,2015-07-08 06:00:00
WPAC,201509W,129.7,22.5,2015070900,90.0,131.2,956.0,9487,2015-07-09 00:00:00
WPAC,201509W,129.1,22.9,2015070903,93.0,155.6,954.0,9488,2015-07-09 03:00:00
WPAC,201509W,128.6,23.3,2015070906,95.0,180.0,952.0,9489,2015-07-09 06:00:00
WPAC,201509W,128.1,23.8,2015070909,100.0,225.0,948.0,9490,2015-07-09 09:00:00
WPAC,201509W,125.5,25.7,2015071000,120.0,270.0,933.0,9491,2015-07-10 00:00:00
WPAC,201509W,125.1,26.1,2015071003,120.0,265.0,933.0,9492,2015-07-10 03:00:00
WPAC,201509W,124.7,26.6,2015071006,120.0,260.0,933.0,9493,2015-07-10 06:00:00
WPAC,201509W,124.3,26.9,2015071009,113.0,260.0,939.0,9494,2015-07-10 09:00:00
WPAC,201509W,122.8,28.6,2015071100,80.0,237.5,963.0,9495,2015-07-11 00:00:00
WPAC,201509W,122.6,29.1,2015071103,75.0,211.2,967.0,9496,2015-07-11 03:00:00
WPAC,201509W,122.4,29.5,2015071106,70.0,185.0,970.0,9497,2015-07-11 06:00:00
WPAC,201509W,122.6,30.0,2015071109,68.0,172.5,972.0,9498,2015-07-11 09:00:00
WPAC,201509W,123.5,33.2,2015071200,45.0,151.2,989.0,9499,2015-07-12 00:00:00
WPAC,201509W,123.8,34.1,2015071203,43.0,150.0,991.0,9500,2015-07-12 03:00:00
WPAC,201509W,124.2,35.0,2015071206,40.0,148.8,993.0,9501,2015-07-12 06:00:00
WPAC,201509W,124.5,35.9,2015071209,35.0,74.4,997.0,9502,2015-07-12 09:00:00
ATLN,201510L,-24.2,9.4,2015091512,25.0,0.0,1010.0,3508,2015-09-15 12:00:00
ATLN,201510L,-24.9,9.6,2015091515,25.0,0.0,1010.0,3509,2015-09-15 15:00:00
ATLN,201510L,-25.5,9.7,2015091518,25.0,0.0,1010.0,3510,2015-09-15 18:00:00
ATLN,201510L,-28.1,10.6,2015091609,25.0,0.0,1010.0,3511,2015-09-16 09:00:00
ATLN,201510L,-28.6,10.7,2015091612,25.0,0.0,1010.0,3512,2015-09-16 12:00:00
ATLN,201510L,-29.1,10.8,2015091615,25.0,0.0,1010.0,3513,2015-09-16 15:00:00
ATLN,201510L,-29.6,11.0,2015091618,25.0,0.0,1009.0,3514,2015-09-16 18:00:00
WPAC,201510W,118.8,20.5,2015070703,50.0,68.8,986.0,9503,2015-07-07 03:00:00
WPAC,201510W,118.8,20.6,2015070706,55.0,68.8,982.0,9504,2015-07-07 06:00:00
WPAC,201510W,118.8,20.8,2015070709,55.0,67.5,982.0,9505,2015-07-07 09:00:00
WPAC,201510W,118.7,21.4,2015070800,55.0,87.5,982.0,9506,2015-07-08 00:00:00
WPAC,201510W,118.7,21.5,2015070803,58.0,85.0,980.0,9507,2015-07-08 03:00:00
WPAC,201510W,118.7,21.7,2015070806,60.0,82.5,978.0,9508,2015-07-08 06:00:00
WPAC,201510W,116.8,22.8,2015070900,70.0,72.5,970.0,9509,2015-07-09 00:00:00
WPAC,201510W,116.2,23.0,2015070903,65.0,70.0,974.0,9510,2015-07-09 03:00:00
WPAC,201510W,115.6,23.1,2015070906,60.0,67.5,978.0,9511,2015-07-09 06:00:00
WPAC,201510W,115.0,23.1,2015070909,53.0,67.5,984.0,9512,2015-07-09 09:00:00
ATLN,201511L,-29.1,43.2,2015100815,45.0,217.5,982.0,3515,2015-10-08 15:00:00
ATLN,201511L,-27.3,43.5,2015100818,45.0,217.5,984.0,3516,2015-10-08 18:00:00
ATLN,201511L,-20.9,44.2,2015100909,45.0,213.8,988.0,3517,2015-10-09 09:00:00
ATLN,201511L,-19.9,44.2,2015100912,45.0,212.5,988.0,3518,2015-10-09 12:00:00
ATLN,201511L,-19.0,44.2,2015100915,42.0,211.2,988.0,3519,2015-10-09 15:00:00
ATLN,201511L,-18.2,44.1,2015100918,40.0,210.0,989.0,3520,2015-10-09 18:00:00
ATLN,201511L,-14.4,43.2,2015101009,35.0,161.2,994.0,3521,2015-10-10 09:00:00
ATLN,201511L,-13.9,43.1,2015101012,35.0,95.0,996.0,3522,2015-10-10 12:00:00
ATLN,201511L,-13.4,43.0,2015101015,32.0,47.5,997.0,3523,2015-10-10 15:00:00
ATLN,201511L,-11.1,42.0,2015101109,32.0,15.0,1000.0,3524,2015-10-11 09:00:00
ATLN,201511L,-10.8,41.8,2015101112,35.0,30.0,1001.0,3525,2015-10-11 12:00:00
ATLN,201511L,-10.7,41.5,2015101115,35.0,50.0,1001.0,3526,2015-10-11 15:00:00
ATLN,201511L,-9.4,39.6,2015101209,35.0,65.0,1002.0,3527,2015-10-12 09:00:00
ATLN,201511L,-9.1,39.5,2015101212,35.0,65.0,1003.0,3528,2015-10-12 12:00:00
ATLN,201511L,-8.9,39.3,2015101215,32.0,32.5,1004.0,3529,2015-10-12 15:00:00
ATLN,201511L,-9.1,37.6,2015101309,20.0,0.0,1010.0,3530,2015-10-13 09:00:00
ATLN,201511L,-9.2,37.3,2015101312,20.0,0.0,1010.0,3531,2015-10-13 12:00:00
ATLN,201511L,-9.1,37.0,2015101315,20.0,0.0,1010.0,3532,2015-10-13 15:00:00
ATLN,201511L,-8.6,35.3,2015101409,20.0,0.0,1011.0,3533,2015-10-14 09:00:00
ATLN,201511L,-8.4,35.1,2015101412,20.0,0.0,1011.0,3534,2015-10-14 12:00:00
ATLN,201511L,-8.2,35.0,2015101415,18.0,0.0,1012.0,3535,2015-10-14 15:00:00
WPAC,201511W,154.9,13.4,2015070703,105.0,95.6,945.0,9513,2015-07-07 03:00:00
WPAC,201511W,154.4,13.7,2015070706,110.0,101.2,941.0,9514,2015-07-07 06:00:00
WPAC,201511W,151.4,15.2,2015070721,123.0,96.9,931.0,9515,2015-07-07 21:00:00
WPAC,201511W,150.7,15.4,2015070800,120.0,102.5,933.0,9516,2015-07-08 00:00:00
WPAC,201511W,150.2,15.4,2015070803,118.0,107.5,935.0,9517,2015-07-08 03:00:00
WPAC,201511W,149.8,15.5,2015070806,115.0,112.5,937.0,9518,2015-07-08 06:00:00
WPAC,201511W,147.4,16.8,2015070821,123.0,113.1,931.0,9519,2015-07-08 21:00:00
WPAC,201511W,146.9,17.0,2015070900,125.0,126.2,929.0,9520,2015-07-09 00:00:00
WPAC,201511W,146.4,17.3,2015070903,128.0,126.2,928.0,9521,2015-07-09 03:00:00
WPAC,201511W,145.8,17.6,2015070906,130.0,126.2,926.0,9522,2015-07-09 06:00:00
WPAC,201511W,143.1,18.2,2015070921,130.0,134.4,926.0,9523,2015-07-09 21:00:00
WPAC,201511W,142.7,18.3,2015071000,125.0,132.5,929.0,9524,2015-07-10 00:00:00
WPAC,201511W,142.3,18.4,2015071003,123.0,132.5,931.0,9525,2015-07-10 03:00:00
WPAC,201511W,141.9,18.4,2015071006,120.0,132.5,933.0,9526,2015-07-10 06:00:00
WPAC,201511W,140.3,18.4,2015071021,103.0,132.5,946.0,9527,2015-07-10 21:00:00
WPAC,201511W,140.0,18.4,2015071100,100.0,132.5,948.0,9528,2015-07-11 00:00:00
WPAC,201511W,139.8,18.4,2015071103,93.0,137.5,954.0,9529,2015-07-11 03:00:00
WPAC,201511W,139.5,18.4,2015071106,85.0,142.5,959.0,9530,2015-07-11 06:00:00
WPAC,201511W,139.2,18.4,2015071109,83.0,140.0,961.0,9531,2015-07-11 09:00:00
WPAC,201511W,138.2,18.3,2015071121,75.0,148.1,967.0,9532,2015-07-11 21:00:00
WPAC,201511W,138.0,18.3,2015071200,75.0,158.8,967.0,9533,2015-07-12 00:00:00
WPAC,201511W,137.8,18.4,2015071203,78.0,146.9,965.0,9534,2015-07-12 03:00:00
WPAC,201511W,137.7,18.4,2015071206,80.0,135.0,963.0,9535,2015-07-12 06:00:00
WPAC,201511W,137.6,18.5,2015071209,83.0,135.0,961.0,9536,2015-07-12 09:00:00
WPAC,201511W,137.2,19.4,2015071221,93.0,135.0,954.0,9537,2015-07-12 21:00:00
WPAC,201511W,137.2,19.6,2015071300,95.0,135.0,952.0,9538,2015-07-13 00:00:00
WPAC,201511W,137.1,20.1,2015071303,95.0,153.1,952.0,9539,2015-07-13 03:00:00
WPAC,201511W,137.0,20.5,2015071306,95.0,171.2,952.0,9540,2015-07-13 06:00:00
WPAC,201511W,136.9,20.9,2015071309,93.0,181.2,954.0,9541,2015-07-13 09:00:00
WPAC,201511W,136.6,22.5,2015071321,90.0,208.8,956.0,9542,2015-07-13 21:00:00
WPAC,201511W,136.5,22.9,2015071400,90.0,208.8,956.0,9543,2015-07-14 00:00:00
WPAC,201511W,136.6,23.3,2015071403,90.0,208.8,956.0,9544,2015-07-14 03:00:00
WPAC,201511W,136.6,23.7,2015071406,90.0,208.8,956.0,9545,2015-07-14 06:00:00
WPAC,201511W,136.6,24.1,2015071409,93.0,208.8,954.0,9546,2015-07-14 09:00:00
WPAC,201511W,136.4,26.0,2015071421,90.0,206.2,956.0,9547,2015-07-14 21:00:00
WPAC,201511W,136.3,26.5,2015071500,85.0,203.8,959.0,9548,2015-07-15 00:00:00
WPAC,201511W,136.2,27.1,2015071503,85.0,208.1,959.0,9549,2015-07-15 03:00:00
WPAC,201511W,136.0,27.7,2015071506,85.0,212.5,959.0,9550,2015-07-15 06:00:00
WPAC,201511W,135.8,28.2,2015071509,83.0,212.5,961.0,9551,2015-07-15 09:00:00
WPAC,201511W,134.9,30.5,2015071521,75.0,180.6,967.0,9552,2015-07-15 21:00:00
WPAC,201511W,134.7,31.0,2015071600,75.0,148.8,967.0,9553,2015-07-16 00:00:00
WPAC,201511W,134.6,31.5,2015071603,73.0,148.8,969.0,9554,2015-07-16 03:00:00
WPAC,201511W,134.5,32.0,2015071606,70.0,148.8,970.0,9555,2015-07-16 06:00:00
WPAC,201511W,134.4,32.5,2015071609,68.0,139.4,972.0,9556,2015-07-16 09:00:00
WPAC,201511W,133.7,34.5,2015071621,50.0,130.0,986.0,9557,2015-07-16 21:00:00
WPAC,201511W,133.6,34.9,2015071700,45.0,130.0,989.0,9558,2015-07-17 00:00:00
WPAC,201511W,133.8,35.4,2015071703,40.0,112.5,993.0,9559,2015-07-17 03:00:00
WPAC,201511W,134.0,35.9,2015071706,35.0,95.0,996.0,9560,2015-07-17 06:00:00
WPAC,201511W,134.2,36.3,2015071709,33.0,47.5,998.0,9561,2015-07-17 09:00:00
WPAC,201511W,135.1,38.1,2015071721,25.0,0.0,1003.0,9562,2015-07-17 21:00:00
WPAC,201511W,135.4,38.7,2015071800,25.0,0.0,1002.0,9563,2015-07-18 00:00:00
WPAC,201511W,136.0,39.2,2015071803,23.0,0.0,1005.0,9564,2015-07-18 03:00:00
WPAC,201511W,136.6,39.7,2015071806,20.0,0.0,1007.0,9565,2015-07-18 06:00:00
WPAC,201512W,124.5,16.2,2015072206,15.0,0.0,1010.0,9566,2015-07-22 06:00:00
WPAC,201512W,124.2,16.2,2015072209,15.0,0.0,1010.0,9567,2015-07-22 09:00:00
WPAC,201512W,123.3,16.9,2015072300,25.0,0.0,1004.0,9568,2015-07-23 00:00:00
WPAC,201512W,123.2,17.2,2015072303,28.0,0.0,1002.0,9569,2015-07-23 03:00:00
WPAC,201512W,123.2,17.5,2015072306,30.0,0.0,1000.0,9570,2015-07-23 06:00:00
WPAC,201512W,123.2,17.6,2015072309,30.0,0.0,1000.0,9571,2015-07-23 09:00:00
WPAC,201512W,123.6,17.9,2015072400,35.0,16.2,996.0,9572,2015-07-24 00:00:00
WPAC,201512W,123.8,17.8,2015072403,35.0,16.2,996.0,9573,2015-07-24 03:00:00
WPAC,201512W,124.0,17.7,2015072406,35.0,16.2,996.0,9574,2015-07-24 06:00:00
WPAC,201512W,124.4,17.7,2015072409,35.0,16.2,996.0,9575,2015-07-24 09:00:00
WPAC,201512W,125.9,18.2,2015072500,20.0,0.0,1007.0,9576,2015-07-25 00:00:00
WPAC,201512W,126.1,18.5,2015072503,20.0,0.0,1007.0,9577,2015-07-25 03:00:00
WPAC,201512W,126.2,18.9,2015072506,20.0,0.0,1007.0,9578,2015-07-25 06:00:00
WPAC,201513W,160.1,13.6,2015073006,30.0,0.0,1000.0,9579,2015-07-30 06:00:00
WPAC,201513W,158.1,13.4,2015073021,35.0,60.0,996.0,9580,2015-07-30 21:00:00
WPAC,201513W,157.6,13.4,2015073100,35.0,61.2,996.0,9581,2015-07-31 00:00:00
WPAC,201513W,157.1,13.4,2015073103,35.0,62.5,996.0,9582,2015-07-31 03:00:00
WPAC,201513W,156.6,13.4,2015073106,35.0,63.8,996.0,9583,2015-07-31 06:00:00
WPAC,201513W,153.7,13.6,2015073121,38.0,63.8,995.0,9584,2015-07-31 21:00:00
WPAC,201513W,153.1,13.6,2015080100,40.0,63.8,993.0,9585,2015-08-01 00:00:00
WPAC,201513W,152.6,13.8,2015080103,40.0,59.4,993.0,9586,2015-08-01 03:00:00
WPAC,201513W,152.2,13.9,2015080106,40.0,55.0,993.0,9587,2015-08-01 06:00:00
WPAC,201513W,148.8,14.5,2015080121,55.0,60.0,982.0,9588,2015-08-01 21:00:00
WPAC,201513W,148.1,14.6,2015080200,60.0,56.2,978.0,9589,2015-08-02 00:00:00
WPAC,201513W,147.4,14.7,2015080203,68.0,56.2,973.0,9590,2015-08-02 03:00:00
WPAC,201513W,146.8,14.8,2015080206,75.0,56.2,967.0,9591,2015-08-02 06:00:00
WPAC,201513W,144.5,15.9,2015080221,105.0,86.9,945.0,9592,2015-08-02 21:00:00
WPAC,201513W,144.0,16.2,2015080300,110.0,95.0,941.0,9593,2015-08-03 00:00:00
WPAC,201513W,143.4,16.5,2015080303,118.0,105.0,935.0,9594,2015-08-03 03:00:00
WPAC,201513W,142.9,16.9,2015080306,125.0,115.0,929.0,9595,2015-08-03 06:00:00
WPAC,201513W,140.1,18.0,2015080321,153.0,146.2,909.0,9596,2015-08-03 21:00:00
WPAC,201513W,139.6,18.2,2015080400,150.0,177.5,911.0,9597,2015-08-04 00:00:00
WPAC,201513W,138.9,18.4,2015080403,145.0,173.1,915.0,9598,2015-08-04 03:00:00
WPAC,201513W,138.3,18.6,2015080406,140.0,168.8,918.0,9599,2015-08-04 06:00:00
WPAC,201513W,137.8,18.8,2015080409,138.0,168.8,920.0,9600,2015-08-04 09:00:00
WPAC,201513W,134.9,19.5,2015080500,115.0,145.0,937.0,9601,2015-08-05 00:00:00
WPAC,201513W,134.3,19.7,2015080503,110.0,154.4,941.0,9602,2015-08-05 03:00:00
WPAC,201513W,133.7,19.9,2015080506,105.0,163.8,944.0,9603,2015-08-05 06:00:00
WPAC,201513W,133.1,19.9,2015080509,103.0,168.1,946.0,9604,2015-08-05 09:00:00
WPAC,201513W,130.2,20.4,2015080600,90.0,172.5,956.0,9605,2015-08-06 00:00:00
WPAC,201513W,129.6,20.6,2015080603,88.0,176.9,958.0,9606,2015-08-06 03:00:00
WPAC,201513W,129.1,20.9,2015080606,85.0,181.2,959.0,9607,2015-08-06 06:00:00
WPAC,201513W,128.6,21.0,2015080609,88.0,181.2,958.0,9608,2015-08-06 09:00:00
WPAC,201513W,125.8,21.9,2015080700,100.0,181.2,948.0,9609,2015-08-07 00:00:00
WPAC,201513W,125.3,22.1,2015080703,103.0,186.2,946.0,9610,2015-08-07 03:00:00
WPAC,201513W,124.8,22.4,2015080706,105.0,191.2,944.0,9611,2015-08-07 06:00:00
WPAC,201513W,124.3,22.6,2015080709,105.0,191.2,944.0,9612,2015-08-07 09:00:00
WPAC,201513W,121.5,24.2,2015080800,95.0,191.2,952.0,9613,2015-08-08 00:00:00
WPAC,201513W,120.8,24.1,2015080803,85.0,191.2,960.0,9614,2015-08-08 03:00:00
WPAC,201513W,120.2,24.1,2015080806,75.0,191.2,967.0,9615,2015-08-08 06:00:00
WPAC,201513W,119.8,24.5,2015080809,73.0,191.2,969.0,9616,2015-08-08 09:00:00
WPAC,201513W,117.8,25.8,2015080900,40.0,191.2,993.0,9617,2015-08-09 00:00:00
WPAC,201513W,117.4,26.2,2015080903,38.0,95.6,995.0,9618,2015-08-09 03:00:00
WPAC,201513W,117.0,26.6,2015080906,35.0,0.0,996.0,9619,2015-08-09 06:00:00
WPAC,201514W,144.8,29.6,2015080121,23.0,0.0,1006.0,9620,2015-08-01 21:00:00
WPAC,201514W,144.7,29.8,2015080200,25.0,0.0,1004.0,9621,2015-08-02 00:00:00
WPAC,201514W,144.4,29.9,2015080203,25.0,0.0,1004.0,9622,2015-08-02 03:00:00
WPAC,201514W,144.2,29.9,2015080206,25.0,0.0,1004.0,9623,2015-08-02 06:00:00
WPAC,201514W,144.0,30.0,2015080209,28.0,0.0,1002.0,9624,2015-08-02 09:00:00
WPAC,201514W,143.2,30.4,2015080221,30.0,0.0,1000.0,9625,2015-08-02 21:00:00
WPAC,201514W,143.0,30.5,2015080300,30.0,0.0,1000.0,9626,2015-08-03 00:00:00
WPAC,201514W,142.7,30.6,2015080303,28.0,0.0,1002.0,9627,2015-08-03 03:00:00
WPAC,201514W,142.3,30.7,2015080306,25.0,0.0,1004.0,9628,2015-08-03 06:00:00
WPAC,201514W,141.9,30.8,2015080309,25.0,0.0,1004.0,9629,2015-08-03 09:00:00
WPAC,201514W,140.3,31.1,2015080321,25.0,0.0,1004.0,9630,2015-08-03 21:00:00
WPAC,201514W,140.0,31.2,2015080400,25.0,0.0,1004.0,9631,2015-08-04 00:00:00
WPAC,201514W,139.7,31.2,2015080403,25.0,0.0,1004.0,9632,2015-08-04 03:00:00
WPAC,201514W,139.4,31.3,2015080406,25.0,0.0,1004.0,9633,2015-08-04 06:00:00
WPAC,201514W,138.9,31.5,2015080409,25.0,0.0,1004.0,9634,2015-08-04 09:00:00
WPAC,201514W,137.6,32.2,2015080421,20.0,0.0,1007.0,9635,2015-08-04 21:00:00
WPAC,201514W,137.3,32.5,2015080500,20.0,0.0,1007.0,9636,2015-08-05 00:00:00
WPAC,201514W,137.0,32.8,2015080503,20.0,0.0,1007.0,9637,2015-08-05 03:00:00
WPAC,201514W,136.7,33.0,2015080506,20.0,0.0,1007.0,9638,2015-08-05 06:00:00
WPAC,201515W,147.9,21.5,2015080700,25.0,0.0,1002.0,9639,2015-08-07 00:00:00
WPAC,201515W,147.7,22.1,2015080703,25.0,0.0,1003.0,9640,2015-08-07 03:00:00
WPAC,201515W,147.4,22.7,2015080706,25.0,0.0,1004.0,9641,2015-08-07 06:00:00
WPAC,201515W,144.9,25.6,2015080721,33.0,0.0,998.0,9642,2015-08-07 21:00:00
WPAC,201515W,144.2,26.0,2015080800,35.0,0.0,996.0,9643,2015-08-08 00:00:00
WPAC,201515W,143.9,26.1,2015080803,35.0,0.0,996.0,9644,2015-08-08 03:00:00
WPAC,201515W,143.7,26.3,2015080806,35.0,0.0,996.0,9645,2015-08-08 06:00:00
WPAC,201515W,141.3,27.0,2015080821,35.0,0.0,996.0,9646,2015-08-08 21:00:00
WPAC,201515W,141.0,27.1,2015080900,35.0,0.0,996.0,9647,2015-08-09 00:00:00
WPAC,201515W,140.8,27.4,2015080903,35.0,21.2,996.0,9648,2015-08-09 03:00:00
WPAC,201515W,140.7,27.7,2015080906,35.0,42.5,996.0,9649,2015-08-09 06:00:00
WPAC,201515W,140.6,28.1,2015080909,35.0,42.5,996.0,9650,2015-08-09 09:00:00
WPAC,201515W,140.2,29.6,2015080921,35.0,42.5,996.0,9651,2015-08-09 21:00:00
WPAC,201515W,140.3,29.8,2015081000,35.0,42.5,996.0,9652,2015-08-10 00:00:00
WPAC,201515W,140.4,30.1,2015081003,35.0,42.5,996.0,9653,2015-08-10 03:00:00
WPAC,201515W,140.6,30.3,2015081006,35.0,42.5,996.0,9654,2015-08-10 06:00:00
WPAC,201515W,140.8,30.6,2015081009,35.0,42.5,996.0,9655,2015-08-10 09:00:00
WPAC,201515W,142.2,31.5,2015081021,38.0,47.5,995.0,9656,2015-08-10 21:00:00
WPAC,201515W,142.7,31.7,2015081100,40.0,52.5,993.0,9657,2015-08-11 00:00:00
WPAC,201515W,143.2,32.0,2015081103,43.0,52.5,991.0,9658,2015-08-11 03:00:00
WPAC,201515W,143.7,32.2,2015081106,45.0,52.5,989.0,9659,2015-08-11 06:00:00
WPAC,201515W,146.7,33.2,2015081121,40.0,62.5,993.0,9660,2015-08-11 21:00:00
WPAC,201515W,147.4,33.4,2015081200,40.0,62.5,993.0,9661,2015-08-12 00:00:00
WPAC,201515W,147.9,33.5,2015081203,40.0,69.4,993.0,9662,2015-08-12 03:00:00
WPAC,201515W,148.5,33.6,2015081206,40.0,76.2,993.0,9663,2015-08-12 06:00:00
WPAC,201515W,153.0,34.8,2015081221,40.0,65.6,993.0,9664,2015-08-12 21:00:00
WPAC,201515W,154.1,35.4,2015081300,40.0,65.0,993.0,9665,2015-08-13 00:00:00
WPAC,201515W,154.7,35.7,2015081303,38.0,66.2,995.0,9666,2015-08-13 03:00:00
WPAC,201515W,155.3,36.0,2015081306,35.0,67.5,996.0,9667,2015-08-13 06:00:00
WPAC,201515W,160.5,37.4,2015081321,35.0,71.2,996.0,9668,2015-08-13 21:00:00
WPAC,201515W,161.8,37.7,2015081400,35.0,71.2,996.0,9669,2015-08-14 00:00:00
WPAC,201516W,150.4,12.2,2015081400,25.0,0.0,1004.0,9670,2015-08-14 00:00:00
WPAC,201516W,150.2,12.2,2015081403,25.0,0.0,1004.0,9671,2015-08-14 03:00:00
WPAC,201516W,149.9,12.3,2015081406,25.0,0.0,1004.0,9672,2015-08-14 06:00:00
WPAC,201516W,147.6,13.3,2015081421,38.0,0.0,995.0,9673,2015-08-14 21:00:00
WPAC,201516W,147.0,13.7,2015081500,40.0,0.0,993.0,9674,2015-08-15 00:00:00
WPAC,201516W,146.7,13.9,2015081503,43.0,30.6,991.0,9675,2015-08-15 03:00:00
WPAC,201516W,146.3,14.1,2015081506,45.0,61.2,989.0,9676,2015-08-15 06:00:00
WPAC,201516W,145.0,14.6,2015081521,58.0,55.0,980.0,9677,2015-08-15 21:00:00
WPAC,201516W,144.7,14.8,2015081600,60.0,55.0,978.0,9678,2015-08-16 00:00:00
WPAC,201516W,144.4,15.0,2015081603,63.0,55.0,976.0,9679,2015-08-16 03:00:00
WPAC,201516W,144.1,15.2,2015081606,65.0,55.0,974.0,9680,2015-08-16 06:00:00
WPAC,201516W,142.2,16.2,2015081621,105.0,95.0,945.0,9681,2015-08-16 21:00:00
WPAC,201516W,141.7,16.5,2015081700,120.0,102.5,933.0,9682,2015-08-17 00:00:00
WPAC,201516W,141.1,16.8,2015081703,118.0,105.0,935.0,9683,2015-08-17 03:00:00
WPAC,201516W,140.4,17.0,2015081706,115.0,107.5,937.0,9684,2015-08-17 06:00:00
WPAC,201516W,136.1,18.2,2015081800,105.0,108.8,944.0,9685,2015-08-18 00:00:00
WPAC,201516W,135.4,18.4,2015081803,105.0,108.8,944.0,9686,2015-08-18 03:00:00
WPAC,201516W,134.7,18.5,2015081806,105.0,108.8,944.0,9687,2015-08-18 06:00:00
WPAC,201516W,133.8,18.6,2015081809,105.0,116.9,944.0,9688,2015-08-18 09:00:00
WPAC,201516W,129.8,18.9,2015081900,100.0,108.8,948.0,9689,2015-08-19 00:00:00
WPAC,201516W,129.1,18.9,2015081903,105.0,108.8,945.0,9690,2015-08-19 03:00:00
WPAC,201516W,128.4,18.9,2015081906,110.0,108.8,941.0,9691,2015-08-19 06:00:00
WPAC,201516W,127.8,18.9,2015081909,115.0,125.0,937.0,9692,2015-08-19 09:00:00
WPAC,201516W,125.3,18.9,2015082000,115.0,151.2,937.0,9693,2015-08-20 00:00:00
WPAC,201516W,124.9,18.9,2015082003,113.0,136.9,939.0,9694,2015-08-20 03:00:00
WPAC,201516W,124.6,18.9,2015082006,110.0,122.5,941.0,9695,2015-08-20 06:00:00
WPAC,201516W,124.3,18.9,2015082009,108.0,136.2,943.0,9696,2015-08-20 09:00:00
WPAC,201516W,122.9,19.3,2015082100,95.0,135.0,952.0,9697,2015-08-21 00:00:00
WPAC,201516W,122.7,19.3,2015082103,93.0,121.2,954.0,9698,2015-08-21 03:00:00
WPAC,201516W,122.4,19.3,2015082106,90.0,107.5,956.0,9699,2015-08-21 06:00:00
WPAC,201516W,122.4,19.4,2015082109,88.0,113.1,958.0,9700,2015-08-21 09:00:00
WPAC,201516W,122.6,20.1,2015082200,80.0,111.2,963.0,9701,2015-08-22 00:00:00
WPAC,201516W,122.7,20.4,2015082203,80.0,111.2,963.0,9702,2015-08-22 03:00:00
WPAC,201516W,122.7,20.7,2015082206,80.0,111.2,963.0,9703,2015-08-22 06:00:00
WPAC,201516W,122.9,21.0,2015082209,78.0,111.2,965.0,9704,2015-08-22 09:00:00
WPAC,201516W,123.4,23.2,2015082300,80.0,111.2,963.0,9705,2015-08-23 00:00:00
WPAC,201516W,123.5,23.5,2015082303,85.0,111.2,960.0,9706,2015-08-23 03:00:00
WPAC,201516W,123.6,23.8,2015082306,90.0,111.2,956.0,9707,2015-08-23 06:00:00
WPAC,201516W,123.8,24.1,2015082309,98.0,111.2,950.0,9708,2015-08-23 09:00:00
WPAC,201516W,126.0,26.3,2015082400,115.0,120.0,937.0,9709,2015-08-24 00:00:00
WPAC,201516W,126.8,27.1,2015082403,115.0,120.0,937.0,9710,2015-08-24 03:00:00
WPAC,201516W,127.5,28.0,2015082406,115.0,120.0,937.0,9711,2015-08-24 06:00:00
WPAC,201516W,128.2,28.9,2015082409,113.0,120.0,939.0,9712,2015-08-24 09:00:00
WPAC,201516W,130.7,34.1,2015082500,85.0,101.2,959.0,9713,2015-08-25 00:00:00
WPAC,201516W,130.9,34.8,2015082503,75.0,110.6,967.0,9714,2015-08-25 03:00:00
WPAC,201516W,131.1,35.4,2015082506,65.0,120.0,974.0,9715,2015-08-25 06:00:00
WPAC,201516W,131.4,36.0,2015082509,58.0,120.0,980.0,9716,2015-08-25 09:00:00
WPAC,201516W,132.9,38.5,2015082521,48.0,120.0,987.0,9717,2015-08-25 21:00:00
WPAC,201516W,133.4,39.1,2015082600,45.0,120.0,989.0,9718,2015-08-26 00:00:00
WPAC,201517W,162.1,14.9,2015081421,33.0,0.0,998.0,9719,2015-08-14 21:00:00
WPAC,201517W,162.1,14.9,2015081500,35.0,0.0,996.0,9720,2015-08-15 00:00:00
WPAC,201517W,162.0,14.9,2015081503,38.0,25.0,995.0,9721,2015-08-15 03:00:00
WPAC,201517W,161.9,15.0,2015081506,40.0,50.0,993.0,9722,2015-08-15 06:00:00
WPAC,201517W,161.1,14.9,2015081521,53.0,60.0,984.0,9723,2015-08-15 21:00:00
WPAC,201517W,160.9,14.8,2015081600,55.0,60.0,982.0,9724,2015-08-16 00:00:00
WPAC,201517W,160.7,14.7,2015081603,58.0,86.9,980.0,9725,2015-08-16 03:00:00
WPAC,201517W,160.5,14.6,2015081606,60.0,113.8,978.0,9726,2015-08-16 06:00:00
WPAC,201517W,159.4,14.4,2015081621,75.0,102.5,967.0,9727,2015-08-16 21:00:00
WPAC,201517W,159.2,14.4,2015081700,80.0,120.0,963.0,9728,2015-08-17 00:00:00
WPAC,201517W,158.8,14.6,2015081703,88.0,121.2,958.0,9729,2015-08-17 03:00:00
WPAC,201517W,158.5,14.7,2015081706,95.0,122.5,952.0,9730,2015-08-17 06:00:00
WPAC,201517W,156.6,15.8,2015081721,113.0,167.5,939.0,9731,2015-08-17 21:00:00
WPAC,201517W,156.1,15.9,2015081800,115.0,167.5,937.0,9732,2015-08-18 00:00:00
WPAC,201517W,155.8,16.1,2015081803,118.0,167.5,935.0,9733,2015-08-18 03:00:00
WPAC,201517W,155.4,16.3,2015081806,120.0,167.5,933.0,9734,2015-08-18 06:00:00
WPAC,201517W,153.3,18.2,2015081821,128.0,167.5,928.0,9735,2015-08-18 21:00:00
WPAC,201517W,152.8,18.6,2015081900,130.0,167.5,926.0,9736,2015-08-19 00:00:00
WPAC,201517W,152.4,18.9,2015081903,133.0,167.5,924.0,9737,2015-08-19 03:00:00
WPAC,201517W,151.9,19.1,2015081906,135.0,167.5,922.0,9738,2015-08-19 06:00:00
WPAC,201517W,149.9,20.9,2015081921,133.0,216.2,924.0,9739,2015-08-19 21:00:00
WPAC,201517W,149.5,21.2,2015082000,130.0,216.2,926.0,9740,2015-08-20 00:00:00
WPAC,201517W,149.0,21.6,2015082003,130.0,210.6,926.0,9741,2015-08-20 03:00:00
WPAC,201517W,148.5,22.0,2015082006,130.0,205.0,926.0,9742,2015-08-20 06:00:00
WPAC,201517W,146.8,23.7,2015082021,113.0,202.5,939.0,9743,2015-08-20 21:00:00
WPAC,201517W,146.4,24.1,2015082100,110.0,202.5,941.0,9744,2015-08-21 00:00:00
WPAC,201517W,146.2,24.6,2015082103,108.0,203.1,943.0,9745,2015-08-21 03:00:00
WPAC,201517W,146.0,25.0,2015082106,105.0,203.8,944.0,9746,2015-08-21 06:00:00
WPAC,201517W,145.1,26.7,2015082121,80.0,202.5,963.0,9747,2015-08-21 21:00:00
WPAC,201517W,144.9,27.0,2015082200,80.0,202.5,963.0,9748,2015-08-22 00:00:00
WPAC,201517W,144.9,27.3,2015082203,80.0,202.5,963.0,9749,2015-08-22 03:00:00
WPAC,201517W,145.0,27.6,2015082206,80.0,202.5,963.0,9750,2015-08-22 06:00:00
WPAC,201517W,145.3,29.3,2015082221,80.0,212.5,963.0,9751,2015-08-22 21:00:00
WPAC,201517W,145.5,29.6,2015082300,80.0,212.5,963.0,9752,2015-08-23 00:00:00
WPAC,201517W,145.8,29.8,2015082303,80.0,212.5,963.0,9753,2015-08-23 03:00:00
WPAC,201517W,146.0,30.0,2015082306,80.0,212.5,963.0,9754,2015-08-23 06:00:00
WPAC,201517W,147.8,31.6,2015082321,68.0,211.2,972.0,9755,2015-08-23 21:00:00
WPAC,201517W,148.2,32.1,2015082400,65.0,211.2,974.0,9756,2015-08-24 00:00:00
WPAC,201517W,148.7,32.3,2015082403,63.0,211.2,976.0,9757,2015-08-24 03:00:00
WPAC,201517W,149.2,32.5,2015082406,60.0,211.2,978.0,9758,2015-08-24 06:00:00
WPAC,201517W,154.5,34.9,2015082421,60.0,183.8,978.0,9759,2015-08-24 21:00:00
WPAC,201517W,155.5,35.6,2015082500,60.0,171.2,978.0,9760,2015-08-25 00:00:00
WPAC,201517W,156.4,36.7,2015082503,60.0,171.2,978.0,9761,2015-08-25 03:00:00
WPAC,201517W,157.3,37.8,2015082506,60.0,171.2,978.0,9762,2015-08-25 06:00:00
WPAC,201518W,139.9,19.0,2015090521,15.0,0.0,1010.0,9763,2015-09-05 21:00:00
WPAC,201518W,139.7,19.4,2015090600,15.0,0.0,1010.0,9764,2015-09-06 00:00:00
WPAC,201518W,139.5,19.8,2015090603,18.0,0.0,1007.0,9765,2015-09-06 03:00:00
WPAC,201518W,139.3,20.2,2015090606,20.0,0.0,1004.0,9766,2015-09-06 06:00:00
WPAC,201518W,138.8,22.5,2015090621,30.0,0.0,1000.0,9767,2015-09-06 21:00:00
WPAC,201518W,138.6,22.9,2015090700,30.0,0.0,1000.0,9768,2015-09-07 00:00:00
WPAC,201518W,138.6,23.4,2015090703,33.0,0.0,998.0,9769,2015-09-07 03:00:00
WPAC,201518W,138.6,23.8,2015090706,35.0,0.0,996.0,9770,2015-09-07 06:00:00
WPAC,201518W,138.2,27.1,2015090721,50.0,51.9,986.0,9771,2015-09-07 21:00:00
WPAC,201518W,138.2,27.8,2015090800,55.0,68.8,982.0,9772,2015-09-08 00:00:00
WPAC,201518W,138.2,28.6,2015090803,58.0,60.0,980.0,9773,2015-09-08 03:00:00
WPAC,201518W,138.3,29.3,2015090806,60.0,51.2,978.0,9774,2015-09-08 06:00:00
WPAC,201518W,137.6,34.0,2015090821,48.0,70.0,987.0,9775,2015-09-08 21:00:00
WPAC,201518W,137.3,34.7,2015090900,45.0,70.0,989.0,9776,2015-09-09 00:00:00
WPAC,201518W,136.8,36.0,2015090903,40.0,35.0,993.0,9777,2015-09-09 03:00:00
WPAC,201518W,136.2,37.2,2015090906,35.0,0.0,996.0,9778,2015-09-09 06:00:00
WPAC,201518W,135.7,37.5,2015090909,35.0,0.0,996.0,9779,2015-09-09 09:00:00
WPAC,201519W,112.1,15.7,2015091306,20.0,0.0,1007.0,9780,2015-09-13 06:00:00
WPAC,201519W,111.9,15.4,2015091309,23.0,0.0,1006.0,9781,2015-09-13 09:00:00
WPAC,201519W,110.3,15.2,2015091400,35.0,0.0,996.0,9782,2015-09-14 00:00:00
WPAC,201519W,110.0,15.3,2015091403,35.0,0.0,996.0,9783,2015-09-14 03:00:00
WPAC,201519W,109.8,15.4,2015091406,35.0,0.0,996.0,9784,2015-09-14 06:00:00
WPAC,201519W,109.3,15.5,2015091409,35.0,0.0,996.0,9785,2015-09-14 09:00:00
WPAC,201519W,105.4,15.4,2015091500,25.0,0.0,1004.0,9786,2015-09-15 00:00:00
WPAC,201520W,152.8,15.4,2015091406,15.0,0.0,1010.0,9787,2015-09-14 06:00:00
WPAC,201520W,151.8,17.3,2015091421,28.0,0.0,1002.0,9788,2015-09-14 21:00:00
WPAC,201520W,151.5,17.6,2015091500,30.0,0.0,1000.0,9789,2015-09-15 00:00:00
WPAC,201520W,151.2,17.8,2015091503,33.0,0.0,998.0,9790,2015-09-15 03:00:00
WPAC,201520W,150.8,18.0,2015091506,35.0,0.0,996.0,9791,2015-09-15 06:00:00
WPAC,201520W,148.9,18.9,2015091521,43.0,66.2,991.0,9792,2015-09-15 21:00:00
WPAC,201520W,148.4,19.2,2015091600,45.0,82.5,989.0,9793,2015-09-16 00:00:00
WPAC,201520W,147.8,19.5,2015091603,50.0,82.5,986.0,9794,2015-09-16 03:00:00
WPAC,201520W,147.2,19.8,2015091606,55.0,82.5,982.0,9795,2015-09-16 06:00:00
WPAC,201520W,145.2,20.8,2015091621,75.0,98.1,967.0,9796,2015-09-16 21:00:00
WPAC,201520W,144.9,21.1,2015091700,80.0,106.2,963.0,9797,2015-09-17 00:00:00
WPAC,201520W,144.5,21.4,2015091703,85.0,106.2,960.0,9798,2015-09-17 03:00:00
WPAC,201520W,144.1,21.7,2015091706,90.0,106.2,956.0,9799,2015-09-17 06:00:00
WPAC,201520W,142.6,23.4,2015091721,98.0,92.5,950.0,9800,2015-09-17 21:00:00
WPAC,201520W,142.4,23.7,2015091800,95.0,92.5,952.0,9801,2015-09-18 00:00:00
WPAC,201520W,142.3,24.1,2015091803,93.0,86.9,954.0,9802,2015-09-18 03:00:00
WPAC,201520W,142.2,24.5,2015091806,90.0,81.2,956.0,9803,2015-09-18 06:00:00
WPAC,201520W,142.9,27.2,2015091821,78.0,92.5,965.0,9804,2015-09-18 21:00:00
WPAC,201520W,143.3,27.9,2015091900,75.0,92.5,967.0,9805,2015-09-19 00:00:00
WPAC,201520W,143.8,28.4,2015091903,73.0,92.5,969.0,9806,2015-09-19 03:00:00
WPAC,201520W,144.2,29.0,2015091906,70.0,92.5,970.0,9807,2015-09-19 06:00:00
WPAC,201520W,146.7,31.4,2015091921,53.0,93.1,984.0,9808,2015-09-19 21:00:00
WPAC,201520W,147.2,31.8,2015092000,50.0,90.0,985.0,9809,2015-09-20 00:00:00
WPAC,201520W,147.7,32.4,2015092003,48.0,90.0,987.0,9810,2015-09-20 03:00:00
WPAC,201520W,148.2,32.9,2015092006,45.0,90.0,989.0,9811,2015-09-20 06:00:00
WPAC,201520W,151.0,35.8,2015092021,40.0,90.0,993.0,9812,2015-09-20 21:00:00
WPAC,201520W,151.4,36.4,2015092100,40.0,90.0,993.0,9813,2015-09-21 00:00:00
WPAC,201521W,144.2,15.2,2015092100,20.0,0.0,1007.0,9814,2015-09-21 00:00:00
WPAC,201521W,143.9,15.2,2015092103,20.0,0.0,1007.0,9815,2015-09-21 03:00:00
WPAC,201521W,143.7,15.3,2015092106,20.0,0.0,1007.0,9816,2015-09-21 06:00:00
WPAC,201521W,141.8,16.5,2015092121,25.0,0.0,1002.0,9817,2015-09-21 21:00:00
WPAC,201521W,141.5,16.9,2015092200,25.0,0.0,1000.0,9818,2015-09-22 00:00:00
WPAC,201521W,141.1,17.1,2015092203,25.0,0.0,1000.0,9819,2015-09-22 03:00:00
WPAC,201521W,140.7,17.4,2015092206,25.0,0.0,1000.0,9820,2015-09-22 06:00:00
WPAC,201521W,136.2,18.0,2015092303,35.0,78.8,996.0,9821,2015-09-23 03:00:00
WPAC,201521W,133.1,18.5,2015092400,50.0,92.5,985.0,9822,2015-09-24 00:00:00
WPAC,201521W,132.9,18.6,2015092403,50.0,92.5,985.0,9823,2015-09-24 03:00:00
WPAC,201521W,132.2,19.1,2015092500,65.0,110.0,974.0,9824,2015-09-25 00:00:00
WPAC,201521W,130.0,21.3,2015092603,93.0,136.2,954.0,9825,2015-09-26 03:00:00
WPAC,201521W,127.4,22.3,2015092700,125.0,176.2,929.0,9826,2015-09-27 00:00:00
WPAC,201521W,127.1,22.4,2015092703,125.0,178.8,929.0,9827,2015-09-27 03:00:00
WPAC,201521W,126.7,22.5,2015092706,125.0,181.2,929.0,9828,2015-09-27 06:00:00
WPAC,201521W,126.2,22.6,2015092709,125.0,181.2,929.0,9829,2015-09-27 09:00:00
WPAC,201521W,123.9,23.4,2015092800,125.0,125.0,929.0,9830,2015-09-28 00:00:00
WPAC,201521W,123.3,23.7,2015092803,123.0,125.0,931.0,9831,2015-09-28 03:00:00
WPAC,201521W,122.8,24.0,2015092806,120.0,125.0,933.0,9832,2015-09-28 06:00:00
WPAC,201521W,121.9,24.1,2015092809,110.0,145.0,941.0,9833,2015-09-28 09:00:00
WPAC,201521W,119.2,25.1,2015092900,75.0,102.5,967.0,9834,2015-09-29 00:00:00
WPAC,201521W,118.6,25.2,2015092903,65.0,102.5,975.0,9835,2015-09-29 03:00:00
WPAC,201521W,117.9,25.3,2015092906,55.0,102.5,982.0,9836,2015-09-29 06:00:00
WPAC,201521W,117.4,25.6,2015092909,50.0,102.5,986.0,9837,2015-09-29 09:00:00
WPAC,201522W,129.2,12.1,2015093006,20.0,0.0,1005.0,9838,2015-09-30 06:00:00
WPAC,201522W,128.6,12.3,2015093009,23.0,0.0,1005.0,9839,2015-09-30 09:00:00
WPAC,201522W,125.6,14.1,2015100100,25.0,0.0,1004.0,9840,2015-10-01 00:00:00
WPAC,201522W,124.8,14.5,2015100103,28.0,0.0,1002.0,9841,2015-10-01 03:00:00
WPAC,201522W,124.1,14.9,2015100106,30.0,0.0,1000.0,9842,2015-10-01 06:00:00
WPAC,201522W,123.3,15.2,2015100109,30.0,0.0,1000.0,9843,2015-10-01 09:00:00
WPAC,201522W,120.0,16.2,2015100200,30.0,0.0,1000.0,9844,2015-10-02 00:00:00
WPAC,201522W,119.4,16.4,2015100203,33.0,0.0,998.0,9845,2015-10-02 03:00:00
WPAC,201522W,118.8,16.6,2015100206,35.0,0.0,996.0,9846,2015-10-02 06:00:00
WPAC,201522W,118.2,16.9,2015100209,40.0,28.1,993.0,9847,2015-10-02 09:00:00
WPAC,201522W,115.3,18.4,2015100300,55.0,61.2,982.0,9848,2015-10-03 00:00:00
WPAC,201522W,114.8,18.7,2015100303,58.0,61.2,980.0,9849,2015-10-03 03:00:00
WPAC,201522W,114.2,19.0,2015100306,60.0,61.2,978.0,9850,2015-10-03 06:00:00
WPAC,201522W,113.7,19.2,2015100309,63.0,75.0,976.0,9851,2015-10-03 09:00:00
WPAC,201522W,111.5,20.4,2015100400,100.0,127.5,948.0,9852,2015-10-04 00:00:00
WPAC,201522W,111.0,20.9,2015100403,103.0,127.5,946.0,9853,2015-10-04 03:00:00
WPAC,201522W,110.4,21.3,2015100406,105.0,127.5,944.0,9854,2015-10-04 06:00:00
WPAC,201522W,110.0,21.6,2015100409,93.0,127.5,954.0,9855,2015-10-04 09:00:00
WPAC,201522W,108.3,23.7,2015100500,55.0,127.5,982.0,9856,2015-10-05 00:00:00
WPAC,201522W,108.0,24.0,2015100503,45.0,127.5,989.0,9857,2015-10-05 03:00:00
WPAC,201522W,107.7,24.4,2015100506,35.0,127.5,996.0,9858,2015-10-05 06:00:00
WPAC,201523W,164.4,19.0,2015100306,40.0,0.0,993.0,9859,2015-10-03 06:00:00
WPAC,201523W,161.5,19.9,2015100321,43.0,142.5,991.0,9860,2015-10-03 21:00:00
WPAC,201523W,160.6,20.2,2015100400,45.0,285.0,989.0,9861,2015-10-04 00:00:00
WPAC,201523W,159.7,20.5,2015100403,45.0,285.0,989.0,9862,2015-10-04 03:00:00
WPAC,201523W,158.8,20.9,2015100406,45.0,285.0,989.0,9863,2015-10-04 06:00:00
WPAC,201523W,155.2,21.6,2015100421,48.0,264.4,987.0,9864,2015-10-04 21:00:00
WPAC,201523W,154.5,21.7,2015100500,50.0,262.5,985.0,9865,2015-10-05 00:00:00
WPAC,201523W,151.1,23.5,2015100600,65.0,271.2,974.0,9866,2015-10-06 00:00:00
WPAC,201523W,150.9,23.9,2015100603,65.0,260.6,974.0,9867,2015-10-06 03:00:00
WPAC,201523W,150.7,24.3,2015100606,65.0,250.0,974.0,9868,2015-10-06 06:00:00
WPAC,201523W,151.0,27.4,2015100621,68.0,240.0,972.0,9869,2015-10-06 21:00:00
WPAC,201523W,151.2,28.4,2015100700,65.0,240.0,974.0,9870,2015-10-07 00:00:00
WPAC,201523W,151.1,29.7,2015100703,65.0,233.8,974.0,9871,2015-10-07 03:00:00
WPAC,201523W,151.1,31.0,2015100706,65.0,227.5,974.0,9872,2015-10-07 06:00:00
WPAC,201524W,144.4,15.7,2015101221,25.0,0.0,1004.0,9873,2015-10-12 21:00:00
WPAC,201524W,143.2,15.9,2015101300,25.0,0.0,1004.0,9874,2015-10-13 00:00:00
WPAC,201524W,142.2,16.1,2015101303,28.0,0.0,1002.0,9875,2015-10-13 03:00:00
WPAC,201524W,141.3,16.2,2015101306,30.0,0.0,1000.0,9876,2015-10-13 06:00:00
WPAC,201524W,135.8,15.7,2015101400,40.0,86.2,993.0,9877,2015-10-14 00:00:00
WPAC,201524W,135.2,15.7,2015101403,40.0,86.2,993.0,9878,2015-10-14 03:00:00
WPAC,201524W,134.7,15.7,2015101406,40.0,86.2,993.0,9879,2015-10-14 06:00:00
WPAC,201524W,131.5,15.4,2015101500,45.0,86.2,989.0,9880,2015-10-15 00:00:00
WPAC,201524W,130.8,15.6,2015101503,48.0,85.0,987.0,9881,2015-10-15 03:00:00
WPAC,201524W,130.1,15.7,2015101506,50.0,83.8,985.0,9882,2015-10-15 06:00:00
WPAC,201524W,127.5,15.5,2015101600,75.0,123.8,967.0,9883,2015-10-16 00:00:00
WPAC,201524W,127.1,15.5,2015101603,78.0,115.0,965.0,9884,2015-10-16 03:00:00
WPAC,201524W,126.7,15.5,2015101606,80.0,106.2,963.0,9885,2015-10-16 06:00:00
WPAC,201524W,124.5,15.7,2015101700,105.0,121.2,944.0,9886,2015-10-17 00:00:00
WPAC,201524W,124.2,15.8,2015101703,110.0,121.2,941.0,9887,2015-10-17 03:00:00
WPAC,201524W,123.8,15.8,2015101706,115.0,121.2,937.0,9888,2015-10-17 06:00:00
WPAC,201524W,123.4,15.9,2015101709,123.0,121.2,932.0,9889,2015-10-17 09:00:00
WPAC,201524W,121.3,15.8,2015101800,105.0,111.2,944.0,9890,2015-10-18 00:00:00
WPAC,201524W,120.9,16.0,2015101803,98.0,108.1,950.0,9891,2015-10-18 03:00:00
WPAC,201524W,120.5,16.2,2015101806,90.0,105.0,956.0,9892,2015-10-18 06:00:00
WPAC,201524W,120.2,16.4,2015101809,83.0,105.0,962.0,9893,2015-10-18 09:00:00
WPAC,201524W,120.0,17.6,2015101900,55.0,77.5,982.0,9894,2015-10-19 00:00:00
WPAC,201524W,120.0,17.8,2015101903,53.0,77.5,984.0,9895,2015-10-19 03:00:00
WPAC,201524W,120.1,17.9,2015101906,50.0,77.5,985.0,9896,2015-10-19 06:00:00
WPAC,201524W,120.2,18.0,2015101909,48.0,77.5,987.0,9897,2015-10-19 09:00:00
WPAC,201524W,120.4,18.8,2015102000,30.0,0.0,1000.0,9898,2015-10-20 00:00:00
WPAC,201524W,120.6,19.0,2015102003,25.0,0.0,1004.0,9899,2015-10-20 03:00:00
WPAC,201524W,120.7,19.1,2015102006,20.0,0.0,1007.0,9900,2015-10-20 06:00:00
WPAC,201525W,158.3,14.2,2015101321,30.0,0.0,1000.0,9901,2015-10-13 21:00:00
WPAC,201525W,158.0,14.5,2015101400,30.0,0.0,1000.0,9902,2015-10-14 00:00:00
WPAC,201525W,157.2,14.8,2015101403,33.0,0.0,998.0,9903,2015-10-14 03:00:00
WPAC,201525W,156.4,15.0,2015101406,35.0,0.0,996.0,9904,2015-10-14 06:00:00
WPAC,201525W,153.1,15.4,2015101421,43.0,99.4,991.0,9905,2015-10-14 21:00:00
WPAC,201525W,152.5,15.6,2015101500,45.0,107.5,989.0,9906,2015-10-15 00:00:00
WPAC,201525W,151.8,15.8,2015101503,45.0,103.8,989.0,9907,2015-10-15 03:00:00
WPAC,201525W,151.1,16.0,2015101506,45.0,100.0,989.0,9908,2015-10-15 06:00:00
WPAC,201525W,147.2,16.0,2015101521,53.0,124.4,984.0,9909,2015-10-15 21:00:00
WPAC,201525W,146.4,16.0,2015101600,55.0,110.0,982.0,9910,2015-10-16 00:00:00
WPAC,201525W,145.7,15.9,2015101603,55.0,110.0,982.0,9911,2015-10-16 03:00:00
WPAC,201525W,144.9,15.8,2015101606,55.0,110.0,982.0,9912,2015-10-16 06:00:00
WPAC,201525W,142.9,16.8,2015101621,70.0,113.1,971.0,9913,2015-10-16 21:00:00
WPAC,201525W,142.4,17.0,2015101700,75.0,118.8,967.0,9914,2015-10-17 00:00:00
WPAC,201525W,142.1,17.4,2015101703,80.0,118.8,963.0,9915,2015-10-17 03:00:00
WPAC,201525W,141.7,17.7,2015101706,85.0,118.8,959.0,9916,2015-10-17 06:00:00
WPAC,201525W,140.0,19.1,2015101800,100.0,118.8,948.0,9917,2015-10-18 00:00:00
WPAC,201525W,140.0,19.2,2015101803,108.0,118.8,943.0,9918,2015-10-18 03:00:00
WPAC,201525W,140.0,19.4,2015101806,115.0,118.8,937.0,9919,2015-10-18 06:00:00
WPAC,201525W,140.3,20.5,2015101900,110.0,140.0,941.0,9920,2015-10-19 00:00:00
WPAC,201525W,140.3,20.6,2015101903,108.0,140.0,943.0,9921,2015-10-19 03:00:00
WPAC,201525W,140.3,20.8,2015101906,105.0,140.0,944.0,9922,2015-10-19 06:00:00
WPAC,201525W,140.0,21.8,2015102000,90.0,131.2,956.0,9923,2015-10-20 00:00:00
WPAC,201525W,140.0,21.9,2015102003,88.0,135.6,958.0,9924,2015-10-20 03:00:00
WPAC,201525W,140.0,22.0,2015102006,85.0,140.0,959.0,9925,2015-10-20 06:00:00
WPAC,201525W,140.0,22.7,2015102100,75.0,98.8,967.0,9926,2015-10-21 00:00:00
WPAC,201525W,140.0,22.8,2015102103,78.0,113.1,965.0,9927,2015-10-21 03:00:00
WPAC,201525W,140.0,22.9,2015102106,80.0,127.5,963.0,9928,2015-10-21 06:00:00
WPAC,201525W,141.2,23.8,2015102200,100.0,152.5,948.0,9929,2015-10-22 00:00:00
WPAC,201525W,141.4,23.9,2015102203,103.0,152.5,946.0,9930,2015-10-22 03:00:00
WPAC,201525W,141.7,24.0,2015102206,105.0,152.5,944.0,9931,2015-10-22 06:00:00
WPAC,201525W,144.5,24.9,2015102221,98.0,129.4,950.0,9932,2015-10-22 21:00:00
WPAC,201525W,145.1,25.1,2015102300,95.0,137.5,952.0,9933,2015-10-23 00:00:00
WPAC,201525W,145.8,25.2,2015102303,93.0,137.5,954.0,9934,2015-10-23 03:00:00
WPAC,201525W,146.5,25.4,2015102306,90.0,137.5,956.0,9935,2015-10-23 06:00:00
WPAC,201525W,149.8,26.8,2015102321,73.0,128.1,969.0,9936,2015-10-23 21:00:00
WPAC,201525W,150.2,27.0,2015102400,70.0,130.0,970.0,9937,2015-10-24 00:00:00
WPAC,201525W,150.9,27.4,2015102403,65.0,117.5,974.0,9938,2015-10-24 03:00:00
WPAC,201525W,151.6,27.7,2015102406,60.0,105.0,978.0,9939,2015-10-24 06:00:00
WPAC,201525W,156.8,30.6,2015102421,53.0,80.0,984.0,9940,2015-10-24 21:00:00
WPAC,201525W,158.3,31.6,2015102500,50.0,80.0,985.0,9941,2015-10-25 00:00:00
WPAC,201525W,160.3,33.0,2015102503,50.0,80.0,985.0,9942,2015-10-25 03:00:00
WPAC,201525W,162.3,34.3,2015102506,50.0,80.0,985.0,9943,2015-10-25 06:00:00
WPAC,201526W,163.2,17.0,2015102000,20.0,0.0,1007.0,9944,2015-10-20 00:00:00
WPAC,201526W,162.8,17.5,2015102003,20.0,0.0,1007.0,9945,2015-10-20 03:00:00
WPAC,201526W,162.5,18.0,2015102006,20.0,0.0,1007.0,9946,2015-10-20 06:00:00
WPAC,201526W,159.8,19.7,2015102021,20.0,0.0,1007.0,9947,2015-10-20 21:00:00
WPAC,201526W,159.0,20.0,2015102100,20.0,0.0,1007.0,9948,2015-10-21 00:00:00
WPAC,201526W,158.6,20.4,2015102103,20.0,0.0,1007.0,9949,2015-10-21 03:00:00
WPAC,201526W,158.2,20.9,2015102106,20.0,0.0,1006.0,9950,2015-10-21 06:00:00
WPAC,201526W,155.8,23.7,2015102121,23.0,0.0,1006.0,9951,2015-10-21 21:00:00
WPAC,201526W,155.5,24.2,2015102200,25.0,0.0,1004.0,9952,2015-10-22 00:00:00
WPAC,201526W,155.4,25.0,2015102203,25.0,0.0,1004.0,9953,2015-10-22 03:00:00
WPAC,201526W,155.4,25.8,2015102206,25.0,0.0,1004.0,9954,2015-10-22 06:00:00
WPAC,201526W,159.9,29.4,2015102221,33.0,0.0,998.0,9955,2015-10-22 21:00:00
WPAC,201526W,161.5,30.3,2015102300,35.0,0.0,996.0,9956,2015-10-23 00:00:00
WPAC,201527W,162.3,4.2,2015111700,30.0,0.0,1000.0,9957,2015-11-17 00:00:00
WPAC,201527W,161.7,4.3,2015111703,33.0,0.0,998.0,9958,2015-11-17 03:00:00
WPAC,201527W,161.1,4.5,2015111706,35.0,0.0,996.0,9959,2015-11-17 06:00:00
WPAC,201527W,157.7,5.3,2015111721,50.0,63.1,986.0,9960,2015-11-17 21:00:00
WPAC,201527W,157.0,5.5,2015111800,55.0,66.2,982.0,9961,2015-11-18 00:00:00
WPAC,201527W,156.4,5.7,2015111803,60.0,71.2,978.0,9962,2015-11-18 03:00:00
WPAC,201527W,155.8,5.8,2015111806,65.0,76.2,974.0,9963,2015-11-18 06:00:00
WPAC,201527W,153.1,7.8,2015111821,55.0,71.2,982.0,9964,2015-11-18 21:00:00
WPAC,201527W,152.5,8.2,2015111900,55.0,70.0,982.0,9965,2015-11-19 00:00:00
WPAC,201527W,151.9,8.5,2015111903,58.0,70.0,980.0,9966,2015-11-19 03:00:00
WPAC,201527W,151.3,8.8,2015111906,60.0,70.0,978.0,9967,2015-11-19 06:00:00
WPAC,201527W,149.0,9.8,2015111921,83.0,85.0,961.0,9968,2015-11-19 21:00:00
WPAC,201527W,148.6,10.0,2015112000,85.0,87.5,959.0,9969,2015-11-20 00:00:00
WPAC,201527W,147.9,10.2,2015112003,90.0,96.2,956.0,9970,2015-11-20 03:00:00
WPAC,201527W,147.3,10.4,2015112006,95.0,105.0,952.0,9971,2015-11-20 06:00:00
WPAC,201527W,143.5,11.1,2015112021,115.0,106.2,937.0,9972,2015-11-20 21:00:00
WPAC,201527W,142.7,11.3,2015112100,120.0,107.5,933.0,9973,2015-11-21 00:00:00
WPAC,201527W,141.9,11.6,2015112103,118.0,109.4,935.0,9974,2015-11-21 03:00:00
WPAC,201527W,141.2,11.9,2015112106,115.0,111.2,937.0,9975,2015-11-21 06:00:00
WPAC,201527W,132.2,18.4,2015112400,85.0,106.2,959.0,9976,2015-11-24 00:00:00
WPAC,201527W,132.5,18.6,2015112403,80.0,106.2,963.0,9977,2015-11-24 03:00:00
WPAC,201527W,132.8,18.8,2015112406,75.0,106.2,967.0,9978,2015-11-24 06:00:00
WPAC,201527W,135.0,19.5,2015112500,55.0,80.0,982.0,9979,2015-11-25 00:00:00
WPAC,201527W,135.6,19.8,2015112503,50.0,76.9,986.0,9980,2015-11-25 03:00:00
WPAC,201527W,136.2,20.1,2015112506,45.0,73.8,989.0,9981,2015-11-25 06:00:00
WPAC,201527W,138.5,22.6,2015112600,35.0,73.8,996.0,9982,2015-11-26 00:00:00
WPAC,201527W,139.2,23.2,2015112603,35.0,73.8,996.0,9983,2015-11-26 03:00:00
WPAC,201527W,139.8,23.9,2015112606,35.0,73.8,996.0,9984,2015-11-26 06:00:00
WPAC,201528W,138.8,8.7,2015121103,28.0,0.0,1002.0,9985,2015-12-11 03:00:00
WPAC,201528W,134.5,10.3,2015121200,45.0,52.5,989.0,9986,2015-12-12 00:00:00
WPAC,201528W,133.9,10.6,2015121203,48.0,53.1,987.0,9987,2015-12-12 03:00:00
WPAC,201528W,133.4,10.8,2015121206,50.0,53.8,985.0,9988,2015-12-12 06:00:00
WPAC,201528W,130.1,11.9,2015121300,75.0,87.5,967.0,9989,2015-12-13 00:00:00
WPAC,201528W,129.6,12.1,2015121303,83.0,94.4,962.0,9990,2015-12-13 03:00:00
WPAC,201528W,129.0,12.3,2015121306,90.0,101.2,956.0,9991,2015-12-13 06:00:00
WPAC,201528W,125.7,12.5,2015121400,120.0,98.8,933.0,9992,2015-12-14 00:00:00
WPAC,201528W,125.2,12.6,2015121403,120.0,98.8,933.0,9993,2015-12-14 03:00:00
WPAC,201528W,124.7,12.7,2015121406,120.0,98.8,933.0,9994,2015-12-14 06:00:00
WPAC,201528W,124.1,12.8,2015121409,113.0,98.8,939.0,9995,2015-12-14 09:00:00
WPAC,201528W,121.7,13.0,2015121500,120.0,98.8,933.0,9996,2015-12-15 00:00:00
WPAC,201528W,121.5,13.2,2015121503,110.0,96.9,941.0,9997,2015-12-15 03:00:00
WPAC,201528W,121.2,13.3,2015121506,100.0,95.0,948.0,9998,2015-12-15 06:00:00
WPAC,201528W,121.0,13.5,2015121509,93.0,95.0,954.0,9999,2015-12-15 09:00:00
WPAC,201528W,120.0,14.3,2015121600,50.0,85.0,985.0,10000,2015-12-16 00:00:00
WPAC,201528W,120.2,14.2,2015121603,40.0,42.5,993.0,10001,2015-12-16 03:00:00
WPAC,201528W,120.3,14.0,2015121606,30.0,0.0,1000.0,10002,2015-12-16 06:00:00
WPAC,201528W,120.2,13.8,2015121609,25.0,0.0,1004.0,10003,2015-12-16 09:00:00
WPAC,201529W,145.3,4.5,2015121406,20.0,0.0,1007.0,10004,2015-12-14 06:00:00
WPAC,201529W,141.9,5.8,2015121500,20.0,0.0,1007.0,10005,2015-12-15 00:00:00
WPAC,201529W,141.2,5.8,2015121503,20.0,0.0,1007.0,10006,2015-12-15 03:00:00
WPAC,201529W,140.5,5.9,2015121506,20.0,0.0,1007.0,10007,2015-12-15 06:00:00
WPAC,201529W,136.3,7.3,2015121600,20.0,0.0,1007.0,10008,2015-12-16 00:00:00
WPAC,201529W,135.5,7.4,2015121603,20.0,0.0,1007.0,10009,2015-12-16 03:00:00
WPAC,201529W,134.7,7.5,2015121606,20.0,0.0,1007.0,10010,2015-12-16 06:00:00
WPAC,201529W,132.2,8.6,2015121700,15.0,0.0,1010.0,10011,2015-12-17 00:00:00
WPAC,201529W,131.8,8.4,2015121703,15.0,0.0,1010.0,10012,2015-12-17 03:00:00
WPAC,201529W,131.4,8.3,2015121706,15.0,0.0,1010.0,10013,2015-12-17 06:00:00
WPAC,201529W,128.8,7.6,2015121800,20.0,0.0,1007.0,10014,2015-12-18 00:00:00
WPAC,201529W,128.6,7.5,2015121803,18.0,0.0,1009.0,10015,2015-12-18 03:00:00
WPAC,201529W,128.3,7.4,2015121806,15.0,0.0,1010.0,10016,2015-12-18 06:00:00
ATLN,201601L,-28.7,30.8,2016011412,75.0,100.0,981.0,3536,2016-01-14 12:00:00
ATLN,201601L,-28.4,31.6,2016011415,75.0,112.5,981.0,3537,2016-01-14 15:00:00
ATLN,201601L,-28.0,32.5,2016011418,75.0,125.0,981.0,3538,2016-01-14 18:00:00
ATLN,201601L,-27.0,38.0,2016011512,55.0,257.5,986.0,3539,2016-01-15 12:00:00
ATLN,201601L,-27.4,39.8,2016011515,55.0,278.8,986.0,3540,2016-01-15 15:00:00
WPAC,201601W,114.4,18.6,2016052606,20.0,0.0,1005.0,10017,2016-05-26 06:00:00
WPAC,201601W,114.0,18.9,2016052609,23.0,0.0,1005.0,10018,2016-05-26 09:00:00
WPAC,201601W,112.7,20.4,2016052700,25.0,0.0,1004.0,10019,2016-05-27 00:00:00
WPAC,201601W,112.7,20.9,2016052703,28.0,0.0,1002.0,10020,2016-05-27 03:00:00
WPAC,201601W,112.6,21.4,2016052706,30.0,0.0,1000.0,10021,2016-05-27 06:00:00
WPAC,201601W,112.4,21.8,2016052709,25.0,0.0,1004.0,10022,2016-05-27 09:00:00
ATLN,201602L,-30.2,30.4,2016060912,25.0,0.0,1018.0,3541,2016-06-09 12:00:00
ATLN,201602L,-29.9,30.5,2016060915,25.0,0.0,1019.0,3542,2016-06-09 15:00:00
ATLN,201602L,-29.5,30.6,2016060918,25.0,0.0,1020.0,3543,2016-06-09 18:00:00
WPAC,201602W,145.0,9.0,2016070300,25.0,0.0,1004.0,10023,2016-07-03 00:00:00
WPAC,201602W,144.8,9.4,2016070303,28.0,0.0,1002.0,10024,2016-07-03 03:00:00
WPAC,201602W,144.7,9.8,2016070306,30.0,0.0,1000.0,10025,2016-07-03 06:00:00
WPAC,201602W,142.6,11.2,2016070321,48.0,75.0,987.0,10026,2016-07-03 21:00:00
WPAC,201602W,142.0,11.6,2016070400,50.0,80.0,985.0,10027,2016-07-04 00:00:00
WPAC,201602W,141.4,12.0,2016070403,50.0,85.0,985.0,10028,2016-07-04 03:00:00
WPAC,201602W,140.9,12.4,2016070406,50.0,90.0,985.0,10029,2016-07-04 06:00:00
WPAC,201602W,136.7,15.4,2016070500,75.0,102.5,967.0,10030,2016-07-05 00:00:00
WPAC,201602W,135.8,15.9,2016070503,85.0,110.0,960.0,10031,2016-07-05 03:00:00
WPAC,201602W,135.0,16.3,2016070506,95.0,117.5,952.0,10032,2016-07-05 06:00:00
WPAC,201602W,134.3,16.7,2016070509,110.0,126.2,941.0,10033,2016-07-05 09:00:00
WPAC,201602W,130.1,18.7,2016070600,145.0,135.0,914.0,10034,2016-07-06 00:00:00
WPAC,201602W,129.3,19.1,2016070603,150.0,143.8,911.0,10035,2016-07-06 03:00:00
WPAC,201602W,128.5,19.5,2016070606,155.0,152.5,907.0,10036,2016-07-06 06:00:00
WPAC,201602W,127.7,19.9,2016070609,155.0,152.5,907.0,10037,2016-07-06 09:00:00
WPAC,201602W,124.3,21.2,2016070700,145.0,142.5,914.0,10038,2016-07-07 00:00:00
WPAC,201602W,123.8,21.4,2016070703,143.0,140.0,916.0,10039,2016-07-07 03:00:00
WPAC,201602W,123.4,21.6,2016070706,140.0,137.5,918.0,10040,2016-07-07 06:00:00
WPAC,201602W,123.0,21.8,2016070709,138.0,133.8,920.0,10041,2016-07-07 09:00:00
WPAC,201602W,120.7,22.6,2016070800,95.0,125.0,952.0,10042,2016-07-08 00:00:00
WPAC,201602W,120.4,22.9,2016070803,80.0,131.2,963.0,10043,2016-07-08 03:00:00
WPAC,201602W,120.1,23.2,2016070806,65.0,137.5,974.0,10044,2016-07-08 06:00:00
WPAC,201602W,119.9,23.2,2016070809,60.0,133.8,978.0,10045,2016-07-08 09:00:00
WPAC,201602W,119.1,24.3,2016070900,40.0,135.0,993.0,10046,2016-07-09 00:00:00
WPAC,201602W,118.8,24.6,2016070903,35.0,67.5,997.0,10047,2016-07-09 03:00:00
WPAC,201602W,118.6,24.8,2016070906,30.0,0.0,1000.0,10048,2016-07-09 06:00:00
WPAC,201602W,118.2,25.1,2016070909,28.0,0.0,1002.0,10049,2016-07-09 09:00:00
WPAC,201603W,130.2,19.4,2016071700,20.0,0.0,1007.0,10050,2016-07-17 00:00:00
WPAC,201603W,129.9,19.9,2016071703,23.0,0.0,1006.0,10051,2016-07-17 03:00:00
WPAC,201603W,129.7,20.3,2016071706,25.0,0.0,1004.0,10052,2016-07-17 06:00:00
WPAC,201603W,129.6,20.9,2016071709,25.0,0.0,1004.0,10053,2016-07-17 09:00:00
WPAC,201603W,128.2,23.7,2016071800,25.0,0.0,1004.0,10054,2016-07-18 00:00:00
WPAC,201603W,128.2,24.2,2016071803,23.0,0.0,1005.0,10055,2016-07-18 03:00:00
WPAC,201603W,128.3,24.8,2016071806,20.0,0.0,1006.0,10056,2016-07-18 06:00:00
WPAC,201603W,128.2,25.5,2016071809,20.0,0.0,1006.0,10057,2016-07-18 09:00:00
WPAC,201603W,128.1,27.7,2016071900,15.0,0.0,1010.0,10058,2016-07-19 00:00:00
WPAC,201603W,128.1,28.1,2016071903,15.0,0.0,1010.0,10059,2016-07-19 03:00:00
WPAC,201603W,128.2,28.5,2016071906,15.0,0.0,1010.0,10060,2016-07-19 06:00:00
WPAC,201604W,157.7,29.9,2016072321,40.0,70.0,993.0,10061,2016-07-23 21:00:00
WPAC,201604W,158.4,30.8,2016072400,45.0,80.0,989.0,10062,2016-07-24 00:00:00
WPAC,201604W,158.9,31.9,2016072403,45.0,85.0,989.0,10063,2016-07-24 03:00:00
WPAC,201604W,159.3,33.0,2016072406,45.0,90.0,989.0,10064,2016-07-24 06:00:00
WPAC,201605W,113.1,18.0,2016072600,30.0,0.0,1000.0,10065,2016-07-26 00:00:00
WPAC,201605W,112.5,18.2,2016072603,33.0,30.0,998.0,10066,2016-07-26 03:00:00
WPAC,201605W,112.0,18.5,2016072606,35.0,60.0,996.0,10067,2016-07-26 06:00:00
WPAC,201605W,111.5,18.7,2016072609,40.0,61.2,993.0,10068,2016-07-26 09:00:00
WPAC,201605W,108.2,19.5,2016072700,40.0,60.0,993.0,10069,2016-07-27 00:00:00
WPAC,201605W,107.7,19.7,2016072703,43.0,60.0,991.0,10070,2016-07-27 03:00:00
WPAC,201605W,107.2,19.9,2016072706,45.0,60.0,989.0,10071,2016-07-27 06:00:00
WPAC,201605W,106.8,20.0,2016072709,48.0,62.5,987.0,10072,2016-07-27 09:00:00
WPAC,201605W,105.4,20.9,2016072800,55.0,77.5,982.0,10073,2016-07-28 00:00:00
WPAC,201605W,105.2,21.3,2016072803,48.0,76.2,988.0,10074,2016-07-28 03:00:00
WPAC,201605W,105.0,21.7,2016072806,40.0,75.0,993.0,10075,2016-07-28 06:00:00
WPAC,201605W,104.9,22.0,2016072809,35.0,37.5,997.0,10076,2016-07-28 09:00:00
WPAC,201606W,118.9,20.2,2016080100,65.0,157.5,974.0,10077,2016-08-01 00:00:00
WPAC,201606W,113.0,23.1,2016080203,53.0,132.5,984.0,10078,2016-08-02 03:00:00
WPAC,201606W,112.4,23.5,2016080206,45.0,120.0,989.0,10079,2016-08-02 06:00:00
WPAC,201606W,111.8,23.7,2016080209,40.0,107.5,993.0,10080,2016-08-02 09:00:00
ATLN,201607L,-19.4,11.0,2016082112,20.0,0.0,1009.0,3544,2016-08-21 12:00:00
ATLN,201607L,-20.3,11.0,2016082115,20.0,0.0,1009.0,3545,2016-08-21 15:00:00
ATLN,201607L,-21.2,11.0,2016082118,20.0,0.0,1009.0,3546,2016-08-21 18:00:00
ATLN,201607L,-25.6,11.3,2016082209,28.0,0.0,1008.0,3547,2016-08-22 09:00:00
ATLN,201607L,-26.5,11.5,2016082212,30.0,0.0,1008.0,3548,2016-08-22 12:00:00
ATLN,201607L,-27.4,11.8,2016082215,32.0,17.5,1008.0,3549,2016-08-22 15:00:00
ATLN,201607L,-28.2,12.0,2016082218,35.0,35.0,1007.0,3550,2016-08-22 18:00:00
ATLN,201607L,-27.0,40.5,2016090309,28.0,0.0,1008.0,3551,2016-09-03 09:00:00
ATLN,201607L,-26.1,40.9,2016090312,25.0,0.0,1008.0,3552,2016-09-03 12:00:00
WPAC,201607W,147.0,28.2,2016080621,58.0,273.8,980.0,10081,2016-08-06 21:00:00
WPAC,201607W,146.7,28.8,2016080700,55.0,270.0,982.0,10082,2016-08-07 00:00:00
WPAC,201607W,146.6,29.4,2016080703,55.0,270.0,982.0,10083,2016-08-07 03:00:00
WPAC,201607W,146.4,29.9,2016080706,55.0,270.0,982.0,10084,2016-08-07 06:00:00
WPAC,201607W,144.7,33.0,2016080721,50.0,221.2,985.0,10085,2016-08-07 21:00:00
WPAC,201607W,144.4,33.7,2016080800,50.0,222.5,985.0,10086,2016-08-08 00:00:00
WPAC,201607W,144.4,34.2,2016080803,48.0,220.0,987.0,10087,2016-08-08 03:00:00
WPAC,201607W,144.4,34.6,2016080806,45.0,217.5,989.0,10088,2016-08-08 06:00:00
WPAC,201607W,144.6,35.2,2016080809,45.0,215.0,989.0,10089,2016-08-08 09:00:00
WPAC,201607W,145.1,38.0,2016080821,45.0,205.0,989.0,10090,2016-08-08 21:00:00
WPAC,201607W,145.3,38.7,2016080900,45.0,202.5,989.0,10091,2016-08-09 00:00:00
WPAC,201607W,146.1,39.5,2016080903,45.0,208.8,989.0,10092,2016-08-09 03:00:00
WPAC,201607W,146.9,40.2,2016080906,45.0,215.0,989.0,10093,2016-08-09 06:00:00
WPAC,201607W,147.4,41.4,2016080909,43.0,212.5,991.0,10094,2016-08-09 09:00:00
WPAC,201608W,161.1,17.3,2016080806,25.0,0.0,1004.0,10095,2016-08-08 06:00:00
WPAC,201608W,159.7,16.9,2016080821,35.0,72.5,996.0,10096,2016-08-08 21:00:00
WPAC,201608W,159.3,16.8,2016080900,35.0,75.0,996.0,10097,2016-08-09 00:00:00
WPAC,201608W,158.9,16.9,2016080903,38.0,78.8,995.0,10098,2016-08-09 03:00:00
WPAC,201608W,158.6,16.9,2016080906,40.0,82.5,993.0,10099,2016-08-09 06:00:00
WPAC,201608W,156.4,17.8,2016080921,45.0,85.0,991.0,10100,2016-08-09 21:00:00
WPAC,201608W,156.0,18.0,2016081000,45.0,85.0,993.0,10101,2016-08-10 00:00:00
WPAC,201608W,155.7,18.2,2016081003,45.0,83.8,991.0,10102,2016-08-10 03:00:00
WPAC,201608W,155.3,18.5,2016081006,45.0,82.5,989.0,10103,2016-08-10 06:00:00
WPAC,201608W,153.4,20.0,2016081100,30.0,0.0,1000.0,10104,2016-08-11 00:00:00
WPAC,201608W,153.7,20.2,2016081103,33.0,16.2,998.0,10105,2016-08-11 03:00:00
WPAC,201608W,154.0,20.5,2016081106,35.0,32.5,996.0,10106,2016-08-11 06:00:00
WPAC,201608W,155.2,24.5,2016081121,40.0,81.2,993.0,10107,2016-08-11 21:00:00
WPAC,201608W,155.5,25.2,2016081200,40.0,95.0,993.0,10108,2016-08-12 00:00:00
WPAC,201608W,155.7,25.8,2016081203,40.0,97.5,993.0,10109,2016-08-12 03:00:00
WPAC,201608W,155.8,26.4,2016081206,40.0,100.0,993.0,10110,2016-08-12 06:00:00
WPAC,201608W,155.2,29.6,2016081221,43.0,142.5,991.0,10111,2016-08-12 21:00:00
WPAC,201608W,155.0,30.3,2016081300,45.0,150.0,989.0,10112,2016-08-13 00:00:00
WPAC,201608W,154.6,31.0,2016081303,45.0,150.0,989.0,10113,2016-08-13 03:00:00
WPAC,201608W,154.2,31.7,2016081306,45.0,150.0,989.0,10114,2016-08-13 06:00:00
WPAC,201608W,151.6,35.0,2016081321,53.0,158.8,984.0,10115,2016-08-13 21:00:00
WPAC,201608W,151.1,35.8,2016081400,50.0,162.5,985.0,10116,2016-08-14 00:00:00
WPAC,201608W,150.3,37.0,2016081403,50.0,160.0,985.0,10117,2016-08-14 03:00:00
WPAC,201608W,149.6,38.3,2016081406,50.0,157.5,985.0,10118,2016-08-14 06:00:00
WPAC,201609W,144.5,27.7,2016081506,45.0,147.5,989.0,10119,2016-08-15 06:00:00
WPAC,201609W,142.3,30.9,2016081521,43.0,130.0,991.0,10120,2016-08-15 21:00:00
WPAC,201609W,141.9,31.5,2016081600,40.0,117.5,993.0,10121,2016-08-16 00:00:00
WPAC,201609W,141.5,32.1,2016081603,40.0,113.8,993.0,10122,2016-08-16 03:00:00
WPAC,201609W,141.1,32.8,2016081606,40.0,110.0,993.0,10123,2016-08-16 06:00:00
WPAC,201609W,141.0,33.5,2016081609,40.0,110.0,993.0,10124,2016-08-16 09:00:00
WPAC,201609W,141.5,36.9,2016081621,50.0,121.2,986.0,10125,2016-08-16 21:00:00
WPAC,201609W,141.7,37.9,2016081700,55.0,127.5,982.0,10126,2016-08-17 00:00:00
WPAC,201609W,142.2,39.3,2016081703,58.0,115.0,980.0,10127,2016-08-17 03:00:00
WPAC,201609W,142.8,40.7,2016081706,60.0,102.5,978.0,10128,2016-08-17 06:00:00
WPAC,201609W,143.1,42.5,2016081709,60.0,102.5,978.0,10129,2016-08-17 09:00:00
WPAC,201610W,140.4,28.1,2016082100,55.0,97.5,982.0,10130,2016-08-21 00:00:00
WPAC,201610W,140.2,29.1,2016082103,58.0,102.5,980.0,10131,2016-08-21 03:00:00
WPAC,201610W,140.1,30.0,2016082106,60.0,107.5,978.0,10132,2016-08-21 06:00:00
WPAC,201610W,139.3,33.7,2016082121,63.0,82.5,976.0,10133,2016-08-21 21:00:00
WPAC,201610W,139.5,34.3,2016082200,65.0,80.0,974.0,10134,2016-08-22 00:00:00
WPAC,201610W,139.8,35.1,2016082203,63.0,80.0,976.0,10135,2016-08-22 03:00:00
WPAC,201610W,140.1,35.9,2016082206,60.0,80.0,978.0,10136,2016-08-22 06:00:00
WPAC,201610W,140.5,36.8,2016082209,55.0,80.0,982.0,10137,2016-08-22 09:00:00
WPAC,201610W,143.0,42.5,2016082221,40.0,100.0,993.0,10138,2016-08-22 21:00:00
WPAC,201610W,144.1,44.4,2016082300,40.0,100.0,993.0,10139,2016-08-23 00:00:00
WPAC,201610W,145.6,46.3,2016082303,40.0,110.0,993.0,10140,2016-08-23 03:00:00
WPAC,201610W,147.0,48.2,2016082306,40.0,120.0,993.0,10141,2016-08-23 06:00:00
WPAC,201611W,111.6,21.1,2016081803,25.0,0.0,998.0,10142,2016-08-18 03:00:00
WPAC,201611W,111.2,20.8,2016081806,25.0,0.0,998.0,10143,2016-08-18 06:00:00
WPAC,201611W,110.3,20.8,2016081809,28.0,0.0,999.0,10144,2016-08-18 09:00:00
WPAC,201611W,107.7,20.5,2016081900,45.0,72.5,989.0,10145,2016-08-19 00:00:00
WPAC,201611W,107.1,20.7,2016081903,43.0,71.2,991.0,10146,2016-08-19 03:00:00
WPAC,201611W,106.4,20.9,2016081906,40.0,70.0,993.0,10147,2016-08-19 06:00:00
WPAC,201611W,105.6,21.1,2016081909,35.0,35.0,997.0,10148,2016-08-19 09:00:00
WPAC,201611W,100.6,22.5,2016082000,20.0,0.0,1007.0,10149,2016-08-20 00:00:00
ATLN,201612L,-19.0,13.1,2016091218,20.0,0.0,1010.0,3553,2016-09-12 18:00:00
ATLN,201612L,-19.8,13.8,2016091309,22.0,0.0,1010.0,3554,2016-09-13 09:00:00
ATLN,201612L,-20.0,14.1,2016091312,25.0,0.0,1010.0,3555,2016-09-13 12:00:00
ATLN,201612L,-20.4,14.4,2016091315,25.0,0.0,1010.0,3556,2016-09-13 15:00:00
ATLN,201612L,-20.8,14.8,2016091318,25.0,0.0,1009.0,3557,2016-09-13 18:00:00
ATLN,201612L,-23.9,16.5,2016091409,28.0,0.0,1009.0,3558,2016-09-14 09:00:00
ATLN,201612L,-24.5,16.8,2016091412,30.0,0.0,1009.0,3559,2016-09-14 12:00:00
ATLN,201612L,-25.1,17.0,2016091415,30.0,0.0,1009.0,3560,2016-09-14 15:00:00
ATLN,201612L,-25.8,17.2,2016091418,30.0,0.0,1009.0,3561,2016-09-14 18:00:00
ATLN,201612L,-29.2,17.6,2016091509,35.0,15.0,1008.0,3562,2016-09-15 09:00:00
ATLN,201612L,-29.8,17.6,2016091512,35.0,15.0,1007.0,3563,2016-09-15 12:00:00
ATLN,201612L,-30.3,17.6,2016091515,35.0,15.0,1006.0,3564,2016-09-15 15:00:00
WPAC,201612W,158.9,25.9,2016081700,30.0,0.0,997.0,10150,2016-08-17 00:00:00
WPAC,201612W,157.9,26.5,2016081703,33.0,42.5,997.0,10151,2016-08-17 03:00:00
WPAC,201612W,157.0,27.1,2016081706,35.0,85.0,996.0,10152,2016-08-17 06:00:00
WPAC,201612W,152.9,28.8,2016081721,35.0,97.5,996.0,10153,2016-08-17 21:00:00
WPAC,201612W,152.0,29.1,2016081800,35.0,102.5,996.0,10154,2016-08-18 00:00:00
WPAC,201612W,151.1,29.6,2016081803,35.0,105.0,996.0,10155,2016-08-18 03:00:00
WPAC,201612W,150.1,30.1,2016081806,35.0,107.5,996.0,10156,2016-08-18 06:00:00
WPAC,201612W,145.8,32.5,2016081821,35.0,113.8,996.0,10157,2016-08-18 21:00:00
WPAC,201612W,144.7,32.8,2016081900,35.0,110.0,996.0,10158,2016-08-19 00:00:00
WPAC,201612W,143.6,33.0,2016081903,35.0,110.0,996.0,10159,2016-08-19 03:00:00
WPAC,201612W,142.6,33.1,2016081906,35.0,110.0,996.0,10160,2016-08-19 06:00:00
WPAC,201612W,141.8,32.9,2016081909,35.0,105.0,996.0,10161,2016-08-19 09:00:00
WPAC,201612W,139.1,31.9,2016081921,35.0,100.0,996.0,10162,2016-08-19 21:00:00
WPAC,201612W,138.3,31.5,2016082000,35.0,100.0,996.0,10163,2016-08-20 00:00:00
WPAC,201612W,137.9,31.3,2016082003,35.0,100.0,996.0,10164,2016-08-20 03:00:00
WPAC,201612W,137.4,31.1,2016082006,35.0,100.0,996.0,10165,2016-08-20 06:00:00
WPAC,201612W,137.0,30.8,2016082009,38.0,100.0,995.0,10166,2016-08-20 09:00:00
WPAC,201612W,134.3,29.9,2016082100,40.0,87.5,993.0,10167,2016-08-21 00:00:00
WPAC,201612W,133.9,29.6,2016082103,40.0,86.2,993.0,10168,2016-08-21 03:00:00
WPAC,201612W,133.6,29.4,2016082106,40.0,85.0,993.0,10169,2016-08-21 06:00:00
WPAC,201612W,133.5,28.7,2016082200,45.0,55.0,989.0,10170,2016-08-22 00:00:00
WPAC,201612W,133.7,28.7,2016082203,48.0,55.0,987.0,10171,2016-08-22 03:00:00
WPAC,201612W,133.8,28.7,2016082206,50.0,55.0,985.0,10172,2016-08-22 06:00:00
WPAC,201612W,133.8,24.0,2016082706,105.0,147.5,944.0,10173,2016-08-27 06:00:00
WPAC,201612W,134.2,24.2,2016082709,108.0,153.8,943.0,10174,2016-08-27 09:00:00
WPAC,201612W,136.7,26.1,2016082800,120.0,175.0,933.0,10175,2016-08-28 00:00:00
WPAC,201612W,137.3,26.9,2016082803,120.0,175.0,933.0,10176,2016-08-28 03:00:00
WPAC,201612W,137.9,27.7,2016082806,120.0,175.0,933.0,10177,2016-08-28 06:00:00
WPAC,201612W,141.1,29.9,2016082821,93.0,172.5,954.0,10178,2016-08-28 21:00:00
WPAC,201612W,141.7,30.5,2016082900,85.0,172.5,959.0,10179,2016-08-29 00:00:00
WPAC,201612W,142.2,31.0,2016082903,78.0,172.5,965.0,10180,2016-08-29 03:00:00
WPAC,201612W,142.7,31.5,2016082906,70.0,172.5,970.0,10181,2016-08-29 06:00:00
WPAC,201612W,142.8,35.1,2016082921,65.0,183.8,974.0,10182,2016-08-29 21:00:00
WPAC,201612W,142.4,36.0,2016083000,65.0,177.5,974.0,10183,2016-08-30 00:00:00
WPAC,201612W,142.1,37.0,2016083003,63.0,161.2,976.0,10184,2016-08-30 03:00:00
WPAC,201612W,141.8,37.9,2016083006,60.0,145.0,978.0,10185,2016-08-30 06:00:00
WPAC,201612W,140.9,39.6,2016083009,53.0,145.0,978.0,10186,2016-08-30 09:00:00
ATLN,201613L,-27.0,13.3,2016091909,28.0,0.0,1008.0,3565,2016-09-19 09:00:00
ATLN,201613L,-27.3,13.4,2016091912,30.0,0.0,1007.0,3566,2016-09-19 12:00:00
ATLN,201613L,-27.6,13.5,2016091915,30.0,0.0,1007.0,3567,2016-09-19 15:00:00
ATLN,201613L,-27.8,13.6,2016091918,30.0,0.0,1007.0,3568,2016-09-19 18:00:00
ATLN,201613L,-29.6,14.8,2016092009,32.0,20.0,1006.0,3569,2016-09-20 09:00:00
ATLN,201613L,-30.0,15.1,2016092012,35.0,40.0,1006.0,3570,2016-09-20 12:00:00
ATLN,201613L,-30.4,15.6,2016092015,38.0,40.0,1005.0,3571,2016-09-20 15:00:00
WPAC,201613W,148.1,31.7,2016081921,30.0,0.0,1000.0,10187,2016-08-19 21:00:00
WPAC,201613W,147.2,32.6,2016082000,30.0,0.0,1000.0,10188,2016-08-20 00:00:00
WPAC,201613W,146.2,33.5,2016082003,33.0,35.0,998.0,10189,2016-08-20 03:00:00
WPAC,201613W,145.3,34.5,2016082006,35.0,70.0,996.0,10190,2016-08-20 06:00:00
WPAC,201613W,142.4,38.3,2016082021,35.0,57.5,996.0,10191,2016-08-20 21:00:00
WPAC,201613W,142.6,38.9,2016082100,35.0,55.0,996.0,10192,2016-08-21 00:00:00
WPAC,201613W,142.8,39.9,2016082103,33.0,27.5,998.0,10193,2016-08-21 03:00:00
WPAC,201613W,143.0,40.9,2016082106,30.0,0.0,1000.0,10194,2016-08-21 06:00:00
WPAC,201613W,143.4,41.6,2016082109,28.0,0.0,1002.0,10195,2016-08-21 09:00:00
WPAC,201615W,124.1,21.2,2016083100,25.0,0.0,1004.0,10196,2016-08-31 00:00:00
WPAC,201615W,124.5,21.4,2016083103,25.0,0.0,1004.0,10197,2016-08-31 03:00:00
WPAC,201615W,124.9,21.5,2016083106,25.0,0.0,1004.0,10198,2016-08-31 06:00:00
WPAC,201615W,125.6,21.9,2016083109,28.0,0.0,1002.0,10199,2016-08-31 09:00:00
WPAC,201615W,128.1,23.8,2016090100,45.0,60.0,989.0,10200,2016-09-01 00:00:00
WPAC,201615W,128.6,24.1,2016090103,53.0,60.0,984.0,10201,2016-09-01 03:00:00
WPAC,201615W,129.1,24.4,2016090106,60.0,60.0,978.0,10202,2016-09-01 06:00:00
WPAC,201615W,129.6,24.7,2016090109,65.0,62.5,974.0,10203,2016-09-01 09:00:00
WPAC,201615W,130.8,26.4,2016090200,85.0,75.0,959.0,10204,2016-09-02 00:00:00
WPAC,201615W,130.8,26.8,2016090203,93.0,75.0,954.0,10205,2016-09-02 03:00:00
WPAC,201615W,130.8,27.2,2016090206,100.0,75.0,948.0,10206,2016-09-02 06:00:00
WPAC,201615W,130.8,27.5,2016090209,100.0,75.0,948.0,10207,2016-09-02 09:00:00
WPAC,201615W,130.3,29.3,2016090300,90.0,72.5,956.0,10208,2016-09-03 00:00:00
WPAC,201615W,130.2,29.6,2016090303,85.0,78.8,960.0,10209,2016-09-03 03:00:00
WPAC,201615W,130.1,29.9,2016090306,80.0,85.0,963.0,10210,2016-09-03 06:00:00
WPAC,201615W,130.1,30.2,2016090309,75.0,85.0,967.0,10211,2016-09-03 09:00:00
WPAC,201615W,129.6,31.4,2016090400,55.0,70.0,982.0,10212,2016-09-04 00:00:00
WPAC,201615W,129.6,31.7,2016090403,53.0,68.8,984.0,10213,2016-09-04 03:00:00
WPAC,201615W,129.7,32.0,2016090406,50.0,67.5,985.0,10214,2016-09-04 06:00:00
WPAC,201615W,129.8,32.2,2016090409,45.0,65.0,989.0,10215,2016-09-04 09:00:00
WPAC,201615W,130.6,34.1,2016090500,25.0,0.0,1004.0,10216,2016-09-05 00:00:00
WPAC,201615W,131.0,34.8,2016090503,23.0,0.0,1006.0,10217,2016-09-05 03:00:00
WPAC,201615W,131.4,35.4,2016090506,20.0,0.0,1008.0,10218,2016-09-05 06:00:00
WPAC,201616W,143.2,13.6,2016090900,25.0,0.0,1004.0,10219,2016-09-09 00:00:00
WPAC,201616W,142.8,13.9,2016090903,25.0,0.0,1004.0,10220,2016-09-09 03:00:00
WPAC,201616W,142.5,14.3,2016090906,25.0,0.0,1004.0,10221,2016-09-09 06:00:00
WPAC,201616W,140.3,14.8,2016090921,33.0,25.0,1001.0,10222,2016-09-09 21:00:00
WPAC,201616W,139.7,14.8,2016091000,35.0,50.0,1000.0,10223,2016-09-10 00:00:00
WPAC,201616W,139.1,14.9,2016091003,38.0,52.5,997.0,10224,2016-09-10 03:00:00
WPAC,201616W,138.6,15.0,2016091006,40.0,55.0,993.0,10225,2016-09-10 06:00:00
WPAC,201616W,135.8,16.5,2016091100,60.0,85.0,989.0,10226,2016-09-11 00:00:00
WPAC,201616W,135.2,16.6,2016091103,68.0,90.0,978.0,10227,2016-09-11 03:00:00
WPAC,201616W,134.5,16.8,2016091106,75.0,95.0,967.0,10228,2016-09-11 06:00:00
WPAC,201616W,130.3,17.9,2016091200,120.0,117.5,933.0,10229,2016-09-12 00:00:00
WPAC,201616W,129.8,18.1,2016091203,128.0,117.5,928.0,10230,2016-09-12 03:00:00
WPAC,201616W,129.3,18.4,2016091206,135.0,117.5,922.0,10231,2016-09-12 06:00:00
WPAC,201616W,128.7,18.6,2016091209,145.0,121.2,915.0,10232,2016-09-12 09:00:00
WPAC,201616W,125.5,19.6,2016091300,160.0,150.0,903.0,10233,2016-09-13 00:00:00
WPAC,201616W,124.8,19.9,2016091303,163.0,160.0,901.0,10234,2016-09-13 03:00:00
WPAC,201616W,124.1,20.2,2016091306,165.0,170.0,899.0,10235,2016-09-13 06:00:00
WPAC,201616W,123.5,20.3,2016091309,168.0,172.5,897.0,10236,2016-09-13 09:00:00
WPAC,201616W,120.8,21.5,2016091400,155.0,185.0,900.0,10237,2016-09-14 00:00:00
WPAC,201616W,120.3,22.1,2016091403,140.0,185.0,915.0,10238,2016-09-14 03:00:00
WPAC,201616W,119.8,22.6,2016091406,125.0,185.0,929.0,10239,2016-09-14 06:00:00
WPAC,201616W,119.4,23.0,2016091409,118.0,172.5,935.0,10240,2016-09-14 09:00:00
WPAC,201616W,117.6,25.3,2016091500,70.0,120.0,970.0,10241,2016-09-15 00:00:00
WPAC,201616W,117.2,25.9,2016091503,55.0,120.0,982.0,10242,2016-09-15 03:00:00
WPAC,201616W,116.9,26.5,2016091506,40.0,120.0,993.0,10243,2016-09-15 06:00:00
WPAC,201616W,117.0,27.3,2016091509,30.0,60.0,999.0,10244,2016-09-15 09:00:00
WPAC,201617W,150.4,30.1,2016090921,20.0,0.0,1007.0,10245,2016-09-09 21:00:00
WPAC,201617W,150.4,30.9,2016091000,20.0,0.0,1007.0,10246,2016-09-10 00:00:00
WPAC,201617W,150.2,31.9,2016091003,23.0,0.0,1006.0,10247,2016-09-10 03:00:00
WPAC,201617W,149.9,32.9,2016091006,25.0,0.0,1004.0,10248,2016-09-10 06:00:00
WPAC,201617W,151.9,35.1,2016091021,33.0,12.5,998.0,10249,2016-09-10 21:00:00
WPAC,201617W,152.6,35.5,2016091100,35.0,25.0,996.0,10250,2016-09-11 00:00:00
WPAC,201617W,153.7,35.9,2016091103,35.0,30.0,996.0,10251,2016-09-11 03:00:00
WPAC,201617W,154.8,36.3,2016091106,35.0,35.0,996.0,10252,2016-09-11 06:00:00
WPAC,201617W,162.1,38.1,2016091121,30.0,0.0,1001.0,10253,2016-09-11 21:00:00
WPAC,201617W,163.9,38.4,2016091200,30.0,0.0,1002.0,10254,2016-09-12 00:00:00
WPAC,201617W,165.9,38.7,2016091203,30.0,0.0,1002.0,10255,2016-09-12 03:00:00
WPAC,201617W,167.9,39.0,2016091206,30.0,0.0,1002.0,10256,2016-09-12 06:00:00
WPAC,201618W,143.8,12.9,2016091121,33.0,33.8,998.0,10257,2016-09-11 21:00:00
WPAC,201618W,143.0,13.1,2016091200,35.0,67.5,996.0,10258,2016-09-12 00:00:00
WPAC,201618W,142.3,13.2,2016091203,40.0,67.5,993.0,10259,2016-09-12 03:00:00
WPAC,201618W,141.7,13.4,2016091206,45.0,67.5,989.0,10260,2016-09-12 06:00:00
WPAC,201618W,137.9,14.1,2016091300,45.0,75.0,1000.0,10261,2016-09-13 00:00:00
WPAC,201618W,137.4,14.2,2016091303,48.0,75.0,993.0,10262,2016-09-13 03:00:00
WPAC,201618W,136.8,14.3,2016091306,50.0,75.0,985.0,10263,2016-09-13 06:00:00
WPAC,201618W,133.4,15.5,2016091400,65.0,95.0,974.0,10264,2016-09-14 00:00:00
WPAC,201618W,132.8,15.7,2016091403,68.0,95.0,972.0,10265,2016-09-14 03:00:00
WPAC,201618W,132.2,15.8,2016091406,70.0,95.0,970.0,10266,2016-09-14 06:00:00
WPAC,201618W,131.7,16.0,2016091409,70.0,96.2,970.0,10267,2016-09-14 09:00:00
WPAC,201618W,129.0,16.9,2016091500,70.0,102.5,970.0,10268,2016-09-15 00:00:00
WPAC,201618W,128.4,17.2,2016091503,73.0,103.8,969.0,10269,2016-09-15 03:00:00
WPAC,201618W,127.8,17.5,2016091506,75.0,105.0,967.0,10270,2016-09-15 06:00:00
WPAC,201618W,127.2,17.9,2016091509,83.0,105.0,962.0,10271,2016-09-15 09:00:00
WPAC,201618W,124.7,20.2,2016091600,95.0,97.5,952.0,10272,2016-09-16 00:00:00
WPAC,201618W,124.3,20.7,2016091603,100.0,105.0,948.0,10273,2016-09-16 03:00:00
WPAC,201618W,123.9,21.2,2016091606,105.0,112.5,944.0,10274,2016-09-16 06:00:00
WPAC,201618W,123.7,21.6,2016091609,110.0,112.5,941.0,10275,2016-09-16 09:00:00
WPAC,201618W,123.0,24.2,2016091700,110.0,115.0,941.0,10276,2016-09-17 00:00:00
WPAC,201618W,122.8,24.8,2016091703,105.0,116.2,945.0,10277,2016-09-17 03:00:00
WPAC,201618W,122.7,25.3,2016091706,100.0,117.5,948.0,10278,2016-09-17 06:00:00
WPAC,201618W,122.7,25.6,2016091709,90.0,118.8,956.0,10279,2016-09-17 09:00:00
WPAC,201618W,123.5,26.9,2016091800,75.0,107.5,967.0,10280,2016-09-18 00:00:00
WPAC,201618W,124.0,27.1,2016091803,80.0,106.2,963.0,10281,2016-09-18 03:00:00
WPAC,201618W,124.4,27.4,2016091806,85.0,105.0,959.0,10282,2016-09-18 06:00:00
WPAC,201618W,124.8,27.7,2016091809,88.0,106.2,960.0,10283,2016-09-18 09:00:00
WPAC,201618W,127.2,29.4,2016091900,110.0,115.0,941.0,10284,2016-09-19 00:00:00
WPAC,201618W,127.8,29.8,2016091903,110.0,122.5,941.0,10285,2016-09-19 03:00:00
WPAC,201618W,128.4,30.2,2016091906,110.0,130.0,941.0,10286,2016-09-19 06:00:00
WPAC,201618W,129.1,30.5,2016091909,105.0,143.8,946.0,10287,2016-09-19 09:00:00
WPAC,201618W,133.5,32.8,2016092000,65.0,132.5,979.0,10288,2016-09-20 00:00:00
WPAC,201618W,134.8,33.5,2016092003,60.0,121.2,983.0,10289,2016-09-20 03:00:00
WPAC,201618W,136.0,34.2,2016092006,55.0,110.0,986.0,10290,2016-09-20 06:00:00
WPAC,201619W,112.2,13.7,2016091200,30.0,0.0,1001.0,10291,2016-09-12 00:00:00
WPAC,201619W,111.6,14.1,2016091203,30.0,0.0,1001.0,10292,2016-09-12 03:00:00
WPAC,201619W,110.9,14.4,2016091206,30.0,0.0,1000.0,10293,2016-09-12 06:00:00
WPAC,201619W,110.3,14.7,2016091209,30.0,0.0,1000.0,10294,2016-09-12 09:00:00
WPAC,201619W,107.3,15.9,2016091300,30.0,0.0,1000.0,10295,2016-09-13 00:00:00
WPAC,201619W,106.7,15.9,2016091303,28.0,0.0,1002.0,10296,2016-09-13 03:00:00
WPAC,201619W,106.0,16.0,2016091306,25.0,0.0,1004.0,10297,2016-09-13 06:00:00
WPAC,201619W,105.2,16.1,2016091309,23.0,0.0,1006.0,10298,2016-09-13 09:00:00
WPAC,201620W,140.0,16.0,2016092221,28.0,0.0,1002.0,10299,2016-09-22 21:00:00
WPAC,201620W,139.5,16.6,2016092300,30.0,0.0,1000.0,10300,2016-09-23 00:00:00
WPAC,201621W,159.1,15.8,2016092600,20.0,0.0,1007.0,10301,2016-09-26 00:00:00
WPAC,201621W,158.4,15.7,2016092603,20.0,0.0,1007.0,10302,2016-09-26 03:00:00
WPAC,201621W,157.8,15.6,2016092606,20.0,0.0,1007.0,10303,2016-09-26 06:00:00
WPAC,201621W,153.9,14.9,2016092621,23.0,0.0,1006.0,10304,2016-09-26 21:00:00
WPAC,201621W,153.3,14.7,2016092700,25.0,0.0,1004.0,10305,2016-09-27 00:00:00
WPAC,201621W,152.9,14.8,2016092703,25.0,0.0,1004.0,10306,2016-09-27 03:00:00
WPAC,201621W,152.4,15.0,2016092706,25.0,0.0,1004.0,10307,2016-09-27 06:00:00
WPAC,201621W,148.9,14.5,2016092721,25.0,0.0,1004.0,10308,2016-09-27 21:00:00
WPAC,201621W,148.3,14.4,2016092800,25.0,0.0,1004.0,10309,2016-09-28 00:00:00
WPAC,201621W,147.6,14.4,2016092803,25.0,0.0,1004.0,10310,2016-09-28 03:00:00
WPAC,201621W,146.9,14.5,2016092806,25.0,0.0,1004.0,10311,2016-09-28 06:00:00
WPAC,201621W,143.3,14.2,2016092821,30.0,0.0,1005.0,10312,2016-09-28 21:00:00
WPAC,201621W,142.7,14.2,2016092900,30.0,0.0,1004.0,10313,2016-09-29 00:00:00
WPAC,201621W,142.1,14.1,2016092903,33.0,26.2,1002.0,10314,2016-09-29 03:00:00
WPAC,201621W,141.4,14.1,2016092906,35.0,52.5,1000.0,10315,2016-09-29 06:00:00
WPAC,201621W,138.9,13.6,2016092921,45.0,65.0,989.0,10316,2016-09-29 21:00:00
WPAC,201621W,138.7,13.5,2016093000,45.0,65.0,989.0,10317,2016-09-30 00:00:00
WPAC,201621W,138.1,13.8,2016093003,45.0,67.5,989.0,10318,2016-09-30 03:00:00
WPAC,201621W,137.6,14.0,2016093006,45.0,70.0,989.0,10319,2016-09-30 06:00:00
WPAC,201621W,135.5,15.8,2016100100,55.0,77.5,982.0,10320,2016-10-01 00:00:00
WPAC,201621W,135.2,16.3,2016100103,58.0,77.5,980.0,10321,2016-10-01 03:00:00
WPAC,201621W,134.8,16.8,2016100106,60.0,77.5,978.0,10322,2016-10-01 06:00:00
WPAC,201621W,131.5,19.7,2016100200,110.0,80.0,941.0,10323,2016-10-02 00:00:00
WPAC,201621W,130.9,20.2,2016100203,113.0,80.0,939.0,10324,2016-10-02 03:00:00
WPAC,201621W,130.4,20.8,2016100206,115.0,80.0,937.0,10325,2016-10-02 06:00:00
WPAC,201621W,127.6,23.9,2016100300,135.0,90.0,922.0,10326,2016-10-03 00:00:00
WPAC,201621W,127.3,24.4,2016100303,143.0,92.5,917.0,10327,2016-10-03 03:00:00
WPAC,201621W,127.0,25.0,2016100306,150.0,95.0,911.0,10328,2016-10-03 06:00:00
WPAC,201621W,126.8,25.4,2016100309,145.0,100.0,915.0,10329,2016-10-03 09:00:00
WPAC,201621W,126.2,27.9,2016100400,125.0,120.0,934.0,10330,2016-10-04 00:00:00
WPAC,201621W,126.1,28.7,2016100403,120.0,122.5,936.0,10331,2016-10-04 03:00:00
WPAC,201621W,126.0,29.5,2016100406,115.0,125.0,937.0,10332,2016-10-04 06:00:00
WPAC,201621W,126.0,30.1,2016100409,105.0,125.0,945.0,10333,2016-10-04 09:00:00
WPAC,201621W,128.2,34.3,2016100500,70.0,145.0,970.0,10334,2016-10-05 00:00:00
WPAC,201621W,129.8,35.2,2016100503,63.0,137.5,976.0,10335,2016-10-05 03:00:00
WPAC,201621W,131.3,36.2,2016100506,55.0,130.0,982.0,10336,2016-10-05 06:00:00
WPAC,201622W,125.0,19.9,2016100506,25.0,0.0,1004.0,10337,2016-10-05 06:00:00
WPAC,201622W,124.2,20.0,2016100509,25.0,0.0,1004.0,10338,2016-10-05 09:00:00
WPAC,201622W,120.3,20.6,2016100600,30.0,0.0,1000.0,10339,2016-10-06 00:00:00
WPAC,201622W,119.5,20.5,2016100603,33.0,30.0,998.0,10340,2016-10-06 03:00:00
WPAC,201622W,118.8,20.4,2016100606,35.0,60.0,996.0,10341,2016-10-06 06:00:00
WPAC,201622W,118.3,20.2,2016100609,38.0,60.0,995.0,10342,2016-10-06 09:00:00
WPAC,201622W,116.4,20.5,2016100700,45.0,60.0,993.0,10343,2016-10-07 00:00:00
WPAC,201622W,116.3,20.6,2016100703,48.0,65.0,989.0,10344,2016-10-07 03:00:00
WPAC,201622W,116.3,20.6,2016100706,50.0,70.0,985.0,10345,2016-10-07 06:00:00
WPAC,201622W,116.2,20.6,2016100709,53.0,72.5,988.0,10346,2016-10-07 09:00:00
WPAC,201622W,116.6,21.2,2016100800,50.0,75.0,993.0,10347,2016-10-08 00:00:00
WPAC,201622W,116.7,21.2,2016100803,48.0,76.2,991.0,10348,2016-10-08 03:00:00
WPAC,201622W,116.8,21.3,2016100806,45.0,77.5,989.0,10349,2016-10-08 06:00:00
WPAC,201622W,116.9,21.4,2016100809,43.0,77.5,991.0,10350,2016-10-08 09:00:00
WPAC,201622W,117.5,21.6,2016100900,45.0,87.5,989.0,10351,2016-10-09 00:00:00
WPAC,201622W,117.6,21.6,2016100903,43.0,87.5,991.0,10352,2016-10-09 03:00:00
WPAC,201622W,117.7,21.7,2016100906,40.0,87.5,993.0,10353,2016-10-09 06:00:00
WPAC,201622W,117.8,21.7,2016100909,38.0,87.5,995.0,10354,2016-10-09 09:00:00
WPAC,201622W,117.6,21.6,2016101000,25.0,0.0,1004.0,10355,2016-10-10 00:00:00
WPAC,201622W,117.4,21.6,2016101003,25.0,0.0,1004.0,10356,2016-10-10 03:00:00
WPAC,201622W,117.3,21.6,2016101006,25.0,0.0,1004.0,10357,2016-10-10 06:00:00
WPAC,201622W,117.0,21.4,2016101009,25.0,0.0,1004.0,10358,2016-10-10 09:00:00
WPAC,201622W,115.6,20.1,2016101100,20.0,0.0,1007.0,10359,2016-10-11 00:00:00
WPAC,201622W,115.2,19.8,2016101103,20.0,0.0,1007.0,10360,2016-10-11 03:00:00
WPAC,201622W,114.7,19.4,2016101106,20.0,0.0,1007.0,10361,2016-10-11 06:00:00
WPAC,201622W,114.1,18.9,2016101109,20.0,0.0,1007.0,10362,2016-10-11 09:00:00
WPAC,201622W,112.3,16.8,2016101200,15.0,0.0,1010.0,10363,2016-10-12 00:00:00
WPAC,201622W,112.2,16.5,2016101203,18.0,0.0,1009.0,10364,2016-10-12 03:00:00
WPAC,201622W,112.2,16.1,2016101206,20.0,0.0,1007.0,10365,2016-10-12 06:00:00
WPAC,201622W,112.0,16.1,2016101209,20.0,0.0,1007.0,10366,2016-10-12 09:00:00
WPAC,201622W,109.8,16.6,2016101300,25.0,0.0,1004.0,10367,2016-10-13 00:00:00
WPAC,201622W,109.3,16.6,2016101303,25.0,0.0,1004.0,10368,2016-10-13 03:00:00
WPAC,201622W,108.9,16.7,2016101306,25.0,0.0,1004.0,10369,2016-10-13 06:00:00
WPAC,201622W,108.6,16.6,2016101309,30.0,23.8,1000.0,10370,2016-10-13 09:00:00
WPAC,201622W,106.7,16.7,2016101400,30.0,0.0,1000.0,10371,2016-10-14 00:00:00
WPAC,201622W,106.1,16.8,2016101403,28.0,0.0,1002.0,10372,2016-10-14 03:00:00
WPAC,201622W,105.5,16.8,2016101406,25.0,0.0,1004.0,10373,2016-10-14 06:00:00
WPAC,201622W,105.0,16.9,2016101409,25.0,0.0,1004.0,10374,2016-10-14 09:00:00
WPAC,201623W,175.1,17.9,2016100421,20.0,0.0,1007.0,10375,2016-10-04 21:00:00
WPAC,201623W,174.4,18.2,2016100500,20.0,0.0,1007.0,10376,2016-10-05 00:00:00
WPAC,201623W,173.7,18.2,2016100503,20.0,0.0,1007.0,10377,2016-10-05 03:00:00
WPAC,201623W,173.0,18.2,2016100506,20.0,0.0,1007.0,10378,2016-10-05 06:00:00
WPAC,201623W,169.2,17.8,2016100521,15.0,0.0,1010.0,10379,2016-10-05 21:00:00
WPAC,201623W,168.6,17.9,2016100600,15.0,0.0,1010.0,10380,2016-10-06 00:00:00
WPAC,201623W,167.6,17.9,2016100603,18.0,0.0,1009.0,10381,2016-10-06 03:00:00
WPAC,201623W,166.7,18.0,2016100606,20.0,0.0,1007.0,10382,2016-10-06 06:00:00
WPAC,201623W,163.7,18.0,2016100621,23.0,0.0,1006.0,10383,2016-10-06 21:00:00
WPAC,201623W,163.2,18.0,2016100700,25.0,0.0,1004.0,10384,2016-10-07 00:00:00
WPAC,201623W,162.6,18.2,2016100703,25.0,0.0,1004.0,10385,2016-10-07 03:00:00
WPAC,201623W,162.0,18.4,2016100706,25.0,0.0,1004.0,10386,2016-10-07 06:00:00
WPAC,201623W,158.1,19.0,2016100721,25.0,0.0,1004.0,10387,2016-10-07 21:00:00
WPAC,201623W,157.3,19.2,2016100800,25.0,0.0,1004.0,10388,2016-10-08 00:00:00
WPAC,201623W,156.7,19.4,2016100803,28.0,0.0,1002.0,10389,2016-10-08 03:00:00
WPAC,201623W,156.0,19.5,2016100806,30.0,0.0,1000.0,10390,2016-10-08 06:00:00
WPAC,201623W,151.8,21.0,2016100821,43.0,37.5,997.0,10391,2016-10-08 21:00:00
WPAC,201623W,151.0,21.4,2016100900,45.0,40.0,1001.0,10392,2016-10-09 00:00:00
WPAC,201623W,150.4,21.9,2016100903,48.0,41.2,993.0,10393,2016-10-09 03:00:00
WPAC,201623W,149.8,22.3,2016100906,50.0,42.5,985.0,10394,2016-10-09 06:00:00
WPAC,201623W,146.8,24.2,2016100921,65.0,65.0,974.0,10395,2016-10-09 21:00:00
WPAC,201623W,146.3,24.6,2016101000,70.0,65.0,970.0,10396,2016-10-10 00:00:00
WPAC,201623W,146.1,25.1,2016101003,83.0,77.5,961.0,10397,2016-10-10 03:00:00
WPAC,201623W,145.9,25.5,2016101006,95.0,90.0,952.0,10398,2016-10-10 06:00:00
WPAC,201623W,145.9,27.5,2016101021,110.0,107.5,941.0,10399,2016-10-10 21:00:00
WPAC,201623W,146.0,27.8,2016101100,105.0,110.0,944.0,10400,2016-10-11 00:00:00
WPAC,201623W,146.3,28.2,2016101103,103.0,115.0,946.0,10401,2016-10-11 03:00:00
WPAC,201623W,146.7,28.6,2016101106,100.0,120.0,948.0,10402,2016-10-11 06:00:00
WPAC,201623W,150.1,30.8,2016101121,128.0,133.8,928.0,10403,2016-10-11 21:00:00
WPAC,201623W,151.1,31.3,2016101200,125.0,137.5,929.0,10404,2016-10-12 00:00:00
WPAC,201623W,152.4,32.0,2016101203,123.0,141.2,931.0,10405,2016-10-12 03:00:00
WPAC,201623W,153.8,32.6,2016101206,120.0,145.0,933.0,10406,2016-10-12 06:00:00
WPAC,201623W,163.9,37.1,2016101221,75.0,155.0,967.0,10407,2016-10-12 21:00:00
WPAC,201623W,166.6,38.2,2016101300,65.0,160.0,974.0,10408,2016-10-13 00:00:00
WPAC,201623W,169.2,39.2,2016101303,60.0,162.5,978.0,10409,2016-10-13 03:00:00
WPAC,201624W,127.2,13.9,2016101400,40.0,75.0,993.0,10410,2016-10-14 00:00:00
WPAC,201624W,126.8,13.9,2016101403,45.0,78.8,989.0,10411,2016-10-14 03:00:00
WPAC,201624W,126.5,13.8,2016101406,50.0,82.5,985.0,10412,2016-10-14 06:00:00
WPAC,201624W,126.2,13.8,2016101409,55.0,87.5,982.0,10413,2016-10-14 09:00:00
WPAC,201624W,124.6,14.3,2016101500,80.0,120.0,974.0,10414,2016-10-15 00:00:00
WPAC,201624W,124.2,14.6,2016101503,85.0,120.0,964.0,10415,2016-10-15 03:00:00
WPAC,201624W,123.8,14.8,2016101506,90.0,120.0,954.0,10416,2016-10-15 06:00:00
WPAC,201624W,123.4,15.0,2016101509,98.0,122.5,949.0,10417,2016-10-15 09:00:00
WPAC,201624W,120.0,16.4,2016101600,75.0,140.0,967.0,10418,2016-10-16 00:00:00
WPAC,201624W,119.1,16.4,2016101603,78.0,145.0,965.0,10419,2016-10-16 03:00:00
WPAC,201624W,118.2,16.4,2016101606,80.0,150.0,963.0,10420,2016-10-16 06:00:00
WPAC,201624W,117.7,16.4,2016101609,80.0,157.5,964.0,10421,2016-10-16 09:00:00
WPAC,201624W,114.2,17.1,2016101700,75.0,182.5,967.0,10422,2016-10-17 00:00:00
WPAC,201624W,113.8,17.2,2016101703,75.0,186.2,967.0,10423,2016-10-17 03:00:00
WPAC,201624W,113.3,17.4,2016101706,75.0,190.0,967.0,10424,2016-10-17 06:00:00
WPAC,201624W,112.9,17.5,2016101709,75.0,193.8,967.0,10425,2016-10-17 09:00:00
WPAC,201624W,110.7,18.7,2016101800,75.0,165.0,967.0,10426,2016-10-18 00:00:00
WPAC,201624W,110.3,18.9,2016101803,70.0,155.0,971.0,10427,2016-10-18 03:00:00
WPAC,201624W,109.9,19.2,2016101806,65.0,145.0,974.0,10428,2016-10-18 06:00:00
WPAC,201624W,109.7,19.4,2016101809,60.0,125.0,981.0,10429,2016-10-18 09:00:00
WPAC,201624W,108.5,20.9,2016101900,30.0,0.0,1000.0,10430,2016-10-19 00:00:00
WPAC,201624W,108.2,21.4,2016101903,25.0,0.0,1003.0,10431,2016-10-19 03:00:00
WPAC,201624W,108.0,22.0,2016101906,20.0,0.0,1005.0,10432,2016-10-19 06:00:00
WPAC,201625W,143.5,8.6,2016101500,30.0,0.0,1000.0,10433,2016-10-15 00:00:00
WPAC,201625W,143.1,9.0,2016101503,35.0,38.8,997.0,10434,2016-10-15 03:00:00
WPAC,201625W,142.6,9.4,2016101506,40.0,77.5,993.0,10435,2016-10-15 06:00:00
WPAC,201625W,139.9,10.1,2016101521,58.0,110.0,980.0,10436,2016-10-15 21:00:00
WPAC,201625W,139.6,10.2,2016101600,60.0,115.0,978.0,10437,2016-10-16 00:00:00
WPAC,201625W,139.4,10.3,2016101603,63.0,118.8,976.0,10438,2016-10-16 03:00:00
WPAC,201625W,139.3,10.5,2016101606,65.0,122.5,974.0,10439,2016-10-16 06:00:00
WPAC,201625W,136.5,12.9,2016101700,95.0,160.0,952.0,10440,2016-10-17 00:00:00
WPAC,201625W,136.0,13.1,2016101703,100.0,167.5,948.0,10441,2016-10-17 03:00:00
WPAC,201625W,135.5,13.3,2016101706,105.0,175.0,944.0,10442,2016-10-17 06:00:00
WPAC,201625W,132.1,14.9,2016101800,130.0,182.5,926.0,10443,2016-10-18 00:00:00
WPAC,201625W,131.4,15.2,2016101803,133.0,182.5,924.0,10444,2016-10-18 03:00:00
WPAC,201625W,130.7,15.4,2016101806,135.0,182.5,922.0,10445,2016-10-18 06:00:00
WPAC,201625W,126.0,16.0,2016101900,140.0,192.5,918.0,10446,2016-10-19 00:00:00
WPAC,201625W,125.3,16.4,2016101903,138.0,192.5,922.0,10447,2016-10-19 03:00:00
WPAC,201625W,124.7,16.7,2016101906,135.0,192.5,925.0,10448,2016-10-19 06:00:00
WPAC,201625W,124.0,17.0,2016101909,128.0,197.5,932.0,10449,2016-10-19 09:00:00
WPAC,201625W,120.2,18.4,2016102000,95.0,227.5,959.0,10450,2016-10-20 00:00:00
WPAC,201625W,119.5,18.7,2016102003,90.0,228.8,959.0,10451,2016-10-20 03:00:00
WPAC,201625W,118.8,19.0,2016102006,85.0,230.0,959.0,10452,2016-10-20 06:00:00
WPAC,201625W,118.2,19.4,2016102009,83.0,205.0,961.0,10453,2016-10-20 09:00:00
WPAC,201625W,115.8,21.9,2016102100,70.0,135.0,970.0,10454,2016-10-21 00:00:00
WPAC,201625W,115.4,22.7,2016102103,65.0,135.0,974.0,10455,2016-10-21 03:00:00
WPAC,201625W,115.1,23.5,2016102106,60.0,135.0,978.0,10456,2016-10-21 06:00:00
WPAC,201625W,114.9,24.1,2016102109,55.0,133.8,982.0,10457,2016-10-21 09:00:00
WPAC,201625W,117.2,27.5,2016102200,20.0,0.0,1007.0,10458,2016-10-22 00:00:00
WPAC,201626W,138.4,12.8,2016110206,25.0,0.0,1004.0,10459,2016-11-02 06:00:00
WPAC,201626W,137.9,13.2,2016110300,25.0,0.0,1004.0,10460,2016-11-03 00:00:00
WPAC,201626W,138.1,13.2,2016110303,28.0,0.0,1002.0,10461,2016-11-03 03:00:00
WPAC,201626W,138.3,13.3,2016110306,30.0,0.0,1000.0,10462,2016-11-03 06:00:00
WPAC,201626W,138.7,14.8,2016110400,45.0,65.0,989.0,10463,2016-11-04 00:00:00
WPAC,201626W,138.9,15.2,2016110403,48.0,72.5,989.0,10464,2016-11-04 03:00:00
WPAC,201626W,139.1,15.5,2016110406,50.0,80.0,989.0,10465,2016-11-04 06:00:00
WPAC,201626W,139.9,17.2,2016110500,75.0,117.5,967.0,10466,2016-11-05 00:00:00
WPAC,201626W,140.2,17.4,2016110503,75.0,120.0,967.0,10467,2016-11-05 03:00:00
WPAC,201626W,140.5,17.5,2016110506,75.0,122.5,967.0,10468,2016-11-05 06:00:00
WPAC,201626W,142.7,19.5,2016110600,90.0,152.5,963.0,10469,2016-11-06 00:00:00
WPAC,201626W,143.2,20.1,2016110603,90.0,155.0,963.0,10470,2016-11-06 03:00:00
WPAC,201626W,143.7,20.8,2016110606,90.0,157.5,962.0,10471,2016-11-06 06:00:00
WPAC,201626W,146.6,25.6,2016110621,65.0,198.8,974.0,10472,2016-11-06 21:00:00
WPAC,201626W,147.0,27.0,2016110700,60.0,210.0,978.0,10473,2016-11-07 00:00:00
WPAC,201626W,147.4,27.8,2016110703,58.0,215.0,980.0,10474,2016-11-07 03:00:00
WPAC,201626W,147.8,28.6,2016110706,55.0,220.0,982.0,10475,2016-11-07 06:00:00
WPAC,201627W,160.7,13.2,2016110821,20.0,0.0,1007.0,10476,2016-11-08 21:00:00
WPAC,201627W,160.4,13.5,2016110900,20.0,0.0,1007.0,10477,2016-11-09 00:00:00
WPAC,201627W,160.0,13.9,2016110903,25.0,0.0,1004.0,10478,2016-11-09 03:00:00
WPAC,201627W,159.6,14.3,2016110906,30.0,0.0,1000.0,10479,2016-11-09 06:00:00
WPAC,201627W,157.1,16.6,2016110921,35.0,35.0,996.0,10480,2016-11-09 21:00:00
WPAC,201627W,156.7,16.8,2016111000,35.0,35.0,996.0,10481,2016-11-10 00:00:00
WPAC,201627W,156.1,17.0,2016111003,33.0,17.5,998.0,10482,2016-11-10 03:00:00
WPAC,201627W,155.4,17.2,2016111006,30.0,0.0,1000.0,10483,2016-11-10 06:00:00
WPAC,201627W,152.4,18.3,2016111021,30.0,0.0,1000.0,10484,2016-11-10 21:00:00
WPAC,201627W,151.8,18.6,2016111100,30.0,0.0,1000.0,10485,2016-11-11 00:00:00
WPAC,201627W,151.1,19.0,2016111103,28.0,0.0,1002.0,10486,2016-11-11 03:00:00
WPAC,201627W,150.3,19.3,2016111106,25.0,0.0,1004.0,10487,2016-11-11 06:00:00
WPAC,201628W,170.0,10.8,2016111000,20.0,0.0,1009.0,10488,2016-11-10 00:00:00
WPAC,201628W,169.3,10.8,2016111003,20.0,0.0,1009.0,10489,2016-11-10 03:00:00
WPAC,201628W,168.6,10.8,2016111006,20.0,0.0,1009.0,10490,2016-11-10 06:00:00
WPAC,201628W,164.8,9.9,2016111021,25.0,0.0,1004.0,10491,2016-11-10 21:00:00
WPAC,201628W,163.7,9.8,2016111100,25.0,0.0,1004.0,10492,2016-11-11 00:00:00
WPAC,201628W,163.1,9.7,2016111103,23.0,0.0,1006.0,10493,2016-11-11 03:00:00
WPAC,201628W,162.5,9.5,2016111106,20.0,0.0,1007.0,10494,2016-11-11 06:00:00
WPAC,201629W,127.8,9.5,2016112400,25.0,0.0,1004.0,10495,2016-11-24 00:00:00
WPAC,201629W,127.3,9.7,2016112403,28.0,0.0,1002.0,10496,2016-11-24 03:00:00
WPAC,201629W,126.8,9.9,2016112406,30.0,0.0,1000.0,10497,2016-11-24 06:00:00
WPAC,201629W,122.5,11.3,2016112500,45.0,50.0,989.0,10498,2016-11-25 00:00:00
WPAC,201629W,122.0,11.4,2016112503,48.0,52.5,987.0,10499,2016-11-25 03:00:00
WPAC,201629W,121.5,11.4,2016112506,50.0,55.0,985.0,10500,2016-11-25 06:00:00
WPAC,201629W,121.2,11.6,2016112509,50.0,56.2,985.0,10501,2016-11-25 09:00:00
WPAC,201629W,118.7,13.3,2016112600,75.0,60.0,967.0,10502,2016-11-26 00:00:00
WPAC,201629W,118.3,13.6,2016112603,70.0,61.2,971.0,10503,2016-11-26 03:00:00
WPAC,201629W,117.9,13.9,2016112606,65.0,62.5,974.0,10504,2016-11-26 06:00:00
WPAC,201629W,117.7,14.2,2016112609,63.0,62.5,976.0,10505,2016-11-26 09:00:00
WPAC,201629W,117.6,15.7,2016112700,75.0,65.0,967.0,10506,2016-11-27 00:00:00
WPAC,201629W,117.8,16.1,2016112703,78.0,58.8,965.0,10507,2016-11-27 03:00:00
WPAC,201629W,118.1,16.6,2016112706,80.0,52.5,963.0,10508,2016-11-27 06:00:00
WPAC,201629W,118.2,16.9,2016112709,65.0,48.8,974.0,10509,2016-11-27 09:00:00
WPAC,201629W,118.7,17.1,2016112800,25.0,0.0,1004.0,10510,2016-11-28 00:00:00
WPAC,201630W,142.5,6.2,2016122100,30.0,0.0,1000.0,10511,2016-12-21 00:00:00
WPAC,201630W,142.1,6.4,2016122103,30.0,0.0,1000.0,10512,2016-12-21 03:00:00
WPAC,201630W,141.7,6.6,2016122106,30.0,0.0,1000.0,10513,2016-12-21 06:00:00
WPAC,201630W,139.1,8.8,2016122200,40.0,80.0,1002.0,10514,2016-12-22 00:00:00
WPAC,201630W,138.5,9.1,2016122203,43.0,81.2,996.0,10515,2016-12-22 03:00:00
WPAC,201630W,137.9,9.4,2016122206,45.0,82.5,989.0,10516,2016-12-22 06:00:00
WPAC,201630W,133.2,11.8,2016122300,55.0,95.0,994.0,10517,2016-12-23 00:00:00
WPAC,201630W,132.7,12.0,2016122303,60.0,95.0,984.0,10518,2016-12-23 03:00:00
WPAC,201630W,132.2,12.2,2016122306,65.0,95.0,974.0,10519,2016-12-23 06:00:00
WPAC,201630W,128.9,13.1,2016122400,110.0,110.0,935.0,10520,2016-12-24 00:00:00
WPAC,201630W,128.6,13.2,2016122403,115.0,116.2,934.0,10521,2016-12-24 03:00:00
WPAC,201630W,128.2,13.3,2016122406,120.0,122.5,933.0,10522,2016-12-24 06:00:00
WPAC,201630W,125.9,13.5,2016122500,140.0,107.5,918.0,10523,2016-12-25 00:00:00
WPAC,201630W,125.5,13.5,2016122503,138.0,106.2,920.0,10524,2016-12-25 03:00:00
WPAC,201630W,125.0,13.5,2016122506,135.0,105.0,922.0,10525,2016-12-25 06:00:00
WPAC,201630W,124.5,13.5,2016122509,128.0,102.5,928.0,10526,2016-12-25 09:00:00
WPAC,201630W,121.3,13.3,2016122600,85.0,92.5,959.0,10527,2016-12-26 00:00:00
WPAC,201630W,120.6,13.7,2016122603,80.0,88.8,963.0,10528,2016-12-26 03:00:00
WPAC,201630W,119.9,14.0,2016122606,75.0,85.0,967.0,10529,2016-12-26 06:00:00
WPAC,201630W,119.4,14.2,2016122609,73.0,83.8,976.0,10530,2016-12-26 09:00:00
WPAC,201630W,116.6,14.9,2016122700,55.0,90.0,982.0,10531,2016-12-27 00:00:00
WPAC,201630W,116.3,14.8,2016122703,53.0,83.8,984.0,10532,2016-12-27 03:00:00
WPAC,201630W,116.1,14.7,2016122706,50.0,77.5,985.0,10533,2016-12-27 06:00:00
WPAC,201630W,115.8,14.4,2016122709,43.0,76.2,991.0,10534,2016-12-27 09:00:00
WPAC,201630W,113.3,12.9,2016122800,25.0,0.0,1007.0,10535,2016-12-28 00:00:00
WPAC,201630W,112.8,12.4,2016122803,23.0,0.0,1007.0,10536,2016-12-28 03:00:00
WPAC,201630W,112.3,11.9,2016122806,20.0,0.0,1007.0,10537,2016-12-28 06:00:00
