cyclone_id,target_timestamp,target_h5_index,target_wind_kt,target_pressure_hpa,target_size_nmi,frame_0_h5_index,frame_0_timestamp,frame_1_h5_index,frame_1_timestamp,frame_2_h5_index,frame_2_timestamp,frame_3_h5_index,frame_3_timestamp
200301E,2003052100,3578,50.0,997.0,0.0,3575,2003052015,3576,2003052018,3577,2003052021,3578,2003052100
200301E,2003052200,3582,45.0,1000.0,0.0,3579,2003052115,3580,2003052118,3581,2003052121,3582,2003052200
200301E,2003052300,3586,45.0,1000.0,0.0,3583,2003052215,3584,2003052218,3585,2003052221,3586,2003052300
200301E,2003052400,3590,45.0,1000.0,0.0,3587,2003052315,3588,2003052318,3589,2003052321,3590,2003052400
200301E,2003052500,3594,35.0,1005.0,0.0,3591,2003052415,3592,2003052418,3593,2003052421,3594,2003052500
200301E,2003052503,3595,32.0,1006.0,0.0,3592,2003052418,3593,2003052421,3594,2003052500,3595,2003052503
200301E,2003052600,3599,25.0,1009.0,0.0,3596,2003052515,3597,2003052518,3598,2003052521,3599,2003052600
200301E,2003052603,3600,22.0,1010.0,0.0,3597,2003052518,3598,2003052521,3599,2003052600,3600,2003052603
200301W,2003011203,6080,15.0,1006.0,0.0,6077,2003011118,6078,2003011121,6079,2003011200,6080,2003011203
200301W,2003011206,6081,15.0,1006.0,0.0,6078,2003011121,6079,2003011200,6080,2003011203,6081,2003011206
200301W,2003011303,6085,15.0,1006.0,0.0,6082,2003011218,6083,2003011221,6084,2003011300,6085,2003011303
200301W,2003011306,6086,15.0,1006.0,0.0,6083,2003011221,6084,2003011300,6085,2003011303,6086,2003011306
200301W,2003011406,6090,25.0,1002.0,0.0,6087,2003011321,6088,2003011400,6089,2003011403,6090,2003011406
200301W,2003011506,6094,25.0,1004.0,0.0,6091,2003011421,6092,2003011500,6093,2003011503,6094,2003011506
200301W,2003011606,6098,30.0,1000.0,0.0,6095,2003011521,6096,2003011600,6097,2003011603,6098,2003011606
200301W,2003011706,6102,35.0,997.0,82.5,6099,2003011621,6100,2003011700,6101,2003011703,6102,2003011706
200301W,2003011806,6106,45.0,991.0,82.5,6103,2003011721,6104,2003011800,6105,2003011803,6106,2003011806
200301W,2003011906,6110,45.0,991.0,80.0,6107,2003011821,6108,2003011900,6109,2003011903,6110,2003011906
200301W,2003012006,6114,35.0,997.0,62.5,6111,2003011921,6112,2003012000,6113,2003012003,6114,2003012006
200301W,2003012106,6118,20.0,1004.0,0.0,6115,2003012021,6116,2003012100,6117,2003012103,6118,2003012106
200302E,2003061800,3605,45.0,1000.0,0.0,3602,2003061715,3603,2003061718,3604,2003061721,3605,2003061800
200302E,2003061900,3609,45.0,998.0,0.0,3606,2003061815,3607,2003061818,3608,2003061821,3609,2003061900
200302E,2003062000,3613,40.0,1002.0,0.0,3610,2003061915,3611,2003061918,3612,2003061921,3613,2003062000
200302E,2003062100,3617,25.0,1006.0,0.0,3614,2003062015,3615,2003062018,3616,2003062021,3617,2003062100
200302E,2003062200,3621,25.0,1009.0,0.0,3618,2003062115,3619,2003062118,3620,2003062121,3621,2003062200
200302E,2003062300,3625,20.0,1009.0,0.0,3622,2003062215,3623,2003062218,3624,2003062221,3625,2003062300
200302E,2003062400,3629,20.0,1009.0,0.0,3626,2003062315,3627,2003062318,3628,2003062321,3629,2003062400
200302L,2003061118,43,30.0,1010.0,0.0,40,2003061109,41,2003061112,42,2003061115,43,2003061118
200303L,2003062821,47,20.0,1008.0,0.0,44,2003062812,45,2003062815,46,2003062818,47,2003062821
200303L,2003062900,48,20.0,1008.0,0.0,45,2003062815,46,2003062818,47,2003062821,48,2003062900
200303L,2003062921,52,43.0,1009.0,0.0,49,2003062912,50,2003062915,51,2003062918,52,2003062921
200303L,2003063000,53,45.0,1008.0,0.0,50,2003062915,51,2003062918,52,2003062921,53,2003063000
200303L,2003063021,57,48.0,998.0,0.0,54,2003063012,55,2003063015,56,2003063018,57,2003063021
200303L,2003070100,58,45.0,998.0,0.0,55,2003063015,56,2003063018,57,2003063021,58,2003070100
200303L,2003070121,62,20.0,1007.0,0.0,59,2003070112,60,2003070115,61,2003070118,62,2003070121
200303L,2003070200,63,20.0,1007.0,0.0,60,2003070115,61,2003070118,62,2003070121,63,2003070200
200303L,2003070221,67,20.0,1009.0,0.0,64,2003070212,65,2003070215,66,2003070218,67,2003070221
200303L,2003070300,68,20.0,1009.0,0.0,65,2003070215,66,2003070218,67,2003070221,68,2003070300
200303W,2003051806,6197,30.0,1000.0,0.0,6194,2003051721,6195,2003051800,6196,2003051803,6197,2003051806
200303W,2003051809,6198,30.0,1000.0,0.0,6195,2003051800,6196,2003051803,6197,2003051806,6198,2003051809
200303W,2003051906,6202,30.0,1000.0,0.0,6199,2003051821,6200,2003051900,6201,2003051903,6202,2003051906
200303W,2003051909,6203,30.0,1000.0,0.0,6200,2003051900,6201,2003051903,6202,2003051906,6203,2003051909
200303W,2003052006,6207,25.0,1002.0,0.0,6204,2003051921,6205,2003052000,6206,2003052003,6207,2003052006
200303W,2003052009,6208,25.0,1002.0,0.0,6205,2003052000,6206,2003052003,6207,2003052006,6208,2003052009
200304E,2003070700,3644,30.0,1006.0,0.0,3641,2003070615,3642,2003070618,3643,2003070621,3644,2003070700
200304E,2003070800,3648,25.0,1007.0,0.0,3645,2003070715,3646,2003070718,3647,2003070721,3648,2003070800
200304W,2003051906,6213,35.0,997.0,0.0,6210,2003051821,6211,2003051900,6212,2003051903,6213,2003051906
200304W,2003052006,6217,35.0,997.0,52.5,6214,2003051921,6215,2003052000,6216,2003052003,6217,2003052006
200304W,2003052106,6221,55.0,984.0,72.5,6218,2003052021,6219,2003052100,6220,2003052103,6221,2003052106
200304W,2003052506,6230,90.0,954.0,125.0,6227,2003052421,6228,2003052500,6229,2003052503,6230,2003052506
200304W,2003052606,6234,55.0,984.0,125.0,6231,2003052521,6232,2003052600,6233,2003052603,6234,2003052606
200304W,2003052609,6235,55.0,984.0,120.0,6232,2003052600,6233,2003052603,6234,2003052606,6235,2003052609
200304W,2003052703,6239,45.0,991.0,0.0,6236,2003052618,6237,2003052621,6238,2003052700,6239,2003052703
200304W,2003052706,6240,45.0,991.0,0.0,6237,2003052621,6238,2003052700,6239,2003052703,6240,2003052706
200305E,2003071100,3654,30.0,1005.0,0.0,3651,2003071015,3652,2003071018,3653,2003071021,3654,2003071100
200305E,2003071200,3658,55.0,994.0,0.0,3655,2003071115,3656,2003071118,3657,2003071121,3658,2003071200
200305E,2003071300,3662,50.0,997.0,0.0,3659,2003071215,3660,2003071218,3661,2003071221,3662,2003071300
200305E,2003071400,3666,25.0,1006.0,0.0,3663,2003071315,3664,2003071318,3665,2003071321,3666,2003071400
200305E,2003071500,3670,20.0,1008.0,0.0,3667,2003071415,3668,2003071418,3669,2003071421,3670,2003071500
200305E,2003071600,3674,20.0,1009.0,0.0,3671,2003071515,3672,2003071518,3673,2003071521,3674,2003071600
200307E,2003080800,3707,40.0,1003.0,0.0,3704,2003080715,3705,2003080718,3706,2003080721,3707,2003080800
200307E,2003081000,3711,45.0,1000.0,0.0,3708,2003080915,3709,2003080918,3710,2003080921,3711,2003081000
200307E,2003081100,3715,35.0,1005.0,0.0,3712,2003081015,3713,2003081018,3714,2003081021,3715,2003081100
200307E,2003081200,3719,30.0,1007.0,0.0,3716,2003081115,3717,2003081118,3718,2003081121,3719,2003081200
200307E,2003081203,3720,30.0,1007.0,0.0,3717,2003081118,3718,2003081121,3719,2003081200,3720,2003081203
200307E,2003081300,3724,25.0,1009.0,0.0,3721,2003081215,3722,2003081218,3723,2003081221,3724,2003081300
200307L,2003072521,180,28.0,1017.0,0.0,177,2003072512,178,2003072515,179,2003072518,180,2003072521
200307L,2003072600,181,30.0,1016.0,0.0,178,2003072515,179,2003072518,180,2003072521,181,2003072600
200307L,2003072621,185,15.0,1022.0,0.0,182,2003072612,183,2003072615,184,2003072618,185,2003072621
200307L,2003072700,186,15.0,1022.0,0.0,183,2003072615,184,2003072618,185,2003072621,186,2003072700
200307W,2003060806,6287,15.0,1006.0,0.0,6284,2003060721,6285,2003060800,6286,2003060803,6287,2003060806
200307W,2003061006,6293,20.0,1004.0,0.0,6290,2003060921,6291,2003061000,6292,2003061003,6293,2003061006
200307W,2003061009,6294,20.0,1004.0,0.0,6291,2003061000,6292,2003061003,6293,2003061006,6294,2003061009
200307W,2003061409,6309,45.0,991.0,101.2,6306,2003061400,6307,2003061403,6308,2003061406,6309,2003061409
200307W,2003061509,6313,53.0,986.0,105.0,6310,2003061500,6311,2003061503,6312,2003061506,6313,2003061509
200307W,2003061609,6317,60.0,980.0,115.0,6314,2003061600,6315,2003061603,6316,2003061606,6317,2003061609
200307W,2003061709,6321,75.0,967.0,135.0,6318,2003061700,6319,2003061703,6320,2003061706,6321,2003061709
200307W,2003061906,6327,65.0,976.0,95.0,6324,2003061821,6325,2003061900,6326,2003061903,6327,2003061906
200307W,2003061909,6328,60.0,980.0,47.5,6325,2003061900,6326,2003061903,6327,2003061906,6328,2003061909
200309E,2003082300,3741,35.0,1005.0,0.0,3738,2003082215,3739,2003082218,3740,2003082221,3741,2003082300
200309E,2003082400,3745,60.0,989.0,0.0,3742,2003082315,3743,2003082318,3744,2003082321,3745,2003082400
200309E,2003082600,3749,65.0,989.0,0.0,3746,2003082515,3747,2003082518,3748,2003082521,3749,2003082600
200309W,2003071606,6370,20.0,1004.0,0.0,6367,2003071521,6368,2003071600,6369,2003071603,6370,2003071606
200309W,2003071609,6371,20.0,1004.0,0.0,6368,2003071600,6369,2003071603,6370,2003071606,6371,2003071609
200309W,2003071706,6375,30.0,1000.0,0.0,6372,2003071621,6373,2003071700,6374,2003071703,6375,2003071706
200309W,2003071709,6376,35.0,997.0,55.0,6373,2003071700,6374,2003071703,6375,2003071706,6376,2003071709
200309W,2003071806,6380,55.0,984.0,112.5,6377,2003071721,6378,2003071800,6379,2003071803,6380,2003071806
200309W,2003072006,6388,110.0,933.0,130.0,6385,2003071921,6386,2003072000,6387,2003072003,6388,2003072006
200309W,2003072009,6389,120.0,922.0,138.8,6386,2003072000,6387,2003072003,6388,2003072006,6389,2003072009
200309W,2003072209,6397,85.0,959.0,145.0,6394,2003072200,6395,2003072203,6396,2003072206,6397,2003072209
200309W,2003072409,6404,65.0,976.0,0.0,6401,2003072400,6402,2003072403,6403,2003072406,6404,2003072409
200310E,2003082900,3755,50.0,997.0,0.0,3752,2003082815,3753,2003082818,3754,2003082821,3755,2003082900
200310E,2003082903,3756,53.0,996.0,0.0,3753,2003082818,3754,2003082821,3755,2003082900,3756,2003082903
200310E,2003083000,3760,85.0,973.0,0.0,3757,2003082915,3758,2003082918,3759,2003082921,3760,2003083000
200310E,2003083003,3761,85.0,973.0,0.0,3758,2003082918,3759,2003082921,3760,2003083000,3761,2003083003
200310E,2003083100,3765,90.0,976.0,0.0,3762,2003083015,3763,2003083018,3764,2003083021,3765,2003083100
200310E,2003083103,3766,90.0,978.0,0.0,3763,2003083018,3764,2003083021,3765,2003083100,3766,2003083103
200310E,2003090103,3770,60.0,1000.0,0.0,3767,2003083118,3768,2003083121,3769,2003090100,3770,2003090103
200310E,2003090203,3774,35.0,1005.0,0.0,3771,2003090118,3772,2003090121,3773,2003090200,3774,2003090203
200310E,2003090303,3778,30.0,1009.0,0.0,3775,2003090218,3776,2003090221,3777,2003090300,3778,2003090303
200310E,2003090503,3785,30.0,1009.0,0.0,3782,2003090418,3783,2003090421,3784,2003090500,3785,2003090503
200310E,2003090506,3786,30.0,1009.0,0.0,3783,2003090421,3784,2003090500,3785,2003090503,3786,2003090506
200310W,2003073109,6410,20.0,1004.0,0.0,6407,2003073100,6408,2003073103,6409,2003073106,6410,2003073109
200310W,2003080106,6414,25.0,1002.0,0.0,6411,2003073121,6412,2003080100,6413,2003080103,6414,2003080106
200310W,2003080109,6415,28.0,1001.0,0.0,6412,2003080100,6413,2003080103,6414,2003080106,6415,2003080109
200310W,2003080209,6419,45.0,991.0,100.0,6416,2003080200,6417,2003080203,6418,2003080206,6419,2003080209
200310W,2003080309,6423,65.0,976.0,90.0,6420,2003080300,6421,2003080303,6422,2003080306,6423,2003080309
200310W,2003080409,6427,58.0,982.0,50.0,6424,2003080400,6425,2003080403,6426,2003080406,6427,2003080409
200311E,2003090400,3791,30.0,1001.0,0.0,3788,2003090315,3789,2003090318,3790,2003090321,3791,2003090400
200311E,2003090600,3798,30.0,1006.0,0.0,3795,2003090515,3796,2003090518,3797,2003090521,3798,2003090600
200311E,2003090700,3802,25.0,1009.0,0.0,3799,2003090615,3800,2003090618,3801,2003090621,3802,2003090700
200311E,2003090800,3806,20.0,1011.0,0.0,3803,2003090715,3804,2003090718,3805,2003090721,3806,2003090800
200311E,2003090900,3810,15.0,1012.0,0.0,3807,2003090815,3808,2003090818,3809,2003090821,3810,2003090900
200311E,2003091000,3814,15.0,1013.0,0.0,3811,2003090915,3812,2003090918,3813,2003090921,3814,2003091000
200311W,2003080109,6432,18.0,1005.0,0.0,6429,2003080100,6430,2003080103,6431,2003080106,6432,2003080109
200311W,2003080206,6436,25.0,1002.0,0.0,6433,2003080121,6434,2003080200,6435,2003080203,6436,2003080206
200311W,2003080209,6437,25.0,1002.0,0.0,6434,2003080200,6435,2003080203,6436,2003080206,6437,2003080209
200311W,2003080406,6445,55.0,984.0,100.0,6442,2003080321,6443,2003080400,6444,2003080403,6445,2003080406
200311W,2003080409,6446,55.0,984.0,100.0,6443,2003080400,6444,2003080403,6445,2003080406,6446,2003080409
200311W,2003080506,6450,80.0,963.0,98.8,6447,2003080421,6448,2003080500,6449,2003080503,6450,2003080506
200311W,2003080509,6451,83.0,961.0,98.8,6448,2003080500,6449,2003080503,6450,2003080506,6451,2003080509
200311W,2003080609,6455,95.0,949.0,117.5,6452,2003080600,6453,2003080603,6454,2003080606,6455,2003080609
200311W,2003080709,6459,110.0,933.0,215.0,6456,2003080700,6457,2003080703,6458,2003080706,6459,2003080709
200311W,2003080806,6463,90.0,954.0,200.0,6460,2003080721,6461,2003080800,6462,2003080803,6463,2003080806
200311W,2003080809,6464,90.0,954.0,196.2,6461,2003080800,6462,2003080803,6463,2003080806,6464,2003080809
200312E,2003091500,3821,45.0,1000.0,0.0,3818,2003091415,3819,2003091418,3820,2003091421,3821,2003091500
200312E,2003091600,3825,60.0,990.0,0.0,3822,2003091515,3823,2003091518,3824,2003091521,3825,2003091600
200312E,2003091700,3829,35.0,1004.0,0.0,3826,2003091615,3827,2003091618,3828,2003091621,3829,2003091700
200312E,2003091800,3833,25.0,1007.0,0.0,3830,2003091715,3831,2003091718,3832,2003091721,3833,2003091800
200312E,2003091900,3837,25.0,1007.0,0.0,3834,2003091815,3835,2003091818,3836,2003091821,3837,2003091900
200312E,2003092000,3841,25.0,1007.0,0.0,3838,2003091915,3839,2003091918,3840,2003091921,3841,2003092000
200312E,2003092100,3845,25.0,1007.0,0.0,3842,2003092015,3843,2003092018,3844,2003092021,3845,2003092100
200312E,2003092200,3849,20.0,1009.0,0.0,3846,2003092115,3847,2003092118,3848,2003092121,3849,2003092200
200312E,2003092300,3853,20.0,1009.0,0.0,3850,2003092215,3851,2003092218,3852,2003092221,3853,2003092300
200313L,2003090618,283,45.0,1000.0,0.0,280,2003090609,281,2003090612,282,2003090615,283,2003090618
200313L,2003090718,287,70.0,984.0,0.0,284,2003090709,285,2003090712,286,2003090715,287,2003090718
200313L,2003090818,291,110.0,952.0,0.0,288,2003090809,289,2003090812,290,2003090815,291,2003090818
200313L,2003090821,292,113.0,950.0,0.0,289,2003090812,290,2003090815,291,2003090818,292,2003090821
200313L,2003090918,296,115.0,948.0,0.0,293,2003090909,294,2003090912,295,2003090915,296,2003090918
200313L,2003090921,297,113.0,950.0,0.0,294,2003090912,295,2003090915,296,2003090918,297,2003090921
200313L,2003091021,301,123.0,939.0,0.0,298,2003091012,299,2003091015,300,2003091018,301,2003091021
200313L,2003091118,305,145.0,915.0,0.0,302,2003091109,303,2003091112,304,2003091115,305,2003091118
200313L,2003091121,306,143.0,918.0,0.0,303,2003091112,304,2003091115,305,2003091118,306,2003091121
200313L,2003091221,310,138.0,923.0,0.0,307,2003091212,308,2003091215,309,2003091218,310,2003091221
200313L,2003091321,314,138.0,934.0,0.0,311,2003091312,312,2003091315,313,2003091318,314,2003091321
200313L,2003091421,318,135.0,935.0,0.0,315,2003091412,316,2003091415,317,2003091418,318,2003091421
200313L,2003091521,322,110.0,951.0,0.0,319,2003091512,320,2003091515,321,2003091518,322,2003091521
200313L,2003091621,326,95.0,958.0,0.0,323,2003091612,324,2003091615,325,2003091618,326,2003091621
200313L,2003091721,330,90.0,954.0,0.0,327,2003091712,328,2003091715,329,2003091718,330,2003091721
200313L,2003091821,334,75.0,964.0,0.0,331,2003091812,332,2003091815,333,2003091818,334,2003091821
200313L,2003091921,338,28.0,1000.0,0.0,335,2003091912,336,2003091915,337,2003091918,338,2003091921
200313W,2003081909,6484,30.0,1000.0,0.0,6481,2003081900,6482,2003081903,6483,2003081906,6484,2003081909
200314L,2003090818,342,25.0,1009.0,0.0,339,2003090809,340,2003090812,341,2003090815,342,2003090818
200314L,2003090918,346,30.0,1007.0,0.0,343,2003090909,344,2003090912,345,2003090915,346,2003090918
200315W,2003090506,6515,25.0,1002.0,0.0,6512,2003090421,6513,2003090500,6514,2003090503,6515,2003090506
200315W,2003091006,6532,150.0,885.0,155.0,6529,2003090921,6530,2003091000,6531,2003091003,6532,2003091006
200315W,2003091009,6533,150.0,885.0,155.0,6530,2003091000,6531,2003091003,6532,2003091006,6533,2003091009
200315W,2003091109,6537,135.0,904.0,150.6,6534,2003091100,6535,2003091103,6536,2003091106,6537,2003091109
200315W,2003091209,6541,100.0,944.0,140.6,6538,2003091200,6539,2003091203,6540,2003091206,6541,2003091209
200315W,2003091309,6545,58.0,982.0,120.0,6542,2003091300,6543,2003091303,6544,2003091306,6545,2003091309
200316E,2003102100,3939,45.0,1000.0,0.0,3936,2003102015,3937,2003102018,3938,2003102021,3939,2003102100
200316E,2003102200,3943,70.0,984.0,0.0,3940,2003102115,3941,2003102118,3942,2003102121,3943,2003102200
200316E,2003102300,3947,45.0,1000.0,0.0,3944,2003102215,3945,2003102218,3946,2003102221,3947,2003102300
200316E,2003102400,3951,35.0,1005.0,0.0,3948,2003102315,3949,2003102318,3950,2003102321,3951,2003102400
200316E,2003102500,3955,35.0,1005.0,0.0,3952,2003102415,3953,2003102418,3954,2003102421,3955,2003102500
200316E,2003102600,3959,25.0,1008.0,0.0,3956,2003102515,3957,2003102518,3958,2003102521,3959,2003102600
200316L,2003092618,373,30.0,1007.0,0.0,370,2003092609,371,2003092612,372,2003092615,373,2003092618
200316L,2003092718,377,35.0,1005.0,0.0,374,2003092709,375,2003092712,376,2003092715,377,2003092718
200316L,2003092818,381,50.0,997.0,0.0,378,2003092809,379,2003092812,380,2003092815,381,2003092818
200316L,2003092918,385,65.0,987.0,0.0,382,2003092909,383,2003092912,384,2003092915,385,2003092918
200316L,2003093018,389,50.0,996.0,0.0,386,2003093009,387,2003093012,388,2003093015,389,2003093018
200316L,2003100118,393,65.0,987.0,0.0,390,2003100109,391,2003100112,392,2003100115,393,2003100118
200316L,2003100218,397,80.0,976.0,0.0,394,2003100209,395,2003100212,396,2003100215,397,2003100218
200316L,2003100321,401,100.0,962.0,0.0,398,2003100312,399,2003100315,400,2003100318,401,2003100321
200316L,2003100421,405,105.0,957.0,0.0,402,2003100412,403,2003100415,404,2003100418,405,2003100421
200316L,2003100521,409,83.0,976.0,0.0,406,2003100512,407,2003100515,408,2003100518,409,2003100521
200316L,2003100621,413,68.0,985.0,0.0,410,2003100612,411,2003100615,412,2003100618,413,2003100621
200316W,2003091909,6552,58.0,982.0,90.0,6549,2003091900,6550,2003091903,6551,2003091906,6552,2003091909
200316W,2003092009,6556,68.0,974.0,125.0,6553,2003092000,6554,2003092003,6555,2003092006,6556,2003092009
200316W,2003092206,6563,90.0,954.0,167.5,6560,2003092121,6561,2003092200,6562,2003092203,6563,2003092206
200317L,2003092821,422,20.0,1008.0,0.0,419,2003092812,420,2003092815,421,2003092818,422,2003092821
200317L,2003100100,429,40.0,1006.0,0.0,426,2003093015,427,2003093018,428,2003093021,429,2003100100
200317L,2003100200,433,45.0,1002.0,0.0,430,2003100115,431,2003100118,432,2003100121,433,2003100200
200317L,2003100300,437,55.0,993.0,0.0,434,2003100215,435,2003100218,436,2003100221,437,2003100300
200317L,2003100400,441,50.0,995.0,0.0,438,2003100315,439,2003100318,440,2003100321,441,2003100400
200317L,2003100500,445,50.0,996.0,0.0,442,2003100415,443,2003100418,444,2003100421,445,2003100500
200317L,2003100600,449,35.0,1003.0,0.0,446,2003100515,447,2003100518,448,2003100521,449,2003100600
200317L,2003100700,453,15.0,1007.0,0.0,450,2003100615,451,2003100618,452,2003100621,453,2003100700
200318L,2003101121,461,35.0,1007.0,0.0,458,2003101112,459,2003101115,460,2003101118,461,2003101121
200318L,2003101221,465,30.0,1008.0,0.0,462,2003101212,463,2003101215,464,2003101218,465,2003101221
200318L,2003101321,469,28.0,1008.0,0.0,466,2003101312,467,2003101315,468,2003101318,469,2003101321
200318W,2003100706,6598,25.0,1002.0,0.0,6595,2003100621,6596,2003100700,6597,2003100703,6598,2003100706
200318W,2003100709,6599,25.0,1002.0,0.0,6596,2003100700,6597,2003100703,6598,2003100706,6599,2003100709
200318W,2003100809,6603,25.0,1002.0,0.0,6600,2003100800,6601,2003100803,6602,2003100806,6603,2003100809
200318W,2003100909,6607,25.0,1002.0,0.0,6604,2003100900,6605,2003100903,6606,2003100906,6607,2003100909
200318W,2003101009,6611,25.0,1002.0,0.0,6608,2003101000,6609,2003101003,6610,2003101006,6611,2003101009
200319L,2003101318,473,30.0,1007.0,0.0,470,2003101309,471,2003101312,472,2003101315,473,2003101318
200319L,2003101418,477,35.0,1005.0,0.0,474,2003101409,475,2003101412,476,2003101415,477,2003101418
200319L,2003101518,481,45.0,1000.0,0.0,478,2003101509,479,2003101512,480,2003101515,481,2003101518
200319L,2003101618,485,55.0,994.0,0.0,482,2003101609,483,2003101612,484,2003101615,485,2003101618
200319L,2003101718,489,55.0,994.0,0.0,486,2003101709,487,2003101712,488,2003101715,489,2003101718
200319L,2003101918,496,45.0,1000.0,0.0,493,2003101909,494,2003101912,495,2003101915,496,2003101918
200319L,2003102121,503,43.0,1001.0,0.0,500,2003102112,501,2003102115,502,2003102118,503,2003102121
200319L,2003102321,510,28.0,1009.0,0.0,507,2003102312,508,2003102315,509,2003102318,510,2003102321
200319L,2003102421,514,23.0,1013.0,0.0,511,2003102412,512,2003102415,513,2003102418,514,2003102421
200319L,2003102721,524,33.0,1008.0,0.0,521,2003102712,522,2003102715,523,2003102718,524,2003102721
200319L,2003102821,528,28.0,1009.0,0.0,525,2003102812,526,2003102815,527,2003102818,528,2003102821
200319L,2003103021,534,30.0,1008.0,0.0,531,2003103012,532,2003103015,533,2003103018,534,2003103021
200319L,2003103121,538,30.0,1006.0,0.0,535,2003103112,536,2003103115,537,2003103118,538,2003103121
200319W,2003101109,6618,28.0,1001.0,0.0,6615,2003101100,6616,2003101103,6617,2003101106,6618,2003101109
200319W,2003101209,6622,30.0,1000.0,0.0,6619,2003101200,6620,2003101203,6621,2003101206,6622,2003101209
200320L,2003120421,545,40.0,1002.0,0.0,542,2003120412,543,2003120415,544,2003120418,545,2003120421
200320L,2003120521,549,50.0,995.0,0.0,546,2003120512,547,2003120515,548,2003120518,549,2003120521
200320L,2003120621,553,50.0,996.0,0.0,550,2003120612,551,2003120615,552,2003120618,553,2003120621
200320L,2003120721,557,45.0,1002.0,0.0,554,2003120712,555,2003120715,556,2003120718,557,2003120721
200320L,2003120821,561,40.0,1005.0,0.0,558,2003120812,559,2003120815,560,2003120818,561,2003120821
200320W,2003101906,6627,40.0,994.0,45.0,6624,2003101821,6625,2003101900,6626,2003101903,6627,2003101906
200320W,2003101909,6628,40.0,994.0,45.0,6625,2003101900,6626,2003101903,6627,2003101906,6628,2003101909
200320W,2003102009,6632,60.0,980.0,78.1,6629,2003102000,6630,2003102003,6631,2003102006,6632,2003102009
200320W,2003102106,6636,115.0,927.0,146.2,6633,2003102021,6634,2003102100,6635,2003102103,6636,2003102106
200320W,2003102109,6637,120.0,922.0,165.6,6634,2003102100,6635,2003102103,6636,2003102106,6637,2003102109
200320W,2003102309,6644,105.0,938.0,165.0,6641,2003102300,6642,2003102303,6643,2003102306,6644,2003102309
200320W,2003102409,6648,88.0,956.0,153.8,6645,2003102400,6646,2003102403,6647,2003102406,6648,2003102409
200320W,2003102606,6655,70.0,972.0,135.0,6652,2003102521,6653,2003102600,6654,2003102603,6655,2003102606
200320W,2003102609,6656,68.0,974.0,135.0,6653,2003102600,6654,2003102603,6655,2003102606,6656,2003102609
200321L,2003120818,569,40.0,1004.0,0.0,566,2003120809,567,2003120812,568,2003120815,569,2003120818
200321L,2003120918,573,60.0,990.0,0.0,570,2003120909,571,2003120912,572,2003120915,573,2003120918
200321L,2003121018,577,30.0,1005.0,0.0,574,2003121009,575,2003121012,576,2003121015,577,2003121018
200322W,2003102209,6715,25.0,1002.0,0.0,6712,2003102200,6713,2003102203,6714,2003102206,6715,2003102209
200322W,2003102309,6719,25.0,1002.0,0.0,6716,2003102300,6717,2003102303,6718,2003102306,6719,2003102309
200323W,2003102209,6724,28.0,1001.0,0.0,6721,2003102200,6722,2003102203,6723,2003102206,6724,2003102209
200323W,2003102309,6728,25.0,1002.0,0.0,6725,2003102300,6726,2003102303,6727,2003102306,6728,2003102309
200323W,2003102409,6732,25.0,1002.0,0.0,6729,2003102400,6730,2003102403,6731,2003102406,6732,2003102409
200323W,2003102509,6736,25.0,1002.0,0.0,6733,2003102500,6734,2003102503,6735,2003102506,6736,2003102509
200323W,2003102609,6740,25.0,1002.0,0.0,6737,2003102600,6738,2003102603,6739,2003102606,6740,2003102609
200323W,2003102709,6744,35.0,997.0,0.0,6741,2003102700,6742,2003102703,6743,2003102706,6744,2003102709
200323W,2003102812,6748,30.0,1000.0,0.0,6745,2003102803,6746,2003102806,6747,2003102809,6748,2003102812
200324W,2003103009,6754,30.0,1000.0,0.0,6751,2003103000,6752,2003103003,6753,2003103006,6754,2003103009
200324W,2003103109,6758,58.0,980.0,70.0,6755,2003103100,6756,2003103103,6757,2003103106,6758,2003103109
200324W,2003110109,6762,68.0,974.0,61.2,6759,2003110100,6760,2003110103,6761,2003110106,6762,2003110109
200324W,2003110206,6766,60.0,980.0,100.0,6763,2003110121,6764,2003110200,6765,2003110203,6766,2003110206
200324W,2003110209,6767,60.0,980.0,100.0,6764,2003110200,6765,2003110203,6766,2003110206,6767,2003110209
200324W,2003110306,6771,45.0,991.0,65.0,6768,2003110221,6769,2003110300,6770,2003110303,6771,2003110306
200324W,2003110309,6772,45.0,991.0,66.2,6769,2003110300,6770,2003110303,6771,2003110306,6772,2003110309
200325W,2003111206,6777,25.0,1002.0,0.0,6774,2003111121,6775,2003111200,6776,2003111203,6777,2003111206
200325W,2003111209,6778,30.0,1000.0,0.0,6775,2003111200,6776,2003111203,6777,2003111206,6778,2003111209
200325W,2003111309,6782,48.0,989.0,100.0,6779,2003111300,6780,2003111303,6781,2003111306,6782,2003111309
200325W,2003111409,6786,58.0,982.0,100.0,6783,2003111400,6784,2003111403,6785,2003111406,6786,2003111409
200325W,2003111509,6790,65.0,976.0,100.0,6787,2003111500,6788,2003111503,6789,2003111506,6790,2003111509
200325W,2003111609,6794,75.0,967.0,110.0,6791,2003111600,6792,2003111603,6793,2003111606,6794,2003111609
200325W,2003111709,6798,65.0,976.0,82.5,6795,2003111700,6796,2003111703,6797,2003111706,6798,2003111709
200325W,2003111809,6802,63.0,978.0,130.0,6799,2003111800,6800,2003111803,6801,2003111806,6802,2003111809
200325W,2003111909,6806,25.0,1002.0,0.0,6803,2003111900,6804,2003111903,6805,2003111906,6806,2003111909
200326W,2003111506,6810,20.0,1004.0,0.0,6807,2003111421,6808,2003111500,6809,2003111503,6810,2003111506
200326W,2003111509,6811,20.0,1004.0,0.0,6808,2003111500,6809,2003111503,6810,2003111506,6811,2003111509
200326W,2003111606,6815,15.0,1006.0,0.0,6812,2003111521,6813,2003111600,6814,2003111603,6815,2003111606
200326W,2003111609,6816,15.0,1006.0,0.0,6813,2003111600,6814,2003111603,6815,2003111606,6816,2003111609
200326W,2003111706,6820,15.0,1006.0,0.0,6817,2003111621,6818,2003111700,6819,2003111703,6820,2003111706
200326W,2003111709,6821,15.0,1006.0,0.0,6818,2003111700,6819,2003111703,6820,2003111706,6821,2003111709
200326W,2003111806,6825,20.0,1004.0,0.0,6822,2003111721,6823,2003111800,6824,2003111803,6825,2003111806
200326W,2003111809,6826,23.0,1003.0,0.0,6823,2003111800,6824,2003111803,6825,2003111806,6826,2003111809
200326W,2003111906,6830,25.0,1002.0,0.0,6827,2003111821,6828,2003111900,6829,2003111903,6830,2003111906
200326W,2003111909,6831,25.0,1003.0,0.0,6828,2003111900,6829,2003111903,6830,2003111906,6831,2003111909
200326W,2003112006,6835,30.0,1000.0,0.0,6832,2003111921,6833,2003112000,6834,2003112003,6835,2003112006
200326W,2003112009,6836,30.0,1000.0,0.0,6833,2003112000,6834,2003112003,6835,2003112006,6836,2003112009
200326W,2003112106,6840,35.0,997.0,15.0,6837,2003112021,6838,2003112100,6839,2003112103,6840,2003112106
200326W,2003112109,6841,38.0,996.0,7.5,6838,2003112100,6839,2003112103,6840,2003112106,6841,2003112109
200326W,2003112206,6845,65.0,976.0,110.0,6842,2003112121,6843,2003112200,6844,2003112203,6845,2003112206
200326W,2003112209,6846,68.0,974.0,110.0,6843,2003112200,6844,2003112203,6845,2003112206,6846,2003112209
200326W,2003112306,6850,85.0,958.0,115.0,6847,2003112221,6848,2003112300,6849,2003112303,6850,2003112306
200326W,2003112309,6851,88.0,956.0,115.0,6848,2003112300,6849,2003112303,6850,2003112306,6851,2003112309
200326W,2003112406,6855,95.0,949.0,120.0,6852,2003112321,6853,2003112400,6854,2003112403,6855,2003112406
200326W,2003112409,6856,98.0,947.0,121.2,6853,2003112400,6854,2003112403,6855,2003112406,6856,2003112409
200326W,2003112606,6863,140.0,898.0,190.0,6860,2003112521,6861,2003112600,6862,2003112603,6863,2003112606
200326W,2003112609,6864,140.0,898.0,196.2,6861,2003112600,6862,2003112603,6863,2003112606,6864,2003112609
200326W,2003112709,6868,143.0,895.0,207.5,6865,2003112700,6866,2003112703,6867,2003112706,6868,2003112709
200326W,2003112809,6872,135.0,904.0,215.0,6869,2003112800,6870,2003112803,6871,2003112806,6872,2003112809
200326W,2003112909,6876,105.0,938.0,210.0,6873,2003112900,6874,2003112903,6875,2003112906,6876,2003112909
200326W,2003113009,6880,98.0,947.0,182.5,6877,2003113000,6878,2003113003,6879,2003113006,6880,2003113009
200401E,2004052300,3964,50.0,997.0,75.0,3961,2004052215,3962,2004052218,3963,2004052221,3964,2004052300
200401E,2004052400,3968,30.0,1003.0,0.0,3965,2004052315,3966,2004052318,3967,2004052321,3968,2004052400
200401E,2004052500,3972,25.0,1008.0,0.0,3969,2004052415,3970,2004052418,3971,2004052421,3972,2004052500
200401E,2004052600,3976,15.0,1010.0,0.0,3973,2004052515,3974,2004052518,3975,2004052521,3976,2004052600
200401W,2004021209,6907,30.0,1000.0,0.0,6904,2004021200,6905,2004021203,6906,2004021206,6907,2004021209
200401W,2004021309,6911,33.0,999.0,0.0,6908,2004021300,6909,2004021303,6910,2004021306,6911,2004021309
200401W,2004021409,6915,33.0,999.0,18.8,6912,2004021400,6913,2004021403,6914,2004021406,6915,2004021409
200401W,2004021509,6919,28.0,1001.0,0.0,6916,2004021500,6917,2004021503,6918,2004021506,6919,2004021509
200401W,2004021609,6923,25.0,1002.0,0.0,6920,2004021600,6921,2004021603,6922,2004021606,6923,2004021609
200401W,2004021709,6927,25.0,1002.0,0.0,6924,2004021700,6925,2004021703,6926,2004021706,6927,2004021709
200402E,2004070300,3980,30.0,1007.0,0.0,3977,2004070215,3978,2004070218,3979,2004070221,3980,2004070300
200402E,2004070400,3985,20.0,1008.0,0.0,3982,2004070315,3983,2004070318,3984,2004070321,3985,2004070400
200402E,2004070418,3989,20.0,1009.0,0.0,3986,2004070409,3987,2004070412,3988,2004070415,3989,2004070418
200402E,2004070421,3990,20.0,1009.0,0.0,3987,2004070412,3988,2004070415,3989,2004070418,3990,2004070421
200402E,2004070500,3991,20.0,1009.0,0.0,3988,2004070415,3989,2004070418,3990,2004070421,3991,2004070500
200402L,2004080321,609,28.0,1010.0,0.0,606,2004080312,607,2004080315,608,2004080318,609,2004080321
200402L,2004080421,613,28.0,1010.0,0.0,610,2004080412,611,2004080415,612,2004080418,613,2004080421
200402L,2004080521,617,25.0,1011.0,0.0,614,2004080512,615,2004080515,616,2004080518,617,2004080521
200402L,2004080621,621,25.0,1011.0,0.0,618,2004080612,619,2004080615,620,2004080618,621,2004080621
200402L,2004080721,625,20.0,1013.0,0.0,622,2004080712,623,2004080715,624,2004080718,625,2004080721
200402L,2004080900,629,25.0,1008.0,0.0,626,2004080815,627,2004080818,628,2004080821,629,2004080900
200402L,2004080921,633,43.0,1007.0,25.0,630,2004080912,631,2004080915,632,2004080918,633,2004080921
200402L,2004081000,634,45.0,1006.0,25.0,631,2004080915,632,2004080918,633,2004080921,634,2004081000
200402L,2004081021,638,43.0,1003.0,28.8,635,2004081012,636,2004081015,637,2004081018,638,2004081021
200402L,2004081100,639,40.0,1003.0,25.0,636,2004081015,637,2004081018,638,2004081021,639,2004081100
200402L,2004081121,643,53.0,1004.0,38.8,640,2004081112,641,2004081115,642,2004081118,643,2004081121
200402L,2004081200,644,50.0,1007.0,38.8,641,2004081115,642,2004081118,643,2004081121,644,2004081200
200402L,2004081221,648,28.0,1007.0,0.0,645,2004081212,646,2004081215,647,2004081218,648,2004081221
200402L,2004081300,649,25.0,1008.0,0.0,646,2004081215,647,2004081218,648,2004081221,649,2004081300
200403E,2004071221,3995,40.0,1000.0,151.3,3992,2004071212,3993,2004071215,3994,2004071218,3995,2004071221
200403E,2004071300,3996,45.0,997.0,167.5,3993,2004071215,3994,2004071218,3995,2004071221,3996,2004071300
200403E,2004071318,4000,50.0,994.0,135.0,3997,2004071309,3998,2004071312,3999,2004071315,4000,2004071318
200403E,2004071321,4001,48.0,996.0,122.5,3998,2004071312,3999,2004071315,4000,2004071318,4001,2004071321
200403E,2004071400,4002,45.0,997.0,110.0,3999,2004071315,4000,2004071318,4001,2004071321,4002,2004071400
200403E,2004071418,4006,30.0,1004.0,0.0,4003,2004071409,4004,2004071412,4005,2004071415,4006,2004071418
200403E,2004071421,4007,30.0,1005.0,0.0,4004,2004071412,4005,2004071415,4006,2004071418,4007,2004071421
200403E,2004071500,4008,30.0,1005.0,0.0,4005,2004071415,4006,2004071418,4007,2004071421,4008,2004071500
200403E,2004071518,4012,25.0,1008.0,0.0,4009,2004071509,4010,2004071512,4011,2004071515,4012,2004071518
200403E,2004071521,4013,25.0,1008.0,0.0,4010,2004071512,4011,2004071515,4012,2004071518,4013,2004071521
200403E,2004071600,4014,25.0,1008.0,0.0,4011,2004071515,4012,2004071518,4013,2004071521,4014,2004071600
200403E,2004071618,4018,20.0,1008.0,0.0,4015,2004071609,4016,2004071612,4017,2004071615,4018,2004071618
200403E,2004071621,4019,20.0,1009.0,0.0,4016,2004071612,4017,2004071615,4018,2004071618,4019,2004071621
200403E,2004071700,4020,20.0,1009.0,0.0,4017,2004071615,4018,2004071618,4019,2004071621,4020,2004071700
200403E,2004071718,4024,15.0,1010.0,0.0,4021,2004071709,4022,2004071712,4023,2004071715,4024,2004071718
200403E,2004071721,4025,15.0,1010.0,0.0,4022,2004071712,4023,2004071715,4024,2004071718,4025,2004071721
200403E,2004071800,4026,15.0,1010.0,0.0,4023,2004071715,4024,2004071718,4025,2004071721,4026,2004071800
200403E,2004071803,4027,15.0,1011.0,0.0,4024,2004071718,4025,2004071721,4026,2004071800,4027,2004071803
200403E,2004071818,4031,15.0,1013.0,0.0,4028,2004071809,4029,2004071812,4030,2004071815,4031,2004071818
200403E,2004071821,4032,15.0,1014.0,0.0,4029,2004071812,4030,2004071815,4031,2004071818,4032,2004071821
200403E,2004071900,4033,15.0,1014.0,0.0,4030,2004071815,4031,2004071818,4032,2004071821,4033,2004071900
200403E,2004071903,4034,15.0,1015.0,0.0,4031,2004071818,4032,2004071821,4033,2004071900,4034,2004071903
200403W,2004040306,6973,25.0,1002.0,0.0,6970,2004040221,6971,2004040300,6972,2004040303,6973,2004040306
200403W,2004040809,6990,115.0,927.0,161.2,6987,2004040800,6988,2004040803,6989,2004040806,6990,2004040809
200403W,2004040906,6994,110.0,933.0,135.0,6991,2004040821,6992,2004040900,6993,2004040903,6994,2004040906
200403W,2004040909,6995,113.0,930.0,135.0,6992,2004040900,6993,2004040903,6994,2004040906,6995,2004040909
200403W,2004041109,7003,113.0,930.0,165.0,7000,2004041100,7001,2004041103,7002,2004041106,7003,2004041109
200403W,2004041209,7007,118.0,925.0,165.0,7004,2004041200,7005,2004041203,7006,2004041206,7007,2004041209
200403W,2004041309,7011,120.0,922.0,170.0,7008,2004041300,7009,2004041303,7010,2004041306,7011,2004041309
200403W,2004041506,7018,70.0,972.0,142.5,7015,2004041421,7016,2004041500,7017,2004041503,7018,2004041506
200403W,2004041509,7019,63.0,978.0,148.8,7016,2004041500,7017,2004041503,7018,2004041506,7019,2004041509
200404E,2004071918,4039,45.0,1000.0,55.0,4036,2004071909,4037,2004071912,4038,2004071915,4039,2004071918
200404E,2004071921,4040,45.0,1000.0,57.5,4037,2004071912,4038,2004071915,4039,2004071918,4040,2004071921
200404E,2004072000,4041,45.0,1000.0,60.0,4038,2004071915,4039,2004071918,4040,2004071921,4041,2004072000
200404E,2004072018,4045,50.0,997.0,52.5,4042,2004072009,4043,2004072012,4044,2004072015,4045,2004072018
200404E,2004072021,4046,50.0,997.0,52.5,4043,2004072012,4044,2004072015,4045,2004072018,4046,2004072021
200404E,2004072100,4047,50.0,997.0,52.5,4044,2004072015,4045,2004072018,4046,2004072021,4047,2004072100
200404E,2004072118,4051,60.0,991.0,60.0,4048,2004072109,4049,2004072112,4050,2004072115,4051,2004072118
200404E,2004072121,4052,63.0,989.0,62.5,4049,2004072112,4050,2004072115,4051,2004072118,4052,2004072121
200404E,2004072200,4053,65.0,987.0,65.0,4050,2004072115,4051,2004072118,4052,2004072121,4053,2004072200
200404E,2004072218,4057,60.0,990.0,70.0,4054,2004072209,4055,2004072212,4056,2004072215,4057,2004072218
200404E,2004072221,4058,55.0,994.0,57.5,4055,2004072212,4056,2004072215,4057,2004072218,4058,2004072221
200404E,2004072300,4059,50.0,997.0,45.0,4056,2004072215,4057,2004072218,4058,2004072221,4059,2004072300
200404E,2004072400,4064,35.0,1004.0,35.0,4061,2004072315,4062,2004072318,4063,2004072321,4064,2004072400
200404E,2004072500,4069,30.0,1006.0,0.0,4066,2004072415,4067,2004072418,4068,2004072421,4069,2004072500
200404E,2004072503,4070,30.0,1006.0,0.0,4067,2004072418,4068,2004072421,4069,2004072500,4070,2004072503
200404E,2004072518,4074,25.0,1007.0,0.0,4071,2004072509,4072,2004072512,4073,2004072515,4074,2004072518
200404E,2004072521,4075,25.0,1008.0,0.0,4072,2004072512,4073,2004072515,4074,2004072518,4075,2004072521
200404E,2004072600,4076,25.0,1009.0,0.0,4073,2004072515,4074,2004072518,4075,2004072521,4076,2004072600
200404E,2004072603,4077,25.0,1010.0,0.0,4074,2004072518,4075,2004072521,4076,2004072600,4077,2004072603
200404W,2004051409,7025,60.0,980.0,112.5,7022,2004051400,7023,2004051403,7024,2004051406,7025,2004051409
200404W,2004051509,7029,90.0,954.0,157.5,7026,2004051500,7027,2004051503,7028,2004051506,7029,2004051509
200404W,2004051609,7033,133.0,907.0,145.0,7030,2004051600,7031,2004051603,7032,2004051606,7033,2004051609
200404W,2004051709,7037,128.0,913.0,130.0,7034,2004051700,7035,2004051703,7036,2004051706,7037,2004051709
200404W,2004051809,7041,123.0,919.0,135.0,7038,2004051800,7039,2004051803,7040,2004051806,7041,2004051809
200404W,2004051909,7045,98.0,947.0,127.5,7042,2004051900,7043,2004051903,7044,2004051906,7045,2004051909
200404W,2004052009,7049,73.0,970.0,112.5,7046,2004052000,7047,2004052003,7048,2004052006,7049,2004052009
200404W,2004052106,7053,45.0,991.0,97.5,7050,2004052021,7051,2004052100,7052,2004052103,7053,2004052106
200405L,2004081421,738,35.0,1010.0,37.5,735,2004081412,736,2004081415,737,2004081418,738,2004081421
200406E,2004080200,4113,25.0,1008.0,0.0,4110,2004080115,4111,2004080118,4112,2004080121,4113,2004080200
200406L,2004082518,745,35.0,1005.0,30.0,742,2004082509,743,2004082512,744,2004082515,745,2004082518
200406L,2004082618,749,65.0,987.0,62.5,746,2004082609,747,2004082612,748,2004082615,749,2004082618
200406L,2004082621,750,68.0,986.0,65.0,747,2004082612,748,2004082615,749,2004082618,750,2004082621
200406L,2004082700,751,70.0,984.0,67.5,748,2004082615,749,2004082618,750,2004082621,751,2004082700
200406L,2004082718,755,100.0,962.0,85.0,752,2004082709,753,2004082712,754,2004082715,755,2004082718
200406L,2004082721,756,100.0,962.0,85.0,753,2004082712,754,2004082715,755,2004082718,756,2004082721
200406L,2004082821,760,115.0,948.0,98.8,757,2004082812,758,2004082815,759,2004082818,760,2004082821
200406L,2004082921,764,108.0,951.0,130.0,761,2004082912,762,2004082915,763,2004082918,764,2004082921
200406L,2004083021,768,110.0,947.0,141.3,765,2004083012,766,2004083015,767,2004083018,768,2004083021
200406L,2004083121,772,123.0,942.0,142.5,769,2004083112,770,2004083115,771,2004083118,772,2004083121
200406L,2004090121,776,120.0,940.0,142.5,773,2004090112,774,2004090115,775,2004090118,776,2004090121
200406L,2004090221,780,110.0,948.0,146.3,777,2004090212,778,2004090215,779,2004090218,780,2004090221
200406L,2004090321,784,88.0,960.0,151.9,781,2004090312,782,2004090315,783,2004090318,784,2004090321
200406L,2004090421,788,93.0,960.0,155.0,785,2004090412,786,2004090415,787,2004090418,788,2004090421
200406L,2004090521,792,58.0,977.0,143.8,789,2004090512,790,2004090515,791,2004090518,792,2004090521
200406L,2004090621,796,43.0,983.0,52.5,793,2004090612,794,2004090615,795,2004090618,796,2004090621
200406L,2004090700,797,35.0,984.0,45.0,794,2004090615,795,2004090618,796,2004090621,797,2004090700
200406L,2004090721,801,25.0,997.0,0.0,798,2004090712,799,2004090715,800,2004090718,801,2004090721
200406L,2004090800,802,25.0,998.0,0.0,799,2004090715,800,2004090718,801,2004090721,802,2004090800
200406L,2004090821,806,25.0,1002.0,0.0,803,2004090812,804,2004090815,805,2004090818,806,2004090821
200406W,2004051606,7076,30.0,1000.0,0.0,7073,2004051521,7074,2004051600,7075,2004051603,7076,2004051606
200406W,2004051609,7077,33.0,999.0,0.0,7074,2004051600,7075,2004051603,7076,2004051606,7077,2004051609
200406W,2004051806,7085,55.0,984.0,60.0,7082,2004051721,7083,2004051800,7084,2004051803,7085,2004051806
200406W,2004051809,7086,55.0,984.0,60.0,7083,2004051800,7084,2004051803,7085,2004051806,7086,2004051809
200406W,2004051906,7090,60.0,980.0,70.0,7087,2004051821,7088,2004051900,7089,2004051903,7090,2004051906
200406W,2004051909,7091,60.0,980.0,65.0,7088,2004051900,7089,2004051903,7090,2004051906,7091,2004051909
200407E,2004082000,4117,30.0,1007.0,0.0,4114,2004081915,4115,2004081918,4116,2004081921,4117,2004082000
200407E,2004082003,4118,33.0,1007.0,31.3,4115,2004081918,4116,2004081921,4117,2004082000,4118,2004082003
200407E,2004082100,4122,55.0,994.0,100.0,4119,2004082015,4120,2004082018,4121,2004082021,4122,2004082100
200407E,2004082103,4123,55.0,993.0,100.0,4120,2004082018,4121,2004082021,4122,2004082100,4123,2004082103
200407E,2004082200,4127,55.0,995.0,92.5,4124,2004082115,4125,2004082118,4126,2004082121,4127,2004082200
200407E,2004082203,4128,53.0,996.0,96.3,4125,2004082118,4126,2004082121,4127,2004082200,4128,2004082203
200407E,2004082300,4132,30.0,998.0,0.0,4129,2004082215,4130,2004082218,4131,2004082221,4132,2004082300
200407E,2004082303,4133,30.0,1000.0,0.0,4130,2004082218,4131,2004082221,4132,2004082300,4133,2004082303
200407E,2004082403,4137,25.0,1011.0,0.0,4134,2004082318,4135,2004082321,4136,2004082400,4137,2004082403
200407E,2004082503,4141,20.0,1012.0,0.0,4138,2004082418,4139,2004082421,4140,2004082500,4141,2004082503
200407L,2004082721,815,28.0,1013.0,0.0,812,2004082712,813,2004082715,814,2004082718,815,2004082721
200407L,2004082821,819,53.0,996.0,53.8,816,2004082812,817,2004082815,818,2004082818,819,2004082821
200407L,2004082921,823,38.0,994.0,7.5,820,2004082912,821,2004082915,822,2004082918,823,2004082921
200407L,2004083121,830,38.0,999.0,60.0,827,2004083112,828,2004083115,829,2004083118,830,2004083121
200407W,2004060509,7103,33.0,999.0,0.0,7100,2004060500,7101,2004060503,7102,2004060506,7103,2004060509
200407W,2004060609,7107,45.0,991.0,45.0,7104,2004060600,7105,2004060603,7106,2004060606,7107,2004060609
200407W,2004060709,7111,58.0,982.0,67.5,7108,2004060700,7109,2004060703,7110,2004060706,7111,2004060709
200407W,2004060809,7115,80.0,963.0,72.5,7112,2004060800,7113,2004060803,7114,2004060806,7115,2004060809
200407W,2004060909,7119,95.0,949.0,75.0,7116,2004060900,7117,2004060903,7118,2004060906,7119,2004060909
200407W,2004061009,7123,83.0,961.0,68.8,7120,2004061000,7121,2004061003,7122,2004061006,7123,2004061009
200408L,2004082821,839,30.0,1015.0,0.0,836,2004082812,837,2004082815,838,2004082818,839,2004082821
200408L,2004082921,843,40.0,1005.0,40.6,840,2004082912,841,2004082915,842,2004082918,843,2004082921
200409E,2004082500,4165,30.0,1005.0,0.0,4162,2004082415,4163,2004082418,4164,2004082421,4165,2004082500
200409E,2004082600,4169,25.0,1009.0,0.0,4166,2004082515,4167,2004082518,4168,2004082521,4169,2004082600
200409E,2004082700,4173,20.0,1009.0,0.0,4170,2004082615,4171,2004082618,4172,2004082621,4173,2004082700
200409E,2004082703,4174,20.0,1009.0,0.0,4171,2004082618,4172,2004082621,4173,2004082700,4174,2004082703
200409E,2004082800,4178,20.0,1010.0,0.0,4175,2004082715,4176,2004082718,4177,2004082721,4178,2004082800
200409E,2004082803,4179,20.0,1010.0,0.0,4176,2004082718,4177,2004082721,4178,2004082800,4179,2004082803
200409L,2004090318,852,45.0,1000.0,92.5,849,2004090309,850,2004090312,851,2004090315,852,2004090318
200409L,2004090418,856,55.0,994.0,70.0,853,2004090409,854,2004090412,855,2004090415,856,2004090418
200409L,2004090518,860,110.0,955.0,100.0,857,2004090509,858,2004090512,859,2004090515,860,2004090518
200409L,2004090521,861,112.0,952.0,105.0,858,2004090512,859,2004090515,860,2004090518,861,2004090521
200409L,2004090621,865,90.0,966.0,90.0,862,2004090612,863,2004090615,864,2004090618,865,2004090621
200409L,2004090721,869,110.0,953.0,111.2,866,2004090712,867,2004090715,868,2004090718,869,2004090721
200409L,2004090800,870,115.0,950.0,113.8,867,2004090715,868,2004090718,869,2004090721,870,2004090800
200409L,2004091121,883,145.0,915.0,125.0,880,2004091112,881,2004091115,882,2004091118,883,2004091121
200409L,2004091221,887,135.0,918.0,140.0,884,2004091212,885,2004091215,886,2004091218,887,2004091221
200409L,2004091321,891,140.0,913.0,160.0,888,2004091312,889,2004091315,890,2004091318,891,2004091321
200409L,2004091521,898,112.0,934.0,187.5,895,2004091512,896,2004091515,897,2004091518,898,2004091521
200409L,2004091621,902,40.0,980.0,25.0,899,2004091612,900,2004091615,901,2004091618,902,2004091621
200409L,2004091818,909,25.0,1002.0,0.0,906,2004091809,907,2004091812,908,2004091815,909,2004091818
200409L,2004091821,910,30.0,1002.0,7.5,907,2004091812,908,2004091815,909,2004091818,910,2004091821
200409L,2004091900,911,35.0,1003.0,15.0,908,2004091815,909,2004091818,910,2004091821,911,2004091900
200409L,2004091918,915,35.0,1008.0,18.8,912,2004091909,913,2004091912,914,2004091915,915,2004091918
200409L,2004091921,916,35.0,1008.0,18.8,913,2004091912,914,2004091915,915,2004091918,916,2004091921
200409L,2004092000,917,35.0,1008.0,18.8,914,2004091915,915,2004091918,916,2004091921,917,2004092000
200409L,2004092021,921,25.0,1009.0,0.0,918,2004092012,919,2004092015,920,2004092018,921,2004092021
200409L,2004092221,928,32.0,1008.0,13.1,925,2004092212,926,2004092215,927,2004092218,928,2004092221
200409L,2004092300,929,35.0,1007.0,26.2,926,2004092215,927,2004092218,928,2004092221,929,2004092300
200409L,2004092400,933,30.0,1003.0,0.0,930,2004092315,931,2004092318,932,2004092321,933,2004092400
200410E,2004082700,4183,40.0,1002.0,43.8,4180,2004082615,4181,2004082618,4182,2004082621,4183,2004082700
200410E,2004082800,4187,45.0,1000.0,61.3,4184,2004082715,4185,2004082718,4186,2004082721,4187,2004082800
200410E,2004082900,4191,50.0,997.0,67.5,4188,2004082815,4189,2004082818,4190,2004082821,4191,2004082900
200410E,2004083000,4195,35.0,1004.0,50.0,4192,2004082915,4193,2004082918,4194,2004082921,4195,2004083000
200410E,2004083100,4199,20.0,1009.0,0.0,4196,2004083015,4197,2004083018,4198,2004083021,4199,2004083100
200410E,2004090100,4203,20.0,1010.0,0.0,4200,2004083115,4201,2004083118,4202,2004083121,4203,2004090100
200410E,2004090103,4204,20.0,1010.0,0.0,4201,2004083118,4202,2004083121,4203,2004090100,4204,2004090103
200410E,2004090200,4208,20.0,1010.0,0.0,4205,2004090115,4206,2004090118,4207,2004090121,4208,2004090200
200410E,2004090203,4209,18.0,1011.0,0.0,4206,2004090118,4207,2004090121,4208,2004090200,4209,2004090203
200410E,2004090300,4213,15.0,1011.0,0.0,4210,2004090215,4211,2004090218,4212,2004090221,4213,2004090300
200410E,2004090303,4214,15.0,1012.0,0.0,4211,2004090218,4212,2004090221,4213,2004090300,4214,2004090303
200410L,2004090818,941,25.0,1012.0,0.0,938,2004090809,939,2004090812,940,2004090815,941,2004090818
200410L,2004090918,945,30.0,1014.0,0.0,942,2004090909,943,2004090912,944,2004090915,945,2004090918
200410W,2004062209,7201,15.0,1006.0,0.0,7198,2004062200,7199,2004062203,7200,2004062206,7201,2004062209
200410W,2004062306,7205,25.0,1002.0,0.0,7202,2004062221,7203,2004062300,7204,2004062303,7205,2004062306
200410W,2004062309,7206,30.0,1000.0,0.0,7203,2004062300,7204,2004062303,7205,2004062306,7206,2004062309
200410W,2004062506,7213,55.0,984.0,90.0,7210,2004062421,7211,2004062500,7212,2004062503,7213,2004062506
200410W,2004062509,7214,55.0,984.0,90.0,7211,2004062500,7212,2004062503,7213,2004062506,7214,2004062509
200410W,2004062606,7218,45.0,991.0,90.0,7215,2004062521,7216,2004062600,7217,2004062603,7218,2004062606
200410W,2004062609,7219,48.0,989.0,90.0,7216,2004062600,7217,2004062603,7218,2004062606,7219,2004062609
200410W,2004062709,7223,70.0,972.0,140.0,7220,2004062700,7221,2004062703,7222,2004062706,7223,2004062709
200410W,2004062809,7227,115.0,927.0,175.0,7224,2004062800,7225,2004062803,7226,2004062806,7227,2004062809
200410W,2004062909,7231,125.0,916.0,162.5,7228,2004062900,7229,2004062903,7230,2004062906,7231,2004062909
200410W,2004063009,7235,98.0,946.0,135.0,7232,2004063000,7233,2004063003,7234,2004063006,7235,2004063009
200410W,2004070109,7239,65.0,976.0,117.5,7236,2004070100,7237,2004070103,7238,2004070106,7239,2004070109
200410W,2004070209,7243,43.0,993.0,65.0,7240,2004070200,7241,2004070203,7242,2004070206,7243,2004070209
200410W,2004070309,7247,35.0,997.0,61.2,7244,2004070300,7245,2004070303,7246,2004070306,7247,2004070309
200411E,2004083100,4218,35.0,1005.0,30.0,4215,2004083015,4216,2004083018,4217,2004083021,4218,2004083100
200411E,2004090100,4222,55.0,994.0,62.5,4219,2004083115,4220,2004083118,4221,2004083121,4222,2004090100
200411E,2004090200,4226,80.0,976.0,82.5,4223,2004090115,4224,2004090118,4225,2004090121,4226,2004090200
200411E,2004090300,4230,115.0,948.0,105.0,4227,2004090215,4228,2004090218,4229,2004090221,4230,2004090300
200411E,2004090400,4234,70.0,984.0,90.0,4231,2004090315,4232,2004090318,4233,2004090321,4234,2004090400
200411E,2004090500,4238,40.0,999.0,62.5,4235,2004090415,4236,2004090418,4237,2004090421,4238,2004090500
200411E,2004090600,4242,25.0,1005.0,0.0,4239,2004090515,4240,2004090518,4241,2004090521,4242,2004090600
200411E,2004090700,4246,20.0,1010.0,0.0,4243,2004090615,4244,2004090618,4245,2004090621,4246,2004090700
200411E,2004090800,4250,20.0,1009.0,0.0,4247,2004090715,4248,2004090718,4249,2004090721,4250,2004090800
200411E,2004090900,4254,20.0,1009.0,0.0,4251,2004090815,4252,2004090818,4253,2004090821,4254,2004090900
200411E,2004091000,4258,20.0,1010.0,0.0,4255,2004090915,4256,2004090918,4257,2004090921,4258,2004091000
200411L,2004091421,953,52.0,996.0,35.0,950,2004091412,951,2004091415,952,2004091418,953,2004091421
200411L,2004091621,960,62.0,989.0,52.5,957,2004091612,958,2004091615,959,2004091618,960,2004091621
200411L,2004091818,967,40.0,1005.0,37.5,964,2004091809,965,2004091812,966,2004091815,967,2004091818
200411L,2004091821,968,40.0,1004.0,37.5,965,2004091812,966,2004091815,967,2004091818,968,2004091821
200411L,2004091900,969,40.0,1002.0,37.5,966,2004091815,967,2004091818,968,2004091821,969,2004091900
200411L,2004091918,973,45.0,996.0,75.0,970,2004091909,971,2004091912,972,2004091915,973,2004091918
200411L,2004091921,974,48.0,995.0,75.0,971,2004091912,972,2004091915,973,2004091918,974,2004091921
200411L,2004092000,975,50.0,994.0,75.0,972,2004091915,973,2004091918,974,2004091921,975,2004092000
200411L,2004092021,979,75.0,983.0,87.5,976,2004092012,977,2004092015,978,2004092018,979,2004092021
200411L,2004092221,986,85.0,966.0,105.0,983,2004092212,984,2004092215,985,2004092218,986,2004092221
200411L,2004092321,990,72.0,966.0,105.0,987,2004092312,988,2004092315,989,2004092318,990,2004092321
200411L,2004092421,994,85.0,966.0,124.4,991,2004092412,992,2004092415,993,2004092418,994,2004092421
200411L,2004092521,998,105.0,952.0,142.5,995,2004092512,996,2004092515,997,2004092518,998,2004092521
200411L,2004092621,1002,50.0,974.0,119.4,999,2004092612,1000,2004092615,1001,2004092618,1002,2004092621
200411L,2004092821,1009,25.0,999.0,0.0,1006,2004092812,1007,2004092815,1008,2004092818,1009,2004092821
200411W,2004062706,7260,55.0,984.0,95.0,7257,2004062621,7258,2004062700,7259,2004062703,7260,2004062706
200411W,2004062709,7261,55.0,984.0,100.0,7258,2004062700,7259,2004062703,7260,2004062706,7261,2004062709
200411W,2004062806,7265,75.0,967.0,115.0,7262,2004062721,7263,2004062800,7264,2004062803,7265,2004062806
200411W,2004062809,7266,78.0,965.0,135.0,7263,2004062800,7264,2004062803,7265,2004062806,7266,2004062809
200411W,2004063009,7274,65.0,976.0,168.8,7271,2004063000,7272,2004063003,7273,2004063006,7274,2004063009
200411W,2004070206,7282,45.0,991.0,160.0,7279,2004070121,7280,2004070200,7281,2004070203,7282,2004070206
200411W,2004070209,7283,45.0,991.0,160.0,7280,2004070200,7281,2004070203,7282,2004070206,7283,2004070209
200411W,2004070306,7287,40.0,994.0,142.5,7284,2004070221,7285,2004070300,7286,2004070303,7287,2004070306
200411W,2004070309,7288,40.0,994.0,143.8,7285,2004070300,7286,2004070303,7287,2004070306,7288,2004070309
200412L,2004091618,1014,35.0,1005.0,22.5,1011,2004091609,1012,2004091612,1013,2004091615,1014,2004091618
200412L,2004091718,1018,55.0,992.0,68.8,1015,2004091709,1016,2004091712,1017,2004091715,1018,2004091718
200412L,2004091818,1022,95.0,965.0,97.5,1019,2004091809,1020,2004091812,1021,2004091815,1022,2004091818
200412L,2004091821,1023,95.0,965.0,97.5,1020,2004091812,1021,2004091815,1022,2004091818,1023,2004091821
200412L,2004091900,1024,95.0,965.0,97.5,1021,2004091815,1022,2004091818,1023,2004091821,1024,2004091900
200412L,2004091918,1028,110.0,951.0,112.5,1025,2004091909,1026,2004091912,1027,2004091915,1028,2004091918
200412L,2004092018,1033,110.0,951.0,162.5,1030,2004092009,1031,2004092012,1032,2004092015,1033,2004092018
200412L,2004092118,1037,105.0,948.0,212.5,1034,2004092109,1035,2004092112,1036,2004092115,1037,2004092118
200412L,2004092121,1038,102.0,952.0,212.5,1035,2004092112,1036,2004092115,1037,2004092118,1038,2004092121
200412L,2004092221,1042,92.0,968.0,228.1,1039,2004092212,1040,2004092215,1041,2004092218,1042,2004092221
200412L,2004092318,1046,90.0,955.0,262.5,1043,2004092309,1044,2004092312,1045,2004092315,1046,2004092318
200412L,2004092418,1050,65.0,962.0,318.8,1047,2004092409,1048,2004092412,1049,2004092415,1050,2004092418
200413E,2004091200,4321,45.0,1000.0,52.5,4318,2004091115,4319,2004091118,4320,2004091121,4321,2004091200
200413E,2004091300,4325,75.0,979.0,80.0,4322,2004091215,4323,2004091218,4324,2004091221,4325,2004091300
200413E,2004091400,4329,130.0,930.0,100.0,4326,2004091315,4327,2004091318,4328,2004091321,4329,2004091400
200413E,2004091500,4333,125.0,936.0,102.5,4330,2004091415,4331,2004091418,4332,2004091421,4333,2004091500
200413E,2004091600,4337,110.0,950.0,100.0,4334,2004091515,4335,2004091518,4336,2004091521,4337,2004091600
200413E,2004091700,4341,100.0,960.0,95.0,4338,2004091615,4339,2004091618,4340,2004091621,4341,2004091700
200413E,2004091818,4348,45.0,995.0,52.5,4345,2004091809,4346,2004091812,4347,2004091815,4348,2004091818
200413E,2004091821,4349,38.0,998.0,26.3,4346,2004091812,4347,2004091815,4348,2004091818,4349,2004091821
200413E,2004091900,4350,30.0,1001.0,0.0,4347,2004091815,4348,2004091818,4349,2004091821,4350,2004091900
200413E,2004091918,4354,20.0,1003.0,0.0,4351,2004091909,4352,2004091912,4353,2004091915,4354,2004091918
200413E,2004091921,4355,20.0,1004.0,0.0,4352,2004091912,4353,2004091915,4354,2004091918,4355,2004091921
200413E,2004092000,4356,20.0,1004.0,0.0,4353,2004091915,4354,2004091918,4355,2004091921,4356,2004092000
200413L,2004092018,1056,50.0,997.0,45.0,1053,2004092009,1054,2004092012,1055,2004092015,1056,2004092018
200413L,2004092118,1060,60.0,990.0,45.0,1057,2004092109,1058,2004092112,1059,2004092115,1060,2004092118
200413L,2004092218,1064,45.0,1000.0,40.0,1061,2004092209,1062,2004092212,1063,2004092215,1064,2004092218
200413L,2004092318,1068,30.0,1005.0,0.0,1065,2004092309,1066,2004092312,1067,2004092315,1068,2004092318
200413L,2004092418,1072,30.0,1005.0,0.0,1069,2004092409,1070,2004092412,1071,2004092415,1072,2004092418
200413L,2004092518,1076,45.0,1000.0,37.5,1073,2004092509,1074,2004092512,1075,2004092515,1076,2004092518
200413L,2004092618,1080,50.0,997.0,75.0,1077,2004092609,1078,2004092612,1079,2004092615,1080,2004092618
200413L,2004092621,1081,48.0,998.0,75.0,1078,2004092612,1079,2004092615,1080,2004092618,1081,2004092621
200413L,2004092718,1085,40.0,1002.0,33.8,1082,2004092709,1083,2004092712,1084,2004092715,1085,2004092718
200413L,2004092818,1089,55.0,994.0,50.0,1086,2004092809,1087,2004092812,1088,2004092815,1089,2004092818
200413L,2004092918,1093,60.0,990.0,118.8,1090,2004092909,1091,2004092912,1092,2004092915,1093,2004092918
200413L,2004093018,1097,45.0,1000.0,92.5,1094,2004093009,1095,2004093012,1096,2004093015,1097,2004093018
200413L,2004100218,1104,55.0,994.0,61.2,1101,2004100209,1102,2004100212,1103,2004100215,1104,2004100218
200415L,2004101021,1117,40.0,996.0,112.5,1114,2004101012,1115,2004101015,1116,2004101018,1117,2004101021
200417W,2004081206,7406,30.0,1000.0,0.0,7403,2004081121,7404,2004081200,7405,2004081203,7406,2004081206
200417W,2004081306,7410,25.0,1002.0,0.0,7407,2004081221,7408,2004081300,7409,2004081303,7410,2004081306
200420W,2004082006,7496,40.0,994.0,40.0,7493,2004081921,7494,2004082000,7495,2004082003,7496,2004082006
200420W,2004082009,7497,43.0,993.0,47.5,7494,2004082000,7495,2004082003,7496,2004082006,7497,2004082009
200420W,2004082106,7501,55.0,984.0,130.0,7498,2004082021,7499,2004082100,7500,2004082103,7501,2004082106
200420W,2004082109,7502,60.0,980.0,140.0,7499,2004082100,7500,2004082103,7501,2004082106,7502,2004082109
200420W,2004082209,7506,65.0,976.0,145.0,7503,2004082200,7504,2004082203,7505,2004082206,7506,2004082209
200420W,2004082309,7510,68.0,974.0,180.0,7507,2004082300,7508,2004082303,7509,2004082306,7510,2004082309
200420W,2004082409,7514,83.0,961.0,161.2,7511,2004082400,7512,2004082403,7513,2004082406,7514,2004082409
200420W,2004082509,7518,80.0,963.0,130.0,7515,2004082500,7516,2004082503,7517,2004082506,7518,2004082509
200420W,2004082609,7522,35.0,997.0,58.8,7519,2004082600,7520,2004082603,7521,2004082606,7522,2004082609
200423W,2004090609,7588,60.0,980.0,65.0,7585,2004090600,7586,2004090603,7587,2004090606,7588,2004090609
200423W,2004090706,7592,45.0,991.0,65.0,7589,2004090621,7590,2004090700,7591,2004090703,7592,2004090706
200423W,2004090709,7593,40.0,994.0,51.9,7590,2004090700,7591,2004090703,7592,2004090706,7593,2004090709
200423W,2004090806,7597,20.0,1004.0,0.0,7594,2004090721,7595,2004090800,7596,2004090803,7597,2004090806
200424W,2004091109,7601,25.0,1002.0,0.0,7598,2004091100,7599,2004091103,7600,2004091106,7601,2004091109
200424W,2004091209,7605,30.0,1000.0,0.0,7602,2004091200,7603,2004091203,7604,2004091206,7605,2004091209
200424W,2004091309,7609,30.0,1000.0,0.0,7606,2004091300,7607,2004091303,7608,2004091306,7609,2004091309
200425W,2004091906,7613,20.0,1004.0,0.0,7610,2004091821,7611,2004091900,7612,2004091903,7613,2004091906
200425W,2004092006,7617,30.0,1000.0,0.0,7614,2004091921,7615,2004092000,7616,2004092003,7617,2004092006
200425W,2004092106,7621,45.0,991.0,57.5,7618,2004092021,7619,2004092100,7620,2004092103,7621,2004092106
200425W,2004092109,7622,48.0,989.0,58.8,7619,2004092100,7620,2004092103,7621,2004092106,7622,2004092109
200425W,2004092406,7633,125.0,916.0,96.2,7630,2004092321,7631,2004092400,7632,2004092403,7633,2004092406
200425W,2004092609,7640,100.0,944.0,83.8,7637,2004092600,7638,2004092603,7639,2004092606,7640,2004092609
200425W,2004092709,7644,98.0,946.0,93.8,7641,2004092700,7642,2004092703,7643,2004092706,7644,2004092709
200425W,2004092809,7648,75.0,967.0,95.0,7645,2004092800,7646,2004092803,7647,2004092806,7648,2004092809
200426W,2004100206,7656,15.0,1006.0,0.0,7653,2004100121,7654,2004100200,7655,2004100203,7656,2004100206
200426W,2004100209,7657,15.0,1006.0,0.0,7654,2004100200,7655,2004100203,7656,2004100206,7657,2004100209
200426W,2004100506,7667,45.0,991.0,72.5,7664,2004100421,7665,2004100500,7666,2004100503,7667,2004100506
200426W,2004100509,7668,45.0,991.0,77.5,7665,2004100500,7666,2004100503,7667,2004100506,7668,2004100509
200426W,2004100609,7672,70.0,972.0,82.5,7669,2004100600,7670,2004100603,7671,2004100606,7672,2004100609
200426W,2004100709,7676,103.0,941.0,127.5,7673,2004100700,7674,2004100703,7675,2004100706,7676,2004100709
200426W,2004100809,7680,140.0,898.0,86.2,7677,2004100800,7678,2004100803,7679,2004100806,7680,2004100809
200429W,2004111409,7773,33.0,999.0,0.0,7770,2004111400,7771,2004111403,7772,2004111406,7773,2004111409
200429W,2004111509,7777,35.0,997.0,0.0,7774,2004111500,7775,2004111503,7776,2004111506,7777,2004111509
200429W,2004111609,7781,50.0,988.0,98.8,7778,2004111600,7779,2004111603,7780,2004111606,7781,2004111609
200429W,2004111709,7785,70.0,972.0,115.0,7782,2004111700,7783,2004111703,7784,2004111706,7785,2004111709
200429W,2004111809,7789,115.0,927.0,91.2,7786,2004111800,7787,2004111803,7788,2004111806,7789,2004111809
200429W,2004111909,7793,88.0,956.0,76.2,7790,2004111900,7791,2004111903,7792,2004111906,7793,2004111909
200429W,2004112009,7797,63.0,978.0,68.1,7794,2004112000,7795,2004112003,7796,2004112006,7797,2004112009
200429W,2004112109,7801,75.0,968.0,82.5,7798,2004112100,7799,2004112103,7800,2004112106,7801,2004112109
200429W,2004112209,7805,80.0,963.0,66.2,7802,2004112200,7803,2004112203,7804,2004112206,7805,2004112209
200429W,2004112309,7809,63.0,978.0,59.4,7806,2004112300,7807,2004112303,7808,2004112306,7809,2004112309
200429W,2004112409,7813,45.0,991.0,60.0,7810,2004112400,7811,2004112403,7812,2004112406,7813,2004112409
200429W,2004112509,7817,33.0,999.0,26.2,7814,2004112500,7815,2004112503,7816,2004112506,7817,2004112509
200431W,2004121006,7844,30.0,1000.0,0.0,7841,2004120921,7842,2004121000,7843,2004121003,7844,2004121006
200431W,2004121106,7848,45.0,991.0,70.0,7845,2004121021,7846,2004121100,7847,2004121103,7848,2004121106
200431W,2004121406,7858,40.0,994.0,77.5,7855,2004121321,7856,2004121400,7857,2004121403,7858,2004121406
200431W,2004121509,7862,33.0,999.0,33.8,7859,2004121500,7860,2004121503,7861,2004121506,7862,2004121509
200431W,2004121909,7873,28.0,1001.0,0.0,7870,2004121900,7871,2004121903,7872,2004121906,7873,2004121909
200432W,2004122006,7886,55.0,984.0,70.0,7883,2004121921,7884,2004122000,7885,2004122003,7886,2004122006
200501E,2005051821,4385,50.0,997.0,42.5,4382,2005051812,4383,2005051815,4384,2005051818,4385,2005051821
200501E,2005051900,4386,50.0,997.0,40.0,4383,2005051815,4384,2005051818,4385,2005051821,4386,2005051900
200501E,2005051921,4390,65.0,986.0,52.5,4387,2005051912,4388,2005051915,4389,2005051918,4390,2005051921
200501E,2005052000,4391,60.0,990.0,52.5,4388,2005051915,4389,2005051918,4390,2005051921,4391,2005052000
200501E,2005052021,4395,22.0,1007.0,0.0,4392,2005052012,4393,2005052015,4394,2005052018,4395,2005052021
200501E,2005052100,4396,20.0,1008.0,0.0,4393,2005052015,4394,2005052018,4395,2005052021,4396,2005052100
200501W,2005011606,7902,45.0,991.0,70.0,7899,2005011521,7900,2005011600,7901,2005011603,7902,2005011606
200501W,2005011706,7906,55.0,984.0,65.0,7903,2005011621,7904,2005011700,7905,2005011703,7906,2005011706
200502E,2005062300,4402,45.0,1000.0,80.0,4399,2005062215,4400,2005062218,4401,2005062221,4402,2005062300
200502E,2005062400,4406,30.0,1005.0,0.0,4403,2005062315,4404,2005062318,4405,2005062321,4406,2005062400
200502E,2005062500,4410,20.0,1009.0,0.0,4407,2005062415,4408,2005062418,4409,2005062421,4410,2005062500
200502L,2005062921,1181,25.0,1008.0,0.0,1178,2005062912,1179,2005062915,1180,2005062918,1181,2005062921
200502L,2005063000,1182,25.0,1008.0,0.0,1179,2005062915,1180,2005062918,1181,2005062921,1182,2005063000
200502W,2005031306,7914,25.0,1002.0,0.0,7911,2005031221,7912,2005031300,7913,2005031303,7914,2005031306
200502W,2005031406,7918,35.0,997.0,0.0,7915,2005031321,7916,2005031400,7917,2005031403,7918,2005031406
200502W,2005031409,7919,40.0,994.0,23.8,7916,2005031400,7917,2005031403,7918,2005031406,7919,2005031409
200502W,2005031509,7923,58.0,982.0,58.8,7920,2005031500,7921,2005031503,7922,2005031506,7923,2005031509
200502W,2005031609,7927,80.0,963.0,78.8,7924,2005031600,7925,2005031603,7926,2005031606,7927,2005031609
200502W,2005031709,7931,43.0,993.0,60.0,7928,2005031700,7929,2005031703,7930,2005031706,7931,2005031709
200503E,2005062700,4417,35.0,1003.0,30.0,4414,2005062615,4415,2005062618,4416,2005062621,4417,2005062700
200503E,2005062800,4421,40.0,1002.0,35.0,4418,2005062715,4419,2005062718,4420,2005062721,4421,2005062800
200503E,2005062900,4425,25.0,1006.0,0.0,4422,2005062815,4423,2005062818,4424,2005062821,4425,2005062900
200503E,2005063000,4429,25.0,1003.0,0.0,4426,2005062915,4427,2005062918,4428,2005062921,4429,2005063000
200503E,2005070100,4433,25.0,1006.0,0.0,4430,2005063015,4431,2005063018,4432,2005063021,4433,2005070100
200503E,2005070200,4437,20.0,1006.0,0.0,4434,2005070115,4435,2005070118,4436,2005070121,4437,2005070200
200503E,2005070300,4441,20.0,1008.0,0.0,4438,2005070215,4439,2005070218,4440,2005070221,4441,2005070300
200503L,2005070421,1189,30.0,1010.0,0.0,1186,2005070412,1187,2005070415,1188,2005070418,1189,2005070421
200503L,2005070500,1190,30.0,1009.0,0.0,1187,2005070415,1188,2005070418,1189,2005070421,1190,2005070500
200503L,2005070521,1194,62.0,994.0,68.8,1191,2005070512,1192,2005070515,1193,2005070518,1194,2005070521
200503L,2005070600,1195,65.0,992.0,70.0,1192,2005070515,1193,2005070518,1194,2005070521,1195,2005070600
200503L,2005070621,1199,28.0,1002.0,0.0,1196,2005070612,1197,2005070615,1198,2005070618,1199,2005070621
200503L,2005070700,1200,25.0,1004.0,0.0,1197,2005070615,1198,2005070618,1199,2005070621,1200,2005070700
200503L,2005070721,1204,20.0,1010.0,0.0,1201,2005070712,1202,2005070715,1203,2005070718,1204,2005070721
200503L,2005070800,1205,20.0,1010.0,0.0,1202,2005070715,1203,2005070718,1204,2005070721,1205,2005070800
200503L,2005070921,1213,30.0,1006.0,0.0,1210,2005070912,1211,2005070915,1212,2005070918,1213,2005070921
200503L,2005071000,1214,30.0,1006.0,0.0,1211,2005070915,1212,2005070918,1213,2005070921,1214,2005071000
200503L,2005071021,1218,20.0,1006.0,0.0,1215,2005071012,1216,2005071015,1217,2005071018,1218,2005071021
200503L,2005071100,1219,20.0,1006.0,0.0,1216,2005071015,1217,2005071018,1218,2005071021,1219,2005071100
200504L,2005070521,1225,42.0,1002.0,37.5,1222,2005070512,1223,2005070515,1224,2005070518,1225,2005070521
200504L,2005070621,1229,65.0,986.0,76.9,1226,2005070612,1227,2005070615,1228,2005070618,1229,2005070621
200504L,2005070721,1233,110.0,954.0,101.2,1230,2005070712,1231,2005070715,1232,2005070718,1233,2005070721
200504L,2005070900,1237,100.0,960.0,128.8,1234,2005070815,1235,2005070818,1236,2005070821,1237,2005070900
200504L,2005070921,1241,100.0,952.0,148.1,1238,2005070912,1239,2005070915,1240,2005070918,1241,2005070921
200504L,2005071000,1242,110.0,942.0,151.2,1239,2005070915,1240,2005070918,1241,2005070921,1242,2005071000
200504L,2005071021,1246,78.0,956.0,82.5,1243,2005071012,1244,2005071015,1245,2005071018,1246,2005071021
200504L,2005071100,1247,45.0,970.0,52.5,1244,2005071015,1245,2005071018,1246,2005071021,1247,2005071100
200504L,2005071121,1251,20.0,1002.0,0.0,1248,2005071112,1249,2005071115,1250,2005071118,1251,2005071121
200504L,2005071200,1252,20.0,1003.0,0.0,1249,2005071115,1250,2005071118,1251,2005071121,1252,2005071200
200504L,2005071400,1260,10.0,1009.0,0.0,1257,2005071315,1258,2005071318,1259,2005071321,1260,2005071400
200504L,2005071421,1264,10.0,1010.0,0.0,1261,2005071412,1262,2005071415,1263,2005071418,1264,2005071421
200504L,2005071500,1265,10.0,1009.0,0.0,1262,2005071415,1263,2005071418,1264,2005071421,1265,2005071500
200504L,2005071521,1269,10.0,1012.0,0.0,1266,2005071512,1267,2005071515,1268,2005071518,1269,2005071521
200504L,2005071600,1270,10.0,1011.0,0.0,1267,2005071515,1268,2005071518,1269,2005071521,1270,2005071600
200504L,2005071621,1274,10.0,1014.0,0.0,1271,2005071612,1272,2005071615,1273,2005071618,1274,2005071621
200504L,2005071700,1275,10.0,1013.0,0.0,1272,2005071615,1273,2005071618,1274,2005071621,1275,2005071700
200504L,2005071800,1279,10.0,1010.0,0.0,1276,2005071715,1277,2005071718,1278,2005071721,1279,2005071800
200505E,2005071900,4456,40.0,998.0,45.0,4453,2005071815,4454,2005071818,4455,2005071821,4456,2005071900
200505E,2005072000,4460,50.0,994.0,70.0,4457,2005071915,4458,2005071918,4459,2005071921,4460,2005072000
200505E,2005072100,4464,25.0,1005.0,0.0,4461,2005072015,4462,2005072018,4463,2005072021,4464,2005072100
200506E,2005081000,4470,35.0,1005.0,37.5,4467,2005080915,4468,2005080918,4469,2005080921,4470,2005081000
200506E,2005081100,4474,55.0,994.0,55.0,4471,2005081015,4472,2005081018,4473,2005081021,4474,2005081100
200506E,2005081200,4478,70.0,982.0,93.8,4475,2005081115,4476,2005081118,4477,2005081121,4478,2005081200
200506E,2005081300,4482,75.0,979.0,93.8,4479,2005081215,4480,2005081218,4481,2005081221,4482,2005081300
200506E,2005081400,4486,65.0,987.0,66.3,4483,2005081315,4484,2005081318,4485,2005081321,4486,2005081400
200506E,2005081500,4490,60.0,990.0,63.8,4487,2005081415,4488,2005081418,4489,2005081421,4490,2005081500
200506E,2005081503,4491,55.0,992.0,60.6,4488,2005081418,4489,2005081421,4490,2005081500,4491,2005081503
200506E,2005081600,4495,25.0,1008.0,0.0,4492,2005081515,4493,2005081518,4494,2005081521,4495,2005081600
200506E,2005081603,4496,23.0,1008.0,0.0,4493,2005081518,4494,2005081521,4495,2005081600,4496,2005081603
200506E,2005081700,4500,20.0,1010.0,0.0,4497,2005081615,4498,2005081618,4499,2005081621,4500,2005081700
200506E,2005081703,4501,20.0,1010.0,0.0,4498,2005081618,4499,2005081621,4500,2005081700,4501,2005081703
200506L,2005072221,1327,45.0,1004.0,23.8,1324,2005072212,1325,2005072215,1326,2005072218,1327,2005072221
200506L,2005072300,1328,45.0,1003.0,28.8,1325,2005072215,1326,2005072218,1327,2005072221,1328,2005072300
200506L,2005072321,1332,58.0,1001.0,51.9,1329,2005072312,1330,2005072315,1331,2005072318,1332,2005072321
200506L,2005072421,1336,42.0,1000.0,38.1,1333,2005072412,1334,2005072415,1335,2005072418,1336,2005072421
200506L,2005072721,1345,48.0,998.0,60.0,1342,2005072712,1343,2005072715,1344,2005072718,1345,2005072721
200506L,2005073018,1353,40.0,1006.0,62.5,1350,2005073009,1351,2005073012,1352,2005073015,1353,2005073018
200506L,2005073021,1354,40.0,1006.0,62.5,1351,2005073012,1352,2005073015,1353,2005073018,1354,2005073021
200506W,2005071903,8060,15.0,1006.0,0.0,8057,2005071818,8058,2005071821,8059,2005071900,8060,2005071903
200506W,2005071906,8061,15.0,1006.0,0.0,8058,2005071821,8059,2005071900,8060,2005071903,8061,2005071906
200506W,2005072006,8065,40.0,994.0,90.0,8062,2005071921,8063,2005072000,8064,2005072003,8065,2005072006
200506W,2005072306,8075,35.0,997.0,36.2,8072,2005072221,8073,2005072300,8074,2005072303,8075,2005072306
200507E,2005081200,4505,45.0,1000.0,60.0,4502,2005081115,4503,2005081118,4504,2005081121,4505,2005081200
200507E,2005081300,4509,35.0,1003.0,45.0,4506,2005081215,4507,2005081218,4508,2005081221,4509,2005081300
200507E,2005081400,4513,40.0,1002.0,50.0,4510,2005081315,4511,2005081318,4512,2005081321,4513,2005081400
200507E,2005081500,4517,30.0,1005.0,0.0,4514,2005081415,4515,2005081418,4516,2005081421,4517,2005081500
200507L,2005072500,1361,40.0,1005.0,68.8,1358,2005072415,1359,2005072418,1360,2005072421,1361,2005072500
200507W,2005072209,8079,35.0,997.0,0.0,8076,2005072200,8077,2005072203,8078,2005072206,8079,2005072209
200507W,2005072409,8086,60.0,980.0,107.5,8083,2005072400,8084,2005072403,8085,2005072406,8086,2005072409
200507W,2005072509,8090,53.0,986.0,95.0,8087,2005072500,8088,2005072503,8089,2005072506,8090,2005072509
200507W,2005072609,8094,35.0,997.0,115.0,8091,2005072600,8092,2005072603,8093,2005072606,8094,2005072609
200507W,2005072706,8098,35.0,997.0,115.0,8095,2005072621,8096,2005072700,8097,2005072703,8098,2005072706
200507W,2005072709,8099,33.0,999.0,57.5,8096,2005072700,8097,2005072703,8098,2005072706,8099,2005072709
200508E,2005082100,4526,65.0,987.0,70.0,4523,2005082015,4524,2005082018,4525,2005082021,4526,2005082100
200508E,2005082200,4530,90.0,972.0,172.5,4527,2005082115,4528,2005082118,4529,2005082121,4530,2005082200
200508E,2005082300,4534,80.0,976.0,193.8,4531,2005082215,4532,2005082218,4533,2005082221,4534,2005082300
200508E,2005082400,4538,65.0,986.0,106.3,4535,2005082315,4536,2005082318,4537,2005082321,4538,2005082400
200508E,2005082500,4542,45.0,998.0,67.5,4539,2005082415,4540,2005082418,4541,2005082421,4542,2005082500
200508E,2005082600,4546,25.0,1004.0,0.0,4543,2005082515,4544,2005082518,4545,2005082521,4546,2005082600
200508E,2005082700,4550,25.0,1008.0,0.0,4547,2005082615,4548,2005082618,4549,2005082621,4550,2005082700
200508E,2005082800,4554,25.0,1010.0,0.0,4551,2005082715,4552,2005082718,4553,2005082721,4554,2005082800
200508L,2005080521,1373,45.0,997.0,65.6,1370,2005080512,1371,2005080515,1372,2005080518,1373,2005080521
200508L,2005080621,1377,50.0,995.0,56.9,1374,2005080612,1375,2005080615,1376,2005080618,1377,2005080621
200508L,2005080718,1381,45.0,998.0,58.8,1378,2005080709,1379,2005080712,1380,2005080715,1381,2005080718
200508L,2005080818,1385,45.0,998.0,85.0,1382,2005080809,1383,2005080812,1384,2005080815,1385,2005080818
200508L,2005080821,1386,45.0,998.0,91.2,1383,2005080812,1384,2005080815,1385,2005080818,1386,2005080821
200508L,2005080918,1390,50.0,994.0,112.5,1387,2005080909,1388,2005080912,1389,2005080915,1390,2005080918
200508L,2005080921,1391,50.0,994.0,112.5,1388,2005080912,1389,2005080915,1390,2005080918,1391,2005080921
200508L,2005081018,1395,50.0,994.0,111.2,1392,2005081009,1393,2005081012,1394,2005081015,1395,2005081018
200508L,2005081021,1396,48.0,996.0,101.2,1393,2005081012,1394,2005081015,1395,2005081018,1396,2005081021
200508L,2005081118,1400,30.0,1005.0,0.0,1397,2005081109,1398,2005081112,1399,2005081115,1400,2005081118
200508L,2005081121,1401,30.0,1006.0,0.0,1398,2005081112,1399,2005081115,1400,2005081118,1401,2005081121
200508L,2005081218,1405,25.0,1010.0,0.0,1402,2005081209,1403,2005081212,1404,2005081215,1405,2005081218
200508L,2005081221,1406,25.0,1010.0,0.0,1403,2005081212,1404,2005081215,1405,2005081218,1406,2005081221
200508L,2005081318,1410,25.0,1012.0,0.0,1407,2005081309,1408,2005081312,1409,2005081315,1410,2005081318
200508L,2005081321,1411,25.0,1014.0,0.0,1408,2005081312,1409,2005081315,1410,2005081318,1411,2005081321
200508W,2005073009,8107,40.0,994.0,32.5,8104,2005073000,8105,2005073003,8106,2005073006,8107,2005073009
200509E,2005082600,4558,35.0,1004.0,45.0,4555,2005082515,4556,2005082518,4557,2005082521,4558,2005082600
200509E,2005082700,4562,40.0,1001.0,50.0,4559,2005082615,4560,2005082618,4561,2005082621,4562,2005082700
200509E,2005082800,4566,30.0,1005.0,0.0,4563,2005082715,4564,2005082718,4565,2005082721,4566,2005082800
200509E,2005082900,4570,25.0,1006.0,0.0,4567,2005082815,4568,2005082818,4569,2005082821,4570,2005082900
200509E,2005083000,4574,20.0,1009.0,0.0,4571,2005082915,4572,2005082918,4573,2005082921,4574,2005083000
200509E,2005083100,4578,20.0,1009.0,0.0,4575,2005083015,4576,2005083018,4577,2005083021,4578,2005083100
200509E,2005090100,4582,20.0,1010.0,0.0,4579,2005083115,4580,2005083118,4581,2005083121,4582,2005090100
200509E,2005090200,4586,20.0,1010.0,0.0,4583,2005090115,4584,2005090118,4585,2005090121,4586,2005090200
200509L,2005080518,1416,30.0,1008.0,0.0,1413,2005080509,1414,2005080512,1415,2005080515,1416,2005080518
200509L,2005080521,1417,30.0,1008.0,0.0,1414,2005080512,1415,2005080515,1416,2005080518,1417,2005080521
200509L,2005080618,1421,30.0,1008.0,0.0,1418,2005080609,1419,2005080612,1420,2005080615,1421,2005080618
200509L,2005080621,1422,30.0,1008.0,0.0,1419,2005080612,1420,2005080615,1421,2005080618,1422,2005080621
200509L,2005080718,1426,35.0,1005.0,10.0,1423,2005080709,1424,2005080712,1425,2005080715,1426,2005080718
200509L,2005080818,1430,30.0,1009.0,0.0,1427,2005080809,1428,2005080812,1429,2005080815,1430,2005080818
200509L,2005080821,1431,30.0,1009.0,0.0,1428,2005080812,1429,2005080815,1430,2005080818,1431,2005080821
200509L,2005081021,1438,32.0,1006.0,15.0,1435,2005081012,1436,2005081015,1437,2005081018,1438,2005081021
200509L,2005081121,1442,45.0,1001.0,36.2,1439,2005081112,1440,2005081115,1441,2005081118,1442,2005081121
200509L,2005081221,1446,58.0,994.0,70.0,1443,2005081212,1444,2005081215,1445,2005081218,1446,2005081221
200509L,2005081321,1450,60.0,998.0,71.2,1447,2005081312,1448,2005081315,1449,2005081318,1450,2005081321
200509L,2005081421,1454,65.0,992.0,65.6,1451,2005081412,1452,2005081415,1453,2005081418,1454,2005081421
200509L,2005081621,1461,85.0,974.0,85.0,1458,2005081612,1459,2005081615,1460,2005081618,1461,2005081621
200509W,2005073009,8114,18.0,1005.0,0.0,8111,2005073000,8112,2005073003,8113,2005073006,8114,2005073009
200509W,2005080109,8121,45.0,991.0,55.0,8118,2005080100,8119,2005080103,8120,2005080106,8121,2005080109
200509W,2005080209,8125,65.0,976.0,111.2,8122,2005080200,8123,2005080203,8124,2005080206,8125,2005080209
200509W,2005080309,8129,78.0,965.0,132.5,8126,2005080300,8127,2005080303,8128,2005080306,8129,2005080309
200509W,2005080409,8133,85.0,959.0,167.5,8130,2005080400,8131,2005080403,8132,2005080406,8133,2005080409
200509W,2005080509,8137,78.0,965.0,162.5,8134,2005080500,8135,2005080503,8136,2005080506,8137,2005080509
200510E,2005091300,4593,30.0,1008.0,0.0,4590,2005091215,4591,2005091218,4592,2005091221,4593,2005091300
200510E,2005091400,4597,30.0,1007.0,0.0,4594,2005091315,4595,2005091318,4596,2005091321,4597,2005091400
200510E,2005091500,4601,35.0,1006.0,20.0,4598,2005091415,4599,2005091418,4600,2005091421,4601,2005091500
200510E,2005091600,4605,60.0,990.0,67.5,4602,2005091515,4603,2005091518,4604,2005091521,4605,2005091600
200510E,2005091700,4609,80.0,977.0,92.5,4606,2005091615,4607,2005091618,4608,2005091621,4609,2005091700
200510E,2005091800,4613,85.0,973.0,105.0,4610,2005091715,4611,2005091718,4612,2005091721,4613,2005091800
200510E,2005091803,4614,85.0,973.0,105.0,4611,2005091718,4612,2005091721,4613,2005091800,4614,2005091803
200510E,2005091900,4618,90.0,969.0,125.0,4615,2005091815,4616,2005091818,4617,2005091821,4618,2005091900
200510E,2005091903,4619,93.0,967.0,125.0,4616,2005091818,4617,2005091821,4618,2005091900,4619,2005091903
200510E,2005092000,4623,110.0,951.0,135.0,4620,2005091915,4621,2005091918,4622,2005091921,4623,2005092000
200510E,2005092003,4624,110.0,952.0,136.3,4621,2005091918,4622,2005091921,4623,2005092000,4624,2005092003
200510E,2005092103,4628,105.0,958.0,140.0,4625,2005092018,4626,2005092021,4627,2005092100,4628,2005092103
200510E,2005092106,4629,105.0,958.0,140.0,4626,2005092021,4627,2005092100,4628,2005092103,4629,2005092106
200510E,2005092203,4633,93.0,968.0,103.1,4630,2005092118,4631,2005092121,4632,2005092200,4633,2005092203
200510E,2005092206,4634,90.0,970.0,97.5,4631,2005092121,4632,2005092200,4633,2005092203,4634,2005092206
200510E,2005092303,4638,58.0,992.0,78.1,4635,2005092218,4636,2005092221,4637,2005092300,4638,2005092303
200510E,2005092403,4642,30.0,1010.0,0.0,4639,2005092318,4640,2005092321,4641,2005092400,4642,2005092403
200510L,2005081321,1470,30.0,1008.0,0.0,1467,2005081312,1468,2005081315,1469,2005081318,1470,2005081321
200510L,2005081418,1474,25.0,1010.0,0.0,1471,2005081409,1472,2005081412,1473,2005081415,1474,2005081418
200510L,2005081421,1475,25.0,1010.0,0.0,1472,2005081412,1473,2005081415,1474,2005081418,1475,2005081421
200510L,2005081518,1479,25.0,1010.0,0.0,1476,2005081509,1477,2005081512,1478,2005081515,1479,2005081518
200510L,2005081521,1480,25.0,1010.0,0.0,1477,2005081512,1478,2005081515,1479,2005081518,1480,2005081521
200510L,2005081621,1484,25.0,1010.0,0.0,1481,2005081612,1482,2005081615,1483,2005081618,1484,2005081621
200510L,2005081721,1488,25.0,1010.0,0.0,1485,2005081712,1486,2005081715,1487,2005081718,1488,2005081721
200511E,2005091600,4652,65.0,987.0,75.0,4649,2005091515,4650,2005091518,4651,2005091521,4652,2005091600
200511E,2005091700,4656,85.0,975.0,88.8,4653,2005091615,4654,2005091618,4655,2005091621,4656,2005091700
200511E,2005091800,4660,110.0,952.0,90.0,4657,2005091715,4658,2005091718,4659,2005091721,4660,2005091800
200511E,2005091900,4664,115.0,949.0,75.0,4661,2005091815,4662,2005091818,4663,2005091821,4664,2005091900
200511E,2005092000,4668,80.0,979.0,55.0,4665,2005091915,4666,2005091918,4667,2005091921,4668,2005092000
200511E,2005092100,4672,55.0,994.0,50.0,4669,2005092015,4670,2005092018,4671,2005092021,4672,2005092100
200511E,2005092200,4676,45.0,1000.0,67.5,4673,2005092115,4674,2005092118,4675,2005092121,4676,2005092200
200511E,2005092300,4680,55.0,994.0,85.0,4677,2005092215,4678,2005092218,4679,2005092221,4680,2005092300
200511E,2005092400,4684,50.0,997.0,77.5,4681,2005092315,4682,2005092318,4683,2005092321,4684,2005092400
200511E,2005092403,4685,48.0,999.0,77.5,4682,2005092318,4683,2005092321,4684,2005092400,4685,2005092403
200511E,2005092500,4689,65.0,990.0,70.0,4686,2005092415,4687,2005092418,4688,2005092421,4689,2005092500
200511E,2005092503,4690,65.0,989.0,70.0,4687,2005092418,4688,2005092421,4689,2005092500,4690,2005092503
200511E,2005092600,4694,65.0,987.0,70.0,4691,2005092515,4692,2005092518,4693,2005092521,4694,2005092600
200511E,2005092603,4695,65.0,988.0,70.0,4692,2005092518,4693,2005092521,4694,2005092600,4695,2005092603
200511E,2005092700,4699,55.0,1000.0,50.0,4696,2005092615,4697,2005092618,4698,2005092621,4699,2005092700
200511E,2005092703,4700,55.0,1000.0,50.0,4697,2005092618,4698,2005092621,4699,2005092700,4700,2005092703
200511E,2005092800,4704,45.0,1005.0,50.0,4701,2005092715,4702,2005092718,4703,2005092721,4704,2005092800
200511E,2005092803,4705,45.0,1005.0,50.0,4702,2005092718,4703,2005092721,4704,2005092800,4705,2005092803
200511E,2005092903,4709,35.0,1010.0,20.0,4706,2005092818,4707,2005092821,4708,2005092900,4709,2005092903
200511E,2005092906,4710,35.0,1010.0,20.0,4707,2005092821,4708,2005092900,4709,2005092903,4710,2005092906
200511E,2005093003,4714,28.0,1013.0,0.0,4711,2005092918,4712,2005092921,4713,2005093000,4714,2005093003
200511L,2005082300,1493,45.0,1001.0,32.5,1490,2005082215,1491,2005082218,1492,2005082221,1493,2005082300
200512E,2005091800,4719,35.0,1005.0,30.0,4716,2005091715,4717,2005091718,4718,2005091721,4719,2005091800
200512E,2005091900,4723,25.0,1007.0,0.0,4720,2005091815,4721,2005091818,4722,2005091821,4723,2005091900
200512L,2005082521,1502,65.0,986.0,60.0,1499,2005082512,1500,2005082515,1501,2005082518,1502,2005082521
200512L,2005082621,1506,88.0,964.0,69.4,1503,2005082612,1504,2005082615,1505,2005082618,1506,2005082621
200512L,2005082700,1507,90.0,959.0,78.8,1504,2005082615,1505,2005082618,1506,2005082621,1507,2005082700
200512L,2005082721,1511,100.0,944.0,116.2,1508,2005082712,1509,2005082715,1510,2005082718,1511,2005082721
200512L,2005082800,1512,100.0,941.0,120.0,1509,2005082715,1510,2005082718,1511,2005082721,1512,2005082800
200512L,2005082821,1516,145.0,904.0,176.9,1513,2005082812,1514,2005082815,1515,2005082818,1516,2005082821
200512L,2005082900,1517,140.0,905.0,182.5,1514,2005082815,1515,2005082818,1516,2005082821,1517,2005082900
200512L,2005082921,1521,65.0,954.0,98.1,1518,2005082912,1519,2005082915,1520,2005082918,1521,2005082921
200512L,2005083000,1522,50.0,961.0,76.2,1519,2005082915,1520,2005082918,1521,2005082921,1522,2005083000
200512L,2005083021,1526,30.0,992.0,0.0,1523,2005083012,1524,2005083015,1525,2005083018,1526,2005083021
200512L,2005083100,1527,30.0,994.0,0.0,1524,2005083015,1525,2005083018,1526,2005083021,1527,2005083100
200513E,2005091800,4727,20.0,1009.0,0.0,4724,2005091715,4725,2005091718,4726,2005091721,4727,2005091800
200513E,2005091900,4731,35.0,1005.0,33.8,4728,2005091815,4729,2005091818,4730,2005091821,4731,2005091900
200513E,2005092000,4735,65.0,987.0,103.8,4732,2005091915,4733,2005091918,4734,2005091921,4735,2005092000
200513E,2005092100,4739,65.0,987.0,87.5,4736,2005092015,4737,2005092018,4738,2005092021,4739,2005092100
200513E,2005092200,4743,40.0,1002.0,75.0,4740,2005092115,4741,2005092118,4742,2005092121,4743,2005092200
200513L,2005082821,1531,25.0,1007.0,0.0,1528,2005082812,1529,2005082815,1530,2005082818,1531,2005082821
200513L,2005083021,1538,25.0,1010.0,0.0,1535,2005083012,1536,2005083015,1537,2005083018,1538,2005083021
200513L,2005090121,1545,28.0,1010.0,0.0,1542,2005090112,1543,2005090115,1544,2005090118,1545,2005090121
200513L,2005090221,1549,25.0,1010.0,0.0,1546,2005090212,1547,2005090215,1548,2005090218,1549,2005090221
200513W,2005082609,8234,30.0,1000.0,0.0,8231,2005082600,8232,2005082603,8233,2005082606,8234,2005082609
200513W,2005082709,8238,38.0,996.0,19.4,8235,2005082700,8236,2005082703,8237,2005082706,8238,2005082709
200513W,2005082806,8242,65.0,976.0,90.0,8239,2005082721,8240,2005082800,8241,2005082803,8242,2005082806
200513W,2005082809,8243,68.0,974.0,97.5,8240,2005082800,8241,2005082803,8242,2005082806,8243,2005082809
200513W,2005082909,8247,105.0,938.0,120.0,8244,2005082900,8245,2005082903,8246,2005082906,8247,2005082909
200513W,2005083009,8251,130.0,910.0,131.9,8248,2005083000,8249,2005083003,8250,2005083006,8251,2005083009
200513W,2005083109,8255,113.0,930.0,130.0,8252,2005083100,8253,2005083103,8254,2005083106,8255,2005083109
200513W,2005090109,8259,50.0,987.0,70.0,8256,2005090100,8257,2005090103,8258,2005090106,8259,2005090109
200514L,2005090121,1556,30.0,1008.0,0.0,1553,2005090112,1554,2005090115,1555,2005090118,1556,2005090121
200514L,2005090221,1560,42.0,1002.0,37.5,1557,2005090212,1558,2005090215,1559,2005090218,1560,2005090221
200514L,2005090321,1564,58.0,992.0,61.2,1561,2005090312,1562,2005090315,1563,2005090318,1564,2005090321
200514L,2005090421,1568,75.0,980.0,72.5,1565,2005090412,1566,2005090415,1567,2005090418,1568,2005090421
200514L,2005090621,1575,70.0,984.0,95.0,1572,2005090612,1573,2005090615,1574,2005090618,1575,2005090621
200514L,2005090721,1579,72.0,981.0,175.0,1576,2005090712,1577,2005090715,1578,2005090718,1579,2005090721
200514L,2005090818,1583,65.0,985.0,193.8,1580,2005090809,1581,2005090812,1582,2005090815,1583,2005090818
200514L,2005090918,1587,50.0,988.0,162.5,1584,2005090909,1585,2005090912,1586,2005090915,1587,2005090918
200514L,2005090921,1588,50.0,988.0,162.5,1585,2005090912,1586,2005090915,1587,2005090918,1588,2005090921
200514L,2005091018,1592,55.0,975.0,262.5,1589,2005091009,1590,2005091012,1591,2005091015,1592,2005091018
200514W,2005083006,8266,55.0,984.0,70.0,8263,2005082921,8264,2005083000,8265,2005083003,8266,2005083006
200514W,2005083109,8270,98.0,946.0,128.8,8267,2005083100,8268,2005083103,8269,2005083106,8270,2005083109
200514W,2005090109,8274,125.0,916.0,196.2,8271,2005090100,8272,2005090103,8273,2005090106,8274,2005090109
200514W,2005090206,8278,140.0,898.0,205.0,8275,2005090121,8276,2005090200,8277,2005090203,8278,2005090206
200514W,2005090309,8282,118.0,925.0,206.2,8279,2005090300,8280,2005090303,8281,2005090306,8282,2005090309
200514W,2005090509,8289,115.0,927.0,189.4,8286,2005090500,8287,2005090503,8288,2005090506,8289,2005090509
200514W,2005090609,8293,78.0,965.0,158.8,8290,2005090600,8291,2005090603,8292,2005090606,8293,2005090609
200515L,2005090621,1598,52.0,996.0,57.5,1595,2005090612,1596,2005090615,1597,2005090618,1598,2005090621
200515L,2005090821,1605,78.0,980.0,118.8,1602,2005090812,1603,2005090815,1604,2005090818,1605,2005090821
200515L,2005090921,1609,55.0,994.0,157.5,1606,2005090912,1607,2005090915,1608,2005090918,1609,2005090921
200515L,2005091018,1613,45.0,997.0,118.8,1610,2005091009,1611,2005091012,1612,2005091015,1613,2005091018
200515L,2005091021,1614,42.0,998.0,114.4,1611,2005091012,1612,2005091015,1613,2005091018,1614,2005091021
200515L,2005091118,1618,40.0,1001.0,150.0,1615,2005091109,1616,2005091112,1617,2005091115,1618,2005091118
200515L,2005091218,1622,35.0,1003.0,187.5,1619,2005091209,1620,2005091212,1621,2005091215,1622,2005091218
200515W,2005090606,8298,35.0,997.0,0.0,8295,2005090521,8296,2005090600,8297,2005090603,8298,2005090606
200515W,2005090609,8299,38.0,996.0,25.0,8296,2005090600,8297,2005090603,8298,2005090606,8299,2005090609
200515W,2005090709,8303,55.0,984.0,73.8,8300,2005090700,8301,2005090703,8302,2005090706,8303,2005090709
200515W,2005090809,8307,65.0,976.0,77.5,8304,2005090800,8305,2005090803,8306,2005090806,8307,2005090809
200515W,2005090909,8311,85.0,959.0,107.5,8308,2005090900,8309,2005090903,8310,2005090906,8311,2005090909
200515W,2005091009,8315,108.0,936.0,91.9,8312,2005091000,8313,2005091003,8314,2005091006,8315,2005091009
200515W,2005091109,8319,93.0,951.0,66.9,8316,2005091100,8317,2005091103,8318,2005091106,8319,2005091109
200516E,2005101600,4810,30.0,1006.0,0.0,4807,2005101515,4808,2005101518,4809,2005101521,4810,2005101600
200516E,2005101700,4814,30.0,1006.0,0.0,4811,2005101615,4812,2005101618,4813,2005101621,4814,2005101700
200516E,2005101800,4818,25.0,1008.0,0.0,4815,2005101715,4816,2005101718,4817,2005101721,4818,2005101800
200516E,2005102000,4825,30.0,1007.0,0.0,4822,2005101915,4823,2005101918,4824,2005101921,4825,2005102000
200516E,2005102100,4829,25.0,1009.0,0.0,4826,2005102015,4827,2005102018,4828,2005102021,4829,2005102100
200516L,2005090621,1626,28.0,1008.0,0.0,1623,2005090612,1624,2005090615,1625,2005090618,1626,2005090621
200516L,2005090821,1633,62.0,989.0,65.0,1630,2005090812,1631,2005090815,1632,2005090818,1633,2005090821
200516L,2005090921,1637,62.0,983.0,68.8,1634,2005090912,1635,2005090915,1636,2005090918,1637,2005090921
200516L,2005091121,1644,62.0,979.0,128.8,1641,2005091112,1642,2005091115,1643,2005091118,1644,2005091121
200516L,2005091221,1648,60.0,989.0,125.0,1645,2005091212,1646,2005091215,1647,2005091218,1648,2005091221
200516L,2005091321,1652,62.0,986.0,112.5,1649,2005091312,1650,2005091315,1651,2005091318,1652,2005091321
200516L,2005091421,1656,75.0,979.0,100.0,1653,2005091412,1654,2005091415,1655,2005091418,1656,2005091421
200516L,2005091521,1660,62.0,986.0,95.0,1657,2005091512,1658,2005091515,1659,2005091518,1660,2005091521
200516L,2005091821,1668,45.0,1000.0,100.0,1665,2005091812,1666,2005091815,1667,2005091818,1668,2005091821
200517L,2005091821,1678,60.0,990.0,52.5,1675,2005091812,1676,2005091815,1677,2005091818,1678,2005091821
200517L,2005092021,1685,55.0,993.0,56.2,1682,2005092012,1683,2005092015,1684,2005092018,1685,2005092021
200517L,2005092121,1689,38.0,1002.0,47.5,1686,2005092112,1687,2005092115,1688,2005092118,1689,2005092121
200517L,2005092221,1693,35.0,1003.0,28.1,1690,2005092212,1691,2005092215,1692,2005092218,1693,2005092221
200517L,2005092321,1697,30.0,1003.0,0.0,1694,2005092312,1695,2005092315,1696,2005092318,1697,2005092321
200518L,2005091821,1701,40.0,1004.0,56.2,1698,2005091812,1699,2005091815,1700,2005091818,1701,2005091821
200518L,2005091921,1705,60.0,993.0,81.2,1702,2005091912,1703,2005091915,1704,2005091918,1705,2005091921
200518L,2005092021,1709,90.0,971.0,96.2,1706,2005092012,1707,2005092015,1708,2005092018,1709,2005092021
200518L,2005092221,1716,122.0,914.0,141.2,1713,2005092212,1714,2005092215,1715,2005092218,1716,2005092221
200518L,2005092321,1720,108.0,930.0,148.8,1717,2005092312,1718,2005092315,1719,2005092318,1720,2005092321
200518L,2005092400,1721,105.0,931.0,145.0,1718,2005092315,1719,2005092318,1720,2005092321,1721,2005092400
200518L,2005092500,1725,35.0,982.0,45.0,1722,2005092415,1723,2005092418,1724,2005092421,1725,2005092500
200518W,2005092006,8361,20.0,1004.0,0.0,8358,2005091921,8359,2005092000,8360,2005092003,8361,2005092006
200518W,2005092009,8362,23.0,1003.0,0.0,8359,2005092000,8360,2005092003,8361,2005092006,8362,2005092009
200518W,2005092106,8366,40.0,994.0,30.0,8363,2005092021,8364,2005092100,8365,2005092103,8366,2005092106
200518W,2005092109,8367,48.0,989.0,37.5,8364,2005092100,8365,2005092103,8366,2005092106,8367,2005092109
200518W,2005092206,8371,70.0,972.0,83.8,8368,2005092121,8369,2005092200,8370,2005092203,8371,2005092206
200518W,2005092306,8375,95.0,949.0,87.5,8372,2005092221,8373,2005092300,8374,2005092303,8375,2005092306
200518W,2005092309,8376,98.0,947.0,85.0,8373,2005092300,8374,2005092303,8375,2005092306,8376,2005092309
200518W,2005092406,8380,100.0,944.0,138.8,8377,2005092321,8378,2005092400,8379,2005092403,8380,2005092406
200518W,2005092409,8381,100.0,944.0,140.0,8378,2005092400,8379,2005092403,8380,2005092406,8381,2005092409
200518W,2005092506,8385,75.0,967.0,127.5,8382,2005092421,8383,2005092500,8384,2005092503,8385,2005092506
200518W,2005092509,8386,70.0,972.0,125.6,8383,2005092500,8384,2005092503,8385,2005092506,8386,2005092509
200519L,2005100118,1735,30.0,1008.0,0.0,1732,2005100109,1733,2005100112,1734,2005100115,1735,2005100118
200519W,2005092606,8394,35.0,997.0,0.0,8391,2005092521,8392,2005092600,8393,2005092603,8394,2005092606
200519W,2005092609,8395,40.0,994.0,25.0,8392,2005092600,8393,2005092603,8394,2005092606,8395,2005092609
200519W,2005092706,8399,85.0,958.0,90.0,8396,2005092621,8397,2005092700,8398,2005092703,8399,2005092706
200519W,2005092709,8400,88.0,956.0,88.8,8397,2005092700,8398,2005092703,8399,2005092706,8400,2005092709
200519W,2005092806,8404,120.0,922.0,105.0,8401,2005092721,8402,2005092800,8403,2005092803,8404,2005092806
200519W,2005092809,8405,123.0,919.0,105.0,8402,2005092800,8403,2005092803,8404,2005092806,8405,2005092809
200519W,2005092909,8409,125.0,916.0,111.2,8406,2005092900,8407,2005092903,8408,2005092906,8409,2005092909
200519W,2005093009,8413,120.0,922.0,143.8,8410,2005093000,8411,2005093003,8412,2005093006,8413,2005093009
200519W,2005100109,8417,123.0,919.0,123.8,8414,2005100100,8415,2005100103,8416,2005100106,8417,2005100109
200519W,2005100209,8421,85.0,959.0,91.2,8418,2005100200,8419,2005100203,8420,2005100206,8421,2005100209
200519W,2005100309,8425,33.0,999.0,42.5,8422,2005100300,8423,2005100303,8424,2005100306,8425,2005100309
200520W,2005100709,8429,30.0,1000.0,0.0,8426,2005100700,8427,2005100703,8428,2005100706,8429,2005100709
200521L,2005100418,1755,45.0,997.0,45.0,1752,2005100409,1753,2005100412,1754,2005100415,1755,2005100418
200521W,2005101109,8438,73.0,970.0,76.2,8435,2005101100,8436,2005101103,8437,2005101106,8438,2005101109
200521W,2005101209,8442,100.0,944.0,101.9,8439,2005101200,8440,2005101203,8441,2005101206,8442,2005101209
200521W,2005101309,8446,90.0,954.0,97.5,8443,2005101300,8444,2005101303,8445,2005101306,8446,2005101309
200521W,2005101409,8450,90.0,954.0,107.5,8447,2005101400,8448,2005101403,8449,2005101406,8450,2005101409
200521W,2005101509,8454,100.0,944.0,112.5,8451,2005101500,8452,2005101503,8453,2005101506,8454,2005101509
200521W,2005101806,8464,75.0,967.0,102.5,8461,2005101721,8462,2005101800,8463,2005101803,8464,2005101806
200522L,2005100521,1761,45.0,1002.0,90.6,1758,2005100512,1759,2005100515,1760,2005100518,1761,2005100521
200522L,2005100621,1765,12.0,1006.0,0.0,1762,2005100612,1763,2005100615,1764,2005100618,1765,2005100621
200524W,2005111809,8512,65.0,976.0,100.0,8509,2005111800,8510,2005111803,8511,2005111806,8512,2005111809
200524W,2005111909,8516,53.0,986.0,80.6,8513,2005111900,8514,2005111903,8515,2005111906,8516,2005111909
200524W,2005112009,8520,28.0,1001.0,0.0,8517,2005112000,8518,2005112003,8519,2005112006,8520,2005112009
200525L,2005101621,1810,30.0,1002.0,0.0,1807,2005101612,1808,2005101615,1809,2005101618,1810,2005101621
200525L,2005101721,1814,50.0,992.0,52.5,1811,2005101712,1812,2005101715,1813,2005101718,1814,2005101721
200525L,2005102021,1824,130.0,920.0,155.0,1821,2005102012,1822,2005102015,1823,2005102018,1824,2005102021
200525L,2005102121,1828,120.0,928.0,155.0,1825,2005102112,1826,2005102115,1827,2005102118,1828,2005102121
200525L,2005102221,1832,85.0,959.0,155.0,1829,2005102212,1830,2005102215,1831,2005102218,1832,2005102221
200525L,2005102321,1836,92.0,960.0,175.0,1833,2005102312,1834,2005102315,1835,2005102318,1836,2005102321
200525L,2005102421,1840,108.0,955.0,200.0,1837,2005102412,1838,2005102415,1839,2005102418,1840,2005102421
200525L,2005102521,1844,68.0,977.0,262.5,1841,2005102512,1842,2005102515,1843,2005102518,1844,2005102521
200525W,2005121609,8524,25.0,1002.0,0.0,8521,2005121600,8522,2005121603,8523,2005121606,8524,2005121609
200525W,2005121709,8528,25.0,1002.0,0.0,8525,2005121700,8526,2005121703,8527,2005121706,8528,2005121709
200525W,2005121809,8532,30.0,1000.0,0.0,8529,2005121800,8530,2005121803,8531,2005121806,8532,2005121809
200525W,2005121909,8536,43.0,993.0,37.5,8533,2005121900,8534,2005121903,8535,2005121906,8536,2005121909
200525W,2005122009,8540,28.0,1001.0,0.0,8537,2005122000,8538,2005122003,8539,2005122006,8540,2005122009
200528L,2005111421,1880,30.0,1004.0,0.0,1877,2005111412,1878,2005111415,1879,2005111418,1880,2005111421
200528L,2005111521,1884,30.0,1006.0,0.0,1881,2005111512,1882,2005111515,1883,2005111518,1884,2005111521
200528L,2005111621,1888,25.0,1006.0,0.0,1885,2005111612,1886,2005111615,1887,2005111618,1888,2005111621
200528L,2005111721,1892,30.0,1007.0,0.0,1889,2005111712,1890,2005111715,1891,2005111718,1892,2005111721
200528L,2005111821,1896,38.0,1006.0,41.2,1893,2005111812,1894,2005111815,1895,2005111818,1896,2005111821
200528L,2005112021,1903,28.0,1008.0,0.0,1900,2005112012,1901,2005112015,1902,2005112018,1903,2005112021
200528L,2005112121,1907,25.0,1009.0,0.0,1904,2005112112,1905,2005112115,1906,2005112118,1907,2005112121
200529L,2005112618,1932,35.0,997.0,103.8,1929,2005112609,1930,2005112612,1931,2005112615,1932,2005112618
200529L,2005112718,1936,60.0,982.0,112.5,1933,2005112709,1934,2005112712,1935,2005112715,1936,2005112718
200529L,2005112818,1940,60.0,986.0,160.0,1937,2005112809,1938,2005112812,1939,2005112815,1940,2005112818
200601E,2006052800,4833,35.0,1003.0,25.0,4830,2006052715,4831,2006052718,4832,2006052721,4833,2006052800
200601E,2006052900,4837,40.0,1002.0,22.5,4834,2006052815,4835,2006052818,4836,2006052821,4837,2006052900
200601E,2006053000,4841,30.0,1004.0,0.0,4838,2006052915,4839,2006052918,4840,2006052921,4841,2006053000
200601E,2006053100,4845,25.0,1007.0,0.0,4842,2006053015,4843,2006053018,4844,2006053021,4845,2006053100
200601L,2006061021,2007,32.0,1003.0,21.9,2004,2006061012,2005,2006061015,2006,2006061018,2007,2006061021
200601L,2006061100,2008,35.0,1003.0,43.8,2005,2006061015,2006,2006061018,2007,2006061021,2008,2006061100
200601L,2006061221,2016,60.0,996.0,93.8,2013,2006061212,2014,2006061215,2015,2006061218,2016,2006061221
200601L,2006061300,2017,60.0,995.0,85.0,2014,2006061215,2015,2006061218,2016,2006061221,2017,2006061300
200601L,2006061321,2021,35.0,999.0,35.0,2018,2006061312,2019,2006061315,2020,2006061318,2021,2006061321
200601L,2006061400,2022,35.0,1001.0,32.5,2019,2006061315,2020,2006061318,2021,2006061321,2022,2006061400
200601L,2006061500,2026,45.0,999.0,75.0,2023,2006061415,2024,2006061418,2025,2006061421,2026,2006061500
200601L,2006061521,2030,55.0,970.0,210.0,2027,2006061512,2028,2006061515,2029,2006061518,2030,2006061521
200601L,2006061618,2034,40.0,990.0,125.0,2031,2006061609,2032,2006061612,2033,2006061615,2034,2006061618
200602E,2006060400,4849,30.0,1005.0,0.0,4846,2006060315,4847,2006060318,4848,2006060321,4849,2006060400
200602L,2006071621,2038,30.0,1009.0,0.0,2035,2006071612,2036,2006071615,2037,2006071618,2038,2006071621
200602L,2006071721,2042,42.0,998.0,15.0,2039,2006071712,2040,2006071715,2041,2006071718,2042,2006071721
200602W,2006051109,8549,75.0,967.0,103.8,8546,2006051100,8547,2006051103,8548,2006051106,8549,2006051109
200602W,2006051209,8553,80.0,963.0,83.1,8550,2006051200,8551,2006051203,8552,2006051206,8553,2006051209
200602W,2006051309,8557,78.0,965.0,93.8,8554,2006051300,8555,2006051303,8556,2006051306,8557,2006051309
200602W,2006051409,8561,108.0,936.0,117.5,8558,2006051400,8559,2006051403,8560,2006051406,8561,2006051409
200602W,2006051509,8565,118.0,925.0,113.8,8562,2006051500,8563,2006051503,8564,2006051506,8565,2006051509
200602W,2006051609,8569,108.0,936.0,156.2,8566,2006051600,8567,2006051603,8568,2006051606,8569,2006051609
200602W,2006051709,8573,93.0,952.0,132.5,8570,2006051700,8571,2006051703,8572,2006051706,8573,2006051709
200602W,2006051809,8577,20.0,1004.0,0.0,8574,2006051800,8575,2006051803,8576,2006051806,8577,2006051809
200603L,2006071821,2052,35.0,1007.0,22.5,2049,2006071812,2050,2006071815,2051,2006071818,2052,2006071821
200603L,2006071900,2053,35.0,1006.0,25.0,2050,2006071815,2051,2006071818,2052,2006071821,2053,2006071900
200603L,2006071921,2057,50.0,1002.0,69.4,2054,2006071912,2055,2006071915,2056,2006071918,2057,2006071921
200603L,2006072000,2058,50.0,1002.0,76.2,2055,2006071915,2056,2006071918,2057,2006071921,2058,2006072000
200603L,2006072021,2062,45.0,1002.0,71.9,2059,2006072012,2060,2006072015,2061,2006072018,2062,2006072021
200603L,2006072100,2063,45.0,1003.0,63.8,2060,2006072015,2061,2006072018,2062,2006072021,2063,2006072100
200604L,2006080121,2073,50.0,1004.0,22.5,2070,2006080112,2071,2006080115,2072,2006080118,2073,2006080121
200604L,2006080221,2077,50.0,1006.0,35.0,2074,2006080212,2075,2006080215,2076,2006080218,2077,2006080221
200604L,2006080421,2084,25.0,1012.0,0.0,2081,2006080412,2082,2006080415,2083,2006080418,2084,2006080421
200604L,2006080521,2088,20.0,1012.0,0.0,2085,2006080512,2086,2006080515,2087,2006080518,2088,2006080521
200604W,2006070609,8604,105.0,938.0,136.2,8601,2006070600,8602,2006070603,8603,2006070606,8604,2006070609
200604W,2006070709,8608,95.0,949.0,138.8,8605,2006070700,8606,2006070703,8607,2006070706,8608,2006070709
200604W,2006070809,8612,80.0,963.0,151.2,8609,2006070800,8610,2006070803,8611,2006070806,8612,2006070809
200605L,2006082218,2094,30.0,1005.0,0.0,2091,2006082209,2092,2006082212,2093,2006082215,2094,2006082218
200605L,2006082318,2098,45.0,1001.0,32.5,2095,2006082309,2096,2006082312,2097,2006082315,2098,2006082318
200605L,2006082418,2102,45.0,1000.0,32.5,2099,2006082409,2100,2006082412,2101,2006082415,2102,2006082418
200605L,2006082421,2103,45.0,1000.0,33.1,2100,2006082412,2101,2006082415,2102,2006082418,2103,2006082421
200605L,2006082518,2107,35.0,1005.0,22.5,2104,2006082509,2105,2006082512,2106,2006082515,2107,2006082518
200605L,2006082521,2108,35.0,1006.0,22.5,2105,2006082512,2106,2006082515,2107,2006082518,2108,2006082521
200605L,2006082618,2112,25.0,1011.0,0.0,2109,2006082609,2110,2006082612,2111,2006082615,2112,2006082618
200605L,2006082718,2116,25.0,1012.0,0.0,2113,2006082709,2114,2006082712,2115,2006082715,2116,2006082718
200605L,2006082721,2117,25.0,1012.0,0.0,2114,2006082712,2115,2006082715,2116,2006082718,2117,2006082721
200605W,2006071209,8620,40.0,994.0,130.0,8617,2006071200,8618,2006071203,8619,2006071206,8620,2006071209
200605W,2006071309,8624,45.0,991.0,130.6,8621,2006071300,8622,2006071303,8623,2006071306,8624,2006071309
200605W,2006071409,8628,38.0,996.0,157.5,8625,2006071400,8626,2006071403,8627,2006071406,8628,2006071409
200606E,2006072200,4959,30.0,1005.0,0.0,4956,2006072115,4957,2006072118,4958,2006072121,4959,2006072200
200606E,2006072300,4963,40.0,1001.0,30.0,4960,2006072215,4961,2006072218,4962,2006072221,4963,2006072300
200606E,2006072500,4970,45.0,995.0,60.0,4967,2006072415,4968,2006072418,4969,2006072421,4970,2006072500
200606E,2006072600,4974,55.0,991.0,96.3,4971,2006072515,4972,2006072518,4973,2006072521,4974,2006072600
200606E,2006072800,4981,25.0,1009.0,0.0,4978,2006072715,4979,2006072718,4980,2006072721,4981,2006072800
200606E,2006072900,4985,20.0,1011.0,0.0,4982,2006072815,4983,2006072818,4984,2006072821,4985,2006072900
200606E,2006073000,4989,20.0,1011.0,0.0,4986,2006072915,4987,2006072918,4988,2006072921,4989,2006073000
200606E,2006073100,4993,15.0,1012.0,0.0,4990,2006073015,4991,2006073018,4992,2006073021,4993,2006073100
200606L,2006082521,2122,38.0,1003.0,20.0,2119,2006082512,2120,2006082515,2121,2006082518,2122,2006082521
200606L,2006082621,2126,55.0,996.0,47.5,2123,2006082612,2124,2006082615,2125,2006082618,2126,2006082621
200606L,2006082721,2130,42.0,1002.0,37.5,2127,2006082712,2128,2006082715,2129,2006082718,2130,2006082721
200606L,2006082821,2134,35.0,1007.0,46.9,2131,2006082812,2132,2006082815,2133,2006082818,2134,2006082821
200606L,2006082921,2138,40.0,1004.0,48.8,2135,2006082912,2136,2006082915,2137,2006082918,2138,2006082921
200606L,2006083021,2142,35.0,1000.0,11.2,2139,2006083012,2140,2006083015,2141,2006083018,2142,2006083021
200606L,2006083121,2146,60.0,990.0,76.9,2143,2006083112,2144,2006083115,2145,2006083118,2146,2006083121
200606L,2006090121,2150,40.0,1000.0,31.2,2147,2006090112,2148,2006090115,2149,2006090118,2150,2006090121
200606L,2006090221,2154,38.0,1011.0,37.5,2151,2006090212,2152,2006090215,2153,2006090218,2154,2006090221
200606L,2006090321,2158,20.0,1015.0,0.0,2155,2006090312,2156,2006090315,2157,2006090318,2158,2006090321
200606W,2006072309,8632,65.0,976.0,116.2,8629,2006072300,8630,2006072303,8631,2006072306,8632,2006072309
200606W,2006072409,8636,60.0,980.0,103.1,8633,2006072400,8634,2006072403,8635,2006072406,8636,2006072409
200606W,2006072509,8640,48.0,989.0,91.2,8637,2006072500,8638,2006072503,8639,2006072506,8640,2006072509
200607L,2006090418,2163,30.0,1007.0,0.0,2160,2006090409,2161,2006090412,2162,2006090415,2163,2006090418
200607L,2006090421,2164,30.0,1007.0,0.0,2161,2006090412,2162,2006090415,2163,2006090418,2164,2006090421
200607L,2006090518,2168,40.0,1003.0,50.0,2165,2006090509,2166,2006090512,2167,2006090515,2168,2006090518
200607L,2006090618,2172,45.0,1000.0,133.8,2169,2006090609,2170,2006090612,2171,2006090615,2172,2006090618
200607L,2006090721,2176,40.0,1002.0,212.5,2173,2006090712,2174,2006090715,2175,2006090718,2176,2006090721
200607L,2006090821,2180,48.0,998.0,204.4,2177,2006090812,2178,2006090815,2179,2006090818,2180,2006090821
200607L,2006090921,2184,55.0,989.0,186.2,2181,2006090912,2182,2006090915,2183,2006090918,2184,2006090921
200607L,2006091021,2188,80.0,976.0,176.2,2185,2006091012,2186,2006091015,2187,2006091018,2188,2006091021
200607L,2006091121,2192,72.0,974.0,247.5,2189,2006091112,2190,2006091115,2191,2006091118,2192,2006091121
200607L,2006091321,2199,68.0,964.0,345.0,2196,2006091312,2197,2006091315,2198,2006091318,2199,2006091321
200607L,2006091418,2203,50.0,976.0,345.0,2200,2006091409,2201,2006091412,2202,2006091415,2203,2006091418
200607L,2006091518,2207,40.0,986.0,292.5,2204,2006091509,2205,2006091512,2206,2006091515,2207,2006091518
200608L,2006091121,2213,45.0,1004.0,20.6,2210,2006091112,2211,2006091115,2212,2006091118,2213,2006091121
200608L,2006091221,2217,60.0,990.0,45.0,2214,2006091212,2215,2006091215,2216,2006091218,2217,2006091221
200608L,2006091321,2221,100.0,960.0,93.8,2218,2006091312,2219,2006091315,2220,2006091318,2221,2006091321
200608L,2006091521,2228,78.0,978.0,88.8,2225,2006091512,2226,2006091515,2227,2006091518,2228,2006091521
200608L,2006091621,2232,65.0,987.0,87.5,2229,2006091612,2230,2006091615,2231,2006091618,2232,2006091621
200608L,2006091721,2236,72.0,982.0,82.5,2233,2006091712,2234,2006091715,2235,2006091718,2236,2006091721
200608L,2006091821,2240,85.0,972.0,78.8,2237,2006091812,2238,2006091815,2239,2006091818,2240,2006091821
200608L,2006091918,2244,75.0,979.0,118.8,2241,2006091909,2242,2006091912,2243,2006091915,2244,2006091918
200608L,2006092018,2248,65.0,983.0,122.5,2245,2006092009,2246,2006092012,2247,2006092015,2248,2006092018
200609L,2006091318,2258,30.0,1006.0,0.0,2255,2006091309,2256,2006091312,2257,2006091315,2258,2006091318
200609L,2006091418,2262,40.0,1003.0,56.2,2259,2006091409,2260,2006091412,2261,2006091415,2262,2006091418
200609L,2006091518,2266,55.0,995.0,81.2,2263,2006091509,2264,2006091512,2265,2006091515,2266,2006091518
200609L,2006091618,2270,65.0,986.0,122.5,2267,2006091609,2268,2006091612,2269,2006091615,2270,2006091618
200609L,2006091621,2271,68.0,984.0,122.5,2268,2006091612,2269,2006091615,2270,2006091618,2271,2006091621
200609L,2006091718,2275,90.0,970.0,122.5,2272,2006091709,2273,2006091712,2274,2006091715,2275,2006091718
200609L,2006091721,2276,95.0,966.0,130.0,2273,2006091712,2274,2006091715,2275,2006091718,2276,2006091721
200609L,2006091818,2280,95.0,962.0,150.0,2277,2006091809,2278,2006091812,2279,2006091815,2280,2006091818
200609L,2006092021,2287,80.0,961.0,168.8,2284,2006092012,2285,2006092015,2286,2006092018,2287,2006092021
200609L,2006092121,2291,75.0,970.0,190.0,2288,2006092112,2289,2006092115,2290,2006092118,2291,2006092121
200609L,2006092221,2295,72.0,966.0,225.0,2292,2006092212,2293,2006092215,2294,2006092218,2295,2006092221
200609L,2006092318,2299,75.0,963.0,262.5,2296,2006092309,2297,2006092312,2298,2006092315,2299,2006092318
200609L,2006092321,2300,72.0,964.0,275.0,2297,2006092312,2298,2006092315,2299,2006092318,2300,2006092321
200609L,2006092418,2304,65.0,964.0,318.8,2301,2006092409,2302,2006092412,2303,2006092415,2304,2006092418
200610E,2006082200,5064,40.0,1002.0,125.0,5061,2006082115,5062,2006082118,5063,2006082121,5064,2006082200
200610E,2006082400,5069,105.0,955.0,100.0,5066,2006082315,5067,2006082318,5068,2006082321,5069,2006082400
200610E,2006082500,5073,80.0,975.0,110.0,5070,2006082415,5071,2006082418,5072,2006082421,5073,2006082500
200610E,2006082600,5077,55.0,987.0,78.8,5074,2006082515,5075,2006082518,5076,2006082521,5077,2006082600
200610E,2006082700,5081,40.0,998.0,40.0,5078,2006082615,5079,2006082618,5080,2006082621,5081,2006082700
200610E,2006082800,5085,25.0,1005.0,0.0,5082,2006082715,5083,2006082718,5084,2006082721,5085,2006082800
200610E,2006082900,5089,20.0,1009.0,0.0,5086,2006082815,5087,2006082818,5088,2006082821,5089,2006082900
200610L,2006100121,2321,68.0,988.0,111.9,2318,2006100112,2319,2006100115,2320,2006100118,2321,2006100121
200610L,2006100221,2325,55.0,996.0,131.2,2322,2006100212,2323,2006100215,2324,2006100218,2325,2006100221
200610W,2006080809,8690,48.0,989.0,58.8,8687,2006080800,8688,2006080803,8689,2006080806,8690,2006080809
200610W,2006080909,8694,38.0,996.0,29.4,8691,2006080900,8692,2006080903,8693,2006080906,8694,2006080909
200611E,2006082900,5094,50.0,997.0,63.8,5091,2006082815,5092,2006082818,5093,2006082821,5094,2006082900
200611E,2006083000,5098,100.0,962.0,105.0,5095,2006082915,5096,2006082918,5097,2006082921,5098,2006083000
200611E,2006083100,5102,110.0,950.0,105.0,5099,2006083015,5100,2006083018,5101,2006083021,5102,2006083100
200611E,2006090100,5106,90.0,968.0,82.5,5103,2006083115,5104,2006083118,5105,2006083121,5106,2006090100
200611E,2006090300,5113,50.0,988.0,47.5,5110,2006090215,5111,2006090218,5112,2006090221,5113,2006090300
200611E,2006090400,5117,30.0,1002.0,0.0,5114,2006090315,5115,2006090318,5116,2006090321,5117,2006090400
200612E,2006083100,5122,60.0,990.0,45.0,5119,2006083015,5120,2006083018,5121,2006083021,5122,2006083100
200612E,2006090100,5126,65.0,990.0,45.0,5123,2006083115,5124,2006083118,5125,2006083121,5126,2006090100
200612E,2006090200,5130,40.0,1003.0,37.5,5127,2006090115,5128,2006090118,5129,2006090121,5130,2006090200
200612E,2006090300,5134,30.0,1009.0,0.0,5131,2006090215,5132,2006090218,5133,2006090221,5134,2006090300
200612E,2006090400,5138,35.0,1006.0,30.0,5135,2006090315,5136,2006090318,5137,2006090321,5138,2006090400
200612E,2006090500,5142,30.0,1007.0,0.0,5139,2006090415,5140,2006090418,5141,2006090421,5142,2006090500
200612E,2006090700,5149,30.0,1007.0,0.0,5146,2006090615,5147,2006090618,5148,2006090621,5149,2006090700
200612E,2006090800,5153,25.0,1009.0,0.0,5150,2006090715,5151,2006090718,5152,2006090721,5153,2006090800
200613E,2006091500,5162,50.0,997.0,86.3,5159,2006091415,5160,2006091418,5161,2006091421,5162,2006091500
200613E,2006091600,5166,90.0,975.0,93.8,5163,2006091515,5164,2006091518,5165,2006091521,5166,2006091600
200613E,2006091700,5170,65.0,978.0,68.8,5167,2006091615,5168,2006091618,5169,2006091621,5170,2006091700
200613W,2006082309,8710,20.0,1002.0,0.0,8707,2006082300,8708,2006082303,8709,2006082306,8710,2006082309
200613W,2006082409,8714,20.0,1004.0,0.0,8711,2006082400,8712,2006082403,8713,2006082406,8714,2006082409
200614E,2006091700,5175,40.0,999.0,30.0,5172,2006091615,5173,2006091618,5174,2006091621,5175,2006091700
200614E,2006091800,5179,35.0,1001.0,18.8,5176,2006091715,5177,2006091718,5178,2006091721,5179,2006091800
200614E,2006091900,5183,25.0,1005.0,0.0,5180,2006091815,5181,2006091818,5182,2006091821,5183,2006091900
200614W,2006091409,8723,85.0,958.0,141.2,8720,2006091400,8721,2006091403,8722,2006091406,8723,2006091409
200614W,2006091509,8727,118.0,925.0,153.8,8724,2006091500,8725,2006091503,8726,2006091506,8727,2006091509
200614W,2006091609,8731,113.0,930.0,153.1,8728,2006091600,8729,2006091603,8730,2006091606,8731,2006091609
200615W,2006091309,8738,23.0,1003.0,0.0,8735,2006091300,8736,2006091303,8737,2006091306,8738,2006091309
200616E,2006101100,5221,40.0,1001.0,50.0,5218,2006101015,5219,2006101018,5220,2006101021,5221,2006101100
200616E,2006101200,5225,30.0,1006.0,0.0,5222,2006101115,5223,2006101118,5224,2006101121,5225,2006101200
200616E,2006101300,5229,25.0,1008.0,0.0,5226,2006101215,5227,2006101218,5228,2006101221,5229,2006101300
200616E,2006101400,5233,25.0,1008.0,0.0,5230,2006101315,5231,2006101318,5232,2006101321,5233,2006101400
200617E,2006102200,5239,45.0,1000.0,45.0,5236,2006102115,5237,2006102118,5238,2006102121,5239,2006102200
200617E,2006102300,5243,75.0,980.0,65.0,5240,2006102215,5241,2006102218,5242,2006102221,5243,2006102300
200617E,2006102400,5247,75.0,979.0,62.5,5244,2006102315,5245,2006102318,5246,2006102321,5247,2006102400
200617E,2006102500,5251,40.0,1000.0,37.5,5248,2006102415,5249,2006102418,5250,2006102421,5251,2006102500
200617E,2006102600,5255,25.0,1005.0,0.0,5252,2006102515,5253,2006102518,5254,2006102521,5255,2006102600
200617W,2006092309,8759,30.0,1000.0,0.0,8756,2006092300,8757,2006092303,8758,2006092306,8759,2006092309
200617W,2006092409,8763,30.0,1000.0,0.0,8760,2006092400,8761,2006092403,8762,2006092406,8763,2006092409
200618E,2006102700,5259,30.0,1007.0,0.0,5256,2006102615,5257,2006102618,5258,2006102621,5259,2006102700
200618E,2006102800,5263,20.0,1010.0,0.0,5260,2006102715,5261,2006102718,5262,2006102721,5263,2006102800
200618E,2006102900,5267,20.0,1010.0,0.0,5264,2006102815,5265,2006102818,5266,2006102821,5267,2006102900
200618W,2006092609,8768,50.0,988.0,120.0,8765,2006092600,8766,2006092603,8767,2006092606,8768,2006092609
200618W,2006092709,8772,120.0,922.0,141.9,8769,2006092700,8770,2006092703,8771,2006092706,8772,2006092709
200618W,2006092809,8776,103.0,941.0,98.8,8773,2006092800,8774,2006092803,8775,2006092806,8776,2006092809
200618W,2006092909,8780,108.0,936.0,96.2,8777,2006092900,8778,2006092903,8779,2006092906,8780,2006092909
200618W,2006093009,8784,113.0,930.0,100.0,8781,2006093000,8782,2006093003,8783,2006093006,8784,2006093009
200618W,2006100109,8788,65.0,976.0,97.5,8785,2006100100,8786,2006100103,8787,2006100106,8788,2006100109
200619E,2006110900,5271,30.0,1004.0,0.0,5268,2006110815,5269,2006110818,5270,2006110821,5271,2006110900
200619E,2006111000,5275,30.0,1004.0,0.0,5272,2006110915,5273,2006110918,5274,2006110921,5275,2006111000
200621E,2006111600,5286,90.0,970.0,80.0,5283,2006111515,5284,2006111518,5285,2006111521,5286,2006111600
200621E,2006111700,5290,70.0,982.0,77.5,5287,2006111615,5288,2006111618,5289,2006111621,5290,2006111700
200621E,2006111800,5294,40.0,1002.0,52.5,5291,2006111715,5292,2006111718,5293,2006111721,5294,2006111800
200621E,2006111900,5298,40.0,1002.0,27.5,5295,2006111815,5296,2006111818,5297,2006111821,5298,2006111900
200621E,2006112000,5302,30.0,1005.0,0.0,5299,2006111915,5300,2006111918,5301,2006111921,5302,2006112000
200622W,2006102809,8807,80.0,963.0,88.8,8804,2006102800,8805,2006102803,8806,2006102806,8807,2006102809
200622W,2006103009,8814,90.0,954.0,104.4,8811,2006103000,8812,2006103003,8813,2006103006,8814,2006103009
200622W,2006103109,8818,93.0,952.0,104.4,8815,2006103100,8816,2006103103,8817,2006103106,8818,2006103109
200622W,2006110109,8822,108.0,936.0,117.5,8819,2006110100,8820,2006110103,8821,2006110106,8822,2006110109
200622W,2006110209,8826,63.0,978.0,101.2,8823,2006110200,8824,2006110203,8825,2006110206,8826,2006110209
200622W,2006110309,8830,40.0,994.0,75.0,8827,2006110300,8828,2006110303,8829,2006110306,8830,2006110309
200622W,2006110409,8834,25.0,1002.0,0.0,8831,2006110400,8832,2006110403,8833,2006110406,8834,2006110409
200622W,2006110509,8838,20.0,1004.0,0.0,8835,2006110500,8836,2006110503,8837,2006110506,8838,2006110509
200622W,2006110609,8842,15.0,1006.0,0.0,8839,2006110600,8840,2006110603,8841,2006110606,8842,2006110609
200622W,2006110709,8846,15.0,1006.0,0.0,8843,2006110700,8844,2006110703,8845,2006110706,8846,2006110709
200623W,2006111009,8850,120.0,922.0,83.1,8847,2006111000,8848,2006111003,8849,2006111006,8850,2006111009
200623W,2006111109,8854,88.0,956.0,86.2,8851,2006111100,8852,2006111103,8853,2006111106,8854,2006111109
200623W,2006111209,8858,65.0,976.0,83.8,8855,2006111200,8856,2006111203,8857,2006111206,8858,2006111209
200623W,2006111309,8862,50.0,987.0,66.2,8859,2006111300,8860,2006111303,8861,2006111306,8862,2006111309
200623W,2006111409,8866,25.0,1002.0,0.0,8863,2006111400,8864,2006111403,8865,2006111406,8866,2006111409
200624W,2006112909,8871,130.0,910.0,121.9,8868,2006112900,8869,2006112903,8870,2006112906,8871,2006112909
200624W,2006120109,8877,85.0,959.0,101.2,8874,2006120100,8875,2006120103,8876,2006120106,8877,2006120109
200624W,2006120209,8881,75.0,967.0,87.5,8878,2006120200,8879,2006120203,8880,2006120206,8881,2006120209
200624W,2006120309,8885,90.0,954.0,97.5,8882,2006120300,8883,2006120303,8884,2006120306,8885,2006120309
200624W,2006120409,8889,53.0,986.0,64.4,8886,2006120400,8887,2006120403,8888,2006120406,8889,2006120409
200624W,2006120509,8893,40.0,994.0,60.0,8890,2006120500,8891,2006120503,8892,2006120506,8893,2006120509
200624W,2006120609,8897,20.0,1004.0,0.0,8894,2006120600,8895,2006120603,8896,2006120606,8897,2006120609
200624W,2006120709,8901,20.0,1004.0,0.0,8898,2006120700,8899,2006120703,8900,2006120706,8901,2006120709
200624W,2006120809,8905,20.0,1004.0,0.0,8902,2006120800,8903,2006120803,8904,2006120806,8905,2006120809
200624W,2006120912,8909,15.0,1006.0,0.0,8906,2006120903,8907,2006120906,8908,2006120909,8909,2006120912
200625W,2006121009,8913,78.0,965.0,115.0,8910,2006121000,8911,2006121003,8912,2006121006,8913,2006121009
200625W,2006121109,8917,70.0,972.0,85.0,8914,2006121100,8915,2006121103,8916,2006121106,8917,2006121109
200625W,2006121209,8921,85.0,959.0,92.5,8918,2006121200,8919,2006121203,8920,2006121206,8921,2006121209
200625W,2006121309,8925,80.0,963.0,95.0,8922,2006121300,8923,2006121303,8924,2006121306,8925,2006121309
200625W,2006121409,8929,30.0,1000.0,0.0,8926,2006121400,8927,2006121403,8928,2006121406,8929,2006121409
200701E,2007052800,5309,25.0,1007.0,0.0,5306,2007052715,5307,2007052718,5308,2007052721,5309,2007052800
200701E,2007052900,5313,35.0,1004.0,25.0,5310,2007052815,5311,2007052818,5312,2007052821,5313,2007052900
200701E,2007053000,5317,35.0,1004.0,12.5,5314,2007052915,5315,2007052918,5316,2007052921,5317,2007053000
200701E,2007053100,5321,30.0,1005.0,0.0,5318,2007053015,5319,2007053018,5320,2007053021,5321,2007053100
200701E,2007060100,5325,25.0,1008.0,0.0,5322,2007053115,5323,2007053118,5324,2007053121,5325,2007060100
200701E,2007060200,5329,25.0,1008.0,0.0,5326,2007060115,5327,2007060118,5328,2007060121,5329,2007060200
200701E,2007060300,5333,25.0,1008.0,0.0,5330,2007060215,5331,2007060218,5332,2007060221,5333,2007060300
200701E,2007060400,5337,25.0,1008.0,0.0,5334,2007060315,5335,2007060318,5336,2007060321,5337,2007060400
200701E,2007060500,5341,25.0,1008.0,0.0,5338,2007060415,5339,2007060418,5340,2007060421,5341,2007060500
200701E,2007060600,5345,25.0,1008.0,0.0,5342,2007060515,5343,2007060518,5344,2007060521,5345,2007060600
200701L,2007050621,2330,45.0,1007.0,175.0,2327,2007050612,2328,2007050615,2329,2007050618,2330,2007050621
200701L,2007050721,2334,60.0,999.0,271.2,2331,2007050712,2332,2007050715,2333,2007050718,2334,2007050721
200701L,2007050921,2341,40.0,1003.0,47.5,2338,2007050912,2339,2007050915,2340,2007050918,2341,2007050921
200701L,2007051000,2342,40.0,1003.0,45.0,2339,2007050915,2340,2007050918,2341,2007050921,2342,2007051000
200701L,2007051021,2346,30.0,1004.0,0.0,2343,2007051012,2344,2007051015,2345,2007051018,2346,2007051021
200701L,2007051121,2350,25.0,1006.0,0.0,2347,2007051112,2348,2007051115,2349,2007051118,2350,2007051121
200701L,2007051221,2354,25.0,1006.0,0.0,2351,2007051212,2352,2007051215,2353,2007051218,2354,2007051221
200701L,2007051321,2358,25.0,1007.0,0.0,2355,2007051312,2356,2007051315,2357,2007051318,2358,2007051321
200702E,2007053100,5352,40.0,1002.0,30.0,5349,2007053015,5350,2007053018,5351,2007053021,5352,2007053100
200702E,2007053121,5356,33.0,1005.0,10.0,5353,2007053112,5354,2007053115,5355,2007053118,5356,2007053121
200702E,2007060100,5357,30.0,1005.0,0.0,5354,2007053115,5355,2007053118,5356,2007053121,5357,2007060100
200702E,2007060121,5361,45.0,1000.0,49.4,5358,2007060112,5359,2007060115,5360,2007060118,5361,2007060121
200702E,2007060200,5362,45.0,1000.0,50.0,5359,2007060115,5360,2007060118,5361,2007060121,5362,2007060200
200702L,2007053121,2363,25.0,1005.0,0.0,2360,2007053112,2361,2007053115,2362,2007053118,2363,2007053121
200702L,2007060100,2364,25.0,1005.0,0.0,2361,2007053115,2362,2007053118,2363,2007053121,2364,2007060100
200702L,2007060121,2368,45.0,998.0,47.5,2365,2007060112,2366,2007060115,2367,2007060118,2368,2007060121
200702L,2007060200,2369,50.0,997.0,50.0,2366,2007060115,2367,2007060118,2368,2007060121,2369,2007060200
200702L,2007060221,2373,32.0,999.0,15.0,2370,2007060212,2371,2007060215,2372,2007060218,2373,2007060221
200702L,2007060300,2374,35.0,997.0,30.0,2371,2007060215,2372,2007060218,2373,2007060221,2374,2007060300
200702L,2007060321,2378,40.0,993.0,112.5,2375,2007060312,2376,2007060315,2377,2007060318,2378,2007060321
200702L,2007060400,2379,40.0,992.0,112.5,2376,2007060315,2377,2007060318,2378,2007060321,2379,2007060400
200702L,2007060421,2383,35.0,992.0,112.5,2380,2007060412,2381,2007060415,2382,2007060418,2383,2007060421
200702L,2007060500,2384,35.0,992.0,112.5,2381,2007060415,2382,2007060418,2383,2007060421,2384,2007060500
200703E,2007061300,5372,25.0,1007.0,0.0,5369,2007061215,5370,2007061218,5371,2007061221,5372,2007061300
200703E,2007061400,5376,15.0,1009.0,0.0,5373,2007061315,5374,2007061318,5375,2007061321,5376,2007061400
200703L,2007073121,2390,45.0,996.0,92.5,2387,2007073112,2388,2007073115,2389,2007073118,2390,2007073121
200703L,2007080118,2394,60.0,988.0,133.8,2391,2007080109,2392,2007080112,2393,2007080115,2394,2007080118
200704E,2007071100,5386,25.0,1007.0,0.0,5383,2007071015,5384,2007071018,5385,2007071021,5386,2007071100
200705E,2007071500,5392,25.0,1008.0,0.0,5389,2007071415,5390,2007071418,5391,2007071421,5392,2007071500
200705E,2007071600,5396,25.0,1009.0,0.0,5393,2007071515,5394,2007071518,5395,2007071521,5396,2007071600
200705L,2007081521,2441,35.0,1004.0,16.9,2438,2007081512,2439,2007081515,2440,2007081518,2441,2007081521
200705L,2007081600,2442,35.0,1003.0,18.8,2439,2007081515,2440,2007081518,2441,2007081521,2442,2007081600
200705L,2007081700,2446,25.0,1006.0,0.0,2443,2007081615,2444,2007081618,2445,2007081621,2446,2007081700
200706E,2007071500,5400,25.0,1006.0,0.0,5397,2007071415,5398,2007071418,5399,2007071421,5400,2007071500
200706E,2007071600,5404,45.0,1000.0,50.0,5401,2007071515,5402,2007071518,5403,2007071521,5404,2007071600
200706E,2007071700,5408,60.0,992.0,60.0,5405,2007071615,5406,2007071618,5407,2007071621,5408,2007071700
200706E,2007071703,5409,58.0,995.0,58.1,5406,2007071618,5407,2007071621,5408,2007071700,5409,2007071703
200706E,2007071800,5413,35.0,1005.0,30.0,5410,2007071715,5411,2007071718,5412,2007071721,5413,2007071800
200706E,2007071803,5414,35.0,1005.0,30.0,5411,2007071718,5412,2007071721,5413,2007071800,5414,2007071803
200706E,2007071903,5418,30.0,1009.0,0.0,5415,2007071818,5416,2007071821,5417,2007071900,5418,2007071903
200707W,2007080909,8981,28.0,1002.0,0.0,8978,2007080900,8979,2007080903,8980,2007080906,8981,2007080909
200709E,2007081000,5480,55.0,994.0,48.8,5477,2007080915,5478,2007080918,5479,2007080921,5480,2007081000
200709E,2007081200,5487,120.0,949.0,72.5,5484,2007081115,5485,2007081118,5486,2007081121,5487,2007081200
200709E,2007081203,5488,120.0,950.0,72.5,5485,2007081118,5486,2007081121,5487,2007081200,5488,2007081203
200709L,2007091300,2516,55.0,997.0,35.0,2513,2007091215,2514,2007091218,2515,2007091221,2516,2007091300
200710E,2007083000,5501,35.0,1003.0,26.3,5498,2007082915,5499,2007082918,5500,2007082921,5501,2007083000
200710E,2007090200,5511,25.0,1005.0,0.0,5508,2007090115,5509,2007090118,5510,2007090121,5511,2007090200
200710L,2007092121,2524,28.0,1006.0,0.0,2521,2007092112,2522,2007092115,2523,2007092118,2524,2007092121
200712E,2007091900,5545,40.0,1002.0,20.0,5542,2007091815,5543,2007091818,5544,2007091821,5545,2007091900
200712E,2007092000,5549,65.0,987.0,57.5,5546,2007091915,5547,2007091918,5548,2007091921,5549,2007092000
200712E,2007092100,5553,70.0,984.0,57.5,5550,2007092015,5551,2007092018,5552,2007092021,5553,2007092100
200712E,2007092200,5557,55.0,994.0,56.3,5554,2007092115,5555,2007092118,5556,2007092121,5557,2007092200
200712E,2007092300,5561,30.0,1004.0,0.0,5558,2007092215,5559,2007092218,5560,2007092221,5561,2007092300
200712E,2007092500,5568,15.0,1010.0,0.0,5565,2007092415,5566,2007092418,5567,2007092421,5568,2007092500
200713E,2007092100,5575,20.0,1008.0,0.0,5572,2007092015,5573,2007092018,5574,2007092021,5575,2007092100
200713E,2007092200,5579,20.0,1008.0,0.0,5576,2007092115,5577,2007092118,5578,2007092121,5579,2007092200
200713E,2007092300,5583,20.0,1009.0,0.0,5580,2007092215,5581,2007092218,5582,2007092221,5583,2007092300
200713E,2007092400,5587,20.0,1010.0,0.0,5584,2007092315,5585,2007092318,5586,2007092321,5587,2007092400
200713E,2007092500,5591,20.0,1011.0,0.0,5588,2007092415,5589,2007092418,5590,2007092421,5591,2007092500
200714E,2007093000,5596,35.0,1003.0,30.0,5593,2007092915,5594,2007092918,5595,2007092921,5596,2007093000
200714E,2007100200,5602,30.0,1004.0,0.0,5599,2007100115,5600,2007100118,5601,2007100121,5602,2007100200
200714E,2007100300,5606,25.0,1006.0,0.0,5603,2007100215,5604,2007100218,5605,2007100221,5606,2007100300
200714E,2007100400,5610,25.0,1007.0,0.0,5607,2007100315,5608,2007100318,5609,2007100321,5610,2007100400
200714E,2007100500,5614,25.0,1008.0,0.0,5611,2007100415,5612,2007100418,5613,2007100421,5614,2007100500
200715L,2007101518,2608,30.0,1004.0,0.0,2605,2007101509,2606,2007101512,2607,2007101515,2608,2007101518
200715L,2007101618,2612,40.0,996.0,82.5,2609,2007101609,2610,2007101612,2611,2007101615,2612,2007101618
200715L,2007101718,2616,40.0,999.0,75.0,2613,2007101709,2614,2007101712,2615,2007101715,2616,2007101718
200715W,2007092309,9013,33.0,997.0,0.0,9010,2007092300,9011,2007092303,9012,2007092306,9013,2007092309
200715W,2007092509,9020,23.0,1006.0,0.0,9017,2007092500,9018,2007092503,9019,2007092506,9020,2007092509
200718W,2007101306,9065,40.0,993.0,60.0,9062,2007101221,9063,2007101300,9064,2007101303,9065,2007101306
200718W,2007101406,9069,30.0,1000.0,0.0,9066,2007101321,9067,2007101400,9068,2007101403,9069,2007101406
200719W,2007102206,9077,50.0,985.0,65.0,9074,2007102121,9075,2007102200,9076,2007102203,9077,2007102206
200721W,2007110809,9085,35.0,996.0,28.1,9082,2007110800,9083,2007110803,9084,2007110806,9085,2007110809
200721W,2007110909,9089,25.0,1004.0,0.0,9086,2007110900,9087,2007110903,9088,2007110906,9089,2007110909
200721W,2007111009,9093,20.0,1007.0,0.0,9090,2007111000,9091,2007111003,9092,2007111006,9093,2007111009
200724W,2007112609,9134,65.0,974.0,107.5,9131,2007112600,9132,2007112603,9133,2007112606,9134,2007112609
200724W,2007112709,9138,40.0,993.0,71.2,9135,2007112700,9136,2007112703,9137,2007112706,9138,2007112709
200801L,2008060121,2677,28.0,1006.0,0.0,2674,2008060112,2675,2008060115,2676,2008060118,2677,2008060121
200802L,2008070418,2684,45.0,1000.0,45.0,2681,2008070409,2682,2008070412,2683,2008070415,2684,2008070418
200802L,2008070518,2688,45.0,1000.0,45.0,2685,2008070509,2686,2008070512,2687,2008070515,2688,2008070518
200802L,2008070521,2689,45.0,1000.0,45.0,2686,2008070512,2687,2008070515,2688,2008070518,2689,2008070521
200802L,2008070618,2693,45.0,1000.0,45.0,2690,2008070609,2691,2008070612,2692,2008070615,2693,2008070618
200802L,2008070621,2694,50.0,997.0,45.0,2691,2008070612,2692,2008070615,2693,2008070618,2694,2008070621
200802L,2008070718,2698,100.0,960.0,76.2,2695,2008070709,2696,2008070712,2697,2008070715,2698,2008070718
200802L,2008070721,2699,102.0,958.0,76.2,2696,2008070712,2697,2008070715,2698,2008070718,2699,2008070721
200802L,2008070818,2703,75.0,980.0,67.5,2700,2008070809,2701,2008070812,2702,2008070815,2703,2008070818
200802L,2008070821,2704,72.0,982.0,67.5,2701,2008070812,2702,2008070815,2703,2008070818,2704,2008070821
200802L,2008070921,2708,88.0,972.0,82.5,2705,2008070912,2706,2008070915,2707,2008070918,2708,2008070921
200802L,2008071021,2712,75.0,980.0,95.0,2709,2008071012,2710,2008071015,2711,2008071018,2712,2008071021
200802L,2008071221,2719,65.0,984.0,146.2,2716,2008071212,2717,2008071215,2718,2008071218,2719,2008071221
200802L,2008071321,2723,55.0,990.0,121.2,2720,2008071312,2721,2008071315,2722,2008071318,2723,2008071321
200802L,2008071421,2727,60.0,995.0,115.0,2724,2008071412,2725,2008071415,2726,2008071418,2727,2008071421
200802L,2008071521,2731,60.0,995.0,105.0,2728,2008071512,2729,2008071515,2730,2008071518,2731,2008071521
200802L,2008071621,2735,58.0,996.0,107.5,2732,2008071612,2733,2008071615,2734,2008071618,2735,2008071621
200802L,2008071721,2739,50.0,997.0,105.0,2736,2008071712,2737,2008071715,2738,2008071718,2739,2008071721
200802L,2008071818,2743,65.0,989.0,111.2,2740,2008071809,2741,2008071812,2742,2008071815,2743,2008071818
200802L,2008071821,2744,65.0,989.0,111.2,2741,2008071812,2742,2008071815,2743,2008071818,2744,2008071821
200802L,2008071918,2748,65.0,989.0,140.0,2745,2008071909,2746,2008071912,2747,2008071915,2748,2008071918
200803L,2008071921,2754,45.0,1006.0,37.5,2751,2008071912,2752,2008071915,2753,2008071918,2754,2008071921
200803L,2008072000,2755,45.0,1006.0,37.5,2752,2008071915,2753,2008071918,2754,2008071921,2755,2008072000
200803L,2008072021,2759,45.0,1006.0,25.0,2756,2008072012,2757,2008072015,2758,2008072018,2759,2008072021
200803L,2008072100,2760,45.0,1005.0,25.0,2757,2008072015,2758,2008072018,2759,2008072021,2760,2008072100
200803L,2008072121,2764,55.0,1000.0,55.0,2761,2008072112,2762,2008072115,2763,2008072118,2764,2008072121
200804E,2008070300,5716,35.0,1004.0,56.3,5713,2008070215,5714,2008070218,5715,2008070221,5716,2008070300
200804E,2008070400,5720,30.0,1005.0,0.0,5717,2008070315,5718,2008070318,5719,2008070321,5720,2008070400
200804E,2008070500,5724,20.0,1007.0,0.0,5721,2008070415,5722,2008070418,5723,2008070421,5724,2008070500
200804E,2008070600,5728,20.0,1007.0,0.0,5725,2008070515,5726,2008070518,5727,2008070521,5728,2008070600
200804L,2008072021,2770,42.0,1008.0,112.5,2767,2008072012,2768,2008072015,2769,2008072018,2770,2008072021
200804L,2008072100,2771,45.0,1007.0,112.5,2768,2008072015,2769,2008072018,2770,2008072021,2771,2008072100
200804L,2008072121,2775,45.0,1002.0,101.2,2772,2008072112,2773,2008072115,2774,2008072118,2775,2008072121
200804L,2008072200,2776,45.0,1000.0,105.0,2773,2008072115,2774,2008072118,2775,2008072121,2776,2008072200
200804L,2008072221,2780,62.0,986.0,115.0,2777,2008072212,2778,2008072215,2779,2008072218,2780,2008072221
200804L,2008072300,2781,65.0,982.0,110.0,2778,2008072215,2779,2008072218,2780,2008072221,2781,2008072300
200804L,2008072500,2789,25.0,1000.0,0.0,2786,2008072415,2787,2008072418,2788,2008072421,2789,2008072500
200804L,2008072600,2793,20.0,1012.0,0.0,2790,2008072515,2791,2008072518,2792,2008072521,2793,2008072600
200804L,2008072700,2797,20.0,1016.0,0.0,2794,2008072615,2795,2008072618,2796,2008072621,2797,2008072700
200805E,2008070700,5735,30.0,1005.0,0.0,5732,2008070615,5733,2008070618,5734,2008070621,5735,2008070700
200805L,2008080321,2801,38.0,1006.0,6.2,2798,2008080312,2799,2008080315,2800,2008080318,2801,2008080321
200805L,2008080400,2802,45.0,1002.0,12.5,2799,2008080315,2800,2008080318,2801,2008080321,2802,2008080400
200805L,2008080421,2806,45.0,1000.0,50.6,2803,2008080412,2804,2008080415,2805,2008080418,2806,2008080421
200805L,2008080500,2807,50.0,999.0,56.2,2804,2008080415,2805,2008080418,2806,2008080421,2807,2008080500
200805W,2008051609,9206,45.0,989.0,87.5,9203,2008051600,9204,2008051603,9205,2008051606,9206,2008051609
200805W,2008051709,9210,70.0,971.0,85.0,9207,2008051700,9208,2008051703,9209,2008051706,9210,2008051709
200805W,2008051809,9214,45.0,989.0,82.5,9211,2008051800,9212,2008051803,9213,2008051806,9214,2008051809
200806L,2008081521,2816,38.0,1008.0,46.9,2813,2008081512,2814,2008081515,2815,2008081518,2816,2008081521
200806L,2008081621,2820,42.0,1006.0,37.5,2817,2008081612,2818,2008081615,2819,2008081618,2820,2008081621
200806L,2008081721,2824,45.0,1004.0,45.0,2821,2008081712,2822,2008081715,2823,2008081718,2824,2008081721
200806L,2008081821,2828,50.0,998.0,65.0,2825,2008081812,2826,2008081815,2827,2008081818,2828,2008081821
200806L,2008081900,2829,50.0,997.0,65.0,2826,2008081815,2827,2008081818,2828,2008081821,2829,2008081900
200806L,2008081921,2833,58.0,987.0,78.8,2830,2008081912,2831,2008081915,2832,2008081918,2833,2008081921
200806L,2008082021,2837,48.0,995.0,77.5,2834,2008082012,2835,2008082015,2836,2008082018,2837,2008082021
200806L,2008082121,2841,52.0,994.0,100.0,2838,2008082112,2839,2008082115,2840,2008082118,2841,2008082121
200806L,2008082221,2845,42.0,996.0,52.5,2842,2008082212,2843,2008082215,2844,2008082218,2845,2008082221
200806L,2008082300,2846,45.0,996.0,40.0,2843,2008082215,2844,2008082218,2845,2008082221,2846,2008082300
200806L,2008082321,2850,35.0,999.0,13.8,2847,2008082312,2848,2008082315,2849,2008082318,2850,2008082321
200806L,2008082400,2851,30.0,999.0,0.0,2848,2008082315,2849,2008082318,2850,2008082321,2851,2008082400
200806L,2008082521,2859,22.0,1002.0,0.0,2856,2008082512,2857,2008082515,2858,2008082518,2859,2008082521
200806L,2008082600,2860,20.0,1002.0,0.0,2857,2008082515,2858,2008082518,2859,2008082521,2860,2008082600
200806L,2008082721,2867,15.0,1008.0,0.0,2864,2008082712,2865,2008082715,2866,2008082718,2867,2008082721
200806L,2008082800,2868,15.0,1009.0,0.0,2865,2008082715,2866,2008082718,2867,2008082721,2868,2008082800
200808E,2008072200,5810,35.0,1004.0,48.8,5807,2008072115,5808,2008072118,5809,2008072121,5810,2008072200
200808E,2008072300,5814,55.0,994.0,63.8,5811,2008072215,5812,2008072218,5813,2008072221,5814,2008072300
200808E,2008072700,5826,35.0,1000.0,7.5,5823,2008072615,5824,2008072618,5825,2008072621,5826,2008072700
200808E,2008072800,5830,25.0,1009.0,0.0,5827,2008072715,5828,2008072718,5829,2008072721,5830,2008072800
200808E,2008072900,5834,25.0,1011.0,0.0,5831,2008072815,5832,2008072818,5833,2008072821,5834,2008072900
200808E,2008072903,5835,23.0,1012.0,0.0,5832,2008072818,5833,2008072821,5834,2008072900,5835,2008072903
200808E,2008073000,5839,20.0,1014.0,0.0,5836,2008072915,5837,2008072918,5838,2008072921,5839,2008073000
200808E,2008073003,5840,20.0,1014.0,0.0,5837,2008072918,5838,2008072921,5839,2008073000,5840,2008073003
200808E,2008073100,5844,20.0,1014.0,0.0,5841,2008073015,5842,2008073018,5843,2008073021,5844,2008073100
200808L,2008082821,2919,38.0,1002.0,28.8,2916,2008082812,2917,2008082815,2918,2008082818,2919,2008082821
200808L,2008082921,2923,45.0,1000.0,71.9,2920,2008082912,2921,2008082915,2922,2008082918,2923,2008082921
200808L,2008083021,2927,48.0,1000.0,105.0,2924,2008083012,2925,2008083015,2926,2008083018,2927,2008083021
200808L,2008083121,2931,42.0,997.0,93.8,2928,2008083112,2929,2008083115,2930,2008083118,2931,2008083121
200808L,2008090121,2935,72.0,981.0,118.1,2932,2008090112,2933,2008090115,2934,2008090118,2935,2008090121
200808L,2008090221,2939,55.0,986.0,125.0,2936,2008090212,2937,2008090215,2938,2008090218,2939,2008090221
200808L,2008090321,2943,52.0,992.0,170.0,2940,2008090312,2941,2008090315,2942,2008090318,2943,2008090321
200808L,2008090421,2947,55.0,988.0,180.0,2944,2008090412,2945,2008090415,2946,2008090418,2947,2008090421
200808L,2008090521,2951,60.0,980.0,146.2,2948,2008090512,2949,2008090515,2950,2008090518,2951,2008090521
200808L,2008090621,2955,45.0,994.0,83.8,2952,2008090612,2953,2008090615,2954,2008090618,2955,2008090621
200808L,2008090721,2959,42.0,996.0,52.5,2956,2008090712,2957,2008090715,2958,2008090718,2959,2008090721
200809E,2008080700,5848,35.0,1005.0,22.5,5845,2008080615,5846,2008080618,5847,2008080621,5848,2008080700
200809E,2008080900,5855,80.0,977.0,86.3,5852,2008080815,5853,2008080818,5854,2008080821,5855,2008080900
200809E,2008081000,5859,100.0,961.0,97.5,5856,2008080915,5857,2008080918,5858,2008080921,5859,2008081000
200809E,2008081200,5866,55.0,992.0,71.3,5863,2008081115,5864,2008081118,5865,2008081121,5866,2008081200
200809E,2008081203,5867,53.0,995.0,67.5,5864,2008081118,5865,2008081121,5866,2008081200,5867,2008081203
200809E,2008081300,5871,35.0,1004.0,18.8,5868,2008081215,5869,2008081218,5870,2008081221,5871,2008081300
200809E,2008081400,5875,25.0,1008.0,0.0,5872,2008081315,5873,2008081318,5874,2008081321,5875,2008081400
200809E,2008081403,5876,25.0,1008.0,0.0,5873,2008081318,5874,2008081321,5875,2008081400,5876,2008081403
200809E,2008081500,5880,25.0,1008.0,0.0,5877,2008081415,5878,2008081418,5879,2008081421,5880,2008081500
200809W,2008072909,9245,25.0,1004.0,0.0,9242,2008072900,9243,2008072903,9244,2008072906,9245,2008072909
200810E,2008081400,5884,40.0,1002.0,30.0,5881,2008081315,5882,2008081318,5883,2008081321,5884,2008081400
200810E,2008081600,5891,30.0,1006.0,0.0,5888,2008081515,5889,2008081518,5890,2008081521,5891,2008081600
200810E,2008081700,5895,25.0,1007.0,0.0,5892,2008081615,5893,2008081618,5894,2008081621,5895,2008081700
200810E,2008081800,5899,25.0,1008.0,0.0,5896,2008081715,5897,2008081718,5898,2008081721,5899,2008081800
200810E,2008081900,5903,25.0,1009.0,0.0,5900,2008081815,5901,2008081818,5902,2008081821,5903,2008081900
200810E,2008082000,5907,25.0,1009.0,0.0,5904,2008081915,5905,2008081918,5906,2008081921,5907,2008082000
200810E,2008082200,5912,20.0,1010.0,0.0,5909,2008082115,5910,2008082118,5911,2008082121,5912,2008082200
200810E,2008082300,5916,25.0,1009.0,0.0,5913,2008082215,5914,2008082218,5915,2008082221,5916,2008082300
200810L,2008090218,3022,45.0,1000.0,40.0,3019,2008090209,3020,2008090212,3021,2008090215,3022,2008090218
200810L,2008090318,3026,55.0,994.0,86.2,3023,2008090309,3024,2008090312,3025,2008090315,3026,2008090318
200810L,2008090418,3030,40.0,1002.0,52.5,3027,2008090409,3028,2008090412,3029,2008090415,3030,2008090418
200810L,2008090518,3034,35.0,1004.0,37.5,3031,2008090509,3032,2008090512,3033,2008090515,3034,2008090518
200810L,2008090618,3038,25.0,1007.0,0.0,3035,2008090609,3036,2008090612,3037,2008090615,3038,2008090618
200810L,2008090718,3042,25.0,1007.0,0.0,3039,2008090709,3040,2008090712,3041,2008090715,3042,2008090718
200810L,2008090818,3046,25.0,1010.0,0.0,3043,2008090809,3044,2008090812,3045,2008090815,3046,2008090818
200810L,2008090921,3050,22.0,1010.0,0.0,3047,2008090912,3048,2008090915,3049,2008090918,3050,2008090921
200811E,2008082400,5920,40.0,1002.0,67.5,5917,2008082315,5918,2008082318,5919,2008082321,5920,2008082400
200811E,2008082500,5924,40.0,999.0,30.0,5921,2008082415,5922,2008082418,5923,2008082421,5924,2008082500
200811E,2008082600,5928,30.0,1001.0,0.0,5925,2008082515,5926,2008082518,5927,2008082521,5928,2008082600
200811L,2008092521,3054,42.0,1000.0,52.5,3051,2008092512,3052,2008092515,3053,2008092518,3054,2008092521
200811L,2008092621,3058,52.0,999.0,80.0,3055,2008092612,3056,2008092615,3057,2008092618,3058,2008092621
200811L,2008092721,3062,70.0,995.0,107.5,3059,2008092712,3060,2008092715,3061,2008092718,3062,2008092721
200811L,2008092821,3066,68.0,984.0,150.6,3063,2008092812,3064,2008092815,3065,2008092818,3066,2008092821
200811L,2008092921,3070,38.0,1000.0,151.2,3067,2008092912,3068,2008092915,3069,2008092918,3070,2008092921
200812L,2008092618,3075,55.0,1007.0,240.0,3072,2008092609,3073,2008092612,3074,2008092615,3075,2008092618
200812L,2008092718,3079,70.0,992.0,300.0,3076,2008092709,3077,2008092712,3078,2008092715,3079,2008092718
200812L,2008092818,3083,50.0,995.0,247.5,3080,2008092809,3081,2008092812,3082,2008092815,3083,2008092818
200812L,2008092921,3087,50.0,996.0,186.9,3084,2008092912,3085,2008092915,3086,2008092918,3087,2008092921
200813E,2008090800,5943,45.0,998.0,77.5,5940,2008090715,5941,2008090718,5942,2008090721,5943,2008090800
200813E,2008091000,5949,35.0,1002.0,56.3,5946,2008090915,5947,2008090918,5948,2008090921,5949,2008091000
200813L,2008100700,3097,55.0,998.0,10.0,3094,2008100615,3095,2008100618,3096,2008100621,3097,2008100700
200814E,2008100200,5955,45.0,1000.0,30.0,5952,2008100115,5953,2008100118,5954,2008100121,5955,2008100200
200814E,2008100300,5959,45.0,1000.0,45.0,5956,2008100215,5957,2008100218,5958,2008100221,5959,2008100300
200814E,2008100400,5963,70.0,984.0,63.8,5960,2008100315,5961,2008100318,5962,2008100321,5963,2008100400
200814E,2008100700,5973,25.0,1007.0,0.0,5970,2008100615,5971,2008100618,5972,2008100621,5973,2008100700
200814E,2008101100,5985,25.0,1009.0,0.0,5982,2008101015,5983,2008101018,5984,2008101021,5985,2008101100
200814E,2008101200,5989,20.0,1010.0,0.0,5986,2008101115,5987,2008101118,5988,2008101121,5989,2008101200
200814E,2008101300,5993,20.0,1010.0,0.0,5990,2008101215,5991,2008101218,5992,2008101221,5993,2008101300
200814E,2008101800,6008,25.0,1009.0,0.0,6005,2008101715,6006,2008101718,6007,2008101721,6008,2008101800
200814L,2008101218,3103,35.0,1005.0,35.0,3100,2008101209,3101,2008101212,3102,2008101215,3103,2008101218
200814L,2008101318,3107,30.0,1007.0,0.0,3104,2008101309,3105,2008101312,3106,2008101315,3107,2008101318
200814L,2008101418,3111,25.0,1008.0,0.0,3108,2008101409,3109,2008101412,3110,2008101415,3111,2008101418
200815E,2008100700,6019,60.0,988.0,55.0,6016,2008100615,6017,2008100618,6018,2008100621,6019,2008100700
200815E,2008101100,6030,90.0,960.0,102.5,6027,2008101015,6028,2008101018,6029,2008101021,6030,2008101100
200815E,2008101200,6034,80.0,961.0,108.8,6031,2008101115,6032,2008101118,6033,2008101121,6034,2008101200
200815L,2008101421,3118,62.0,983.0,62.5,3115,2008101412,3116,2008101415,3117,2008101418,3118,2008101421
200815L,2008101521,3122,88.0,974.0,93.8,3119,2008101512,3120,2008101515,3121,2008101518,3122,2008101521
200815L,2008101621,3126,68.0,986.0,88.1,3123,2008101612,3124,2008101615,3125,2008101618,3126,2008101621
200816L,2008101421,3142,25.0,1005.0,0.0,3139,2008101412,3140,2008101415,3141,2008101418,3142,2008101421
200817E,2008102600,6061,25.0,1009.0,0.0,6058,2008102515,6059,2008102518,6060,2008102521,6061,2008102600
200817L,2008110921,3159,25.0,1004.0,0.0,3156,2008110912,3157,2008110915,3158,2008110918,3159,2008110921
200817L,2008111021,3163,20.0,1008.0,0.0,3160,2008111012,3161,2008111015,3162,2008111018,3163,2008111021
200817L,2008111121,3167,20.0,1009.0,0.0,3164,2008111112,3165,2008111115,3166,2008111118,3167,2008111121
200817L,2008111221,3171,20.0,1010.0,0.0,3168,2008111212,3169,2008111215,3170,2008111218,3171,2008111221
200818E,2008110300,6069,35.0,1005.0,25.0,6066,2008110215,6067,2008110218,6068,2008110221,6069,2008110300
200822W,2008101309,9345,23.0,1006.0,0.0,9342,2008101300,9343,2008101303,9344,2008101306,9345,2008101309
200822W,2008101409,9349,33.0,998.0,0.0,9346,2008101400,9347,2008101403,9348,2008101406,9349,2008101409
200822W,2008101509,9353,25.0,1004.0,0.0,9350,2008101500,9351,2008101503,9352,2008101506,9353,2008101509
200826W,2008111509,9396,20.0,1007.0,0.0,9393,2008111500,9394,2008111503,9395,2008111506,9396,2008111509
200826W,2008111609,9400,35.0,996.0,0.0,9397,2008111600,9398,2008111603,9399,2008111606,9400,2008111609
200826W,2008111709,9404,35.0,997.0,18.8,9401,2008111700,9402,2008111703,9403,2008111706,9404,2008111709
200827W,2008120906,9408,20.0,1007.0,0.0,9405,2008120821,9406,2008120900,9407,2008120903,9408,2008120906
200902L,2009081018,3178,25.0,1008.0,0.0,3175,2009081009,3176,2009081012,3177,2009081015,3178,2009081018
200902L,2009081118,3182,25.0,1006.0,0.0,3179,2009081109,3180,2009081112,3181,2009081115,3182,2009081118
200907L,2009090818,3187,60.0,990.0,48.8,3184,2009090809,3185,2009090812,3186,2009090815,3187,2009090818
200908L,2009092518,3191,30.0,1008.0,0.0,3188,2009092509,3189,2009092512,3190,2009092515,3191,2009092518
200908L,2009092618,3195,25.0,1008.0,0.0,3192,2009092609,3193,2009092612,3194,2009092615,3195,2009092618
200909L,2009092818,3200,40.0,994.0,108.8,3197,2009092809,3198,2009092812,3199,2009092815,3200,2009092818
200909L,2009092918,3204,35.0,999.0,15.0,3201,2009092909,3202,2009092912,3203,2009092915,3204,2009092918
200909L,2009093018,3208,40.0,995.0,22.5,3205,2009093009,3206,2009093012,3207,2009093015,3208,2009093018
200909L,2009100118,3212,40.0,996.0,15.0,3209,2009100109,3210,2009100112,3211,2009100115,3212,2009100118
200909L,2009100218,3216,40.0,996.0,15.0,3213,2009100209,3214,2009100212,3215,2009100215,3216,2009100218
200909L,2009100318,3220,40.0,995.0,22.5,3217,2009100309,3218,2009100312,3219,2009100315,3220,2009100318
200909L,2009100418,3224,50.0,991.0,33.8,3221,2009100409,3222,2009100412,3223,2009100415,3224,2009100418
200909L,2009100518,3228,50.0,986.0,33.8,3225,2009100509,3226,2009100512,3227,2009100515,3228,2009100518
201006L,2010090118,3238,40.0,992.0,127.5,3235,2010090109,3236,2010090112,3237,2010090115,3238,2010090118
201011L,2010090818,3248,40.0,1005.0,30.0,3245,2010090809,3246,2010090812,3247,2010090815,3248,2010090818
201011L,2010090918,3252,30.0,1006.0,0.0,3249,2010090909,3250,2010090912,3251,2010090915,3252,2010090918
201014L,2010092318,3272,35.0,1003.0,35.0,3269,2010092309,3270,2010092312,3271,2010092315,3272,2010092318
201014L,2010092418,3276,60.0,993.0,40.0,3273,2010092409,3274,2010092412,3275,2010092415,3276,2010092418
201014L,2010092518,3280,50.0,996.0,40.0,3277,2010092509,3278,2010092512,3279,2010092515,3280,2010092518
201112L,2011082818,3312,25.0,1009.0,0.0,3309,2011082809,3310,2011082812,3311,2011082815,3312,2011082818
201112L,2011082918,3316,30.0,1008.0,0.0,3313,2011082909,3314,2011082912,3315,2011082915,3316,2011082918
201206L,2012080318,3330,30.0,1009.0,0.0,3327,2012080309,3328,2012080312,3329,2012080315,3330,2012080318
201206L,2012080618,3336,30.0,1009.0,0.0,3333,2012080609,3334,2012080612,3335,2012080615,3336,2012080618
201214L,2012092018,3351,55.0,984.0,202.5,3348,2012092009,3349,2012092012,3350,2012092015,3351,2012092018
201214L,2012092118,3355,50.0,984.0,207.5,3352,2012092109,3353,2012092112,3354,2012092115,3355,2012092118
201214L,2012092218,3359,45.0,987.0,182.5,3356,2012092209,3357,2012092212,3358,2012092215,3359,2012092218
201214L,2012092318,3363,50.0,988.0,165.0,3360,2012092309,3361,2012092312,3362,2012092315,3363,2012092318
201214L,2012092418,3367,45.0,996.0,130.0,3364,2012092409,3365,2012092412,3366,2012092415,3367,2012092418
201214L,2012092518,3371,40.0,997.0,115.0,3368,2012092509,3369,2012092512,3370,2012092515,3371,2012092518
201214L,2012092618,3375,50.0,993.0,95.0,3372,2012092609,3373,2012092612,3374,2012092615,3375,2012092618
201214L,2012092718,3379,55.0,993.0,100.0,3376,2012092709,3377,2012092712,3378,2012092715,3379,2012092718
201214L,2012092818,3383,65.0,988.0,87.5,3380,2012092809,3381,2012092812,3382,2012092815,3383,2012092818
201214L,2012092918,3387,70.0,986.0,77.5,3384,2012092909,3385,2012092912,3386,2012092915,3387,2012092918
201214L,2012093018,3391,80.0,978.0,87.5,3388,2012093009,3389,2012093012,3390,2012093015,3391,2012093018
201214L,2012100118,3395,55.0,995.0,95.0,3392,2012100109,3393,2012100112,3394,2012100115,3395,2012100118
201214L,2012100218,3399,55.0,995.0,75.0,3396,2012100209,3397,2012100212,3398,2012100215,3399,2012100218
201214L,2012100318,3403,40.0,1000.0,90.0,3400,2012100309,3401,2012100312,3402,2012100315,3403,2012100318
201215L,2012100318,3410,35.0,1005.0,60.0,3407,2012100309,3408,2012100312,3409,2012100315,3410,2012100318
201215L,2012100418,3414,45.0,996.0,80.0,3411,2012100409,3412,2012100412,3413,2012100415,3414,2012100418
201304L,2013072318,3437,25.0,1008.0,0.0,3434,2013072309,3435,2013072312,3436,2013072315,3437,2013072318
201309L,2013090818,3448,25.0,1008.0,0.0,3445,2013090809,3446,2013090812,3447,2013090815,3448,2013090818
201309L,2013090918,3452,45.0,1004.0,55.0,3449,2013090909,3450,2013090912,3451,2013090915,3452,2013090918
201309L,2013091018,3456,55.0,999.0,80.0,3453,2013091009,3454,2013091012,3455,2013091015,3456,2013091018
201309L,2013091118,3460,80.0,979.0,92.5,3457,2013091109,3458,2013091112,3459,2013091115,3460,2013091118
201309L,2013091218,3464,75.0,980.0,137.5,3461,2013091209,3462,2013091212,3463,2013091215,3464,2013091218
201330W,2013111712,9460,20.0,1007.0,0.0,9457,2013111703,9458,2013111706,9459,2013111709,9460,2013111712
201330W,2013111812,9464,20.0,1007.0,0.0,9461,2013111803,9462,2013111806,9463,2013111809,9464,2013111812
201330W,2013111912,9468,20.0,1007.0,0.0,9465,2013111903,9466,2013111906,9467,2013111909,9468,2013111912
201506L,2015083018,3491,55.0,998.0,50.0,3488,2015083009,3489,2015083012,3490,2015083015,3491,2015083018
201506L,2015083118,3495,70.0,988.0,62.5,3492,2015083109,3493,2015083112,3494,2015083115,3495,2015083118
201506L,2015090118,3499,45.0,1003.0,55.0,3496,2015090109,3497,2015090112,3498,2015090115,3499,2015090118
201510W,2015070909,9512,53.0,984.0,67.5,9509,2015070900,9510,2015070903,9511,2015070906,9512,2015070909
201512W,2015072309,9571,30.0,1000.0,0.0,9568,2015072300,9569,2015072303,9570,2015072306,9571,2015072309
201512W,2015072409,9575,35.0,996.0,16.2,9572,2015072400,9573,2015072403,9574,2015072406,9575,2015072409
201513W,2015073106,9583,35.0,996.0,63.8,9580,2015073021,9581,2015073100,9582,2015073103,9583,2015073106
201513W,2015080106,9587,40.0,993.0,55.0,9584,2015073121,9585,2015080100,9586,2015080103,9587,2015080106
201513W,2015080206,9591,75.0,967.0,56.2,9588,2015080121,9589,2015080200,9590,2015080203,9591,2015080206
201513W,2015080306,9595,125.0,929.0,115.0,9592,2015080221,9593,2015080300,9594,2015080303,9595,2015080306
201513W,2015080406,9599,140.0,918.0,168.8,9596,2015080321,9597,2015080400,9598,2015080403,9599,2015080406
201513W,2015080409,9600,138.0,920.0,168.8,9597,2015080400,9598,2015080403,9599,2015080406,9600,2015080409
201513W,2015080509,9604,103.0,946.0,168.1,9601,2015080500,9602,2015080503,9603,2015080506,9604,2015080509
201513W,2015080609,9608,88.0,958.0,181.2,9605,2015080600,9606,2015080603,9607,2015080606,9608,2015080609
201513W,2015080709,9612,105.0,944.0,191.2,9609,2015080700,9610,2015080703,9611,2015080706,9612,2015080709
201513W,2015080809,9616,73.0,969.0,191.2,9613,2015080800,9614,2015080803,9615,2015080806,9616,2015080809
201514W,2015080206,9623,25.0,1004.0,0.0,9620,2015080121,9621,2015080200,9622,2015080203,9623,2015080206
201514W,2015080209,9624,28.0,1002.0,0.0,9621,2015080200,9622,2015080203,9623,2015080206,9624,2015080209
201514W,2015080306,9628,25.0,1004.0,0.0,9625,2015080221,9626,2015080300,9627,2015080303,9628,2015080306
201514W,2015080309,9629,25.0,1004.0,0.0,9626,2015080300,9627,2015080303,9628,2015080306,9629,2015080309
201514W,2015080406,9633,25.0,1004.0,0.0,9630,2015080321,9631,2015080400,9632,2015080403,9633,2015080406
201514W,2015080409,9634,25.0,1004.0,0.0,9631,2015080400,9632,2015080403,9633,2015080406,9634,2015080409
201514W,2015080506,9638,20.0,1007.0,0.0,9635,2015080421,9636,2015080500,9637,2015080503,9638,2015080506
201515W,2015080806,9645,35.0,996.0,0.0,9642,2015080721,9643,2015080800,9644,2015080803,9645,2015080806
201515W,2015080906,9649,35.0,996.0,42.5,9646,2015080821,9647,2015080900,9648,2015080903,9649,2015080906
201515W,2015080909,9650,35.0,996.0,42.5,9647,2015080900,9648,2015080903,9649,2015080906,9650,2015080909
201515W,2015081006,9654,35.0,996.0,42.5,9651,2015080921,9652,2015081000,9653,2015081003,9654,2015081006
201515W,2015081009,9655,35.0,996.0,42.5,9652,2015081000,9653,2015081003,9654,2015081006,9655,2015081009
201515W,2015081106,9659,45.0,989.0,52.5,9656,2015081021,9657,2015081100,9658,2015081103,9659,2015081106
201515W,2015081206,9663,40.0,993.0,76.2,9660,2015081121,9661,2015081200,9662,2015081203,9663,2015081206
201515W,2015081306,9667,35.0,996.0,67.5,9664,2015081221,9665,2015081300,9666,2015081303,9667,2015081306
201517W,2015081506,9722,40.0,993.0,50.0,9719,2015081421,9720,2015081500,9721,2015081503,9722,2015081506
201517W,2015081606,9726,60.0,978.0,113.8,9723,2015081521,9724,2015081600,9725,2015081603,9726,2015081606
201517W,2015081706,9730,95.0,952.0,122.5,9727,2015081621,9728,2015081700,9729,2015081703,9730,2015081706
201517W,2015081806,9734,120.0,933.0,167.5,9731,2015081721,9732,2015081800,9733,2015081803,9734,2015081806
201517W,2015081906,9738,135.0,922.0,167.5,9735,2015081821,9736,2015081900,9737,2015081903,9738,2015081906
201517W,2015082006,9742,130.0,926.0,205.0,9739,2015081921,9740,2015082000,9741,2015082003,9742,2015082006
201517W,2015082106,9746,105.0,944.0,203.8,9743,2015082021,9744,2015082100,9745,2015082103,9746,2015082106
201517W,2015082206,9750,80.0,963.0,202.5,9747,2015082121,9748,2015082200,9749,2015082203,9750,2015082206
201517W,2015082306,9754,80.0,963.0,212.5,9751,2015082221,9752,2015082300,9753,2015082303,9754,2015082306
201517W,2015082406,9758,60.0,978.0,211.2,9755,2015082321,9756,2015082400,9757,2015082403,9758,2015082406
201517W,2015082506,9762,60.0,978.0,171.2,9759,2015082421,9760,2015082500,9761,2015082503,9762,2015082506
201518W,2015090606,9766,20.0,1004.0,0.0,9763,2015090521,9764,2015090600,9765,2015090603,9766,2015090606
201518W,2015090706,9770,35.0,996.0,0.0,9767,2015090621,9768,2015090700,9769,2015090703,9770,2015090706
201518W,2015090806,9774,60.0,978.0,51.2,9771,2015090721,9772,2015090800,9773,2015090803,9774,2015090806
201518W,2015090906,9778,35.0,996.0,0.0,9775,2015090821,9776,2015090900,9777,2015090903,9778,2015090906
201518W,2015090909,9779,35.0,996.0,0.0,9776,2015090900,9777,2015090903,9778,2015090906,9779,2015090909
201519W,2015091409,9785,35.0,996.0,0.0,9782,2015091400,9783,2015091403,9784,2015091406,9785,2015091409
201520W,2015091506,9791,35.0,996.0,0.0,9788,2015091421,9789,2015091500,9790,2015091503,9791,2015091506
201520W,2015091606,9795,55.0,982.0,82.5,9792,2015091521,9793,2015091600,9794,2015091603,9795,2015091606
201520W,2015091706,9799,90.0,956.0,106.2,9796,2015091621,9797,2015091700,9798,2015091703,9799,2015091706
201520W,2015091806,9803,90.0,956.0,81.2,9800,2015091721,9801,2015091800,9802,2015091803,9803,2015091806
201520W,2015091906,9807,70.0,970.0,92.5,9804,2015091821,9805,2015091900,9806,2015091903,9807,2015091906
201520W,2015092006,9811,45.0,989.0,90.0,9808,2015091921,9809,2015092000,9810,2015092003,9811,2015092006
201521W,2015092206,9820,25.0,1000.0,0.0,9817,2015092121,9818,2015092200,9819,2015092203,9820,2015092206
201521W,2015092709,9829,125.0,929.0,181.2,9826,2015092700,9827,2015092703,9828,2015092706,9829,2015092709
201521W,2015092809,9833,110.0,941.0,145.0,9830,2015092800,9831,2015092803,9832,2015092806,9833,2015092809
201521W,2015092909,9837,50.0,986.0,102.5,9834,2015092900,9835,2015092903,9836,2015092906,9837,2015092909
201522W,2015100109,9843,30.0,1000.0,0.0,9840,2015100100,9841,2015100103,9842,2015100106,9843,2015100109
201522W,2015100209,9847,40.0,993.0,28.1,9844,2015100200,9845,2015100203,9846,2015100206,9847,2015100209
201522W,2015100309,9851,63.0,976.0,75.0,9848,2015100300,9849,2015100303,9850,2015100306,9851,2015100309
201522W,2015100409,9855,93.0,954.0,127.5,9852,2015100400,9853,2015100403,9854,2015100406,9855,2015100409
201524W,2015101306,9876,30.0,1000.0,0.0,9873,2015101221,9874,2015101300,9875,2015101303,9876,2015101306
201524W,2015101709,9889,123.0,932.0,121.2,9886,2015101700,9887,2015101703,9888,2015101706,9889,2015101709
201524W,2015101809,9893,83.0,962.0,105.0,9890,2015101800,9891,2015101803,9892,2015101806,9893,2015101809
201524W,2015101909,9897,48.0,987.0,77.5,9894,2015101900,9895,2015101903,9896,2015101906,9897,2015101909
201526W,2015102106,9950,20.0,1006.0,0.0,9947,2015102021,9948,2015102100,9949,2015102103,9950,2015102106
201526W,2015102206,9954,25.0,1004.0,0.0,9951,2015102121,9952,2015102200,9953,2015102203,9954,2015102206
201527W,2015111806,9963,65.0,974.0,76.2,9960,2015111721,9961,2015111800,9962,2015111803,9963,2015111806
201527W,2015111906,9967,60.0,978.0,70.0,9964,2015111821,9965,2015111900,9966,2015111903,9967,2015111906
201527W,2015112006,9971,95.0,952.0,105.0,9968,2015111921,9969,2015112000,9970,2015112003,9971,2015112006
201527W,2015112106,9975,115.0,937.0,111.2,9972,2015112021,9973,2015112100,9974,2015112103,9975,2015112106
201601W,2016052709,10022,25.0,1004.0,0.0,10019,2016052700,10020,2016052703,10021,2016052706,10022,2016052709
201603W,2016071709,10053,25.0,1004.0,0.0,10050,2016071700,10051,2016071703,10052,2016071706,10053,2016071709
201603W,2016071809,10057,20.0,1006.0,0.0,10054,2016071800,10055,2016071803,10056,2016071806,10057,2016071809
201604W,2016072406,10064,45.0,989.0,90.0,10061,2016072321,10062,2016072400,10063,2016072403,10064,2016072406
201605W,2016072609,10068,40.0,993.0,61.2,10065,2016072600,10066,2016072603,10067,2016072606,10068,2016072609
201605W,2016072709,10072,48.0,987.0,62.5,10069,2016072700,10070,2016072703,10071,2016072706,10072,2016072709
201605W,2016072809,10076,35.0,997.0,37.5,10073,2016072800,10074,2016072803,10075,2016072806,10076,2016072809
201607L,2016082218,3550,35.0,1007.0,35.0,3547,2016082209,3548,2016082212,3549,2016082215,3550,2016082218
201609W,2016081606,10123,40.0,993.0,110.0,10120,2016081521,10121,2016081600,10122,2016081603,10123,2016081606
201609W,2016081609,10124,40.0,993.0,110.0,10121,2016081600,10122,2016081603,10123,2016081606,10124,2016081609
201609W,2016081706,10128,60.0,978.0,102.5,10125,2016081621,10126,2016081700,10127,2016081703,10128,2016081706
201609W,2016081709,10129,60.0,978.0,102.5,10126,2016081700,10127,2016081703,10128,2016081706,10129,2016081709
201610W,2016082206,10136,60.0,978.0,80.0,10133,2016082121,10134,2016082200,10135,2016082203,10136,2016082206
201610W,2016082209,10137,55.0,982.0,80.0,10134,2016082200,10135,2016082203,10136,2016082206,10137,2016082209
201610W,2016082306,10141,40.0,993.0,120.0,10138,2016082221,10139,2016082300,10140,2016082303,10141,2016082306
201611W,2016081909,10148,35.0,997.0,35.0,10145,2016081900,10146,2016081903,10147,2016081906,10148,2016081909
201612L,2016091318,3557,25.0,1009.0,0.0,3554,2016091309,3555,2016091312,3556,2016091315,3557,2016091318
201612L,2016091418,3561,30.0,1009.0,0.0,3558,2016091409,3559,2016091412,3560,2016091415,3561,2016091418
201615W,2016083109,10199,28.0,1002.0,0.0,10196,2016083100,10197,2016083103,10198,2016083106,10199,2016083109
201615W,2016090109,10203,65.0,974.0,62.5,10200,2016090100,10201,2016090103,10202,2016090106,10203,2016090109
201615W,2016090209,10207,100.0,948.0,75.0,10204,2016090200,10205,2016090203,10206,2016090206,10207,2016090209
201615W,2016090309,10211,75.0,967.0,85.0,10208,2016090300,10209,2016090303,10210,2016090306,10211,2016090309
201615W,2016090409,10215,45.0,989.0,65.0,10212,2016090400,10213,2016090403,10214,2016090406,10215,2016090409
201616W,2016091006,10225,40.0,993.0,55.0,10222,2016090921,10223,2016091000,10224,2016091003,10225,2016091006
201616W,2016091209,10232,145.0,915.0,121.2,10229,2016091200,10230,2016091203,10231,2016091206,10232,2016091209
201616W,2016091309,10236,168.0,897.0,172.5,10233,2016091300,10234,2016091303,10235,2016091306,10236,2016091309
201616W,2016091409,10240,118.0,935.0,172.5,10237,2016091400,10238,2016091403,10239,2016091406,10240,2016091409
201616W,2016091509,10244,30.0,999.0,60.0,10241,2016091500,10242,2016091503,10243,2016091506,10244,2016091509
201617W,2016091006,10248,25.0,1004.0,0.0,10245,2016090921,10246,2016091000,10247,2016091003,10248,2016091006
201617W,2016091106,10252,35.0,996.0,35.0,10249,2016091021,10250,2016091100,10251,2016091103,10252,2016091106
201617W,2016091206,10256,30.0,1002.0,0.0,10253,2016091121,10254,2016091200,10255,2016091203,10256,2016091206
201618W,2016091206,10260,45.0,989.0,67.5,10257,2016091121,10258,2016091200,10259,2016091203,10260,2016091206
201618W,2016091409,10267,70.0,970.0,96.2,10264,2016091400,10265,2016091403,10266,2016091406,10267,2016091409
201618W,2016091509,10271,83.0,962.0,105.0,10268,2016091500,10269,2016091503,10270,2016091506,10271,2016091509
201618W,2016091609,10275,110.0,941.0,112.5,10272,2016091600,10273,2016091603,10274,2016091606,10275,2016091609
201618W,2016091709,10279,90.0,956.0,118.8,10276,2016091700,10277,2016091703,10278,2016091706,10279,2016091709
201618W,2016091809,10283,88.0,960.0,106.2,10280,2016091800,10281,2016091803,10282,2016091806,10283,2016091809
201618W,2016091909,10287,105.0,946.0,143.8,10284,2016091900,10285,2016091903,10286,2016091906,10287,2016091909
201619W,2016091209,10294,30.0,1000.0,0.0,10291,2016091200,10292,2016091203,10293,2016091206,10294,2016091209
201619W,2016091309,10298,23.0,1006.0,0.0,10295,2016091300,10296,2016091303,10297,2016091306,10298,2016091309
201624W,2016101409,10413,55.0,982.0,87.5,10410,2016101400,10411,2016101403,10412,2016101406,10413,2016101409
201624W,2016101509,10417,98.0,949.0,122.5,10414,2016101500,10415,2016101503,10416,2016101506,10417,2016101509
201624W,2016101609,10421,80.0,964.0,157.5,10418,2016101600,10419,2016101603,10420,2016101606,10421,2016101609
201624W,2016101709,10425,75.0,967.0,193.8,10422,2016101700,10423,2016101703,10424,2016101706,10425,2016101709
201624W,2016101809,10429,60.0,981.0,125.0,10426,2016101800,10427,2016101803,10428,2016101806,10429,2016101809
201625W,2016101606,10439,65.0,974.0,122.5,10436,2016101521,10437,2016101600,10438,2016101603,10439,2016101606
201625W,2016101909,10449,128.0,932.0,197.5,10446,2016101900,10447,2016101903,10448,2016101906,10449,2016101909
201625W,2016102009,10453,83.0,961.0,205.0,10450,2016102000,10451,2016102003,10452,2016102006,10453,2016102009
201625W,2016102109,10457,55.0,982.0,133.8,10454,2016102100,10455,2016102103,10456,2016102106,10457,2016102109
201626W,2016110706,10475,55.0,982.0,220.0,10472,2016110621,10473,2016110700,10474,2016110703,10475,2016110706
201627W,2016110906,10479,30.0,1000.0,0.0,10476,2016110821,10477,2016110900,10478,2016110903,10479,2016110906
201627W,2016111006,10483,30.0,1000.0,0.0,10480,2016110921,10481,2016111000,10482,2016111003,10483,2016111006
201627W,2016111106,10487,25.0,1004.0,0.0,10484,2016111021,10485,2016111100,10486,2016111103,10487,2016111106
201629W,2016112509,10501,50.0,985.0,56.2,10498,2016112500,10499,2016112503,10500,2016112506,10501,2016112509
201629W,2016112609,10505,63.0,976.0,62.5,10502,2016112600,10503,2016112603,10504,2016112606,10505,2016112609
201629W,2016112709,10509,65.0,974.0,48.8,10506,2016112700,10507,2016112703,10508,2016112706,10509,2016112709
201630W,2016122509,10526,128.0,928.0,102.5,10523,2016122500,10524,2016122503,10525,2016122506,10526,2016122509
201630W,2016122609,10530,73.0,976.0,83.8,10527,2016122600,10528,2016122603,10529,2016122606,10530,2016122609
201630W,2016122709,10534,43.0,991.0,76.2,10531,2016122700,10532,2016122703,10533,2016122706,10534,2016122709
